$File,SMILES,Energy,Relative energy,cid,mol_charged,ASA,ASA+,ASA-,ASA_H,ASA_P,CASA+,CASA-,DASA,DCASA,dens,dipole,E,E_ang,E_ele,E_nb,E_oop,E_sol,E_stb,E_str,E_strain,E_tor,E_vdw,FASA+,FASA-,FASA_H,FASA_P,FCASA+,FCASA-,glob,npr1,npr2,pmi,pmi1,pmi2,pmi3,rgyr,std_dim1,std_dim2,std_dim3,vol,VSA,vsurf_A,vsurf_CP,vsurf_CW1,vsurf_CW2,vsurf_CW3,vsurf_CW4,vsurf_CW5,vsurf_CW6,vsurf_CW7,vsurf_CW8,vsurf_D1,vsurf_D2,vsurf_D3,vsurf_D4,vsurf_D5,vsurf_D6,vsurf_D7,vsurf_D8,vsurf_DD12,vsurf_DD13,vsurf_DD23,vsurf_DW12,vsurf_DW13,vsurf_DW23,vsurf_EDmin1,vsurf_EDmin2,vsurf_EDmin3,vsurf_EWmin1,vsurf_EWmin2,vsurf_EWmin3,vsurf_G,vsurf_HB1,vsurf_HB2,vsurf_HB3,vsurf_HB4,vsurf_HB5,vsurf_HB6,vsurf_HB7,vsurf_HB8,vsurf_HL1,vsurf_HL2,vsurf_ID1,vsurf_ID2,vsurf_ID3,vsurf_ID4,vsurf_ID5,vsurf_ID6,vsurf_ID7,vsurf_ID8,vsurf_IW1,vsurf_IW2,vsurf_IW3,vsurf_IW4,vsurf_IW5,vsurf_IW6,vsurf_IW7,vsurf_IW8,vsurf_R,vsurf_S,vsurf_V,vsurf_W1,vsurf_W2,vsurf_W3,vsurf_W4,vsurf_W5,vsurf_W6,vsurf_W7,vsurf_W8,vsurf_Wp1,vsurf_Wp2,vsurf_Wp3,vsurf_Wp4,vsurf_Wp5,vsurf_Wp6,vsurf_Wp7,vsurf_Wp8,ID
C:/Users/MICROSOFT/Documents/nauval_mrnavac/cycpeptmp_standalone/runs/run_20260102_172000_moe/sdf/monomer.sdf,O=CCNC,3.6981618,0.0,96,O=CCNC,243.77763,198.57941,45.198227,150.94496,92.832664,291.91171,66.441391,153.38118,225.47034,0.90240741,1.2875158,44.20076,0.65726358,36.789795,37.132648,0.00045508298,-15.767386,0,2.4393969,8.4442711,3.970999,0.34285313,0.81459242,0.18540761,0.61919123,0.3808088,1.1974509,0.27254918,0.16583277,0.15141487,0.93857789,215.34921,31.203051,193.41885,206.07652,1.7164367,1.6873561,0.72988081,0.6871348,81.0,108.50743,4.0068364,0.11152162,3.1628823,1.9594318,1.3068683,0.74880356,0.39358941,0.17512414,0.087363586,0.045762476,214.0,118.75,100.625,92.875,79.125,42.625,6.125,0.0,6.041523,6.5383482,2.5,0.5,0.70710677,1.118034,-1.5199168,-1.5109477,-1.505614,-7.8403993,-7.5830798,-7.4964523,1.139411,184.75,184.0,125.5,56.5,25.875,12.625,5.875,3.0,0.29316771,0.14266488,1.6104745,1.5539165,1.8110744,2.0137191,2.2621696,2.3923082,2.6808932,0.0,0.87684476,1.9724842,2.1969204,2.2516851,2.4237325,2.700979,3.0403571,3.0061774,1.107076,205.04463,227.0,513.625,289.625,160.5,68.5,29.5,13.25,5.875,3.0,328.875,105.625,35.0,12.0,3.625,0.625,0.0,0.0,EXT1
C:/Users/MICROSOFT/Documents/nauval_mrnavac/cycpeptmp_standalone/runs/run_20260102_172000_moe/sdf/monomer.sdf,O=CCNC,3.6981618,1.7271073e-11,188,O=CCNC,242.18817,197.32053,44.867638,149.61847,92.569687,290.06116,65.955429,152.45288,224.10574,0.90380216,1.2879087,44.189896,0.65808952,36.784992,37.126781,0.00078235992,-15.776919,0,2.4338055,8.4334049,3.9704359,0.34178925,0.8147406,0.18525942,0.61777782,0.38222218,1.1976687,0.27233136,0.16595596,0.1514961,0.93854594,215.36971,31.222023,193.42612,206.09126,1.7165184,1.6871248,0.72986186,0.68729573,80.875,108.19701,3.9489043,0.11397094,3.1641061,1.970372,1.31139,0.75269979,0.39537299,0.1724961,0.087036468,0.04540759,217.125,119.625,101.625,93.625,77.75,41.625,5.5,0.0,6.5383482,0.5,6.745369,0.5,0.5,1.0,-1.5086023,-1.5029582,-1.4935508,-7.9970613,-7.6290803,-7.5832362,1.1361209,184.375,185.875,124.875,56.375,26.0,12.0,5.625,2.625,0.29028291,0.13484646,1.6108904,1.5393795,1.7873957,1.9970266,2.2660632,2.4491141,2.68291,0.0,0.86807245,1.963287,2.2001886,2.2642994,2.3763323,2.7132523,3.0023911,3.029566,1.1106893,204.60268,227.25,515.375,290.75,160.375,68.5,29.5,12.625,5.625,2.625,331.0,104.875,35.5,12.125,3.5,0.625,0.0,0.0,EXT2
C:/Users/MICROSOFT/Documents/nauval_mrnavac/cycpeptmp_standalone/runs/run_20260102_172000_moe/sdf/monomer.sdf,O=CCNC,3.6981618,3.7704506e-11,150,O=CCNC,241.04141,196.26918,44.772232,149.63551,91.405914,288.51572,65.815178,151.49696,222.70053,0.90240741,1.2869762,44.16431,0.64847785,36.780884,37.12265,0.00071683613,-15.755791,0,2.4226274,8.4078188,3.9698367,0.34176558,0.814255,0.18574497,0.62078756,0.37921247,1.1969548,0.27304512,0.16585182,0.15140422,0.93855739,215.36115,31.203047,193.42824,206.091,1.7164843,1.6872594,0.7299397,0.68713486,81.0,108.62965,3.9765198,0.11604285,3.164351,1.9691778,1.310179,0.7512365,0.39354128,0.17594942,0.087608308,0.045979969,217.875,119.875,102.125,93.375,77.625,41.0,5.375,0.0,0.5,6.5383482,6.745369,0.5,0.5,1.0,-1.5166638,-1.5028498,-1.5016695,-8.0814867,-7.766386,-7.6002383,1.1355166,183.875,186.375,126.25,56.625,25.5,12.5,5.875,2.625,0.28396574,0.14056225,1.6046363,1.5704817,1.8072456,2.0360699,2.3035438,2.4927952,2.731087,0.0,0.87231719,1.9846256,2.2081833,2.2546372,2.3927925,2.6911192,3.0160692,3.0138545,1.1114842,204.56882,227.375,514.625,291.625,161.625,68.5,29.0,13.125,5.875,2.625,330.75,105.25,35.375,11.875,3.5,0.625,0.0,0.0,EXT3
C:/Users/MICROSOFT/Documents/nauval_mrnavac/cycpeptmp_standalone/runs/run_20260102_172000_moe/sdf/monomer.sdf,O=CCNC,3.6981618,7.0910389e-11,101,O=CCNC,242.29698,197.70154,44.595448,149.90089,92.396095,290.62125,65.555305,153.10609,225.06595,0.90240741,1.2875936,44.181797,0.65311718,36.797585,37.141407,0.00066156988,-15.761014,0,2.4159701,8.4253082,3.9706411,0.34382483,0.81594718,0.18405284,0.61866593,0.38133407,1.1994424,0.27055767,0.16590695,0.15145004,0.93856132,215.31937,31.205692,193.38692,206.04611,1.7163178,1.6871481,0.72995287,0.68720376,81.0,108.91068,4.0398326,0.11116373,3.1629264,1.9642001,1.3093246,0.74977404,0.39358863,0.17473997,0.087034948,0.045184944,215.0,118.125,100.25,92.5,79.125,42.625,6.0,0.0,6.041523,6.5383482,2.5,0.70710677,0.5,0.5,-1.5113198,-1.5064706,-1.5039209,-7.7708206,-7.5088158,-7.4160833,1.1392398,185.25,184.0,125.625,56.75,25.5,12.375,5.75,3.0,0.29177058,0.14054054,1.605363,1.559536,1.8317136,2.036741,2.2801445,2.4215729,2.6837008,0.0,0.87207568,1.9723788,2.1885335,2.2474341,2.4396737,2.7141831,3.0190661,2.9962554,1.107039,204.93857,226.875,514.125,289.25,160.875,68.625,29.25,13.0,5.75,3.0,328.875,105.25,35.25,11.875,3.75,0.625,0.0,0.0,EXT4
C:/Users/MICROSOFT/Documents/nauval_mrnavac/cycpeptmp_standalone/runs/run_20260102_172000_moe/sdf/monomer.sdf,O=CCNC,3.6981618,1.6610668e-10,0,O=CCNC,242.48335,197.04472,45.438637,149.15604,93.327324,289.65573,66.794792,151.60608,222.86095,0.90240741,1.2875124,44.209675,0.65877247,36.784985,37.126842,0.00093149056,-15.769993,0,2.4528773,8.453186,3.9702513,0.34185994,0.81261134,0.18738867,0.61511862,0.38488138,1.1945386,0.27546135,0.16586737,0.15148948,0.93855149,215.32585,31.214319,193.38799,206.04941,1.7163438,1.6871866,0.7300303,0.68713742,81.0,107.83901,3.8679695,0.11399759,3.1585321,1.9842354,1.3100585,0.75250793,0.39745009,0.16726108,0.087395437,0.046071865,216.375,118.625,103.0,94.25,81.75,45.75,6.5,0.0,0.5,6.5383482,6.745369,0.5,1.0,0.5,-1.5292027,-1.5135362,-1.4992332,-8.0345249,-7.9129472,-7.4987397,1.1323136,187.125,183.625,126.25,57.5,24.875,11.5,5.875,2.375,0.28519419,0.1259947,1.622458,1.5808908,1.822724,2.0632648,2.3220742,2.4829161,2.4137077,0.0,0.84897357,1.9560461,2.2009103,2.2607441,2.2889345,2.7869148,3.024271,3.0435426,1.1178869,205.18623,229.375,515.375,290.75,162.125,68.75,29.375,11.875,5.875,2.375,328.25,107.125,35.875,11.25,4.5,0.375,0.0,0.0,EXT5
C:/Users/MICROSOFT/Documents/nauval_mrnavac/cycpeptmp_standalone/runs/run_20260102_172000_moe/sdf/monomer.sdf,O=CCNC,3.6981618,2.4969937e-10,57,O=CCNC,244.38234,199.66907,44.713272,151.07292,93.30941,293.51352,65.728508,154.9558,227.78502,0.90240741,1.2872937,44.169662,0.66055059,36.786182,37.129585,0.00074039225,-15.761397,0,2.4082139,8.4131718,3.9705727,0.34340191,0.81703556,0.18296443,0.61818266,0.38181731,1.2010423,0.2689577,0.16586567,0.15147413,0.93854856,215.34103,31.213629,193.40271,206.06573,1.7164042,1.6872716,0.72998279,0.68716854,81.0,110.15819,3.9527047,0.1141468,3.1635227,1.9694502,1.3109326,0.75253987,0.39524591,0.17254211,0.087062865,0.045499723,217.125,119.625,101.75,93.625,77.875,41.5,5.5,0.0,6.5383482,0.5,6.745369,0.5,0.5,1.0,-1.5088462,-1.5027666,-1.4938533,-8.0041275,-7.6323352,-7.5936604,1.1357147,184.125,185.375,124.625,56.5,25.75,12.0,5.625,2.625,0.2874693,0.13484646,1.6123807,1.5483686,1.7912353,2.0067174,2.2701175,2.4635246,2.6829891,0.0,0.86724609,1.9653367,2.1960928,2.2646599,2.3731418,2.7140124,3.0032334,3.030375,1.1112903,204.60449,227.375,515.0,290.5,160.25,68.5,29.25,12.625,5.625,2.625,330.875,105.125,35.625,12.0,3.5,0.625,0.0,0.0,EXT6
C:/Users/MICROSOFT/Documents/nauval_mrnavac/cycpeptmp_standalone/runs/run_20260102_172000_moe/sdf/monomer.sdf,O=CCNC,3.6981618,3.0562797e-10,130,O=CCNC,241.40387,196.78705,44.616817,149.01083,92.393044,289.27698,65.586723,152.17024,223.69025,0.90380216,1.288057,44.175957,0.65746599,36.787289,37.128784,0.0006512301,-15.775792,0,2.4185345,8.419466,3.9705195,0.34149867,0.81517768,0.18482229,0.61726779,0.38273224,1.1983112,0.27168879,0.16584554,0.15142356,0.93853986,215.39807,31.212357,193.45763,206.12616,1.7166315,1.6872753,0.72996169,0.68712831,80.875,108.3403,3.866051,0.1140685,3.1584249,1.9846004,1.3090903,0.75236607,0.39763528,0.16719541,0.08737576,0.04612302,216.625,119.0,103.125,94.25,81.875,45.5,6.5,0.0,0.5,6.5383482,6.745369,0.5,1.0,0.5,-1.5290879,-1.5134625,-1.4984632,-8.041276,-7.9140806,-7.4911041,1.1312227,187.5,183.375,126.25,57.625,24.875,11.5,5.75,2.375,0.28484848,0.1259947,1.6209614,1.5793805,1.8213694,2.0577033,2.3219881,2.4894452,2.4131739,0.0,0.85067666,1.9541968,2.1945174,2.2688,2.288748,2.7864316,3.0275338,3.0429862,1.1195743,205.21191,229.75,515.0,290.375,162.125,68.875,29.375,11.875,5.75,2.375,327.5,107.0,35.875,11.25,4.5,0.375,0.0,0.0,EXT7
C:/Users/MICROSOFT/Documents/nauval_mrnavac/cycpeptmp_standalone/runs/run_20260102_172000_moe/sdf/monomer.sdf,O=CCNC,3.6981618,3.3857805e-10,74,O=CCNC,243.45619,198.73195,44.724236,150.23878,93.217407,292.13596,65.744629,154.00772,226.39134,0.90240741,1.2877119,44.156246,0.64262295,36.781055,37.121521,0.00051939837,-15.766114,0,2.4204445,8.3997564,3.9711382,0.34046564,0.81629449,0.18370548,0.61710811,0.38289192,1.199953,0.27004707,0.16591117,0.15145096,0.93857574,215.40033,31.217388,193.4612,206.12209,1.7166405,1.687224,0.73005009,0.6872434,81.0,109.68144,3.9790795,0.11590651,3.1640849,1.969306,1.310288,0.7512477,0.39348683,0.1759257,0.087577105,0.045949776,218.0,119.875,102.0,93.25,77.625,41.0,5.375,0.0,0.5,6.5383482,6.745369,0.5,0.5,1.0,-1.5166837,-1.5029727,-1.5016617,-8.0804653,-7.7674904,-7.5984197,1.1360344,184.25,186.5,126.375,56.625,25.5,12.5,5.875,2.625,0.28431374,0.14075068,1.6021888,1.5703026,1.8111986,2.0398397,2.3034012,2.4927859,2.731086,0.0,0.87045354,1.9844422,2.208349,2.2548685,2.393075,2.6914241,3.0164108,3.0141881,1.1107739,204.58708,227.25,514.75,291.75,161.625,68.5,29.0,13.125,5.875,2.625,330.5,105.25,35.25,11.875,3.5,0.625,0.0,0.0,EXT8
C:/Users/MICROSOFT/Documents/nauval_mrnavac/cycpeptmp_standalone/runs/run_20260102_172000_moe/sdf/monomer.sdf,O=CCNC,3.6981618,4.0264236e-10,13,O=CCNC,243.06152,197.64821,45.413307,150.84454,92.216988,290.54288,66.757561,152.23491,223.78531,0.90240741,1.2875229,44.160103,0.64711159,36.789017,37.131802,0.00044983704,-15.759664,0,2.4092455,8.4036121,3.9714932,0.34278631,0.81316125,0.18683873,0.62060231,0.37939772,1.1953471,0.27465293,0.16586362,0.15136108,0.93864578,215.35197,31.192154,193.43404,206.07777,1.7164478,1.6872438,0.72981632,0.68715292,81.0,108.91981,3.8591957,0.11459547,3.1584225,1.9821132,1.3118241,0.75182289,0.39811558,0.164694,0.087648287,0.045518517,216.5,119.375,103.625,94.5,81.125,45.625,6.25,0.0,0.5,0.5,1.0,0.5,1.0,0.5,-1.5204451,-1.5036317,-1.493286,-8.0024891,-7.7572265,-7.3164997,1.1297054,187.5,184.25,126.375,56.75,25.25,11.625,6.125,2.5,0.28588662,0.12566137,1.6237375,1.5698653,1.7909404,2.0448213,2.3259103,2.5002916,2.4052532,0.0,0.84604764,1.953732,2.190793,2.2566285,2.2969041,2.8356738,3.050735,3.0219266,1.1212814,205.011,229.875,515.125,291.0,162.375,68.0,29.625,11.875,6.125,2.5,327.625,106.75,36.0,11.25,4.375,0.25,0.0,0.0,EXT9
C:/Users/MICROSOFT/Documents/nauval_mrnavac/cycpeptmp_standalone/runs/run_20260102_172000_moe/sdf/monomer.sdf,O=CCNC,3.6981618,4.1816062e-10,79,O=CCNC,241.94417,196.6983,45.245872,149.68469,92.259476,289.14648,66.511436,151.45242,222.63506,0.90101695,1.2875464,44.19091,0.65901989,36.778084,37.120296,0.00071607786,-15.768792,0,2.4407289,8.4344215,3.9701495,0.34221464,0.81299043,0.18700956,0.61867452,0.38132548,1.1950959,0.27490404,0.16581444,0.15141855,0.93854362,215.37828,31.208477,193.44073,206.10735,1.7165526,1.6873188,0.73001963,0.68708163,81.125,108.37602,3.8679695,0.11397682,3.1585307,1.9843959,1.3091961,0.75242996,0.39750621,0.16726755,0.08741124,0.046094939,216.5,118.875,103.0,94.375,81.5,45.75,6.5,0.0,0.5,6.5383482,6.745369,0.5,1.0,0.5,-1.5290949,-1.5135016,-1.4988933,-8.0356464,-7.9135003,-7.4972939,1.1315379,187.125,183.875,126.125,57.625,24.875,11.5,5.875,2.375,0.28519419,0.12582782,1.6216761,1.5809571,1.8223437,2.0562868,2.3279004,2.4822514,2.412981,0.0,0.85027164,1.9540135,2.2012243,2.2612646,2.2891831,2.7869351,3.0242126,3.0434995,1.1190594,205.19464,229.625,515.125,290.875,162.0,68.875,29.375,11.875,5.875,2.375,328.0,107.0,35.875,11.25,4.5,0.375,0.0,0.0,EXT10
C:/Users/MICROSOFT/Documents/nauval_mrnavac/cycpeptmp_standalone/runs/run_20260102_172000_moe/sdf/monomer.sdf,O=CCNC,3.6981618,4.5393422e-10,104,O=CCNC,242.24365,197.26376,44.979897,150.67787,91.565781,289.97772,66.120445,152.28387,223.85728,0.90240741,1.2881949,44.211571,0.64932203,36.798584,37.142696,0.00053935708,-15.773712,0,2.4479165,8.4550819,3.9710975,0.34411213,0.81431961,0.18568037,0.62200958,0.37799042,1.1970499,0.27295017,0.16586052,0.15140322,0.93851471,215.34166,31.200668,193.40598,206.07666,1.7164067,1.6872141,0.72979468,0.68713444,81.0,109.24454,4.0473552,0.11087308,3.1630416,1.9652199,1.3092415,0.74921495,0.39363226,0.17477787,0.087079875,0.045151744,215.0,117.625,100.0,92.5,79.375,42.5,6.125,0.0,6.041523,6.5383482,2.5,0.70710677,0.5,0.5,-1.5106848,-1.5070372,-1.504546,-7.75845,-7.5029054,-7.4086118,1.1388333,186.25,184.375,125.75,56.5,25.25,12.75,5.75,3.0,0.29124999,0.14324324,1.6108558,1.5746756,1.8370198,2.035778,2.2718008,2.4302597,2.6752343,0.0,0.87098819,1.9722211,2.1915121,2.2441368,2.4394195,2.7013047,3.0181694,2.9953516,1.1076375,204.94069,227.0,514.625,290.0,161.0,68.375,29.125,13.25,5.75,3.0,328.375,105.625,35.25,11.875,3.875,0.5,0.0,0.0,EXT11
C:/Users/MICROSOFT/Documents/nauval_mrnavac/cycpeptmp_standalone/runs/run_20260102_172000_moe/sdf/monomer.sdf,O=CCNC,3.6981618,4.586882e-10,76,O=CCNC,242.52995,197.54607,44.983887,150.08043,92.449524,290.39273,66.126312,152.56218,224.2664,0.90380216,1.2872386,44.186981,0.65982395,36.78413,37.127522,0.00075353315,-15.764875,0,2.4288208,8.4304895,3.9700613,0.34338894,0.81452233,0.18547764,0.61881196,0.38118806,1.1973479,0.27265215,0.16591054,0.15148205,0.93851697,215.30957,31.211052,193.37013,206.03796,1.7162788,1.6870706,0.72995889,0.68717963,80.875,109.63483,3.9776075,0.11579428,3.1647239,1.9690795,1.3100679,0.75116551,0.39343184,0.17589909,0.087614872,0.046006437,218.0,119.625,101.875,93.25,77.625,41.125,5.375,0.0,0.5,6.5383482,6.745369,0.5,0.5,1.0,-1.516825,-1.5029933,-1.5013226,-8.0851793,-7.7669559,-7.6071129,1.1354842,184.125,186.125,126.375,56.375,25.5,12.5,5.875,2.625,0.28466257,0.14075068,1.6040242,1.5740155,1.8090974,2.0337579,2.3007607,2.4939783,2.7319148,0.0,0.87204003,1.9856962,2.207701,2.2522216,2.3924131,2.6907597,3.0158105,3.0135751,1.1115159,204.56299,227.375,514.875,291.625,161.625,68.25,29.0,13.125,5.875,2.625,330.75,105.5,35.25,11.875,3.5,0.625,0.0,0.0,EXT12
C:/Users/MICROSOFT/Documents/nauval_mrnavac/cycpeptmp_standalone/runs/run_20260102_172000_moe/sdf/monomer.sdf,O=CCNC,3.6981618,4.5950799e-10,156,O=CCNC,242.27927,198.24336,44.035904,149.77739,92.501869,291.41776,64.73278,154.20746,226.68497,0.90380216,1.2878932,44.246506,0.65507191,36.793304,37.135239,0.00093555474,-15.77175,0,2.4849477,8.490016,3.9703116,0.34193689,0.81824321,0.18175679,0.61820143,0.38179854,1.2028176,0.2671825,0.16590245,0.15148127,0.93854553,215.31718,31.21158,193.38028,206.04251,1.7163092,1.6872336,0.73008424,0.68722916,80.875,109.37946,3.8989716,0.11399101,3.1653883,1.9724886,1.3075939,0.74989259,0.39689791,0.17007165,0.087120943,0.046676382,217.0,118.5,103.75,93.875,80.75,45.625,6.125,0.0,0.5,6.745369,6.5383482,0.5,0.5,0.70710677,-1.5311512,-1.5085654,-1.4977052,-7.7968006,-7.7003751,-7.4507656,1.1328132,188.75,184.75,125.5,55.5,25.5,12.375,5.75,2.875,0.28674698,0.13448735,1.6262276,1.5541919,1.7460473,1.997072,2.2501099,2.4445329,2.5763779,0.0,0.84414929,1.9792585,2.2175534,2.277786,2.3289371,2.7593422,3.0314457,3.0404706,1.1163779,204.90372,228.75,516.375,290.25,161.25,67.625,29.75,12.625,5.75,2.875,327.625,105.5,35.75,12.125,4.25,0.25,0.0,0.0,EXT13
C:/Users/MICROSOFT/Documents/nauval_mrnavac/cycpeptmp_standalone/runs/run_20260102_172000_moe/sdf/monomer.sdf,O=CCNC,3.6981618,4.8127813e-10,28,O=CCNC,240.43071,196.02663,44.404083,150.35123,90.079491,288.15915,65.274002,151.62254,222.88513,0.90240741,1.2882295,44.214127,0.65013266,36.79398,37.136436,0.00060263975,-15.773077,0,2.4553542,8.4576368,3.971601,0.34245744,0.81531441,0.18468557,0.62534118,0.37465882,1.1985122,0.2714878,0.16595195,0.15148687,0.93848294,215.34698,31.217907,193.39941,206.07664,1.7164279,1.6871787,0.73000425,0.68730938,81.0,108.29871,3.8633804,0.11392351,3.1576593,1.9796546,1.3116159,0.75128943,0.3979843,0.16572346,0.087571211,0.045624465,216.75,119.375,103.0,94.0,81.0,45.75,6.25,0.0,0.5,0.5,1.0,0.5,1.0,0.5,-1.5218172,-1.5050874,-1.494391,-8.0180178,-7.7858095,-7.3389568,1.1302973,188.0,183.75,126.0,57.125,25.25,11.75,6.0,2.5,0.28762135,0.12765957,1.6243494,1.5665321,1.8013616,2.0539558,2.328814,2.4870753,2.4031713,0.0,0.84493071,1.9568214,2.1936371,2.2729223,2.2981761,2.7781403,3.0582395,3.0249681,1.1204909,205.04405,229.75,515.5,290.125,161.875,68.5,29.625,12.0,6.0,2.5,327.5,106.375,35.875,11.375,4.375,0.25,0.0,0.0,EXT14
C:/Users/MICROSOFT/Documents/nauval_mrnavac/cycpeptmp_standalone/runs/run_20260102_172000_moe/sdf/monomer.sdf,O=CCNC,3.6981618,4.8404347e-10,95,O=CCNC,240.88379,196.26483,44.618954,148.34808,92.535713,288.50931,65.589859,151.64589,222.91945,0.90101695,1.2870253,44.174816,0.65998048,36.774441,37.11623,0.00069823844,-15.761195,0,2.4278769,8.4183264,3.970031,0.34178862,0.8147698,0.1852302,0.61584914,0.38415083,1.1977116,0.27228838,0.16586855,0.15149626,0.93861121,215.32664,31.214838,193.39485,206.04361,1.7163469,1.6871916,0.73003769,0.6871419,81.125,109.13046,3.864351,0.11432802,3.1568108,1.9840128,1.3098091,0.7526238,0.39724329,0.16733997,0.087403037,0.046053402,216.625,118.625,103.25,94.375,81.75,45.75,6.5,0.0,0.5,6.5383482,6.745369,0.5,1.0,0.5,-1.5290614,-1.5137492,-1.5003982,-8.0278368,-7.9147921,-7.5109811,1.1315484,186.75,183.125,125.875,57.625,24.875,11.5,5.875,2.375,0.28450364,0.12582782,1.615415,1.5804563,1.8201246,2.0631204,2.3251576,2.4833534,2.4142754,0.0,0.84721094,1.9567639,2.2088149,2.2548113,2.2892363,2.7875636,3.025027,3.0442755,1.1190491,205.19655,229.625,515.25,290.375,161.875,68.875,29.375,11.875,5.875,2.375,328.5,107.25,36.0,11.25,4.5,0.375,0.0,0.0,EXT15
C:/Users/MICROSOFT/Documents/nauval_mrnavac/cycpeptmp_standalone/runs/run_20260102_172000_moe/sdf/monomer.sdf,O=CCNC,3.6981618,5.0172089e-10,105,O=CCNC,241.58052,197.08278,44.497738,148.96165,92.618866,289.7117,65.411674,152.58504,224.30002,0.90240741,1.2878959,44.198116,0.65148318,36.799866,37.143005,0.00076030433,-15.768376,0,2.4320796,8.4416265,3.9707875,0.34314111,0.81580579,0.18419424,0.61661285,0.38338715,1.1992345,0.27076551,0.16589096,0.15139854,0.93858439,215.32782,31.196732,193.4019,206.05702,1.7163515,1.6871145,0.72986412,0.68715692,81.0,109.28936,3.9569955,0.11410875,3.1639521,1.9703349,1.3115311,0.75272965,0.39540905,0.17257208,0.087074392,0.045460235,217.125,119.75,101.75,93.625,77.875,41.5,5.5,0.0,6.5383482,0.5,6.745369,0.5,0.5,1.0,-1.5088446,-1.5029309,-1.4938148,-7.9997845,-7.6298885,-7.5875211,1.136041,184.25,185.5,125.0,56.5,25.875,12.0,5.625,2.625,0.28869778,0.13484646,1.6103525,1.5423239,1.7907231,2.0061972,2.2695866,2.4488876,2.6825995,0.0,0.86643034,1.9639868,2.1979976,2.2583959,2.3789845,2.7139878,3.0031493,3.0303075,1.1107675,204.58827,227.25,515.125,290.625,160.625,68.5,29.375,12.625,5.625,2.625,330.875,105.125,35.625,12.0,3.5,0.625,0.0,0.0,EXT16
C:/Users/MICROSOFT/Documents/nauval_mrnavac/cycpeptmp_standalone/runs/run_20260102_172000_moe/sdf/monomer.sdf,O=CCNC,3.6981618,5.3707083e-10,1,O=CCNC,238.56473,193.84499,44.719734,147.79901,90.765709,284.95215,65.738007,149.12526,219.21413,0.90240741,1.2876952,44.15258,0.65718919,36.789631,37.134933,0.00048443757,-15.762495,0,2.388586,8.3960905,3.9713879,0.34530371,0.81254673,0.18745326,0.61953425,0.38046575,1.1944437,0.2755563,0.16590658,0.15145431,0.93855733,215.3385,31.209343,193.40326,206.06441,1.7163941,1.6871529,0.72992641,0.6872049,81.0,109.5183,3.9765198,0.11605087,3.1641386,1.9692049,1.3101695,0.75118923,0.39348999,0.1759239,0.087598369,0.045968436,217.75,119.875,102.125,93.375,77.625,41.125,5.375,0.0,0.5,6.5383482,6.745369,0.5,0.5,1.0,-1.5165133,-1.5027063,-1.5016407,-8.080039,-7.7628484,-7.6023865,1.1355863,183.875,186.625,126.375,56.625,25.5,12.5,5.875,2.625,0.28396574,0.14056225,1.6068416,1.5706606,1.807402,2.0362353,2.3037114,2.4933982,2.7313678,0.0,0.87211353,1.9844465,2.2079515,2.254406,2.3925591,2.690891,3.0158622,3.013644,1.1114161,204.58136,227.375,514.625,291.875,161.625,68.5,29.0,13.125,5.875,2.625,330.75,105.25,35.25,11.875,3.5,0.625,0.0,0.0,EXT17
C:/Users/MICROSOFT/Documents/nauval_mrnavac/cycpeptmp_standalone/runs/run_20260102_172000_moe/sdf/monomer.sdf,O=CCNC,3.6981618,5.4808824e-10,180,O=CCNC,243.09325,198.41763,44.67561,150.53351,92.559746,291.67392,65.673141,153.74203,226.00078,0.90240741,1.2881389,44.243755,0.66034335,36.79034,37.13221,0.00064778706,-15.772789,0,2.4793787,8.4872646,3.9711761,0.34186965,0.81622028,0.18377972,0.61924183,0.3807582,1.1998438,0.27015617,0.16589929,0.1514132,0.93852538,215.3409,31.202307,193.40558,206.0739,1.7164036,1.6873211,0.72994888,0.6872583,81.0,109.13711,3.8607199,0.11420669,3.1578276,1.9816971,1.3116797,0.75140458,0.39800087,0.1657394,0.087588646,0.045595851,216.875,119.5,103.25,94.25,80.875,45.625,6.25,0.0,0.5,0.5,1.0,0.5,1.0,0.5,-1.5215272,-1.5046993,-1.4942839,-8.0147123,-7.7785006,-7.3316135,1.1301843,188.0,183.875,126.125,57.0,25.25,11.75,6.0,2.5,0.28692493,0.12732096,1.6253257,1.5669129,1.7956294,2.0469048,2.330395,2.49861,2.4037244,0.0,0.84544605,1.9566605,2.1908965,2.2688022,2.2973611,2.7773359,3.0574503,3.0241854,1.120603,205.02354,229.75,515.625,290.375,162.125,68.375,29.625,12.0,6.0,2.5,327.625,106.5,36.0,11.375,4.375,0.25,0.0,0.0,EXT18
C:/Users/MICROSOFT/Documents/nauval_mrnavac/cycpeptmp_standalone/runs/run_20260102_172000_moe/sdf/monomer.sdf,O=CCNC,3.6981618,5.4997917e-10,51,O=CCNC,242.29857,197.19165,45.106918,149.56746,92.73111,289.87173,66.307167,152.08473,223.56456,0.90380216,1.2876154,44.163769,0.6601845,36.793278,37.135948,0.0010216602,-15.760365,0,2.3962655,8.40728,3.9703493,0.34267202,0.81383747,0.18616255,0.61728579,0.38271421,1.196341,0.27365893,0.16581066,0.15141813,0.93857986,215.33716,31.201897,193.40794,206.06445,1.7163887,1.6873312,0.72989786,0.68707883,80.875,108.65043,3.8728828,0.11404502,3.159122,1.9859787,1.3095385,0.75259507,0.39779013,0.16719003,0.087374777,0.046115723,216.25,119.0,103.125,94.0,81.5,45.125,6.5,0.0,0.5,0.5,1.0,0.5,1.0,0.5,-1.5290357,-1.5131054,-1.4979748,-8.0409889,-7.9103184,-7.4839506,1.1318363,187.625,183.625,126.5,57.625,24.875,11.5,5.75,2.375,0.28484848,0.12632979,1.6225413,1.5764836,1.8131286,2.0602872,2.3262486,2.5040882,2.4128528,0.0,0.84775627,1.9488282,2.1911809,2.2684071,2.3017468,2.7858865,3.0269551,3.0424252,1.1185614,205.17426,229.5,515.375,290.875,162.375,68.875,29.375,11.875,5.75,2.375,327.75,107.25,35.875,11.25,4.5,0.375,0.0,0.0,EXT19
C:/Users/MICROSOFT/Documents/nauval_mrnavac/cycpeptmp_standalone/runs/run_20260102_172000_moe/sdf/monomer.sdf,O=CCNC,3.6981618,5.7373706e-10,44,O=CCNC,239.97992,194.28694,45.692978,147.33757,92.642349,285.60181,67.168678,148.59396,218.43312,0.90240741,1.287145,44.161224,0.64658469,36.783691,37.125927,0.00048058579,-15.757343,0,2.4176891,8.4047346,3.9705439,0.34223601,0.80959666,0.19040334,0.61395788,0.38604209,1.1901071,0.27989292,0.16581327,0.15141401,0.93859404,215.33458,31.200521,193.40762,206.061,1.7163785,1.6871796,0.72999382,0.68702251,81.0,109.38555,3.980895,0.11574796,3.1653359,1.9689902,1.3101526,0.75138724,0.39357322,0.17590961,0.087664157,0.045952622,217.75,120.25,101.875,93.25,77.625,41.125,5.375,0.0,0.5,6.5383482,6.745369,0.5,0.5,1.0,-1.516796,-1.503052,-1.5021777,-8.0781708,-7.7692404,-7.5902748,1.1363637,184.25,186.25,126.5,56.75,25.5,12.5,5.875,2.625,0.28466257,0.14075068,1.6064715,1.5589423,1.8119709,2.0360155,2.3043351,2.4896724,2.7295685,0.0,0.87059468,1.9783912,2.2095308,2.2516332,2.3940279,2.6922381,3.0170617,3.014864,1.1102483,204.57135,227.125,514.875,291.5,161.75,68.625,29.0,13.125,5.875,2.625,330.625,105.25,35.25,11.875,3.5,0.625,0.0,0.0,EXT20
C:/Users/MICROSOFT/Documents/nauval_mrnavac/cycpeptmp_standalone/runs/run_20260102_172000_moe/sdf/monomer.sdf,O=CCNC,3.6981618,6.2797456e-10,35,O=CCNC,242.94337,198.41257,44.530819,150.3423,92.601082,291.66647,65.460304,153.88174,226.20616,0.90240741,1.2880181,44.191742,0.6559251,36.793568,37.137463,0.00071092648,-15.773124,0,2.426599,8.4352503,3.9710419,0.34389713,0.8167029,0.18329711,0.61883676,0.38116321,1.2005533,0.26944676,0.16587622,0.15142423,0.938541,215.35892,31.206797,193.42253,206.08853,1.7164755,1.6872171,0.72994435,0.68716818,81.0,108.93764,3.8597565,0.11448827,3.1575904,1.9815696,1.3113858,0.75160527,0.39801711,0.16569415,0.087635867,0.045554388,216.625,119.375,103.5,94.5,81.125,45.625,6.25,0.0,0.5,0.5,1.0,0.5,1.0,0.5,-1.5208317,-1.5041757,-1.4934764,-8.0067959,-7.765296,-7.3238745,1.1292694,187.875,184.0,126.125,56.625,25.125,11.75,6.125,2.5,0.28502417,0.12698413,1.6271471,1.5688852,1.7953277,2.0438688,2.3207085,2.4994874,2.4045258,0.0,0.84658682,1.9548836,2.1916311,2.257755,2.2953579,2.7877347,3.0518539,3.0230315,1.1219176,205.00615,230.0,515.625,290.875,162.0,68.0,29.5,12.0,6.125,2.5,327.75,106.875,35.875,11.375,4.375,0.25,0.0,0.0,EXT21
C:/Users/MICROSOFT/Documents/nauval_mrnavac/cycpeptmp_standalone/runs/run_20260102_172000_moe/sdf/monomer.sdf,O=CCNC,3.6981618,6.2848926e-10,88,O=CCNC,239.37857,194.97263,44.405952,148.46808,90.9105,286.60977,65.276749,150.56667,221.33301,0.90101695,1.2880989,44.189896,0.65169364,36.789555,37.131279,0.00081665296,-15.773558,0,2.4355948,8.4334068,3.9705129,0.3417241,0.81449491,0.18550512,0.62022293,0.37977707,1.1973075,0.27269253,0.16589127,0.15151225,0.93852317,215.39265,31.228779,193.44266,206.11389,1.71661,1.6871798,0.73016053,0.68718415,81.125,108.76896,3.8586867,0.11448537,3.1571913,1.9834813,1.3118955,0.75147402,0.39795709,0.16568574,0.087577052,0.045538004,216.625,119.5,103.5,94.25,81.0,45.625,6.25,0.0,0.5,0.5,1.0,0.5,1.0,0.5,-1.5211227,-1.5044413,-1.493806,-8.0097895,-7.7715149,-7.3284421,1.1298777,187.875,184.25,126.0,56.625,25.25,11.75,6.0,2.5,0.28623188,0.12732096,1.6288515,1.5658982,1.7950832,2.0512018,2.3272729,2.4995792,2.4046593,0.0,0.8477186,1.9524336,2.1898479,2.2644091,2.296556,2.7879705,3.0565557,3.023278,1.1211104,205.04225,229.875,515.5,291.0,162.125,68.0,29.625,12.0,6.0,2.5,327.625,106.75,36.125,11.375,4.375,0.25,0.0,0.0,EXT22
C:/Users/MICROSOFT/Documents/nauval_mrnavac/cycpeptmp_standalone/runs/run_20260102_172000_moe/sdf/monomer.sdf,O=CCNC,3.6981618,6.5311578e-10,133,O=CCNC,243.24435,198.0047,45.239666,150.12169,93.122673,291.06689,66.502312,152.76503,224.56459,0.90240741,1.2879484,44.186001,0.65501463,36.791771,37.134632,0.00062918832,-15.766307,0,2.4244792,8.4295111,3.9712453,0.34286305,0.81401557,0.18598443,0.61716408,0.38283589,1.1966028,0.27339712,0.16584174,0.15145311,0.9385646,215.32114,31.20649,193.3886,206.0472,1.7163249,1.6872045,0.730012,0.68709165,81.0,109.56989,4.0314617,0.11166221,3.163481,1.967127,1.307597,0.74739248,0.39363551,0.17505063,0.087316021,0.045656718,213.625,119.125,100.75,93.125,79.25,42.625,6.25,0.0,6.041523,6.5383482,2.5,0.5,0.70710677,1.118034,-1.5192813,-1.5095186,-1.5044267,-7.8361025,-7.564168,-7.5140786,1.1388385,183.875,185.125,125.375,56.5,25.5,12.5,5.875,2.875,0.28908187,0.14093959,1.6124713,1.5492269,1.8199855,2.0144937,2.2616529,2.4097474,2.7042277,0.0,0.87570131,1.9692398,2.1983845,2.2586565,2.4342158,2.7041576,3.0379028,3.0025659,1.1078358,205.01686,227.125,513.5,290.5,160.625,68.5,29.125,13.125,5.875,2.875,329.625,105.375,35.25,12.0,3.625,0.625,0.0,0.0,EXT23
C:/Users/MICROSOFT/Documents/nauval_mrnavac/cycpeptmp_standalone/runs/run_20260102_172000_moe/sdf/monomer.sdf,O=CCNC,3.6981618,7.083143e-10,122,O=CCNC,241.6263,197.51706,44.109234,150.13379,91.4925,290.35007,64.840569,153.40782,225.50951,0.90240741,1.2878144,44.214474,0.65991092,36.785824,37.128857,0.00077727129,-15.768328,0,2.4540975,8.457984,3.9708309,0.3430348,0.81744856,0.18255146,0.62134707,0.3786529,1.2016493,0.26835063,0.16593111,0.15143248,0.93859422,215.35059,31.206369,193.42032,206.07448,1.7164422,1.6872532,0.72994077,0.68729657,81.0,108.77002,3.8612931,0.1146914,3.1583142,1.9839424,1.3116437,0.75174129,0.39825037,0.16462049,0.087629154,0.045451708,216.625,119.5,103.75,94.625,81.25,45.625,6.25,0.0,0.5,6.5383482,6.745369,0.5,1.0,0.5,-1.5199226,-1.5031559,-1.4928553,-7.9957366,-7.7446971,-7.3059068,1.1297396,187.5,184.25,126.5,56.625,25.125,11.625,6.125,2.5,0.28433734,0.12549537,1.6258262,1.5747807,1.7949736,2.0488434,2.3227201,2.5008993,2.4057775,0.0,0.84560734,1.9533256,2.1957309,2.2624035,2.3010151,2.8346658,3.0497081,3.0208981,1.1212473,205.01721,229.875,515.125,291.0,162.375,67.875,29.5,11.875,6.125,2.5,327.625,106.75,35.875,11.25,4.375,0.25,0.0,0.0,EXT24
C:/Users/MICROSOFT/Documents/nauval_mrnavac/cycpeptmp_standalone/runs/run_20260102_172000_moe/sdf/monomer.sdf,O=CCNC,3.6981618,7.6378193e-10,112,O=CCNC,242.22031,197.39989,44.820415,150.50775,91.712555,290.17783,65.886009,152.57948,224.29184,0.90240741,1.2877026,44.172382,0.6554547,36.783936,37.12682,0.00069258403,-15.767679,0,2.4189463,8.4158936,3.97047,0.34288418,0.81496012,0.18503986,0.62136716,0.37863281,1.1979914,0.2720086,0.1658303,0.15140532,0.93861443,215.35616,31.201683,193.43013,206.08051,1.7164644,1.6872857,0.7298376,0.68710095,81.0,109.36284,3.8809342,0.11497464,3.1684339,1.9692832,1.3091247,0.75271773,0.39751312,0.16809577,0.087365873,0.045999635,217.375,119.0,104.75,95.625,81.5,46.25,5.875,0.0,0.5,6.745369,6.5383482,0.5,0.5,0.70710677,-1.5213559,-1.5026785,-1.4968575,-7.7523122,-7.5420513,-7.4134936,1.1313679,188.0,184.625,124.875,56.0,25.625,12.25,6.125,2.75,0.28400955,0.13071896,1.6309988,1.5623233,1.7504761,1.9733002,2.2487874,2.4359543,2.6007221,0.0,0.8477816,1.9875834,2.2188485,2.2588646,2.3206153,2.7999277,3.0518131,3.0238934,1.1182113,204.79137,229.0,516.875,289.5,160.5,67.625,29.75,12.5,6.125,2.75,328.875,104.875,35.625,11.625,4.125,0.25,0.0,0.0,EXT25
C:/Users/MICROSOFT/Documents/nauval_mrnavac/cycpeptmp_standalone/runs/run_20260102_172000_moe/sdf/monomer.sdf,O=CCNC,3.6981618,7.825256e-10,49,O=CCNC,241.30281,196.15556,45.147247,147.22563,94.077187,288.34866,66.366455,151.00832,221.98222,0.90240741,1.2873613,44.19294,0.65383303,36.777794,37.119194,0.00054943259,-15.765494,0,2.4484107,8.43645,3.9709527,0.34140199,0.81290209,0.18709789,0.6101281,0.3898719,1.1949661,0.27503392,0.16588672,0.15140471,0.93862027,215.33749,31.198776,193.41408,206.06212,1.71639,1.6871473,0.72994053,0.68716145,81.0,109.78085,3.859412,0.11469893,3.1583056,1.9845951,1.311576,0.75176758,0.39823255,0.16460747,0.087648638,0.045442604,216.875,119.75,103.75,94.75,81.25,45.75,6.25,0.0,0.5,6.5383482,6.745369,0.5,1.0,0.5,-1.5194675,-1.5027027,-1.4931391,-7.993453,-7.736887,-7.2991643,1.1297159,187.5,183.875,126.5,56.375,25.375,11.75,6.125,2.5,0.28674698,0.12664908,1.6237173,1.5765778,1.8002582,2.0477588,2.3223293,2.4881644,2.4093826,0.0,0.84375602,1.952785,2.1944623,2.259294,2.2967191,2.8350823,3.0484574,3.0196483,1.1212708,205.01291,229.875,515.125,290.75,162.375,67.75,29.75,12.0,6.125,2.5,327.625,106.875,35.875,11.375,4.375,0.25,0.0,0.0,EXT26
C:/Users/MICROSOFT/Documents/nauval_mrnavac/cycpeptmp_standalone/runs/run_20260102_172000_moe/sdf/monomer.sdf,O=CCNC,3.6981618,9.3412211e-10,110,O=CCNC,242.72804,197.97343,44.754601,150.35326,92.374771,291.02097,65.789261,153.21884,225.23169,0.90240741,1.2881409,44.187073,0.65903962,36.79324,37.136238,0.00055392337,-15.772454,0,2.4206407,8.430583,3.9706001,0.34300151,0.81561834,0.18438166,0.61943096,0.38056904,1.198959,0.27104104,0.16582774,0.15142968,0.9384768,215.35561,31.208317,193.41176,206.09114,1.7164623,1.6871024,0.73004037,0.68702102,81.0,110.24466,3.8586867,0.11448383,3.1579797,1.9816997,1.3116683,0.75146604,0.39800686,0.16574809,0.087633036,0.045587827,216.875,119.625,103.5,94.5,81.0,45.625,6.25,0.0,0.5,0.5,1.0,0.5,1.0,0.5,-1.5211649,-1.504464,-1.4938757,-8.0110931,-7.7720428,-7.327971,1.1297516,187.75,183.625,126.25,56.75,25.25,11.75,6.0,2.5,0.28623188,0.12698413,1.6240271,1.5654184,1.7949846,2.0435293,2.3271289,2.4990125,2.4040895,0.0,0.84587175,1.955847,2.1906948,2.2663207,2.2969441,2.7883427,3.0569093,3.0236359,1.1212355,205.01936,229.875,515.5,290.5,162.125,68.125,29.625,12.0,6.0,2.5,327.75,106.875,35.875,11.375,4.375,0.25,0.0,0.0,EXT27
C:/Users/MICROSOFT/Documents/nauval_mrnavac/cycpeptmp_standalone/runs/run_20260102_172000_moe/sdf/monomer.sdf,O=CCNC,3.6981618,9.6664987e-10,107,O=CCNC,243.51695,198.41013,45.106831,150.09602,93.420921,291.66287,66.307037,153.30328,225.35583,0.90240741,1.2876688,44.189384,0.65122992,36.790833,37.133984,0.00048928271,-15.765997,0,2.4320567,8.4328957,3.9716253,0.34315282,0.81476927,0.18523076,0.61636788,0.38363209,1.1977108,0.27228922,0.1659127,0.15140031,0.93858039,215.37038,31.203295,193.4395,206.09795,1.7165211,1.6872613,0.72997254,0.68726176,81.0,109.01326,3.9059963,0.11367536,3.1650949,1.9724973,1.3074541,0.74975026,0.39704925,0.17009798,0.087146416,0.046729535,216.875,118.375,103.5,93.875,80.75,45.75,6.125,0.0,0.5,6.745369,6.5383482,0.5,0.5,0.70710677,-1.5311068,-1.5085089,-1.4976337,-7.7973952,-7.7012987,-7.4582624,1.1327895,188.875,184.5,125.375,55.5,25.5,12.375,5.75,2.875,0.28743961,0.13448735,1.6299695,1.5589443,1.7546291,1.9972085,2.2502265,2.4416416,2.575995,0.0,0.84183729,1.9774628,2.2165637,2.2778504,2.3290708,2.7595379,3.0316603,3.0406775,1.1164013,204.89943,228.75,516.25,290.0,161.125,67.625,29.75,12.625,5.75,2.875,327.375,105.5,35.75,12.125,4.25,0.25,0.0,0.0,EXT28
C:/Users/MICROSOFT/Documents/nauval_mrnavac/cycpeptmp_standalone/runs/run_20260102_172000_moe/sdf/monomer.sdf,O=CCNC,3.6981618,9.7405772e-10,137,O=CCNC,244.19228,198.16339,46.028889,151.21532,92.976959,291.30017,67.662468,152.13451,223.63771,0.90240741,1.2873859,44.170635,0.6523332,36.786491,37.129974,0.00073351996,-15.760273,0,2.4170935,8.4141426,3.9705005,0.34348258,0.81150556,0.18849444,0.6192469,0.38075307,1.1929132,0.27708682,0.16582552,0.15144886,0.93854743,215.31732,31.205379,193.38362,206.04565,1.7163097,1.687144,0.73004246,0.68703341,81.0,110.31715,3.960788,0.11513098,3.1640935,1.9691956,1.3108091,0.75196886,0.39516684,0.17269279,0.087090455,0.045635343,217.75,119.25,101.75,93.375,78.125,41.375,5.375,0.0,6.5383482,0.5,6.745369,0.5,0.5,1.0,-1.5098784,-1.5021033,-1.4947895,-8.0174637,-7.6387362,-7.6129465,1.1356169,184.375,185.375,124.25,56.5,25.625,12.125,5.75,2.625,0.28624079,0.13654618,1.6089075,1.5544208,1.7871166,2.0148847,2.2700934,2.4739099,2.686517,0.0,0.86445451,1.9700723,2.198874,2.2619662,2.3832443,2.7233031,3.0021966,3.0321603,1.1113861,204.58687,227.375,515.125,290.5,160.0,68.5,29.125,12.75,5.75,2.625,330.75,105.125,35.75,12.0,3.5,0.625,0.0,0.0,EXT29
C:/Users/MICROSOFT/Documents/nauval_mrnavac/cycpeptmp_standalone/runs/run_20260102_172000_moe/sdf/monomer.sdf,O=CCNC,3.6981618,1.2332446e-09,126,O=CCNC,243.75824,199.10757,44.650673,151.15216,92.606087,292.68814,65.63649,154.45689,227.05164,0.90240741,1.2880508,44.177921,0.65499455,36.79565,37.139671,0.0004911744,-15.770581,0,2.4113986,8.4214315,3.9713671,0.34402022,0.81682396,0.18317606,0.62009043,0.37990955,1.2007312,0.26926881,0.16589347,0.1514426,0.93856776,215.35149,31.20883,193.41719,206.07697,1.7164458,1.6871144,0.72998202,0.68716204,81.0,109.25441,4.0436683,0.11103358,3.1625261,1.9651098,1.3092898,0.74918061,0.39355049,0.17475729,0.087047346,0.045134045,215.25,117.875,100.125,92.5,79.375,42.5,6.125,0.0,6.041523,6.5383482,2.5,0.70710677,0.5,0.5,-1.5108209,-1.5067152,-1.5044206,-7.7593679,-7.5037546,-7.4085183,1.1396821,185.875,184.5,125.75,56.5,25.25,12.875,5.75,3.0,0.2908864,0.14459459,1.6081591,1.5694031,1.8356616,2.0363634,2.2724173,2.430752,2.6759317,0.0,0.86999148,1.9716307,2.1910112,2.2438016,2.43926,2.6946111,3.0183892,2.9955621,1.1064061,204.94283,226.75,514.625,290.0,161.0,68.375,29.125,13.375,5.75,3.0,328.75,105.5,35.25,11.875,3.875,0.5,0.0,0.0,EXT30
C:/Users/MICROSOFT/Documents/nauval_mrnavac/cycpeptmp_standalone/runs/run_20260102_172000_moe/sdf/monomer.sdf,O=CCNC,3.6981618,1.3844996e-09,177,O=CCNC,241.35226,195.67995,45.672325,148.63507,92.717194,287.64951,67.138313,150.00761,220.5112,0.90380216,1.2871966,44.159466,0.64466649,36.790764,37.13258,0.00073744368,-15.754988,0,2.4110136,8.402977,3.9704695,0.34181571,0.81076491,0.18923512,0.61584288,0.38415712,1.1918244,0.27817562,0.16585854,0.15138337,0.93859631,215.3576,31.197969,193.4314,206.08583,1.7164702,1.6871953,0.72991639,0.68712264,80.875,108.63805,4.0263486,0.11176654,3.1630857,1.964694,1.3076211,0.7479561,0.39371818,0.17496641,0.087311015,0.045657344,214.0,119.0,100.875,93.0,79.125,43.0,6.25,0.0,6.041523,6.5383482,2.5,0.5,0.70710677,1.118034,-1.519325,-1.5086749,-1.5036985,-7.8460522,-7.569293,-7.5168009,1.1402032,183.75,184.625,125.25,56.25,25.5,12.5,5.875,2.875,0.28872368,0.14112903,1.6011198,1.5441116,1.8165135,2.0188944,2.259227,2.3937082,2.7062688,0.0,0.88004565,1.9677255,2.1991777,2.2571785,2.4330854,2.7029922,3.0368152,3.0015292,1.1059004,205.03654,226.75,513.5,290.125,160.375,68.25,29.125,13.125,5.875,2.875,329.75,105.5,35.125,12.0,3.625,0.625,0.0,0.0,EXT31
C:/Users/MICROSOFT/Documents/nauval_mrnavac/cycpeptmp_standalone/runs/run_20260102_172000_moe/sdf/monomer.sdf,O=CCNC,3.6981618,1.421256e-09,84,O=CCNC,241.4059,196.38704,45.018848,149.11543,92.290459,288.68896,66.177704,151.36819,222.51125,0.90240741,1.2879509,44.171982,0.6577729,36.789654,37.132111,0.00075582042,-15.768911,0,2.4106915,8.4154902,3.9706502,0.3424553,0.81351388,0.18648612,0.61769593,0.38230407,1.1958654,0.27413461,0.1658614,0.15149584,0.93854392,215.37941,31.22341,193.43463,206.10077,1.7165571,1.6872718,0.73008281,0.68715972,81.0,109.17131,3.9600513,0.11413106,3.1638126,1.9695325,1.3113792,0.75210291,0.39528924,0.17259604,0.08707016,0.045488443,217.125,119.5,101.75,93.625,77.875,41.5,5.5,0.0,6.5383482,0.5,6.745369,0.5,0.5,1.0,-1.5089595,-1.5027431,-1.4940016,-8.0033226,-7.6306319,-7.5948644,1.1357467,184.25,185.625,124.75,56.625,25.625,12.0,5.625,2.625,0.28624079,0.13484646,1.6126261,1.5468762,1.791047,2.0065334,2.2699409,2.44893,2.6827943,0.0,0.86623037,1.9655536,2.197571,2.2628727,2.382251,2.714391,3.0036194,3.0307581,1.111259,204.61028,227.375,515.125,290.625,160.375,68.625,29.125,12.625,5.625,2.625,330.875,105.0,35.625,12.0,3.5,0.625,0.0,0.0,EXT32
C:/Users/MICROSOFT/Documents/nauval_mrnavac/cycpeptmp_standalone/runs/run_20260102_172000_moe/sdf/monomer.sdf,O=CCNC,3.6981618,1.4333996e-09,81,O=CCNC,242.06731,197.27991,44.787403,149.77654,92.290771,290.00146,65.837479,152.49249,224.16397,0.90380216,1.288265,44.212097,0.64788753,36.785503,37.12606,0.00067283231,-15.781654,0,2.4667802,8.4556084,3.9706984,0.3405548,0.81497955,0.18502046,0.61873925,0.38126078,1.19802,0.27198008,0.16593497,0.15148367,0.93850553,215.41574,31.226923,193.46404,206.14053,1.7167019,1.6873806,0.7300145,0.68735641,80.875,109.29051,3.8586867,0.11452043,3.1569121,1.9794358,1.3112174,0.75133008,0.39778212,0.16565263,0.087578602,0.045535937,216.75,119.5,103.5,94.375,81.25,45.75,6.375,0.0,0.5,0.5,1.0,0.5,1.0,0.5,-1.5210085,-1.5042052,-1.4936954,-8.0083141,-7.768784,-7.3267069,1.1300286,187.75,183.75,126.25,56.625,25.25,11.75,6.125,2.5,0.28623188,0.12715232,1.623746,1.5667244,1.7959635,2.045646,2.3204281,2.48879,2.4128966,0.0,0.84729218,1.9563969,2.1895199,2.2574089,2.2962198,2.7878256,3.0520101,3.0232041,1.1209606,205.06964,229.875,515.5,290.625,162.25,68.0,29.625,12.0,6.125,2.5,327.75,106.875,36.0,11.375,4.375,0.25,0.0,0.0,EXT33
C:/Users/MICROSOFT/Documents/nauval_mrnavac/cycpeptmp_standalone/runs/run_20260102_172000_moe/sdf/monomer.sdf,O=CCNC,3.6981618,1.6604558e-09,146,O=CCNC,239.26254,194.78893,44.473625,148.51669,90.745857,286.33972,65.376228,150.31529,220.96349,0.90240741,1.2874364,44.168377,0.65295267,36.780773,37.121731,0.0005768658,-15.76124,0,2.4227037,8.4118862,3.9704144,0.34095645,0.81412208,0.18587792,0.62072688,0.37927315,1.1967595,0.27324054,0.16581208,0.15134947,0.93863785,215.37556,31.19347,193.45538,206.10226,1.7165418,1.6872084,0.73002553,0.68703175,81.0,108.8225,3.956682,0.11394802,3.1646085,1.9705794,1.3116711,0.75285161,0.39546707,0.1725544,0.08705429,0.045437947,217.125,119.75,101.625,93.625,77.875,41.75,5.5,0.0,6.5383482,0.5,6.745369,0.5,0.5,1.0,-1.5087564,-1.5030764,-1.4937665,-7.9990287,-7.6269331,-7.5878444,1.1360791,184.375,185.75,124.875,56.5,26.0,12.0,5.625,2.625,0.29028291,0.13484646,1.6099648,1.542016,1.7957437,2.0058804,2.269244,2.4469717,2.6820512,0.0,0.86817682,1.9632795,2.2022636,2.25546,2.3771794,2.7139535,3.0030334,3.0302265,1.1107303,204.59512,227.25,515.375,290.625,160.5,68.5,29.5,12.625,5.625,2.625,331.0,104.875,35.625,12.0,3.5,0.625,0.0,0.0,EXT34
C:/Users/MICROSOFT/Documents/nauval_mrnavac/cycpeptmp_standalone/runs/run_20260102_172000_moe/sdf/monomer.sdf,O=CCNC,3.6981618,1.7581989e-09,185,O=CCNC,240.65837,195.68677,44.9716,148.91194,91.746422,287.65955,66.108246,150.71518,221.5513,0.90380216,1.2883153,44.206745,0.65325451,36.791187,37.134323,0.00045269888,-15.776484,0,2.4470656,8.4502554,3.9716504,0.34313422,0.81313097,0.18686904,0.61876905,0.38123095,1.1953025,0.27469748,0.16593017,0.15145834,0.93850189,215.3629,31.214478,193.4185,206.09282,1.7164913,1.6871879,0.72992855,0.68726802,80.875,109.2902,3.8818934,0.11499517,3.1686668,1.97042,1.3092625,0.75273162,0.39746299,0.168411,0.087158181,0.046263948,217.375,119.375,104.75,95.375,81.875,46.125,6.0,0.0,0.5,6.745369,6.5383482,0.5,0.5,0.70710677,-1.5228037,-1.5040958,-1.4968723,-7.7697792,-7.5707192,-7.4260087,1.1313086,189.5,184.875,124.625,55.875,26.0,12.0,6.125,2.875,0.28758949,0.12844037,1.6370136,1.5527927,1.7529474,1.9902591,2.2374322,2.4333274,2.5467408,0.0,0.85091221,1.982095,2.2221651,2.2699578,2.317163,2.815156,3.0547245,3.020772,1.1182699,204.78062,229.0,517.75,289.75,160.25,67.5,30.125,12.25,6.125,2.875,328.25,104.875,35.625,11.625,4.125,0.25,0.0,0.0,EXT35
C:/Users/MICROSOFT/Documents/nauval_mrnavac/cycpeptmp_standalone/runs/run_20260102_172000_moe/sdf/monomer.sdf,O=CCNC,3.6981618,2.7923206e-09,60,O=CCNC,242.23671,197.25095,44.985771,149.28841,92.948303,289.95889,66.129082,152.26517,223.8298,0.90240741,1.2873628,44.163273,0.64950335,36.78883,37.131191,0.00061955827,-15.763396,0,2.4108019,8.4067841,3.9711566,0.34236243,0.81429005,0.18570997,0.61629146,0.38370857,1.1970063,0.27299365,0.16586447,0.15149455,0.9385308,215.32858,31.215992,193.3876,206.05356,1.7163546,1.687188,0.73001605,0.687132,81.0,109.26527,3.9809906,0.11605551,3.1641555,1.9691598,1.3100371,0.7512418,0.39348161,0.17590822,0.08761102,0.045990072,217.875,120.125,102.125,93.375,77.75,41.0,5.375,0.0,0.5,6.5383482,6.745369,0.5,0.5,1.0,-1.5167376,-1.5030041,-1.5017469,-8.0823536,-7.7688308,-7.5997477,1.1359813,184.0,186.5,126.125,56.5,25.5,12.5,5.875,2.625,0.28396574,0.14056225,1.60645,1.5692998,1.813585,2.0422935,2.3062084,2.4924428,2.7306931,0.0,0.8699736,1.98485,2.2090442,2.25281,2.3933344,2.6915743,3.0165133,3.014293,1.1108259,204.57751,227.25,514.625,291.75,161.5,68.375,29.0,13.125,5.875,2.625,330.625,105.25,35.375,11.875,3.5,0.625,0.0,0.0,EXT36
C:/Users/MICROSOFT/Documents/nauval_mrnavac/cycpeptmp_standalone/runs/run_20260102_172000_moe/sdf/monomer.sdf,O=CCNC,3.6981618,2.8679374e-09,43,O=CCNC,240.28922,195.71086,44.57835,147.90228,92.38694,287.69498,65.530174,151.13252,222.16479,0.90380216,1.2883859,44.222755,0.65915269,36.783661,37.125431,0.00059325941,-15.782936,0,2.4665053,8.4662647,3.9710724,0.34176973,0.81448042,0.18551956,0.61551774,0.38448226,1.1972862,0.27271375,0.16590728,0.15148488,0.93849242,215.38058,31.222254,193.43085,206.10806,1.7165618,1.6871805,0.73013675,0.68721759,80.875,109.01884,3.879317,0.11407821,3.1585531,1.9832228,1.3091692,0.75234377,0.39762408,0.16716783,0.0873622,0.046123743,216.5,119.25,103.125,94.125,81.625,45.625,6.5,0.0,0.5,6.5383482,6.745369,0.5,1.0,0.5,-1.5291134,-1.5133173,-1.4981494,-8.0422983,-7.9125128,-7.4873624,1.1319796,187.625,183.125,126.375,57.625,25.0,11.5,5.75,2.375,0.28484848,0.12616202,1.6207128,1.5769986,1.8217018,2.0639448,2.3201272,2.4969327,2.4133363,0.0,0.85145742,1.9547797,2.1936033,2.2684932,2.3018839,2.7861824,3.0272963,3.0427542,1.1184199,205.20023,229.5,515.125,290.25,162.25,68.875,29.375,11.875,5.75,2.375,327.5,107.125,35.875,11.25,4.375,0.375,0.0,0.0,EXT37
C:/Users/MICROSOFT/Documents/nauval_mrnavac/cycpeptmp_standalone/runs/run_20260102_172000_moe/sdf/monomer.sdf,O=CCNC,3.6981618,3.9450727e-09,45,O=CCNC,241.84264,197.06628,44.776352,148.50215,93.340485,289.68744,65.821236,152.28993,223.8662,0.90240741,1.2879319,44.219063,0.65101117,36.798458,37.140881,0.00055320322,-15.771736,0,2.4557447,8.4625711,3.9708722,0.34242252,0.81485337,0.18514664,0.61404455,0.38595545,1.1978345,0.27216557,0.16595013,0.15149923,0.93847638,215.33173,31.218155,193.38383,206.06148,1.7163671,1.6871632,0.72986907,0.68729931,81.0,108.98212,3.8586867,0.11454219,3.1574688,1.981704,1.3115674,0.75149083,0.39779228,0.16572554,0.08764533,0.045573965,216.75,119.5,103.5,94.5,81.125,45.625,6.25,0.0,0.5,0.5,1.0,0.5,1.0,0.5,-1.5209827,-1.5042564,-1.4936497,-8.0096874,-7.7680707,-7.3251805,1.1301949,188.0,184.125,126.625,56.625,25.25,11.75,6.0,2.5,0.28623188,0.12698413,1.6258048,1.5658811,1.7951053,2.0436361,2.3204596,2.4992578,2.4042742,0.0,0.84854025,1.9540648,2.1925235,2.2579286,2.2964795,2.7877569,3.0562959,3.0230188,1.1205925,205.02547,229.75,515.75,291.0,162.5,68.0,29.625,12.0,6.0,2.5,327.75,106.875,35.875,11.375,4.375,0.25,0.0,0.0,EXT38
C:/Users/MICROSOFT/Documents/nauval_mrnavac/cycpeptmp_standalone/runs/run_20260102_172000_moe/sdf/monomer.sdf,O=CCNC,3.6981618,5.3833098e-09,94,O=CCNC,239.88165,195.01643,44.865208,147.39923,92.482422,286.67416,65.951859,150.15123,220.72231,0.90380216,1.2879076,44.225811,0.6573779,36.79567,37.138611,0.00075751665,-15.768219,0,2.458297,8.4693193,3.9707663,0.34294078,0.81296939,0.1870306,0.61446649,0.38553354,1.195065,0.27493498,0.16584435,0.15139851,0.93850374,215.30588,31.194748,193.37303,206.04396,1.716264,1.6872438,0.72982633,0.68711305,80.875,107.87411,3.8864136,0.1150402,3.1689274,1.9711446,1.3088683,0.75292164,0.39739147,0.16855197,0.087182827,0.04633883,217.75,119.625,104.75,95.25,81.5,46.125,6.0,0.0,0.5,6.745369,6.5383482,0.5,0.5,0.70710677,-1.5234839,-1.5048367,-1.4969517,-7.7752137,-7.5819068,-7.4287205,1.1314811,190.375,184.375,124.75,56.0,25.875,12.0,6.125,2.875,0.28639618,0.12860893,1.6366489,1.5496236,1.7518555,1.9951015,2.2459948,2.4320312,2.5455852,0.0,0.84968263,1.9807919,2.2200496,2.2705073,2.3197899,2.8165994,3.0561275,3.0221756,1.1178958,204.73732,228.875,518.125,289.625,160.625,67.625,30.0,12.25,6.125,2.875,327.75,105.25,35.875,11.625,4.125,0.25,0.0,0.0,EXT39
C:/Users/MICROSOFT/Documents/nauval_mrnavac/cycpeptmp_standalone/runs/run_20260102_172000_moe/sdf/monomer.sdf,O=CCNC,3.8165698,0.11840785,68,O=CCNC,239.60986,193.03133,46.578533,144.52693,95.082916,283.75604,68.470444,146.45279,215.2856,0.91655171,0.85944045,39.043957,0.68336278,30.358023,30.608187,1.5822078e-06,-10.391743,0,2.3996279,5.2058992,5.352777,0.25016463,0.80560678,0.19439323,0.60317612,0.39682391,1.1842419,0.28575805,0.11109215,0.085034043,0.94993687,241.71521,20.200802,225.66827,237.56136,1.8184785,1.7053369,0.80123836,0.5683971,79.75,108.77116,3.490272,0.11049206,3.2861862,2.3978722,1.6230991,0.81713384,0.36212656,0.065140754,0.0,0.0,189.625,110.0,92.125,80.125,63.875,27.0,7.625,0.0,0.5,2.0615528,2.5495098,5.2201533,5.2440443,0.5,-1.5820975,-1.5590507,-1.5549076,-4.4887524,-4.4714298,-4.459167,1.1430174,233.625,247.125,148.875,55.625,18.5,3.375,0.0,0.0,0.23880596,0.049921997,1.4544166,1.6219732,1.9925683,2.3062389,2.7147219,1.932928,1.9714506,0.0,0.7464298,1.3540955,1.4478501,1.5095013,1.5108856,1.2375591,0.0,0.0,1.1009433,204.71082,225.375,560.375,355.625,185.0,67.0,22.0,4.0,0.0,0.0,326.75,108.5,36.125,11.375,3.5,0.625,0.0,0.0,EXT40
C:/Users/MICROSOFT/Documents/nauval_mrnavac/cycpeptmp_standalone/runs/run_20260102_172000_moe/sdf/monomer.sdf,O=CCNC,3.8165698,0.11840785,6,O=CCNC,241.57484,194.93449,46.640358,146.86391,94.71093,286.55371,68.561325,148.29413,217.99237,0.91655171,0.86019403,39.132538,0.69241595,30.355322,30.605318,1.7646398e-05,-10.403845,0,2.482301,5.2944808,5.3524847,0.2499976,0.80693209,0.19306794,0.60794371,0.39205626,1.1861901,0.28380987,0.1111534,0.085073501,0.94991374,241.70572,20.209219,225.6521,237.55011,1.8184427,1.7053224,0.80142748,0.56854898,79.75,108.359,3.428422,0.1175457,3.2765377,2.4028292,1.6207098,0.81540573,0.35495481,0.060771506,0.0,0.0,188.625,111.625,92.75,80.875,64.125,28.0,7.75,0.0,6.3245554,6.6708322,1.5811388,5.1234756,0.5,5.0990195,-1.5438254,-1.5294801,-1.5244781,-4.6058064,-4.552958,-4.5374913,1.1356014,230.375,248.25,147.625,53.75,17.625,2.625,0.0,0.0,0.2264151,0.04018547,1.4738499,1.584944,1.9130512,2.2483137,2.6517024,1.7663777,1.9875579,0.0,0.72993279,1.3671703,1.4952731,1.4433612,1.5438209,1.1430988,0.0,0.0,1.110382,204.20901,226.75,559.375,356.75,183.125,65.875,21.0,3.25,0.0,0.0,329.0,108.5,35.5,12.125,3.375,0.625,0.0,0.0,EXT41
C:/Users/MICROSOFT/Documents/nauval_mrnavac/cycpeptmp_standalone/runs/run_20260102_172000_moe/sdf/monomer.sdf,O=CCNC,3.8165698,0.11840785,80,O=CCNC,241.73703,195.37251,46.364525,146.20941,95.527626,287.1976,68.155853,149.008,219.04175,0.91655171,0.85990709,39.06583,0.67937076,30.347971,30.598129,2.6320826e-05,-10.397018,0,2.4358816,5.2277722,5.3524218,0.25015801,0.80820262,0.19179736,0.60482836,0.39517167,1.1880579,0.2819421,0.11104318,0.085038528,0.9499231,241.74451,20.204407,225.69339,237.59122,1.8185886,1.7054919,0.80141753,0.56832349,79.75,109.44353,3.2749228,0.11352137,3.2786832,2.3969626,1.6238494,0.81741798,0.36242577,0.055423792,0.0,0.0,192.75,111.75,93.75,81.625,64.375,27.5,7.5,0.0,0.5,0.5,1.0,0.70710677,0.5,0.5,-1.5393225,-1.5313739,-1.5198811,-4.5863638,-4.4876814,-4.4673824,1.1370106,236.125,246.0,149.875,53.75,19.25,3.0,0.0,0.0,0.24933334,0.039816234,1.4136976,1.5538555,1.9315826,2.2484653,2.6319809,1.8929483,2.1318374,0.0,0.72834355,1.3715991,1.478899,1.5198308,1.3670361,1.3685868,0.0,0.0,1.1077816,204.01132,226.0,563.75,355.125,185.0,65.375,23.375,3.25,0.0,0.0,327.625,109.125,35.125,11.625,4.125,0.25,0.0,0.0,EXT42
C:/Users/MICROSOFT/Documents/nauval_mrnavac/cycpeptmp_standalone/runs/run_20260102_172000_moe/sdf/monomer.sdf,O=CCNC,3.8165698,0.11840785,144,O=CCNC,242.71634,196.41249,46.303837,146.82674,95.889603,288.72638,68.066635,150.10866,220.65973,0.91655171,0.85963231,39.048012,0.68636554,30.359695,30.609602,1.7286273e-05,-10.38735,0,2.3992171,5.2099533,5.352809,0.24990699,0.80922651,0.19077346,0.60493141,0.39506859,1.189563,0.28043699,0.11111333,0.085081726,0.94990325,241.67929,20.208986,225.6252,237.5244,1.8183433,1.7052866,0.80136365,0.56843454,79.75,109.6823,3.3656189,0.11625802,3.2748644,2.3994279,1.6196529,0.81673378,0.35743067,0.056603957,0.0,0.0,187.5,109.875,91.5,79.625,63.25,28.375,7.75,0.0,1.5811388,0.5,2.0615528,5.0990195,0.5,5.1234756,-1.5262191,-1.522894,-1.5198427,-4.5957546,-4.5833054,-4.5360169,1.138204,228.25,249.5,148.25,53.5,17.875,2.75,0.0,0.0,0.23087431,0.042386185,1.4462481,1.5604521,1.9117745,2.2367122,2.634125,1.8680856,2.1699507,0.0,0.7275067,1.3605231,1.4875703,1.4892244,1.5013436,1.204383,0.0,0.0,1.1066202,204.22545,226.0,558.375,357.875,183.875,65.75,21.125,3.375,0.0,0.0,330.125,108.375,35.625,12.25,3.25,0.625,0.0,0.0,EXT43
C:/Users/MICROSOFT/Documents/nauval_mrnavac/cycpeptmp_standalone/runs/run_20260102_172000_moe/sdf/monomer.sdf,O=CCNC,3.8165698,0.11840785,59,O=CCNC,239.97577,193.44753,46.52824,145.45216,94.523613,284.36786,68.396515,146.9193,215.97136,0.91655171,0.86009306,39.089642,0.68634111,30.363743,30.614975,2.3828006e-05,-10.389601,0,2.4355781,5.251585,5.3527246,0.25123218,0.80611277,0.19388725,0.60611182,0.39388815,1.1849858,0.28501424,0.11118146,0.085057959,0.94994295,241.65361,20.201035,225.60889,237.4973,1.8182467,1.7052474,0.80125248,0.56859571,79.75,108.96171,3.2762432,0.11270265,3.277431,2.3906527,1.6203125,0.81642711,0.36593023,0.067716062,0.0,0.0,187.25,110.375,95.0,81.0,63.375,26.5,7.75,0.0,2.0615528,0.5,2.5495098,0.5,6.5192022,6.7268119,-1.5642703,-1.5461411,-1.5410304,-4.5075364,-4.4887381,-4.4605222,1.1397676,232.75,250.25,150.0,53.375,18.75,3.375,0.0,0.0,0.23552631,0.049382716,1.4742452,1.6398058,1.8830526,2.2764635,2.7362425,1.8276392,1.9712309,0.0,0.74654585,1.3571182,1.4707489,1.5451466,1.4164662,1.2360682,0.0,0.0,1.1059164,204.80753,226.5,560.125,358.875,185.5,64.75,22.375,4.0,0.0,0.0,327.375,108.625,35.5,11.375,3.625,0.625,0.0,0.0,EXT44
C:/Users/MICROSOFT/Documents/nauval_mrnavac/cycpeptmp_standalone/runs/run_20260102_172000_moe/sdf/monomer.sdf,O=CCNC,3.8165698,0.11840785,116,O=CCNC,242.37413,196.53293,45.841213,147.76593,94.6082,288.90338,67.386589,150.69171,221.51682,0.91655171,0.85981005,39.05497,0.68693018,30.359472,30.609051,5.4319385e-06,-10.389597,0,2.4058158,5.2169123,5.353168,0.24957888,0.81086588,0.18913411,0.60966051,0.39033949,1.1919729,0.27802712,0.11115359,0.085107364,0.94988543,241.68741,20.215677,225.62767,237.53146,1.8183739,1.7053095,0.80134362,0.56854516,79.75,109.1377,3.2818205,0.11488689,3.2782886,2.3974926,1.6241622,0.81745225,0.36238649,0.055398289,0.0,0.0,192.625,111.5,93.625,81.5,64.375,27.375,7.5,0.0,0.5,0.5,1.0,0.70710677,0.5,0.5,-1.5390269,-1.5308669,-1.5197607,-4.5861969,-4.4894032,-4.463387,1.1370288,236.125,245.625,149.75,53.75,19.25,3.0,0.0,0.0,0.24966623,0.039877299,1.4276968,1.5600328,1.9399693,2.2582924,2.632185,1.9096473,2.1331265,0.0,0.72865766,1.3713562,1.4803473,1.52561,1.3659142,1.3673023,0.0,0.0,1.1077639,204.01459,226.0,563.375,355.0,184.875,65.375,23.375,3.25,0.0,0.0,327.25,109.375,35.125,11.625,4.125,0.25,0.0,0.0,EXT45
C:/Users/MICROSOFT/Documents/nauval_mrnavac/cycpeptmp_standalone/runs/run_20260102_172000_moe/sdf/monomer.sdf,O=CCNC,3.8165698,0.11840785,22,O=CCNC,243.47461,196.71198,46.762638,147.58459,95.89003,289.1666,68.741081,149.94934,220.42552,0.91655171,0.8593815,39.050972,0.69262415,30.352478,30.605492,6.2142772e-06,-10.393326,0,2.399945,5.212914,5.3529043,0.25301391,0.80793631,0.19206372,0.60616004,0.39383993,1.1876663,0.28233367,0.11113551,0.08514154,0.94984478,241.66548,20.222025,225.59827,237.51067,1.8182913,1.7051909,0.80137253,0.56845939,79.75,109.44578,3.4978662,0.110658,3.2860761,2.3978121,1.6230534,0.81710631,0.36206993,0.065076172,0.0,0.0,189.25,110.0,92.25,80.125,64.0,27.0,7.75,0.0,0.5,2.0615528,2.5495098,5.2201533,5.2440443,0.5,-1.582123,-1.5589887,-1.5549785,-4.4874411,-4.4694705,-4.4577985,1.1430305,233.75,247.125,148.625,55.625,18.5,3.375,0.0,0.0,0.23848239,0.049921997,1.4583796,1.6262332,2.0010183,2.3143003,2.7134433,1.9281031,1.9749354,0.0,0.74547416,1.3538382,1.4471239,1.5091839,1.510501,1.2379518,0.0,0.0,1.1009306,204.71318,225.375,560.375,355.75,184.75,67.0,22.0,4.0,0.0,0.0,326.625,108.625,36.125,11.375,3.5,0.625,0.0,0.0,EXT46
C:/Users/MICROSOFT/Documents/nauval_mrnavac/cycpeptmp_standalone/runs/run_20260102_172000_moe/sdf/monomer.sdf,O=CCNC,3.8165698,0.11840785,115,O=CCNC,239.17767,193.68787,45.489815,145.0191,94.158569,284.72116,66.870026,148.19806,217.85114,0.91655171,0.85983074,39.078831,0.69463068,30.353245,30.604168,1.8469741e-07,-10.398292,0,2.4270301,5.2407737,5.3530025,0.25092319,0.80980742,0.19019255,0.60632378,0.39367622,1.1904169,0.27958304,0.11111324,0.085126594,0.94984818,241.70735,20.222092,225.63945,237.55318,1.8184489,1.7052584,0.80157346,0.56842488,79.75,109.72359,3.2818205,0.11490579,3.2780933,2.397162,1.6238962,0.8173939,0.3623026,0.0554053,0.0,0.0,192.875,111.5,93.625,81.5,64.375,27.5,7.5,0.0,0.5,0.5,1.0,0.70710677,0.5,0.5,-1.5390373,-1.5308881,-1.5198056,-4.5857091,-4.4899678,-4.4627132,1.137105,236.125,245.625,150.0,53.875,19.25,3.0,0.0,0.0,0.24966623,0.039877299,1.421703,1.5598705,1.9397918,2.2581158,2.6320229,1.9214057,2.1333611,0.0,0.7273767,1.3715005,1.4801552,1.5198902,1.3660432,1.3673924,0.0,0.0,1.1076897,204.02826,226.0,563.5,355.0,185.125,65.5,23.375,3.25,0.0,0.0,327.375,109.375,35.125,11.625,4.125,0.25,0.0,0.0,EXT47
C:/Users/MICROSOFT/Documents/nauval_mrnavac/cycpeptmp_standalone/runs/run_20260102_172000_moe/sdf/monomer.sdf,O=CCNC,3.8165698,0.11840785,2,O=CCNC,242.00534,195.2872,46.718128,145.14621,96.859131,287.0722,68.675652,148.56908,218.39655,0.91655171,0.85964537,39.067204,0.68199605,30.350508,30.600058,3.1131589e-07,-10.393564,0,2.4323111,5.2291455,5.3528376,0.24955007,0.80695415,0.19304587,0.59976453,0.4002355,1.1862226,0.28377742,0.11109941,0.085081138,0.94989902,241.71036,20.211493,225.65373,237.5555,1.8184602,1.7053908,0.80143172,0.5684337,79.75,109.30769,3.2996485,0.11286063,3.277545,2.3894165,1.6201521,0.81628549,0.36591804,0.067880251,0.0,0.0,187.0,110.375,95.125,81.125,63.5,26.75,7.75,0.0,2.0615528,0.5,2.5495098,0.5,6.5192022,6.7268119,-1.5641091,-1.5458875,-1.5410249,-4.5090013,-4.489151,-4.4623146,1.1392887,232.625,249.25,149.75,53.375,18.625,3.375,0.0,0.0,0.23390275,0.049306627,1.4775585,1.639836,1.8840612,2.2770853,2.7361469,1.8274,1.9707005,0.0,0.74638683,1.362633,1.4706376,1.5450665,1.4338999,1.2358139,0.0,0.0,1.1065848,204.79677,226.625,559.875,357.875,185.5,64.75,22.25,4.0,0.0,0.0,327.25,108.625,35.75,11.375,3.625,0.625,0.0,0.0,EXT48
C:/Users/MICROSOFT/Documents/nauval_mrnavac/cycpeptmp_standalone/runs/run_20260102_172000_moe/sdf/monomer.sdf,O=CCNC,3.8165698,0.11840785,141,O=CCNC,243.30841,196.53448,46.773933,146.97734,96.331078,288.9057,68.757683,149.76054,220.14801,0.91655171,0.85964096,39.082981,0.68293494,30.351017,30.602631,1.5813481e-05,-10.395182,0,2.444922,5.2449231,5.3524776,0.25161362,0.80775869,0.19224133,0.60407835,0.39592168,1.1874052,0.28259474,0.11112995,0.085040711,0.9499445,241.69621,20.200655,225.65077,237.541,1.8184069,1.705268,0.80134261,0.5684709,79.75,108.64936,3.2818205,0.11490068,3.2782748,2.3968694,1.6239009,0.81738251,0.36233988,0.055386327,0.0,0.0,193.0,111.625,93.625,81.5,64.375,27.5,7.5,0.0,0.5,0.5,1.0,0.70710677,0.5,0.5,-1.539187,-1.5310308,-1.5199403,-4.586432,-4.4885383,-4.4659638,1.1370386,236.125,245.625,149.75,53.75,19.25,3.0,0.0,0.0,0.24966623,0.039877299,1.4187846,1.5598568,1.9393953,2.2577116,2.6315918,1.9206365,2.1325526,0.0,0.72786808,1.3698339,1.4801164,1.5194072,1.3665447,1.3679429,0.0,0.0,1.1077545,204.01634,226.0,563.625,354.75,184.875,65.375,23.375,3.25,0.0,0.0,327.5,109.125,35.125,11.625,4.125,0.25,0.0,0.0,EXT49
C:/Users/MICROSOFT/Documents/nauval_mrnavac/cycpeptmp_standalone/runs/run_20260102_172000_moe/sdf/monomer.sdf,O=CCNC,3.8165698,0.11840785,41,O=CCNC,242.97729,196.96432,46.01297,148.27037,94.706924,289.53757,67.639061,150.95135,221.8985,0.91655171,0.85965753,39.050316,0.68520474,30.353851,30.60598,3.8846665e-06,-10.393777,0,2.4059188,5.2122574,5.3532081,0.25212833,0.81062853,0.18937148,0.61022317,0.38977686,1.1916239,0.27837607,0.11115593,0.085117877,0.94987047,241.69208,20.218607,225.62897,237.53658,1.8183914,1.7052879,0.80131382,0.56854397,79.75,109.50835,3.4221938,0.11785056,3.2766783,2.4029405,1.6208422,0.81568235,0.3549968,0.060869772,0.0,0.0,188.625,111.5,93.0,81.0,64.25,28.0,7.75,0.0,6.3245554,6.6708322,1.5811388,5.1234756,0.5,5.0990195,-1.5437253,-1.5297039,-1.524698,-4.6060529,-4.5499449,-4.5376182,1.1355824,230.375,248.0,147.5,53.5,17.5,2.625,0.0,0.0,0.22446236,0.040123455,1.473725,1.5843879,1.908053,2.2526844,2.65679,1.7667608,1.9878794,0.0,0.72929311,1.3666193,1.4951239,1.4529517,1.5460819,1.1427209,0.0,0.0,1.1104004,204.20561,226.75,559.5,356.625,183.0,65.625,20.875,3.25,0.0,0.0,329.125,108.625,35.5,12.125,3.375,0.625,0.0,0.0,EXT50
C:/Users/MICROSOFT/Documents/nauval_mrnavac/cycpeptmp_standalone/runs/run_20260102_172000_moe/sdf/monomer.sdf,O=CCNC,3.8165698,0.11840785,138,O=CCNC,243.95334,197.03618,46.91716,148.446,95.507332,289.64319,68.968224,150.11902,220.67494,0.91655171,0.86044848,39.103809,0.69423038,30.353712,30.603931,9.3099952e-06,-10.401222,0,2.4531631,5.2657528,5.3524756,0.25021946,0.80767977,0.19232023,0.60850161,0.39149836,1.1872892,0.28271073,0.1110923,0.085060731,0.94992107,241.74573,20.209583,225.6918,237.59006,1.8185933,1.705512,0.80147886,0.56845587,79.75,109.37335,3.4324372,0.11764638,3.2764909,2.4023724,1.6205261,0.8153649,0.3551155,0.060764734,0.0,0.0,188.75,111.875,92.875,81.125,64.25,27.875,7.75,0.0,6.3245554,6.6708322,1.5811388,5.1234756,0.5,5.0990195,-1.5439371,-1.5295521,-1.5245123,-4.6057148,-4.5519671,-4.5368319,1.1356447,230.75,248.375,147.625,53.625,17.625,2.5,0.0,0.0,0.22611037,0.038520802,1.4768546,1.5868462,1.9180422,2.2555363,2.6570001,1.7871257,1.9872818,0.0,0.72949934,1.3664342,1.4945942,1.4473432,1.5432658,1.0598904,0.0,0.0,1.1103396,204.2168,226.75,559.5,357.0,183.125,65.75,21.0,3.125,0.0,0.0,328.75,108.625,35.5,12.125,3.375,0.625,0.0,0.0,EXT51
C:/Users/MICROSOFT/Documents/nauval_mrnavac/cycpeptmp_standalone/runs/run_20260102_172000_moe/sdf/monomer.sdf,O=CCNC,3.8165698,0.11840785,151,O=CCNC,239.33682,192.52422,46.812603,144.29263,95.044182,283.01059,68.814522,145.71161,214.19608,0.91655171,0.85960025,39.073036,0.69411695,30.358252,30.609142,8.5809245e-07,-10.392026,0,2.4176602,5.2349772,5.3521147,0.25088978,0.804407,0.19559298,0.60288525,0.39711475,1.1824783,0.28752169,0.11114096,0.085071117,0.94991517,241.67528,20.206118,225.62415,237.52031,1.8183283,1.7052381,0.80137211,0.56848907,79.75,109.07174,3.4918036,0.11066312,3.2859855,2.3977544,1.6230716,0.81709939,0.36206049,0.065138556,0.0,0.0,189.375,110.25,92.25,80.125,63.875,26.875,7.75,0.0,0.5,2.0615528,2.5495098,5.2201533,5.2440443,0.5,-1.582113,-1.5587476,-1.5550469,-4.4890981,-4.4700365,-4.4581451,1.1430076,233.625,247.0,148.625,55.5,18.5,3.375,0.0,0.0,0.23848239,0.049921997,1.4553396,1.6150206,1.9945821,2.3066835,2.7151272,1.9285616,1.9755224,0.0,0.74683446,1.3550069,1.4470422,1.509122,1.5105934,1.2376895,0.0,0.0,1.1009527,204.70906,225.375,560.25,355.625,184.75,67.0,22.0,4.0,0.0,0.0,326.625,108.625,36.125,11.5,3.5,0.625,0.0,0.0,EXT52
C:/Users/MICROSOFT/Documents/nauval_mrnavac/cycpeptmp_standalone/runs/run_20260102_172000_moe/sdf/monomer.sdf,O=CCNC,3.8165698,0.11840785,25,O=CCNC,241.06276,194.05493,47.007832,146.15845,94.904312,285.26074,69.101509,147.0471,216.15924,0.91655171,0.86061943,39.07737,0.69270605,30.359411,30.610622,1.371106e-06,-10.402122,0,2.4204776,5.2393117,5.3535619,0.25121108,0.80499756,0.19500245,0.6063087,0.3936913,1.1833464,0.28665361,0.11112466,0.085098684,0.94989127,241.722,20.216536,225.66167,237.5658,1.818504,1.7053925,0.80133855,0.56849885,79.75,109.97362,3.2751243,0.11354784,3.2781091,2.396749,1.6236088,0.81733429,0.36230421,0.055400413,0.0,0.0,193.125,111.625,93.75,81.625,64.25,27.375,7.5,0.0,0.5,0.5,1.0,0.70710677,0.5,0.5,-1.5389723,-1.5309328,-1.5196582,-4.5858798,-4.4897332,-4.4627023,1.1371272,236.0,245.5,149.625,53.75,19.25,3.0,0.0,0.0,0.24933334,0.039816234,1.4160882,1.5539767,1.932163,2.2491181,2.627871,1.9092978,2.1330221,0.0,0.72776937,1.3697755,1.4823307,1.5203092,1.3664595,1.367811,0.0,0.0,1.1076682,204.03223,226.0,563.5,354.75,184.75,65.375,23.375,3.25,0.0,0.0,327.5,109.25,35.125,11.625,4.125,0.25,0.0,0.0,EXT53
C:/Users/MICROSOFT/Documents/nauval_mrnavac/cycpeptmp_standalone/runs/run_20260102_172000_moe/sdf/monomer.sdf,O=CCNC,3.8165698,0.11840785,119,O=CCNC,243.60524,197.07231,46.532928,147.92758,95.677658,289.69629,68.403404,150.53938,221.29289,0.91655171,0.8602199,39.085361,0.69614172,30.352867,30.602493,1.0103869e-05,-10.394315,0,2.4336643,5.2473021,5.3530498,0.2496262,0.80898225,0.19101778,0.607243,0.39275697,1.1892039,0.28079611,0.11116429,0.085081555,0.94992572,241.73376,20.213278,225.67892,237.57533,1.8185482,1.705544,0.80136472,0.56865072,79.75,109.10703,3.2818205,0.11491465,3.27828,2.3961713,1.6237521,0.81722826,0.36226416,0.055375274,0.0,0.0,192.75,111.5,93.625,81.5,64.375,27.625,7.5,0.0,0.5,0.5,1.0,0.70710677,0.5,0.5,-1.5389842,-1.5309806,-1.5196084,-4.5868859,-4.4883904,-4.4650121,1.1371381,236.375,245.875,149.75,53.75,19.25,3.0,0.0,0.0,0.24966623,0.039877299,1.4224995,1.559617,1.9395641,2.2578778,2.61833,1.9054375,2.1327095,0.0,0.72769845,1.3689394,1.481378,1.5260475,1.3663789,1.3677981,0.0,0.0,1.1076574,204.03419,226.0,563.625,354.875,184.875,65.375,23.375,3.25,0.0,0.0,327.25,109.0,35.125,11.625,4.125,0.25,0.0,0.0,EXT54
C:/Users/MICROSOFT/Documents/nauval_mrnavac/cycpeptmp_standalone/runs/run_20260102_172000_moe/sdf/monomer.sdf,O=CCNC,3.8165698,0.11840785,86,O=CCNC,241.32262,194.19788,47.124741,146.51239,94.810226,285.47089,69.273369,147.07314,216.19751,0.91655171,0.85950238,39.091881,0.69271833,30.351574,30.601597,1.5027153e-05,-10.393943,0,2.4444287,5.2538247,5.3531232,0.25002241,0.80472308,0.19527693,0.60712248,0.39287749,1.1829429,0.28705707,0.1111806,0.085099459,0.94991171,241.68462,20.213383,225.62927,237.52658,1.8183634,1.7053237,0.80131757,0.56861895,79.75,109.23791,3.4335003,0.1171751,3.2766821,2.4026151,1.6208377,0.81538302,0.35513949,0.060680013,0.0,0.0,188.625,111.625,92.5,80.75,64.125,27.75,7.75,0.0,6.3245554,6.6708322,1.5811388,5.1234756,0.5,5.0990195,-1.5440054,-1.5291146,-1.5241165,-4.6062222,-4.5528841,-4.5368948,1.1355317,230.25,248.375,147.25,53.75,17.5,2.625,0.0,0.0,0.22702703,0.040247679,1.4741113,1.5851698,1.9246092,2.2555404,2.6660514,1.7994037,1.9879992,0.0,0.72973168,1.3669174,1.4895387,1.4430704,1.5388702,1.1426655,0.0,0.0,1.1104501,204.19647,226.75,559.5,356.75,182.75,65.875,21.0,3.25,0.0,0.0,329.25,108.375,35.5,12.125,3.5,0.625,0.0,0.0,EXT55
C:/Users/MICROSOFT/Documents/nauval_mrnavac/cycpeptmp_standalone/runs/run_20260102_172000_moe/sdf/monomer.sdf,O=CCNC,3.8223832,0.12422132,160,O=CCNC,242.82059,199.29105,43.529537,151.71584,91.104752,292.95782,63.988422,155.76151,228.96942,0.89412844,0.9835633,39.656181,0.64562839,32.335835,32.628845,0.001467888,-12.356486,0,2.4015956,5.8181224,3.9786427,0.29301125,0.82073373,0.17926626,0.62480628,0.37519372,1.2064786,0.2635214,0.12391197,0.14112101,0.92614746,216.89133,29.611948,194.33696,209.83372,1.7225715,1.688128,0.80722123,0.59424019,81.75,108.60966,3.8208725,0.1066021,3.1906147,2.0196195,1.3609495,0.79307634,0.40758571,0.15825452,0.069676779,0.03119434,206.625,112.5,97.5,89.125,76.0,40.75,5.125,0.0,6.4420495,6.1846585,0.5,0.70710677,0.5,0.5,-1.5107679,-1.4923204,-1.4840616,-7.7699428,-7.3396201,-7.2430835,1.1379572,191.0,197.375,140.0,61.125,26.5,10.125,4.625,1.625,0.30512822,0.11921459,1.733042,1.7015097,1.9672832,2.2116983,2.3994401,2.5033016,2.787677,0.0,0.87031019,1.9008495,2.096946,2.0432642,2.0349545,2.4496026,3.1236327,3.0727892,1.1052252,203.57843,225.0,521.25,300.25,171.75,71.125,29.75,10.625,4.625,1.625,330.25,102.875,31.75,10.0,3.25,0.5,0.0,0.0,EXT56
C:/Users/MICROSOFT/Documents/nauval_mrnavac/cycpeptmp_standalone/runs/run_20260102_172000_moe/sdf/monomer.sdf,O=CCNC,3.8223832,0.12422132,32,O=CCNC,240.00584,196.71078,43.295052,148.85519,91.15065,289.16486,63.643723,153.41574,225.52113,0.89276332,0.98354262,39.713753,0.64213496,32.336582,32.630405,0.0014348757,-12.359887,0,2.4607351,5.8756952,3.979044,0.29382172,0.81960833,0.18039165,0.62021488,0.37978515,1.2048242,0.26517573,0.12400225,0.14117174,0.9261325,216.87706,29.620132,194.31769,209.8163,1.7225149,1.6881572,0.80730909,0.59446692,81.875,109.10001,3.8396907,0.10786978,3.1866486,2.0231128,1.3610317,0.78775793,0.40692115,0.15791172,0.069442138,0.031611469,208.25,114.625,98.625,89.375,76.25,41.625,4.75,0.0,6.4420495,6.1846585,0.5,0.5,0.70710677,0.86602539,-1.5150002,-1.4906343,-1.4872386,-7.6452775,-7.3750978,-7.2442322,1.1368928,191.0,198.25,140.875,60.5,26.25,10.375,4.5,1.375,0.3029151,0.12307692,1.7621702,1.6960059,1.9766124,2.2214074,2.4007375,2.5021923,2.8673313,0.0,0.87560678,1.901173,2.0922718,2.0608773,2.0302088,2.5238962,3.1267738,3.0282815,1.1074878,203.83972,225.75,520.25,301.25,172.375,70.75,29.875,11.0,4.5,1.375,329.25,103.0,31.5,10.25,3.625,0.625,0.0,0.0,EXT57
C:/Users/MICROSOFT/Documents/nauval_mrnavac/cycpeptmp_standalone/runs/run_20260102_172000_moe/sdf/monomer.sdf,O=CCNC,3.8223832,0.12422132,42,O=CCNC,239.35661,195.89333,43.463295,149.19937,90.157242,287.96317,63.891045,152.43002,224.07213,0.89412844,0.98342973,39.674618,0.65500146,32.337994,32.632256,0.0018181812,-12.359895,0,2.4063408,5.8365602,3.9791999,0.294265,0.81841612,0.18158385,0.62333506,0.37666491,1.2030717,0.26692826,0.12397856,0.14120898,0.92615777,216.88797,29.62854,194.32689,209.8205,1.7225581,1.6881491,0.80720794,0.59440726,81.75,108.7908,3.8389661,0.10513026,3.1823742,2.0144308,1.3578169,0.78641498,0.40569857,0.15885639,0.069201112,0.031256318,208.625,114.5,98.0,91.0,78.0,40.25,3.875,0.0,6.4420495,6.1846585,0.5,0.5,0.5,0.70710677,-1.510371,-1.4996665,-1.4866915,-7.8332076,-7.4344234,-7.4136019,1.1335388,193.75,200.875,139.375,62.0,27.5,10.25,4.5,1.625,0.3125,0.11538462,1.7313131,1.6580988,1.9609226,2.1659243,2.3949299,2.5252259,2.7946084,0.0,0.85923839,1.9156284,2.1037011,2.0683172,2.0464077,2.3444488,3.132585,3.018991,1.1119934,203.68826,226.5,522.25,302.125,171.75,72.125,30.625,10.5,4.5,1.625,328.5,101.25,32.375,10.125,3.125,0.25,0.0,0.0,EXT58
C:/Users/MICROSOFT/Documents/nauval_mrnavac/cycpeptmp_standalone/runs/run_20260102_172000_moe/sdf/monomer.sdf,O=CCNC,3.8223832,0.12422132,11,O=CCNC,240.77246,197.61932,43.153141,150.68658,90.085876,290.5004,63.435116,154.46617,227.06528,0.89412844,0.98346531,39.724201,0.65117419,32.346676,32.643623,0.0018342707,-12.355166,0,2.4485679,5.8861423,3.9790015,0.29694635,0.82077211,0.17922789,0.62584645,0.37415355,1.206535,0.26346502,0.12401205,0.14115308,0.92619675,216.84782,29.611572,194.30069,209.78339,1.7223988,1.6880664,0.80739188,0.5944584,81.75,109.63274,3.8243797,0.10676081,3.1906147,2.020479,1.3611342,0.79269165,0.40752703,0.15810186,0.069620602,0.031105945,206.5,112.75,97.625,89.25,76.25,40.75,5.25,0.0,6.4420495,6.1846585,0.5,0.70710677,0.5,0.5,-1.5109473,-1.4923697,-1.4840344,-7.7681746,-7.332551,-7.2395358,1.1378862,190.75,197.25,140.0,61.25,26.5,10.125,4.625,1.625,0.30345711,0.11904762,1.7351515,1.7038397,1.971321,2.2157431,2.4058883,2.5031571,2.7843602,0.0,0.86966377,1.9012825,2.0989518,2.0399601,2.0331528,2.450433,3.1245332,3.073699,1.1052942,203.5657,225.0,520.875,300.25,171.75,71.25,29.625,10.625,4.625,1.625,330.125,103.0,31.75,10.0,3.125,0.5,0.0,0.0,EXT59
C:/Users/MICROSOFT/Documents/nauval_mrnavac/cycpeptmp_standalone/runs/run_20260102_172000_moe/sdf/monomer.sdf,O=CCNC,3.8223832,0.12422132,20,O=CCNC,239.76715,196.41608,43.351078,149.58499,90.182152,288.73163,63.726082,153.065,225.00555,0.89276332,0.9838469,39.686527,0.63990796,32.342026,32.638447,0.0016044648,-12.360622,0,2.4274907,5.8484693,3.9790761,0.29642344,0.81919509,0.18080491,0.62387609,0.37612388,1.2042168,0.26578322,0.12394271,0.14125547,0.92601103,216.84528,29.633896,194.26729,209.78938,1.7223886,1.6880075,0.80749983,0.59427148,81.875,109.19202,3.9355626,0.10375405,3.1835849,2.0104144,1.3513415,0.78852117,0.40085602,0.15329857,0.068831123,0.033605833,210.625,111.75,96.0,88.125,74.75,40.125,4.125,0.0,5.4083271,5.7227616,0.70710677,0.5,0.70710677,1.118034,-1.4760464,-1.4759277,-1.4727534,-7.6410713,-7.567966,-7.4288697,1.1338577,195.75,194.375,138.0,61.0,26.25,10.375,4.125,1.625,0.30338541,0.12340426,1.7109543,1.683947,1.9152002,2.1267085,2.4078286,2.5306499,2.8747661,0.0,0.85670972,1.9190027,2.0996466,2.0701706,2.1853821,2.5625622,3.1217823,3.0569994,1.1135181,204.41966,227.625,524.875,300.125,169.75,71.25,29.125,10.875,4.125,1.625,329.125,105.75,31.75,10.25,2.875,0.5,0.0,0.0,EXT60
C:/Users/MICROSOFT/Documents/nauval_mrnavac/cycpeptmp_standalone/runs/run_20260102_172000_moe/sdf/monomer.sdf,O=C[C@@](NC)C,6.7267981,0.0,34,O=C[C@@](NC)C,265.27466,207.34674,57.927925,173.29276,91.981918,354.56293,99.056755,149.41882,255.50618,0.8778035,1.2803831,40.272003,0.90434062,32.200859,33.205769,0.00083267147,-14.76237,0,2.6145883,10.949555,3.5464745,1.0049073,0.7816304,0.2183696,0.65325779,0.34674218,1.336588,0.37341201,0.18970664,0.47303727,0.69978684,258.76935,112.67139,166.68021,238.18712,1.7234255,1.6164795,1.1290369,0.70406288,99.25,127.81477,3.6506603,0.13854529,3.0561891,1.9109718,1.1314554,0.64750785,0.33884284,0.14443789,0.07676059,0.040857013,260.25,143.75,120.125,110.75,94.375,52.5,19.5,1.875,3.082207,4.1231055,1.2247449,0.5,0.5,1.0,-1.6984543,-1.670447,-1.6670537,-8.274786,-7.8112588,-7.6908045,1.1353451,175.875,182.5,123.75,55.625,25.5,11.25,5.875,2.75,0.24037461,0.10948081,1.308906,1.2015996,1.2081002,1.3128356,1.4769747,2.0676656,2.7722383,3.33957,0.55773693,1.4767138,2.0915058,2.3530974,2.4869406,2.9681325,3.2017343,3.1935012,1.1683939,225.9512,264.0,539.375,297.875,157.25,65.375,28.875,12.125,5.875,2.75,363.5,115.375,33.5,9.75,3.375,0.875,0.0,0.0,EXT61
C:/Users/MICROSOFT/Documents/nauval_mrnavac/cycpeptmp_standalone/runs/run_20260102_172000_moe/sdf/monomer.sdf,O=C[C@@](NC)C,6.7267981,7.4594553e-11,188,O=C[C@@](NC)C,267.013,208.06104,58.951969,173.29941,93.7136,355.78439,100.80786,149.10907,254.97652,0.8778035,1.2809151,40.26236,0.90710539,32.208431,33.212906,0.0011724939,-14.77141,0,2.5949171,10.939911,3.5462592,1.0044737,0.77921689,0.22078313,0.64902985,0.35097018,1.3324609,0.37753916,0.18964094,0.47297341,0.69987506,258.7406,112.6424,166.68083,238.15797,1.7233297,1.6164099,1.128942,0.70391071,99.25,127.05802,3.5699794,0.13914904,3.0603731,1.9196093,1.1317587,0.6627785,0.33667552,0.13848168,0.074760064,0.038165912,258.25,144.125,119.5,110.375,93.125,51.5,17.875,1.5,0.86602539,3.5355339,4.1533117,0.5,0.86602539,1.2247449,-1.6842508,-1.6815767,-1.6593378,-7.8674498,-7.8559828,-7.315022,1.1322869,178.5,180.0,122.25,55.25,24.5,10.25,5.5,2.375,0.23849373,0.097395241,1.3053488,1.2139962,1.1865462,1.2852428,1.5008416,2.156661,2.7630253,3.3661103,0.58434516,1.4735676,2.066397,2.2875013,2.4365327,3.0717111,3.1928463,3.1704986,1.1735802,226.12431,265.375,539.875,294.625,155.75,66.0,28.5,10.75,5.5,2.375,361.375,114.625,33.5,10.75,4.0,0.5,0.0,0.0,EXT62
C:/Users/MICROSOFT/Documents/nauval_mrnavac/cycpeptmp_standalone/runs/run_20260102_172000_moe/sdf/monomer.sdf,O=C[C@@](NC)C,6.7267981,1.2417622e-10,52,O=C[C@@](NC)C,263.63815,205.26973,58.368423,172.10419,91.533966,351.01123,99.810005,146.90131,251.20123,0.8778035,1.2801667,40.252155,0.91166115,32.205841,33.210419,0.00092641765,-14.757815,0,2.5816553,10.929708,3.5474937,1.0045792,0.77860403,0.22139597,0.65280455,0.34719545,1.3314129,0.3785871,0.18968879,0.4729346,0.69981962,258.74905,112.64172,166.6803,238.17609,1.7233578,1.6163315,1.1289853,0.70396531,99.25,128.97572,3.6512668,0.13849464,3.0564022,1.9109676,1.1311611,0.64737803,0.3386547,0.14427041,0.076679029,0.040886451,260.125,143.75,120.0,110.625,94.25,52.375,19.5,1.875,3.082207,4.1231055,1.2247449,0.5,0.5,1.0,-1.698437,-1.6704062,-1.6671282,-8.275156,-7.8119917,-7.6908622,1.1348506,176.0,182.125,123.75,55.5,25.375,11.25,5.875,2.75,0.23958333,0.10960452,1.3108623,1.2017186,1.2089039,1.3137388,1.4776598,2.0670395,2.7721605,3.3397286,0.55758715,1.4770027,2.0914013,2.3530116,2.4869726,2.9681051,3.2016795,3.1934628,1.1690875,225.92406,264.125,539.25,297.5,157.25,65.25,28.75,12.125,5.875,2.75,363.25,115.375,33.5,9.75,3.375,0.875,0.0,0.0,EXT63
C:/Users/MICROSOFT/Documents/nauval_mrnavac/cycpeptmp_standalone/runs/run_20260102_172000_moe/sdf/monomer.sdf,O=C[C@@](NC)C,6.7267981,1.2510881e-10,160,O=C[C@@](NC)C,264.80148,207.03502,57.766464,173.00368,91.797813,354.02988,98.780655,149.26855,255.24924,0.8778035,1.2802733,40.256268,0.90311199,32.207165,33.21505,0.0011024094,-14.762578,0,2.5908988,10.933819,3.546104,1.0078841,0.78184992,0.21815008,0.65333349,0.34666654,1.3369634,0.37303662,0.18971168,0.47297207,0.69987947,258.71927,112.63263,166.66791,238.13802,1.7232587,1.6163007,1.1288494,0.70399439,99.25,128.61563,3.6483624,0.13825813,3.0561883,1.9111636,1.1314127,0.6475082,0.33885929,0.14449763,0.076780356,0.040887665,260.25,143.75,119.875,110.5,94.125,52.375,19.5,1.875,3.082207,4.1231055,1.2247449,0.5,0.5,1.0,-1.6985456,-1.6704869,-1.6670878,-8.2758951,-7.8115668,-7.6939769,1.1356388,176.125,182.25,123.75,55.625,25.5,11.25,5.875,2.75,0.24087591,0.10972851,1.3121084,1.2014643,1.2060702,1.3108188,1.4748309,2.066915,2.7719343,3.339709,0.55617517,1.4774945,2.0915587,2.3531203,2.4870098,2.9682641,3.2018247,3.1936297,1.1679074,225.93829,263.875,539.375,297.625,157.25,65.375,28.875,12.125,5.875,2.75,363.25,115.375,33.5,9.75,3.375,0.875,0.0,0.0,EXT64
C:/Users/MICROSOFT/Documents/nauval_mrnavac/cycpeptmp_standalone/runs/run_20260102_172000_moe/sdf/monomer.sdf,O=C[C@@](NC)C,6.7267981,1.7519231e-10,42,O=C[C@@](NC)C,268.90805,208.28334,60.624722,174.00047,94.907593,356.16452,103.66827,147.65862,252.49625,0.8778035,1.2810699,40.286789,0.9114055,32.210533,33.218616,0.0008602594,-14.77205,0,2.6100254,10.964341,3.5458806,1.008085,0.77455223,0.22544776,0.64706302,0.35293695,1.3244843,0.38551566,0.18966354,0.47293359,0.69997978,258.72357,112.62213,166.68982,238.13519,1.723273,1.6164114,1.129007,0.70395333,99.25,128.09367,3.6457114,0.13863975,3.0569606,1.911288,1.1315737,0.64742666,0.33865723,0.14422765,0.076690719,0.040866584,260.25,143.75,120.125,110.625,94.25,52.375,19.5,1.875,3.082207,4.1231055,1.2247449,0.5,0.5,1.0,-1.6984296,-1.6703378,-1.6671891,-8.2751703,-7.8136015,-7.6873541,1.1351935,175.75,182.5,123.5,55.5,25.375,11.25,5.875,2.75,0.23933403,0.10960452,1.3120993,1.2014407,1.2026372,1.3100855,1.4742744,2.0648587,2.771853,3.3395364,0.55638433,1.4764616,2.0891943,2.3531811,2.487174,2.9683635,3.2019193,3.193706,1.16855,225.92101,264.0,539.125,297.875,157.0,65.25,28.75,12.125,5.875,2.75,363.375,115.375,33.5,9.75,3.375,0.875,0.0,0.0,EXT65
C:/Users/MICROSOFT/Documents/nauval_mrnavac/cycpeptmp_standalone/runs/run_20260102_172000_moe/sdf/monomer.sdf,O=C[C@@](NC)C,6.7267981,1.8465673e-10,89,O=C[C@@](NC)C,265.37494,206.35858,59.016361,173.16464,92.210297,352.87317,100.91798,147.34222,251.9552,0.8778035,1.2803681,40.259853,0.91208929,32.201485,33.206177,0.0015620241,-14.764875,0,2.59232,10.937404,3.5477045,1.0046901,0.77761143,0.2223886,0.65252823,0.34747174,1.3297155,0.38028449,0.18965864,0.47307426,0.69976032,258.728,112.66164,166.64645,238.1479,1.7232877,1.6164955,1.1289151,0.70398074,99.25,128.98495,3.6507275,0.13839279,3.0562534,1.9110585,1.1313994,0.64747471,0.33888155,0.1445377,0.076829255,0.040934745,260.25,143.75,120.0,110.625,94.25,52.375,19.5,1.875,3.082207,4.1231055,1.2247449,0.5,0.5,1.0,-1.6986189,-1.6704706,-1.6670496,-8.2775249,-7.8109117,-7.6984587,1.1352837,176.0,182.5,123.625,55.625,25.5,11.25,5.875,2.75,0.24062499,0.10960452,1.3087379,1.2013985,1.2084633,1.3133179,1.4772801,2.0669169,2.7722273,3.3394363,0.55797178,1.4769099,2.0895171,2.3532891,2.4870999,2.9682188,3.2018452,3.1936114,1.1684572,225.93896,264.0,539.375,297.875,157.125,65.375,28.875,12.125,5.875,2.75,363.375,115.375,33.5,9.75,3.375,0.875,0.0,0.0,EXT66
C:/Users/MICROSOFT/Documents/nauval_mrnavac/cycpeptmp_standalone/runs/run_20260102_172000_moe/sdf/monomer.sdf,O=C[C@@](NC)C,6.7267981,2.3039881e-10,146,O=C[C@@](NC)C,264.58386,206.90099,57.682861,173.8512,90.732658,353.80069,98.637695,149.21812,255.16299,0.8778035,1.2806882,40.262276,0.91507602,32.218891,33.230389,0.00094158208,-14.765875,0,2.5695255,10.939828,3.5463462,1.0114959,0.78198647,0.21801354,0.65707409,0.34292591,1.3371968,0.37280315,0.18963377,0.47304463,0.69984412,258.6759,112.62909,166.62869,238.09399,1.7231143,1.6163638,1.1288781,0.70387727,99.25,126.01926,3.5755715,0.13888463,3.0602932,1.9197093,1.1316844,0.66289943,0.33663118,0.13984776,0.07477127,0.038169958,258.25,143.875,119.25,110.125,93.125,51.5,17.875,1.5,0.86602539,3.5355339,4.1533117,0.5,0.86602539,1.2247449,-1.6841552,-1.6815337,-1.6594697,-7.868103,-7.8581457,-7.3159246,1.1322182,178.625,180.0,122.25,55.25,24.625,10.375,5.5,2.375,0.24004193,0.098751418,1.3039684,1.2169278,1.1915215,1.2905484,1.5042552,2.1566391,2.7633166,3.3658307,0.5843662,1.4717172,2.0665739,2.287693,2.4398353,3.0350492,3.192874,3.1705523,1.1736512,226.11063,265.375,539.875,294.625,155.75,66.0,28.625,10.875,5.5,2.375,361.25,114.625,33.5,10.75,4.0,0.5,0.0,0.0,EXT67
C:/Users/MICROSOFT/Documents/nauval_mrnavac/cycpeptmp_standalone/runs/run_20260102_172000_moe/sdf/monomer.sdf,O=C[C@@](NC)C,6.7267981,4.7524296e-10,171,O=C[C@@](NC)C,266.02133,207.14955,58.871773,173.55009,92.471237,354.22574,100.67073,148.27779,253.55501,0.8778035,1.2802881,40.260914,0.90939891,32.192192,33.194435,0.0012532263,-14.76002,0,2.6093006,10.938467,3.5465267,1.0022458,0.77869529,0.22130471,0.65239161,0.34760836,1.331569,0.37843105,0.18976571,0.47298634,0.69977379,258.80096,112.67634,166.70238,238.22324,1.7235308,1.6164912,1.1290553,0.70417762,99.25,126.44125,3.6488979,0.13831344,3.0569632,1.9096619,1.1312586,0.64740276,0.33872357,0.1443032,0.07671988,0.040911928,260.125,143.625,119.875,110.5,94.25,52.375,19.375,1.875,3.082207,4.1231055,1.2247449,0.5,0.5,1.0,-1.6984454,-1.6702608,-1.6667286,-8.2759628,-7.8123884,-7.6912274,1.1345649,175.875,182.0,123.625,55.5,25.375,11.25,5.875,2.75,0.23983316,0.10972851,1.311373,1.2001647,1.2066325,1.3113993,1.4785618,2.0676913,2.7680769,3.3404078,0.55616361,1.4776565,2.0906506,2.3524773,2.4864111,2.9674885,3.2010653,3.1928692,1.1695664,225.93845,264.25,539.125,297.5,157.125,65.25,28.75,12.125,5.875,2.75,363.25,115.5,33.5,9.75,3.375,0.875,0.0,0.0,EXT68
C:/Users/MICROSOFT/Documents/nauval_mrnavac/cycpeptmp_standalone/runs/run_20260102_172000_moe/sdf/monomer.sdf,O=C[C@@](NC)C,6.7267981,4.8447291e-10,94,O=C[C@@](NC)C,263.78061,205.67915,58.10146,172.16962,91.610992,351.71136,99.353493,147.5777,252.35785,0.8778035,1.2807226,40.234219,0.90577435,32.196484,33.199093,0.0010585646,-14.767957,0,2.5825343,10.91177,3.5457587,1.0026095,0.77973568,0.22026433,0.65270007,0.34729993,1.333348,0.376652,0.18964122,0.47297254,0.69983929,258.7865,112.66406,166.70468,238.20422,1.7234825,1.6164551,1.1290581,0.70393085,99.25,129.22348,3.6506603,0.13855444,3.0569482,1.9111229,1.1315784,0.64747506,0.33883089,0.14447545,0.076792456,0.040892415,260.25,143.875,120.125,110.75,94.25,52.375,19.5,1.875,3.082207,4.1231055,1.2247449,0.5,0.5,1.0,-1.6984745,-1.6704087,-1.6670901,-8.2776775,-7.8134913,-7.6938553,1.1353102,175.875,182.375,123.625,55.5,25.5,11.25,5.875,2.75,0.24037461,0.10948081,1.3118035,1.2032065,1.2078733,1.3125881,1.4742639,2.0647724,2.7717559,3.3394568,0.55745548,1.4778593,2.0897,2.3537617,2.4873049,2.9685023,3.202081,3.1938884,1.1684299,225.94424,264.0,539.25,297.75,157.125,65.25,28.875,12.125,5.875,2.75,363.375,115.375,33.5,9.75,3.375,0.875,0.0,0.0,EXT69
C:/Users/MICROSOFT/Documents/nauval_mrnavac/cycpeptmp_standalone/runs/run_20260102_172000_moe/sdf/monomer.sdf,O=C[C@@](NC)C,6.7267981,5.1621996e-10,69,O=C[C@@](NC)C,267.28867,207.40076,59.887894,173.77151,93.517136,354.6553,102.40829,147.51288,252.24701,0.8778035,1.2805918,40.245426,0.89445329,32.204346,33.207577,0.0010432962,-14.766252,0,2.5967798,10.922977,3.5455709,1.0032314,0.77594298,0.22405699,0.65012681,0.34987319,1.3268626,0.38313746,0.1897106,0.47295383,0.69992131,258.79352,112.65939,166.72389,238.20378,1.723506,1.6164708,1.1290032,0.70406651,99.25,128.48811,3.648356,0.13845524,3.0524328,1.9138727,1.1313668,0.64986634,0.33459976,0.14172032,0.074098229,0.038346607,260.5,145.875,118.375,109.0,93.0,49.5,18.125,1.5,0.86602539,3.0413814,3.6742346,0.70710677,0.5,0.5,-1.6986804,-1.6752797,-1.6592553,-7.7599859,-7.6657672,-7.6238461,1.1338848,177.5,179.875,122.375,54.5,25.0,10.625,5.375,2.25,0.2407603,0.10550459,1.2916843,1.189306,1.1983099,1.2930585,1.4516648,2.1996498,2.7309084,3.4388919,0.57251102,1.4539987,2.0687027,2.3265874,2.4917789,2.9597175,3.2412794,3.2207544,1.1721103,226.51453,265.5,541.375,297.25,156.625,64.625,28.5,11.5,5.375,2.25,363.875,117.375,34.25,10.125,3.5,0.875,0.0,0.0,EXT70
C:/Users/MICROSOFT/Documents/nauval_mrnavac/cycpeptmp_standalone/runs/run_20260102_172000_moe/sdf/monomer.sdf,O=C[C@@](NC)C,6.7267981,5.1646065e-10,7,O=C[C@@](NC)C,267.5499,208.71774,58.832138,173.6779,93.871986,356.90735,100.60295,149.8856,256.30438,0.8778035,1.2803112,40.254795,0.90625072,32.202511,33.206619,0.00095684623,-14.762353,0,2.5942934,10.932348,3.5466769,1.0041084,0.7801078,0.21989222,0.64914209,0.35085788,1.3339843,0.37601569,0.18966568,0.47309807,0.69976121,258.72113,112.66304,166.64034,238.13887,1.7232648,1.616436,1.1291029,0.70396799,99.25,128.09044,3.6512668,0.13847257,3.0563741,1.9111201,1.1313353,0.64754117,0.33873048,0.1442731,0.076688446,0.04090257,260.25,143.75,120.0,110.625,94.25,52.375,19.5,1.875,3.082207,4.1231055,1.2247449,0.5,0.5,1.0,-1.6983556,-1.6703848,-1.6669782,-8.275013,-7.8099694,-7.6934886,1.1347774,175.5,182.25,123.625,55.5,25.375,11.25,5.875,2.75,0.23958333,0.10960452,1.3092484,1.2018765,1.2088956,1.3137596,1.4777112,2.0673072,2.7726676,3.3397505,0.55620629,1.4770087,2.0909834,2.3528452,2.4867442,2.9677863,3.2014103,3.1931551,1.1691629,225.9095,264.125,539.125,297.625,157.125,65.25,28.75,12.125,5.875,2.75,363.625,115.375,33.5,9.75,3.375,0.875,0.0,0.0,EXT71
C:/Users/MICROSOFT/Documents/nauval_mrnavac/cycpeptmp_standalone/runs/run_20260102_172000_moe/sdf/monomer.sdf,O=C[C@@](NC)C,6.7267981,5.4555649e-10,135,O=C[C@@](NC)C,265.36081,206.24539,59.115429,173.41876,91.942055,352.67963,101.08739,147.12996,251.59224,0.8778035,1.280727,40.282856,0.90925348,32.203671,33.209564,0.0010213419,-14.770912,0,2.6176884,10.960406,3.5453253,1.0058947,0.77722621,0.22277376,0.65352058,0.34647939,1.3290569,0.38094315,0.18973513,0.47312278,0.69976825,258.74667,112.6784,166.65604,238.15889,1.7233499,1.6164663,1.1289569,0.70411003,99.25,128.59441,3.6488979,0.13834076,3.0563025,1.9110219,1.1312704,0.64744318,0.33867341,0.14422728,0.076696679,0.040906176,260.375,143.375,119.875,110.5,94.25,52.375,19.5,1.875,3.082207,4.1231055,1.2247449,0.5,0.5,1.0,-1.698323,-1.670415,-1.6670105,-8.2756195,-7.8105969,-7.694109,1.1352249,175.625,182.375,123.625,55.5,25.375,11.25,5.875,2.75,0.23983316,0.10972851,1.3079767,1.2048781,1.2063297,1.311115,1.4782243,2.0673413,2.7726934,3.3397918,0.55696917,1.4759183,2.0908284,2.3526864,2.4866123,2.9677253,3.2013323,3.1930664,1.1685176,225.92728,264.0,539.25,297.75,157.125,65.25,28.75,12.125,5.875,2.75,363.625,115.375,33.5,9.75,3.375,0.875,0.0,0.0,EXT72
C:/Users/MICROSOFT/Documents/nauval_mrnavac/cycpeptmp_standalone/runs/run_20260102_172000_moe/sdf/monomer.sdf,O=C[C@@](NC)C,6.7267981,5.8875216e-10,11,O=C[C@@](NC)C,265.83011,206.75197,59.07814,172.69594,93.134171,353.54587,101.02362,147.67383,252.52225,0.8778035,1.2806634,40.291954,0.91872257,32.221741,33.231426,0.0012805723,-14.764922,0,2.593796,10.969507,3.5467291,1.0096855,0.77775979,0.22224021,0.64964777,0.35035223,1.3299693,0.38003078,0.18965794,0.47295469,0.69983208,258.69269,112.62027,166.64445,238.12064,1.7231702,1.6164024,1.1288098,0.70393896,99.25,128.06299,3.6488979,0.13833053,3.0570118,1.9111551,1.1312506,0.6474368,0.33871481,0.1443377,0.076739185,0.040936995,260.25,143.625,119.875,110.5,94.125,52.375,19.5,1.875,3.082207,4.1231055,1.2247449,0.5,0.5,1.0,-1.6983612,-1.67041,-1.6669943,-8.2767286,-7.8120618,-7.6940045,1.134454,175.75,182.375,123.625,55.5,25.375,11.25,5.875,2.75,0.23983316,0.10972851,1.3089629,1.1996427,1.2061245,1.3108875,1.4749342,2.067169,2.7722642,3.3398707,0.55628979,1.4762423,2.0911748,2.3530028,2.4869392,2.9680073,3.2015932,3.1933916,1.1696806,225.91637,264.25,539.125,297.75,157.125,65.25,28.75,12.125,5.875,2.75,363.375,115.375,33.5,9.75,3.375,0.875,0.0,0.0,EXT73
C:/Users/MICROSOFT/Documents/nauval_mrnavac/cycpeptmp_standalone/runs/run_20260102_172000_moe/sdf/monomer.sdf,O=C[C@@](NC)C,6.7267981,6.0635674e-10,12,O=C[C@@](NC)C,266.92953,207.66745,59.262093,174.98079,91.948761,355.11133,101.33818,148.40536,253.77316,0.8778035,1.2804762,40.264393,0.90337551,32.198868,33.201012,0.0010182194,-14.765958,0,2.6137226,10.941946,3.5452645,1.002144,0.77798599,0.22201398,0.6555317,0.34446827,1.3303561,0.37964392,0.1897651,0.47304586,0.69978559,258.76523,112.67125,166.6767,238.18251,1.7234117,1.6162394,1.1291176,0.70406681,99.25,128.68622,3.6488979,0.13833544,3.0568373,1.9110616,1.1313105,0.64745283,0.33869496,0.14426285,0.076696374,0.040901914,260.0,143.5,119.875,110.5,94.125,52.375,19.5,1.875,3.082207,4.1231055,1.2247449,0.5,0.5,1.0,-1.6985127,-1.6703465,-1.666877,-8.2755804,-7.8116465,-7.6917648,1.1344804,176.25,182.125,123.625,55.375,25.375,11.25,5.875,2.75,0.23983316,0.10972851,1.3122633,1.2023379,1.2066296,1.3113985,1.4754418,2.0676315,2.772722,3.3403034,0.55840015,1.476469,2.0906432,2.352797,2.4864147,2.96752,3.201097,3.1928854,1.1696535,225.9216,264.25,539.5,297.5,157.125,65.125,28.75,12.125,5.875,2.75,363.25,115.375,33.5,9.75,3.375,0.875,0.0,0.0,EXT74
C:/Users/MICROSOFT/Documents/nauval_mrnavac/cycpeptmp_standalone/runs/run_20260102_172000_moe/sdf/monomer.sdf,O=C[C@@](NC)C,6.7267981,6.3127814e-10,39,O=C[C@@](NC)C,266.31796,207.0955,59.222469,173.64729,92.670677,354.1333,101.27042,147.87303,252.86288,0.8778035,1.2805775,40.301994,0.92240143,32.214378,33.22369,0.0013477065,-14.765766,0,2.6080632,10.979545,3.5464923,1.0093094,0.77762496,0.22237504,0.65202999,0.34797004,1.3297387,0.38026133,0.18971667,0.4730306,0.69983071,258.68637,112.63173,166.63435,238.10664,1.7231491,1.6162733,1.1289498,0.70399171,99.25,128.07571,3.6147161,0.13833793,3.0567541,1.9158639,1.1312153,0.6656729,0.33977798,0.14476809,0.075965814,0.041719347,261.0,145.25,120.125,110.75,94.125,51.25,17.5,1.75,3.6400549,3.082207,0.86602539,0.5,0.5,0.70710677,-1.684412,-1.6787901,-1.6596214,-7.961195,-7.8060961,-7.7033525,1.1332023,175.375,180.375,123.75,54.625,25.5,11.5,5.25,2.875,0.24661811,0.10722347,1.3247012,1.2139952,1.2352562,1.3343008,1.4715275,2.145021,2.7913675,3.4125862,0.55067247,1.4841348,2.1085114,2.2798316,2.4335208,2.9610708,3.2204275,3.1675265,1.1709727,225.6671,264.25,538.375,297.625,156.5,66.0,29.625,11.875,5.25,2.875,363.0,117.25,32.75,11.375,4.125,0.375,0.0,0.0,EXT75
C:/Users/MICROSOFT/Documents/nauval_mrnavac/cycpeptmp_standalone/runs/run_20260102_172000_moe/sdf/monomer.sdf,O=C[C@@](NC)C,6.7267981,6.5858607e-10,3,O=C[C@@](NC)C,270.42612,211.77359,58.652512,176.82042,93.60569,362.13284,100.2958,153.12108,261.83704,0.8778035,1.2813275,40.279991,0.91370106,32.209869,33.217598,0.0010684243,-14.77803,0,2.6019278,10.957542,3.545697,1.0077266,0.78311074,0.21688925,0.65385854,0.34614149,1.3391194,0.3708806,0.18975782,0.4730688,0.69993591,258.73611,112.65505,166.68044,238.13672,1.7233148,1.6164151,1.1289099,0.70412982,99.25,129.16209,3.6488833,0.13818455,3.0569417,1.9111378,1.1314696,0.64750981,0.33872154,0.14430889,0.076703869,0.04091214,260.25,143.625,119.75,110.5,94.125,52.375,19.5,1.875,3.082207,4.1231055,1.2247449,0.5,0.5,1.0,-1.698391,-1.6702696,-1.6669955,-8.2751799,-7.8113728,-7.6919279,1.1348037,176.25,182.0,123.625,55.375,25.5,11.25,5.875,2.75,0.24112734,0.10972851,1.3110722,1.1997681,1.2041253,1.3109772,1.4756377,2.0672252,2.7724149,3.3398354,0.55881685,1.4772288,2.0910444,2.3532064,2.4886959,2.9679084,3.2015007,3.1932745,1.1691359,225.91472,264.125,539.5,297.375,157.125,65.125,28.875,12.125,5.875,2.75,363.25,115.375,33.5,9.75,3.375,0.875,0.0,0.0,EXT76
C:/Users/MICROSOFT/Documents/nauval_mrnavac/cycpeptmp_standalone/runs/run_20260102_172000_moe/sdf/monomer.sdf,O=C[C@@](NC)C,6.7267981,6.9515593e-10,14,O=C[C@@](NC)C,265.95615,208.02925,57.926888,174.38913,91.567009,355.73001,99.054977,150.10236,256.67502,0.8778035,1.2803234,40.226509,0.89308155,32.198051,33.203308,0.00075736438,-14.760548,0,2.5839407,10.90406,3.5454185,1.0052581,0.78219384,0.21780618,0.65570635,0.34429365,1.3375515,0.37244856,0.18973202,0.47304726,0.69984156,258.76627,112.66906,166.68628,238.17717,1.7234151,1.6164502,1.129024,0.70409721,99.25,129.0647,3.6524315,0.13847585,3.0562434,1.910929,1.1312963,0.64741868,0.33868474,0.14422645,0.076644652,0.040848255,260.25,143.625,120.0,110.625,94.375,52.375,19.5,1.875,3.082207,4.1231055,1.2247449,0.5,0.5,1.0,-1.6984251,-1.6702467,-1.6668845,-8.2732048,-7.8115821,-7.6876884,1.1349039,175.75,182.125,123.625,55.5,25.5,11.25,5.875,2.75,0.24062499,0.10960452,1.3112085,1.2047079,1.2090732,1.3139228,1.4809644,2.0673811,2.7725735,3.3399768,0.55701071,1.4779814,2.0909104,2.352752,2.4885554,2.9677536,3.2013495,3.1931238,1.1690327,225.93466,264.125,539.25,297.5,157.125,65.25,28.875,12.125,5.875,2.75,363.5,115.375,33.5,9.75,3.375,0.875,0.0,0.0,EXT77
C:/Users/MICROSOFT/Documents/nauval_mrnavac/cycpeptmp_standalone/runs/run_20260102_172000_moe/sdf/monomer.sdf,O=C[C@@](NC)C,6.7267981,7.2248607e-10,79,O=C[C@@](NC)C,270.03052,209.30865,60.721863,174.83636,95.194153,357.91779,103.83439,148.58679,254.08342,0.8778035,1.280833,40.220989,0.91058487,32.196918,33.201336,0.00093343039,-14.770966,0,2.5625737,10.898542,3.5455613,1.0044202,0.77512962,0.22487037,0.64746892,0.35253111,1.3254716,0.38452834,0.18964283,0.47303641,0.69985545,258.78915,112.67628,166.7041,238.19791,1.7234914,1.6164471,1.128955,0.70393038,99.25,127.48644,3.5724185,0.13900121,3.0601728,1.9192972,1.1316986,0.66283774,0.3366566,0.13968487,0.074723855,0.038139917,258.25,144.0,119.375,110.25,93.0,51.5,17.875,1.5,0.86602539,3.5355339,4.1533117,0.5,0.86602539,1.2247449,-1.6841594,-1.6814818,-1.6596482,-7.8649287,-7.8542862,-7.3184285,1.132369,178.75,179.875,122.375,55.25,24.5,10.375,5.5,2.375,0.23874345,0.098639458,1.3056115,1.2151306,1.1885289,1.2875386,1.5042486,2.1561918,2.7714183,3.3654208,0.58373433,1.4723241,2.0692909,2.2882252,2.4371841,3.0355592,3.1933877,3.1710389,1.1734949,226.14073,265.375,539.875,294.625,155.75,66.0,28.5,10.875,5.5,2.375,361.125,114.75,33.375,10.75,4.0,0.5,0.0,0.0,EXT78
C:/Users/MICROSOFT/Documents/nauval_mrnavac/cycpeptmp_standalone/runs/run_20260102_172000_moe/sdf/monomer.sdf,O=C[C@@](NC)C,6.7267981,7.4672535e-10,100,O=C[C@@](NC)C,268.18698,208.57794,59.609039,175.37758,92.809402,356.66827,101.93146,148.9689,254.73683,0.8778035,1.2805573,40.231705,0.90910619,32.213078,33.221672,0.0013765157,-14.763649,0,2.5516741,10.909257,3.5478747,1.0085969,0.77773327,0.22226672,0.6539377,0.3460623,1.3299239,0.38007608,0.18959069,0.47289124,0.69998026,258.70343,112.60545,166.68016,238.12125,1.7232059,1.6165216,1.1287413,0.70386606,99.25,127.64745,3.6507206,0.13825172,3.0564682,1.9110672,1.1314352,0.64757377,0.33889371,0.14458139,0.076796137,0.040915951,260.25,143.75,119.875,110.625,94.125,52.375,19.5,1.875,3.082207,4.1231055,1.2247449,0.5,0.5,1.0,-1.6985142,-1.6703435,-1.6670054,-8.2759218,-7.8105469,-7.6957273,1.1352175,176.125,182.25,124.0,55.625,25.625,11.25,5.875,2.75,0.24191867,0.10960452,1.3105471,1.2012999,1.2063184,1.3132459,1.4747564,2.0669038,2.7721281,3.3395038,0.55843937,1.4778986,2.089741,2.35338,2.489074,2.9682744,3.2018971,3.1936874,1.1685252,225.92581,264.0,539.375,297.625,157.5,65.375,29.0,12.125,5.875,2.75,363.25,115.375,33.5,9.75,3.375,0.875,0.0,0.0,EXT79
C:/Users/MICROSOFT/Documents/nauval_mrnavac/cycpeptmp_standalone/runs/run_20260102_172000_moe/sdf/monomer.sdf,O=C[C@@](NC)C,6.7267981,8.2931617e-10,167,O=C[C@@](NC)C,264.17361,205.86015,58.313457,173.57219,90.601418,352.02084,99.716011,147.54669,252.30484,0.87891042,1.2809269,40.234772,0.90852046,32.205978,33.212879,0.0012693115,-14.768944,0,2.5664585,10.912324,3.545645,1.0068989,0.77926087,0.22073916,0.65703833,0.34296164,1.3325361,0.37746394,0.18968047,0.47303796,0.69986373,258.76364,112.66503,166.68889,238.17336,1.7234064,1.6164169,1.1289957,0.70398712,99.125,127.73112,3.571836,0.13919006,3.0601175,1.9191172,1.1315235,0.66265953,0.33654755,0.13978434,0.074785188,0.038196694,258.375,144.125,119.5,110.375,93.125,51.5,17.875,1.5,0.86602539,3.5355339,4.1533117,0.5,0.86602539,1.2247449,-1.6842172,-1.6816903,-1.6593623,-7.8701024,-7.8592653,-7.3168392,1.1323835,178.25,179.875,122.375,55.125,24.625,10.375,5.5,2.375,0.23953974,0.098527744,1.3044336,1.2137808,1.1862787,1.2850028,1.5006695,2.1567266,2.7630711,3.3661368,0.58270568,1.4717487,2.066565,2.2872796,2.4398315,3.0350375,3.1929033,3.1705101,1.1734799,226.14362,265.375,539.75,294.625,155.75,65.875,28.625,10.875,5.5,2.375,361.5,114.75,33.375,10.75,4.0,0.5,0.0,0.0,EXT80
C:/Users/MICROSOFT/Documents/nauval_mrnavac/cycpeptmp_standalone/runs/run_20260102_172000_moe/sdf/monomer.sdf,O=C[C@@](NC)C,6.7267981,8.7465768e-10,158,O=C[C@@](NC)C,266.72375,207.28036,59.443371,173.36876,93.35498,354.44943,101.64816,147.83701,252.80127,0.8778035,1.2808254,40.265289,0.90459454,32.198063,33.203342,0.0011297911,-14.76848,0,2.610343,10.942842,3.5458794,1.0052825,0.77713507,0.22286494,0.64999378,0.35000625,1.3289009,0.38109905,0.18973407,0.47293356,0.69999188,258.75717,112.63612,166.71342,238.16481,1.7233849,1.6164865,1.1289731,0.70411688,99.25,128.55113,3.6166549,0.13835579,3.0570693,1.9158976,1.1313237,0.66568488,0.33971587,0.14472854,0.075913519,0.041671369,261.125,145.25,120.125,110.75,93.875,50.875,17.5,1.75,3.6400549,3.082207,0.86602539,0.5,0.5,0.70710677,-1.6844451,-1.678439,-1.6596068,-7.9596834,-7.8032136,-7.7024188,1.1332631,175.25,180.25,123.625,54.625,25.5,11.5,5.25,2.875,0.24661811,0.10722347,1.3246338,1.2121711,1.2362468,1.3355021,1.4777774,2.1455126,2.7911601,3.4125109,0.55163413,1.4844935,2.1032083,2.2799799,2.4336762,2.9612191,3.2205966,3.1676805,1.1709099,225.6792,264.25,538.5,297.5,156.375,66.0,29.625,11.875,5.25,2.875,363.25,117.25,32.75,11.375,4.125,0.375,0.0,0.0,EXT81
C:/Users/MICROSOFT/Documents/nauval_mrnavac/cycpeptmp_standalone/runs/run_20260102_172000_moe/sdf/monomer.sdf,O=C[C@@](NC)C,6.7267981,9.0569863e-10,116,O=C[C@@](NC)C,267.94199,209.39857,58.543404,175.69745,92.24453,358.07156,100.10922,150.85518,257.96234,0.8778035,1.2807425,40.24976,0.90166175,32.204994,33.206783,0.0011818595,-14.768626,0,2.5920498,10.927311,3.5480833,1.0017886,0.78150713,0.21849284,0.65572947,0.34427053,1.3363773,0.37362275,0.18967812,0.47301602,0.69985199,258.79541,112.67538,166.70914,238.20627,1.7235122,1.6165451,1.1290069,0.70403856,99.25,128.44945,3.6250169,0.13808089,3.056633,1.9156879,1.1311805,0.66553408,0.33966449,0.14469992,0.075898357,0.041643701,261.0,145.0,119.875,110.75,93.75,50.875,17.5,1.75,3.6400549,3.082207,0.86602539,0.5,0.5,0.70710677,-1.6843133,-1.678332,-1.6597246,-7.966023,-7.8013692,-7.6955748,1.1333274,175.375,180.25,123.5,54.625,25.375,11.5,5.25,2.875,0.24608968,0.10722347,1.3241618,1.2137181,1.2377524,1.3367116,1.4764607,2.145004,2.7905025,3.4121702,0.55140549,1.4879701,2.1062081,2.2803082,2.4436777,2.9616184,3.2210584,3.1681294,1.1708434,225.69202,264.25,538.25,297.5,156.25,66.0,29.5,11.875,5.25,2.875,362.875,117.25,32.75,11.375,4.125,0.375,0.0,0.0,EXT82
C:/Users/MICROSOFT/Documents/nauval_mrnavac/cycpeptmp_standalone/runs/run_20260102_172000_moe/sdf/monomer.sdf,O=C[C@@](NC)C,6.7267981,9.13702e-10,4,O=C[C@@](NC)C,265.87085,206.43137,59.439465,172.69499,93.175842,352.99765,101.64149,146.9919,251.35616,0.8778035,1.28048,40.237125,0.90031153,32.211742,33.220169,0.00095637015,-14.761971,0,2.5700021,10.914678,3.5456843,1.0084288,0.77643478,0.22356519,0.64954472,0.35045528,1.3277035,0.38229647,0.18966597,0.4728879,0.70000219,258.72336,112.61237,166.69681,238.13756,1.7232723,1.6164054,1.1288079,0.70395517,99.25,128.28101,3.6478939,0.13844857,3.0525038,1.9140176,1.1314297,0.65023023,0.33464608,0.14182252,0.074124254,0.038364481,260.5,145.75,118.375,109.0,93.125,49.5,18.0,1.5,0.86602539,3.0413814,3.6742346,0.70710677,0.5,0.5,-1.6987053,-1.6756362,-1.6591467,-7.7637868,-7.6655831,-7.6262465,1.1337825,177.625,180.5,122.125,54.5,24.875,10.75,5.375,2.25,0.23970433,0.10665137,1.2922775,1.1930342,1.1984,1.2931924,1.4547654,2.2002149,2.7245555,3.4393282,0.5718143,1.454525,2.066469,2.3263204,2.4905353,2.9685016,3.2408221,3.2202709,1.1722159,226.49411,265.5,541.375,297.375,156.375,64.625,28.375,11.625,5.375,2.25,363.75,116.875,34.25,10.125,3.5,0.875,0.0,0.0,EXT83
C:/Users/MICROSOFT/Documents/nauval_mrnavac/cycpeptmp_standalone/runs/run_20260102_172000_moe/sdf/monomer.sdf,O=C[C@@](NC)C,6.7267981,9.9400577e-10,71,O=C[C@@](NC)C,270.28195,210.58528,59.696686,175.37053,94.911446,360.10083,102.08133,150.8886,258.0195,0.8778035,1.280288,40.261818,0.913311,32.198593,33.200504,0.0011622768,-14.760357,0,2.6005106,10.939371,3.5463324,1.001911,0.77913183,0.22086817,0.64884287,0.35115713,1.3323154,0.37768459,0.18970998,0.47294787,0.69986153,258.76907,112.65073,166.69894,238.18848,1.7234246,1.6164471,1.1290239,0.70405501,99.25,128.57663,3.5724185,0.13895597,3.0602458,1.9210086,1.1322805,0.66282845,0.33677888,0.13971408,0.074742749,0.038144559,258.0,144.0,119.375,110.125,93.0,51.375,17.875,1.5,0.86602539,3.5355339,4.1533117,0.5,0.86602539,1.2247449,-1.6842053,-1.6817657,-1.6595762,-7.8652749,-7.8539753,-7.3155456,1.1323265,178.625,180.0,122.75,55.25,24.5,10.375,5.5,2.375,0.23874345,0.098751418,1.3083702,1.2155626,1.1890479,1.2909224,1.504702,2.1568239,2.7629311,3.3657908,0.58476007,1.473161,2.0627189,2.2878339,2.4368331,3.0352442,3.1930974,3.1707497,1.173539,226.13222,265.375,539.875,294.875,156.125,66.0,28.5,10.875,5.5,2.375,361.25,114.875,33.375,10.75,4.0,0.5,0.0,0.0,EXT84
C:/Users/MICROSOFT/Documents/nauval_mrnavac/cycpeptmp_standalone/runs/run_20260102_172000_moe/sdf/monomer.sdf,O=C[C@@](NC)C,6.7267981,1.2603216e-09,0,O=C[C@@](NC)C,267.73816,207.72481,60.013355,172.57864,95.159523,355.20941,102.62284,147.71144,252.58658,0.8778035,1.2801932,40.243328,0.90458924,32.202797,33.207634,0.00096017087,-14.760558,0,2.5837741,10.920882,3.5463734,1.0048347,0.77585059,0.22414944,0.64457989,0.35542011,1.3267045,0.38329554,0.18971992,0.47292316,0.69992977,258.74686,112.63291,166.69754,238.16324,1.7233505,1.6163675,1.1289421,0.70403874,99.25,128.45554,3.6488979,0.13833374,3.0565691,1.9109962,1.1314228,0.64747643,0.33871004,0.14428179,0.076665655,0.04086376,260.25,143.625,119.875,110.5,94.25,52.375,19.5,1.875,3.082207,4.1231055,1.2247449,0.5,0.5,1.0,-1.6986346,-1.6704073,-1.6669381,-8.2734413,-7.8102469,-7.6900268,1.1351599,176.125,182.0,123.75,55.5,25.375,11.25,5.875,2.75,0.23983316,0.10972851,1.3112215,1.19994,1.2064046,1.3111713,1.4782938,2.0673478,2.7724831,3.3399999,0.55791008,1.4777743,2.0873225,2.3527138,2.4866636,2.9677875,3.2013659,3.1931443,1.1685846,225.91432,264.0,539.375,297.375,157.25,65.25,28.75,12.125,5.875,2.75,363.25,115.375,33.5,9.75,3.375,0.875,0.0,0.0,EXT85
C:/Users/MICROSOFT/Documents/nauval_mrnavac/cycpeptmp_standalone/runs/run_20260102_172000_moe/sdf/monomer.sdf,O=C[C@@](NC)C,6.7267981,1.2836194e-09,70,O=C[C@@](NC)C,265.93375,207.3418,58.591965,173.13217,92.80159,354.55447,100.19225,148.74983,254.36221,0.8778035,1.2807791,40.223045,0.89311528,32.20089,33.207233,0.001007272,-14.768256,0,2.5763476,10.900596,3.545342,1.0063411,0.77967459,0.22032541,0.65103495,0.34896505,1.3332436,0.37675643,0.18968925,0.47302902,0.69990927,258.77274,112.66497,166.70277,238.1777,1.7234367,1.6164453,1.128947,0.70401573,99.25,127.75536,3.57427,0.13905589,3.0601361,1.9195358,1.1317427,0.66289222,0.33652821,0.13973577,0.074734405,0.038152803,258.25,144.0,119.375,110.25,93.0,51.5,17.875,1.5,0.86602539,3.5355339,4.1533117,0.5,0.86602539,1.2247449,-1.6840324,-1.6814976,-1.659659,-7.8660884,-7.8548245,-7.3205924,1.1323556,178.375,180.0,122.125,55.25,24.625,10.375,5.5,2.375,0.23979057,0.098639458,1.306869,1.2152613,1.1886646,1.2876794,1.5044086,2.1563876,2.7629554,3.3656428,0.5825541,1.4735173,2.0703235,2.2880857,2.4402139,3.0353994,3.193234,3.1708639,1.1735089,226.13803,265.375,539.75,294.75,155.625,66.0,28.625,10.875,5.5,2.375,361.375,114.75,33.5,10.75,4.0,0.5,0.0,0.0,EXT86
C:/Users/MICROSOFT/Documents/nauval_mrnavac/cycpeptmp_standalone/runs/run_20260102_172000_moe/sdf/monomer.sdf,O=C[C@@](NC)C,6.7267981,1.9259794e-09,80,O=C[C@@](NC)C,265.87943,206.31265,59.566772,172.7744,93.105019,352.79462,101.85918,146.74588,250.93544,0.8778035,1.2805485,40.271259,0.91366768,32.207211,33.216316,0.00095404172,-14.763658,0,2.5945363,10.94881,3.5457857,1.0091028,0.77596319,0.22403678,0.64982235,0.35017762,1.3268971,0.38310292,0.18971372,0.47288355,0.69998229,258.71094,112.60718,166.68591,238.12877,1.723231,1.6164103,1.1288975,0.70404589,99.25,128.30658,3.6445196,0.13848144,3.0569286,1.91123,1.1313413,0.64741284,0.33869234,0.14429285,0.076690458,0.040887296,260.25,143.75,120.0,110.625,94.25,52.5,19.5,1.875,3.082207,4.1231055,1.2247449,0.5,0.5,1.0,-1.6984706,-1.6704363,-1.6671822,-8.2756605,-7.8127398,-7.6914768,1.1351908,176.0,182.375,123.75,55.5,25.375,11.25,5.875,2.75,0.23958333,0.10960452,1.3120844,1.2014256,1.2005346,1.3100648,1.4742662,2.0674851,2.7718787,3.339572,0.5549708,1.4763023,2.091593,2.3531926,2.4871764,2.9683423,3.2019026,3.1936944,1.1685526,225.9205,264.0,539.25,297.75,157.25,65.25,28.75,12.125,5.875,2.75,363.25,115.375,33.5,9.75,3.375,0.875,0.0,0.0,EXT87
C:/Users/MICROSOFT/Documents/nauval_mrnavac/cycpeptmp_standalone/runs/run_20260102_172000_moe/sdf/monomer.sdf,O=C[C@@](NC)C,6.7267981,2.2792221e-09,109,O=C[C@@](NC)C,263.30127,205.38109,57.920197,172.06923,91.232056,351.20166,99.043533,147.46089,252.15813,0.8778035,1.280418,40.264244,0.89879763,32.2066,33.2127,0.0013707586,-14.765919,0,2.6046557,10.941794,3.5467186,1.0060985,0.7800231,0.21997689,0.65350699,0.34649301,1.3338395,0.37616047,0.18974505,0.47302267,0.69991982,258.73547,112.64702,166.68097,238.14294,1.7233126,1.6163472,1.1289935,0.70407659,99.25,128.16835,3.6549973,0.13801205,3.0564954,1.9110615,1.131276,0.64752108,0.33951196,0.14432472,0.076704964,0.040938817,260.25,143.625,119.875,110.5,94.25,52.375,19.5,1.875,3.082207,4.1231055,1.2247449,0.5,0.5,1.0,-1.6983569,-1.6702629,-1.6669739,-8.2758684,-7.8099885,-7.6959896,1.1351181,175.75,182.125,123.75,55.5,25.625,11.25,5.875,2.75,0.24191867,0.10972851,1.3112195,1.1998694,1.2062442,1.3110262,1.4781682,2.0673656,2.7726412,3.3398843,0.55706543,1.4780076,2.0886567,2.3527787,2.4920366,2.9677486,3.2013586,3.1931181,1.1686275,225.90602,264.0,539.25,297.5,157.25,65.25,29.0,12.125,5.875,2.75,363.5,115.375,33.5,9.75,3.375,0.875,0.0,0.0,EXT88
C:/Users/MICROSOFT/Documents/nauval_mrnavac/cycpeptmp_standalone/runs/run_20260102_172000_moe/sdf/monomer.sdf,O=C[C@@](NC)C,6.7267981,2.8582638e-09,96,O=C[C@@](NC)C,264.35941,205.90019,58.459217,172.32166,92.03775,352.08932,99.965263,147.44098,252.12407,0.8778035,1.2813706,40.293789,0.91432571,32.2099,33.221237,0.0010054023,-14.776496,0,2.6111159,10.971341,3.5461059,1.0113361,0.77886462,0.22113538,0.65184611,0.34815389,1.3318585,0.37814149,0.18971904,0.47297624,0.70000947,258.71167,112.62336,166.68369,238.11632,1.7232335,1.6164057,1.1289145,0.70405382,99.25,127.91371,3.5724185,0.13904491,3.0600078,1.9196717,1.1317699,0.66264611,0.33657002,0.13979514,0.07473363,0.038150545,258.125,144.0,119.375,110.125,93.0,51.5,17.875,1.5,0.86602539,3.5355339,4.1533117,0.5,0.86602539,1.2247449,-1.6842277,-1.6816258,-1.6595074,-7.8672981,-7.8541613,-7.3188143,1.1323043,178.375,179.75,122.375,55.375,24.5,10.375,5.5,2.375,0.23874345,0.098751418,1.3068168,1.2154262,1.1889944,1.2933115,1.5046895,2.1565216,2.7627349,3.3660197,0.58228707,1.4733648,2.0668633,2.287972,2.4369421,3.0353119,3.1931925,3.1707575,1.173562,226.12779,265.375,539.75,294.75,155.75,66.125,28.5,10.875,5.5,2.375,361.375,115.0,33.375,10.75,4.0,0.5,0.0,0.0,EXT89
C:/Users/MICROSOFT/Documents/nauval_mrnavac/cycpeptmp_standalone/runs/run_20260102_172000_moe/sdf/monomer.sdf,O=C[C@@](NC)C,6.96422,0.23742227,77,O=C[C@@](NC)C,263.37564,207.2193,56.156345,175.02124,88.354408,354.345,96.027351,151.06294,258.31763,0.88673788,0.81924701,34.541985,0.78340364,26.719734,27.5273,1.3290387e-05,-10.606767,0,2.5529945,3.2661879,3.6782715,0.8075667,0.78678232,0.21321769,0.66453081,0.33546916,1.3453977,0.36460227,0.24200775,0.47056258,0.71233219,259.32617,111.80493,169.24901,237.59843,1.7252787,1.613011,1.058553,0.79350919,98.25,128.02194,3.0484486,0.13083303,3.0722029,1.9866705,1.1880784,0.69746828,0.35098866,0.13108574,0.059629936,0.029429512,254.625,141.75,117.25,105.75,88.0,48.625,17.625,1.0,0.86602539,1.2247449,0.5,0.5,0.5,1.0,-1.6852748,-1.6804472,-1.6440352,-7.9793525,-7.7020588,-7.3254356,1.1343206,190.75,197.125,132.375,58.875,25.5,8.5,4.0,2.125,0.24520256,0.086288415,1.2303051,1.0901093,1.0745637,1.1627277,1.3397799,2.0713725,2.7661116,3.671258,0.45934677,1.2257694,1.7252758,1.913097,2.042423,2.7253015,3.2659822,3.2038746,1.1687105,225.46217,263.5,548.125,308.625,162.375,67.75,28.75,9.125,4.0,2.125,357.375,111.5,30.0,8.875,3.25,0.625,0.0,0.0,EXT90
C:/Users/MICROSOFT/Documents/nauval_mrnavac/cycpeptmp_standalone/runs/run_20260102_172000_moe/sdf/monomer.sdf,O=C[C@@](NC)C,6.96422,0.23742227,173,O=C[C@@](NC)C,265.63351,208.35529,57.278236,175.74866,89.884865,356.28754,97.945786,151.07706,258.34177,0.88673788,0.81928158,34.577984,0.78178865,26.724691,27.528461,2.9571594e-05,-10.612294,0,2.588799,3.3021874,3.6789052,0.80376858,0.7843712,0.21562879,0.6616208,0.3383792,1.3412747,0.36872524,0.2420111,0.47057301,0.7123329,259.37604,111.82834,169.28085,237.6429,1.7254446,1.6131154,1.0587335,0.79356605,98.25,127.4369,3.0470901,0.13109088,3.0718737,1.9867562,1.1878659,0.69741637,0.35098958,0.13110502,0.059656352,0.029455302,254.875,142.0,117.5,105.875,88.25,48.75,17.625,1.0,0.86602539,1.2247449,0.5,0.5,0.5,1.0,-1.6853307,-1.6805512,-1.6439219,-7.9807506,-7.7008362,-7.3288803,1.1345003,191.125,197.0,132.25,58.875,25.5,8.5,4.0,2.125,0.24468085,0.086186543,1.2288697,1.0893418,1.0751938,1.1596522,1.3304765,2.0622461,2.7663751,3.6713183,0.45981973,1.2266214,1.7252626,1.9130569,2.04234,2.7252419,3.265924,3.2038209,1.1685253,225.49789,263.5,548.25,308.5,162.375,67.75,28.75,9.125,4.0,2.125,357.125,111.5,30.125,8.875,3.25,0.625,0.0,0.0,EXT91
C:/Users/MICROSOFT/Documents/nauval_mrnavac/cycpeptmp_standalone/runs/run_20260102_172000_moe/sdf/monomer.sdf,O=C[C@@](NC)C,6.96422,0.23742227,184,O=C[C@@](NC)C,265.14825,207.1958,57.952469,175.4046,89.743668,354.30481,99.098724,149.24333,255.20609,0.88786751,0.81907558,34.541889,0.80299556,26.730503,27.540962,5.301175e-05,-10.598978,0,2.5192468,3.2660928,3.678632,0.81045818,0.7814337,0.21856628,0.66153401,0.33846599,1.3362516,0.37374833,0.2418597,0.47054476,0.71226788,259.26584,111.77888,169.20071,237.55208,1.725078,1.6130918,1.0585924,0.79330617,98.125,128.11937,3.0487938,0.13095893,3.0719655,1.9869851,1.1879412,0.69753963,0.35100421,0.13114446,0.059680764,0.02947432,254.625,141.75,117.375,105.875,88.25,48.875,17.625,1.0,0.86602539,1.2247449,0.5,0.5,0.5,1.0,-1.6852014,-1.6808597,-1.6437954,-7.9804525,-7.7005267,-7.3283887,1.1347468,190.75,196.625,132.625,58.875,25.5,8.625,4.0,2.125,0.24494143,0.087367177,1.2275058,1.0849512,1.0728559,1.1603488,1.3311591,2.0649538,2.7667851,3.671905,0.4602935,1.2257497,1.7281958,1.912443,2.046016,2.7304573,3.2653232,3.2032228,1.1680866,225.47556,263.375,548.125,308.375,162.625,67.75,28.75,9.25,4.0,2.125,357.375,111.75,30.0,8.875,3.25,0.625,0.0,0.0,EXT92
C:/Users/MICROSOFT/Documents/nauval_mrnavac/cycpeptmp_standalone/runs/run_20260102_172000_moe/sdf/monomer.sdf,O=C[C@@](NC)C,6.96422,0.23742227,195,O=C[C@@](NC)C,266.5235,208.42839,58.095108,175.85831,90.665192,356.41254,99.342636,150.33328,257.06992,0.88673788,0.81932759,34.567986,0.78512335,26.715878,27.521091,5.5507215e-05,-10.612505,0,2.5836766,3.2921894,3.6780381,0.80521417,0.78202629,0.21797368,0.65982288,0.34017712,1.337265,0.37273499,0.2419478,0.47065842,0.71231294,259.35419,111.83585,169.25676,237.61574,1.7253718,1.6132535,1.0586454,0.79353017,98.25,128.22168,3.1380868,0.1321916,3.0692213,1.9798211,1.1883203,0.69294924,0.34419358,0.13086721,0.059333358,0.029039893,252.75,140.75,116.25,105.375,88.125,48.625,18.875,1.375,1.2247449,0.86602539,0.5,0.5,1.118034,0.70710677,-1.6759337,-1.664646,-1.6473351,-7.8122215,-7.7141991,-7.2100234,1.1365007,191.75,198.75,133.0,58.625,24.5,8.875,4.0,1.875,0.23870967,0.090154208,1.2206165,1.0854429,1.0599082,1.1648489,1.371127,2.1010365,2.6414292,3.5457191,0.46145055,1.2191964,1.7402999,1.9225281,2.1341083,2.7839644,3.2498672,3.1733158,1.1657304,225.60965,263.0,547.625,309.0,162.625,68.5,27.75,9.5,4.0,1.875,355.875,110.25,29.625,9.875,3.25,0.625,0.0,0.0,EXT93
C:/Users/MICROSOFT/Documents/nauval_mrnavac/cycpeptmp_standalone/runs/run_20260102_172000_moe/sdf/monomer.sdf,O=C[C@@](NC)C,6.96422,0.23742227,131,O=C[C@@](NC)C,266.37863,207.99806,58.380569,174.73242,91.646225,355.6767,99.83078,149.61749,255.84592,0.88673788,0.81909066,34.513504,0.7897498,26.716417,27.522808,0.00010813903,-10.605508,0,2.5212455,3.23771,3.6795936,0.80639094,0.78083616,0.21916386,0.65595508,0.34404495,1.3352298,0.37477019,0.24178806,0.47050363,0.71232235,259.35904,111.80861,169.27344,237.636,1.7253881,1.6132449,1.0586222,0.79326397,98.25,129.25085,3.0321875,0.13097589,3.0719366,1.9867789,1.1876746,0.69736856,0.35092849,0.13106628,0.059641961,0.029449988,254.75,141.75,117.375,105.875,88.25,48.75,17.625,1.0,0.86602539,1.2247449,0.5,0.5,0.5,1.0,-1.6852137,-1.6806333,-1.6439776,-7.9821239,-7.7011337,-7.3309522,1.1344858,190.875,197.25,132.375,58.875,25.625,8.5,4.0,2.125,0.24600638,0.086186543,1.2282398,1.0848039,1.0726007,1.1603,1.3314296,2.0621886,2.7663665,3.6712375,0.45969218,1.2256913,1.7251594,1.9129745,2.0317001,2.7251694,3.2658446,3.2037196,1.1685402,225.49503,263.5,548.25,308.625,162.375,67.75,28.875,9.125,4.0,2.125,357.375,111.375,30.0,8.875,3.25,0.625,0.0,0.0,EXT94
C:/Users/MICROSOFT/Documents/nauval_mrnavac/cycpeptmp_standalone/runs/run_20260102_172000_moe/sdf/monomer.sdf,O=C[C@@](NC)C,6.96422,0.23742227,126,O=C[C@@](NC)C,264.3858,207.46303,56.922783,175.56657,88.819229,354.76178,97.337959,150.54024,257.4238,0.88673788,0.8189528,34.543701,0.77940124,26.72534,27.532766,3.1003524e-06,-10.598636,0,2.5532203,3.2679043,3.6783092,0.80742669,0.78469801,0.21530198,0.66405445,0.33594555,1.3418336,0.36816636,0.24197146,0.47055551,0.71230412,259.35654,111.81815,169.26488,237.63008,1.7253797,1.6131321,1.0587022,0.7935093,98.25,128.81516,3.1340318,0.13234635,3.0689476,1.9800566,1.1881857,0.69298542,0.34416303,0.13088544,0.059343643,0.029034495,252.75,140.625,116.375,105.375,88.375,48.625,19.125,1.375,1.2247449,0.86602539,0.5,0.5,1.118034,0.70710677,-1.6758697,-1.6647205,-1.6471436,-7.8154993,-7.7113118,-7.2093773,1.1364933,191.625,198.25,133.0,58.375,24.625,9.0,4.0,1.875,0.23845327,0.091340452,1.220245,1.0870383,1.0563617,1.1652303,1.3708606,2.1007068,2.6423585,3.545444,0.46053907,1.2197114,1.7406555,1.9181279,2.1344733,2.7859883,3.2502394,3.1736836,1.1657377,225.6082,263.0,547.625,308.625,162.625,68.375,27.75,9.625,4.0,1.875,356.0,110.375,29.625,10.0,3.125,0.625,0.0,0.0,EXT95
C:/Users/MICROSOFT/Documents/nauval_mrnavac/cycpeptmp_standalone/runs/run_20260102_172000_moe/sdf/monomer.sdf,O=C[C@@](NC)C,6.96422,0.23742227,40,O=C[C@@](NC)C,264.81723,207.64525,57.171982,174.03448,90.78273,355.07336,97.764091,150.47327,257.30927,0.88786751,0.81874466,34.560226,0.78276265,26.708271,27.510313,8.3657425e-05,-10.606488,0,2.5885763,3.2844315,3.6784918,0.80204135,0.78410774,0.21589223,0.65718722,0.34281281,1.3408242,0.3691757,0.24197796,0.47051203,0.71236777,259.40002,111.82552,169.30682,237.66772,1.7255244,1.613169,1.0587362,0.79353809,98.125,129.60252,3.1338694,0.13251954,3.0697141,1.9799064,1.1880838,0.69288182,0.34406835,0.13087897,0.0593432,0.02905429,252.875,140.75,116.5,105.375,88.375,48.5,19.0,1.375,1.2247449,0.86602539,0.5,0.5,1.118034,0.70710677,-1.6759425,-1.6646043,-1.6474069,-7.8162293,-7.7119861,-7.2096457,1.1365397,191.875,198.375,133.0,58.5,24.5,9.0,4.0,1.875,0.23819743,0.091340452,1.2202216,1.0842981,1.0580924,1.1658428,1.3714308,2.1029403,2.6390648,3.5458446,0.46094412,1.2203609,1.7401336,1.9223801,2.1340039,2.7856157,3.2497618,3.1732175,1.1656903,225.6174,263.0,548.0,308.75,162.625,68.5,27.75,9.625,4.0,1.875,356.125,110.375,29.625,10.0,3.25,0.625,0.0,0.0,EXT96
C:/Users/MICROSOFT/Documents/nauval_mrnavac/cycpeptmp_standalone/runs/run_20260102_172000_moe/sdf/monomer.sdf,O=C[C@@](NC)C,6.96422,0.23742227,198,O=C[C@@](NC)C,266.71231,209.17749,57.534813,175.46059,91.251724,357.69351,98.384529,151.64268,259.30899,0.88786751,0.81948024,34.555141,0.78737146,26.724766,27.533152,1.1871713e-05,-10.610437,0,2.5562809,3.279345,3.6783257,0.80838495,0.78428137,0.21571863,0.65786457,0.3421354,1.3411212,0.36887887,0.24184902,0.47051591,0.71239388,259.32712,111.79346,169.26311,237.59764,1.7252818,1.6131696,1.0585784,0.79332691,98.125,128.63072,3.1379149,0.13232405,3.0690932,1.9802142,1.1884532,0.69313133,0.34423858,0.13085069,0.059311733,0.028996812,252.625,140.875,116.375,105.5,88.25,48.75,19.125,1.375,1.2247449,0.86602539,0.5,0.5,1.118034,0.70710677,-1.6759411,-1.6647118,-1.6473835,-7.8100924,-7.7091317,-7.2120056,1.1364353,191.5,198.5,133.0,58.625,24.625,9.0,4.0,1.875,0.23845327,0.091232225,1.2221892,1.0818081,1.0607041,1.1672463,1.3748969,2.0970848,2.6424,3.5455,0.46077302,1.2187711,1.7406294,1.9172502,2.1344426,2.7859485,3.2502127,3.1736534,1.1657975,225.59665,263.0,547.5,308.75,162.625,68.5,27.75,9.625,4.0,1.875,356.0,110.25,29.625,9.875,3.125,0.625,0.0,0.0,EXT97
C:/Users/MICROSOFT/Documents/nauval_mrnavac/cycpeptmp_standalone/runs/run_20260102_172000_moe/sdf/monomer.sdf,O=C[C@@](NC)C,6.96422,0.23742227,24,O=C[C@@](NC)C,264.59314,206.71669,57.876461,173.68285,90.910301,353.48553,98.96875,148.84023,254.5168,0.88673788,0.81891364,34.574589,0.7878021,26.727711,27.53726,2.7366261e-05,-10.601947,0,2.5714135,3.2987926,3.6780853,0.80954897,0.78126246,0.21873756,0.65641475,0.34358525,1.3359587,0.37404123,0.24193731,0.4705148,0.71238112,259.30872,111.78599,169.24915,237.58231,1.7252207,1.6131558,1.058591,0.79346496,98.25,128.00795,3.1393614,0.13234596,3.0690141,1.9802244,1.1882876,0.69304347,0.34418219,0.13088354,0.059321135,0.029007016,252.875,140.875,116.375,105.375,88.375,48.625,19.0,1.375,1.2247449,0.86602539,0.5,0.5,1.118034,0.70710677,-1.6758488,-1.6647308,-1.6476138,-7.812676,-7.710381,-7.2104244,1.1364334,191.375,198.375,133.0,58.5,24.625,9.0,4.0,1.875,0.23845327,0.091340452,1.220754,1.0847298,1.0608712,1.1705486,1.3710046,2.1008184,2.638936,3.5455558,0.46038818,1.2195654,1.7405103,1.9179835,2.1343353,2.7858665,3.2500987,3.1735456,1.1657994,225.59628,263.0,547.625,308.625,162.625,68.375,27.75,9.625,4.0,1.875,356.25,110.25,29.625,9.875,3.125,0.625,0.0,0.0,EXT98
C:/Users/MICROSOFT/Documents/nauval_mrnavac/cycpeptmp_standalone/runs/run_20260102_172000_moe/sdf/monomer.sdf,O=C[C@@](NC)C,6.96422,0.23742227,21,O=C[C@@](NC)C,267.02112,208.86053,58.160603,176.6295,90.391632,357.15149,99.454628,150.69992,257.69687,0.88786751,0.8189885,34.540295,0.78821397,26.714794,27.516918,1.3850766e-05,-10.605289,0,2.5569863,3.264497,3.6781609,0.80212373,0.78218728,0.21781273,0.66148132,0.33851865,1.3375403,0.37245977,0.24195959,0.47059131,0.71225041,259.38867,111.84142,169.27448,237.66147,1.7254866,1.6131854,1.0587338,0.79351604,98.125,128.7515,3.1413705,0.13250174,3.0700848,1.9801809,1.1882765,0.6929056,0.34413764,0.13090892,0.059324898,0.029029937,253.0,141.0,116.5,105.75,88.375,48.875,19.0,1.375,1.2247449,0.86602539,0.5,0.5,1.118034,0.70710677,-1.6756436,-1.664373,-1.6481037,-7.8124242,-7.7071214,-7.2059407,1.1364636,191.75,198.375,133.0,58.5,24.5,9.0,4.0,1.875,0.23819743,0.091016546,1.2186588,1.0887469,1.0632725,1.1720775,1.3721422,2.1008053,2.6398897,3.5465326,0.46102786,1.2186702,1.7393342,1.921571,2.1331844,2.7847908,3.2489357,3.1723945,1.1657683,225.60229,263.0,547.875,308.75,162.625,68.5,27.75,9.625,4.0,1.875,356.125,110.375,29.625,10.0,3.25,0.625,0.0,0.0,EXT99
C:/Users/MICROSOFT/Documents/nauval_mrnavac/cycpeptmp_standalone/runs/run_20260102_172000_moe/sdf/monomer.sdf,O=C[C@@](NC)C,6.96422,0.23742227,133,O=C[C@@](NC)C,265.89224,207.57085,58.321419,174.47588,91.416374,354.94614,99.729622,149.24942,255.21651,0.88673788,0.81837195,34.565296,0.79520398,26.711216,27.515852,5.1880896e-05,-10.603938,0,2.5753398,3.2895014,3.678849,0.80463564,0.78065771,0.21934229,0.65619016,0.34380984,1.3349247,0.37507531,0.24193928,0.47061852,0.71221256,259.32501,111.82098,169.22475,237.60428,1.7252748,1.6131533,1.0586534,0.79346693,98.25,130.23343,3.1393614,0.13231054,3.0699117,1.9803222,1.1884197,0.69313389,0.3442888,0.13085951,0.059351992,0.029046115,252.875,141.0,116.375,105.5,88.375,48.75,19.0,1.375,1.2247449,0.86602539,0.5,0.5,1.118034,0.70710677,-1.6759557,-1.6646245,-1.6478612,-7.8131447,-7.7133179,-7.2154527,1.1363856,192.0,198.375,133.0,58.5,24.625,8.875,4.0,1.875,0.23845327,0.090047397,1.221025,1.0826685,1.0607035,1.1690843,1.3709177,2.0972204,2.6390419,3.5456161,0.46050477,1.2187364,1.7405893,1.9180576,2.1343737,2.7841752,3.2501531,3.173584,1.1658484,225.58679,263.0,547.875,308.75,162.625,68.375,27.75,9.5,4.0,1.875,355.875,110.375,29.625,9.875,3.125,0.625,0.0,0.0,EXT100
C:/Users/MICROSOFT/Documents/nauval_mrnavac/cycpeptmp_standalone/runs/run_20260102_172000_moe/sdf/monomer.sdf,O=C[C@@](NC)C,6.96422,0.23742227,127,O=C[C@@](NC)C,267.1481,208.67891,58.469189,175.98781,91.160286,356.84094,99.982307,150.20973,256.85864,0.88786751,0.82001925,34.533169,0.79302508,26.724176,27.530363,8.3835432e-05,-10.612351,0,2.5301781,3.2573736,3.6795199,0.8061862,0.78113568,0.21886432,0.65876496,0.34123501,1.335742,0.37425798,0.24190652,0.47052845,0.71245366,259.37329,111.81266,169.30186,237.6321,1.7254355,1.6131775,1.0587306,0.79342514,98.125,129.3071,3.1393614,0.1323368,3.0691099,1.9800484,1.1882613,0.69301242,0.34419373,0.13088569,0.059341304,0.029044682,252.875,140.875,116.375,105.5,88.375,48.625,19.0,1.375,1.2247449,0.86602539,0.5,0.5,1.118034,0.70710677,-1.6757032,-1.6645521,-1.6478842,-7.812366,-7.7098265,-7.2107201,1.136474,191.25,198.625,133.0,58.5,24.5,8.875,4.0,1.875,0.23845327,0.090047397,1.221125,1.085055,1.0611261,1.1734935,1.3713236,2.101253,2.6393995,3.5459487,0.46065673,1.2199596,1.7401533,1.9223824,2.1339471,2.7837789,3.2497182,3.1731563,1.1657577,225.60435,263.0,547.625,309.0,162.625,68.5,27.75,9.5,4.0,1.875,356.375,110.375,29.625,10.0,3.25,0.625,0.0,0.0,EXT101
C:/Users/MICROSOFT/Documents/nauval_mrnavac/cycpeptmp_standalone/runs/run_20260102_172000_moe/sdf/monomer.sdf,O=C[C@@](NC)C,6.96422,0.23742227,68,O=C[C@@](NC)C,268.90582,211.40666,57.499161,177.34837,91.557465,361.5054,98.32357,153.9075,263.18182,0.88786751,0.81904882,34.545277,0.7879017,26.719099,27.522856,4.1105459e-06,-10.606986,0,2.556803,3.269479,3.6777103,0.80375654,0.78617358,0.21382639,0.65951848,0.34048152,1.3443569,0.36564311,0.24191763,0.47046301,0.71236557,259.38177,111.80862,169.29836,237.65657,1.7254636,1.6132262,1.058632,0.79346722,98.125,128.08975,3.1393614,0.13231657,3.069102,1.9802207,1.1884863,0.69311947,0.34424785,0.13084905,0.059313111,0.028999472,252.625,140.875,116.375,105.5,88.375,48.625,19.0,1.375,1.2247449,0.86602539,0.5,0.5,1.118034,0.70710677,-1.6757491,-1.6644323,-1.6479601,-7.8107567,-7.7068257,-7.2064581,1.1364689,191.625,198.25,133.0,58.5,24.5,9.0,4.0,1.875,0.23845327,0.091232225,1.2202928,1.0867217,1.0613621,1.1737264,1.3725673,2.1015217,2.6397498,3.5461376,0.46002758,1.2175462,1.7398393,1.9220588,2.1336224,2.7851114,3.2493796,3.1728268,1.165763,225.60332,263.0,547.625,308.625,162.625,68.5,27.75,9.625,4.0,1.875,356.0,110.375,29.625,10.0,3.25,0.625,0.0,0.0,EXT102
C:/Users/MICROSOFT/Documents/nauval_mrnavac/cycpeptmp_standalone/runs/run_20260102_172000_moe/sdf/monomer.sdf,O=C[C@@](NC)C,6.96422,0.23742227,36,O=C[C@@](NC)C,265.86301,207.92653,57.936466,174.84973,91.013268,355.55435,99.071358,149.99007,256.483,0.88673788,0.81895465,34.570133,0.78398353,26.726065,27.531969,4.0011168e-06,-10.605582,0,2.5763094,3.2943389,3.6778688,0.80590379,0.78208148,0.2179185,0.65766853,0.34233147,1.3373593,0.37264064,0.24195263,0.47056326,0.71231866,259.3598,111.82024,169.26872,237.63062,1.7253906,1.6132213,1.0587341,0.79352224,98.25,128.48299,3.0972452,0.13015221,3.0706899,1.9828507,1.1873699,0.69670212,0.3520962,0.13050456,0.060364358,0.029758113,253.0,141.375,116.75,105.875,90.5,49.875,16.875,1.375,0.86602539,1.2247449,0.5,0.5,0.70710677,0.5,-1.6874793,-1.6661329,-1.645341,-7.8064551,-7.5659065,-7.2085552,1.1358627,191.375,197.625,132.625,59.0,25.875,9.25,3.875,1.875,0.24946466,0.090909094,1.2385768,1.0867568,1.0926839,1.1635388,1.353286,2.0681481,2.6690848,3.5469556,0.45625916,1.224385,1.7364426,1.9361616,2.0760856,2.8200011,3.2143674,3.1611309,1.1667545,225.62587,263.25,548.25,309.5,162.25,68.5,29.125,9.625,3.875,1.875,356.875,111.875,29.625,9.5,3.25,0.375,0.0,0.0,EXT103
C:/Users/MICROSOFT/Documents/nauval_mrnavac/cycpeptmp_standalone/runs/run_20260102_172000_moe/sdf/monomer.sdf,O=C[C@@](NC)C,6.96422,0.23742227,129,O=C[C@@](NC)C,268.16681,209.48947,58.677345,175.87991,92.286911,358.22699,100.33826,150.81212,257.88873,0.88673788,0.81857806,34.567501,0.79801273,26.71755,27.524778,1.4830111e-05,-10.602003,0,2.5663826,3.2917058,3.6783128,0.80722767,0.78119087,0.21880913,0.65586007,0.34413993,1.3358364,0.3741636,0.24196123,0.47056389,0.71222514,259.33411,111.81407,169.23694,237.6172,1.7253051,1.6131202,1.0587015,0.79348665,98.25,129.57219,3.1393614,0.13230294,3.069773,1.9802572,1.188574,0.69309026,0.3442893,0.13084622,0.059317045,0.029008478,252.875,140.75,116.375,105.375,88.125,48.5,18.875,1.375,1.2247449,0.86602539,0.5,0.5,1.118034,0.70710677,-1.6758262,-1.6645623,-1.6477008,-7.8102369,-7.7122951,-7.2098513,1.1364492,191.75,198.125,133.0,58.5,24.5,9.0,4.0,1.875,0.23845327,0.091340452,1.2209133,1.0875113,1.0608768,1.1706131,1.3711083,2.1030803,2.6415493,3.5459063,0.46058664,1.216579,1.7403635,1.9178306,2.1341288,2.7855573,3.2499182,3.1733398,1.1657832,225.59943,263.0,547.75,308.75,162.625,68.375,27.75,9.625,4.0,1.875,356.0,110.625,29.625,9.875,3.25,0.625,0.0,0.0,EXT104
C:/Users/MICROSOFT/Documents/nauval_mrnavac/cycpeptmp_standalone/runs/run_20260102_172000_moe/sdf/monomer.sdf,O=C[C@@](NC)C,6.96422,0.23742227,44,O=C[C@@](NC)C,265.24094,208.7122,56.528748,176.94331,88.297623,356.89786,96.664162,152.18344,260.2337,0.88786751,0.81965065,34.563133,0.78942215,26.708229,27.513247,9.1532866e-06,-10.615205,0,2.5824389,3.2873373,3.6780157,0.8050189,0.78687775,0.21312225,0.66710407,0.3328959,1.3455609,0.36443907,0.24202819,0.47068024,0.71228629,259.35889,111.84332,169.25388,237.62057,1.7253875,1.6130171,1.0588305,0.79354572,98.125,127.92463,3.0315695,0.13099726,3.0720224,1.987013,1.1879493,0.6974383,0.35089475,0.13108936,0.05964689,0.029453788,254.625,141.75,117.375,105.875,88.25,48.75,17.625,1.0,0.86602539,1.2247449,0.5,0.5,0.5,1.0,-1.6850837,-1.6806362,-1.6437869,-7.9796033,-7.699121,-7.3276658,1.1340512,190.875,196.75,132.375,58.875,25.625,8.5,4.0,2.125,0.24600638,0.086186543,1.2274725,1.084915,1.0728173,1.1603118,1.3311239,2.0627456,2.7667644,3.6718795,0.45974246,1.2253578,1.727219,1.9124756,2.0312145,2.7246726,3.2653551,3.2032552,1.1691729,225.4799,263.625,548.0,308.375,162.375,67.75,28.875,9.125,4.0,2.125,357.125,111.625,30.0,8.875,3.25,0.625,0.0,0.0,EXT105
C:/Users/MICROSOFT/Documents/nauval_mrnavac/cycpeptmp_standalone/runs/run_20260102_172000_moe/sdf/monomer.sdf,O=C[C@@](NC)C,6.96422,0.23742227,139,O=C[C@@](NC)C,267.68207,208.3231,59.358952,175.97264,91.709419,356.23251,101.50381,148.96414,254.7287,0.88673788,0.81881654,34.546116,0.79122937,26.713333,27.516207,0.00011790103,-10.608257,0,2.5598845,3.2703211,3.6786788,0.80287224,0.77824831,0.2217517,0.65739423,0.34260577,1.3308046,0.37919542,0.24190748,0.47067383,0.71220064,259.36862,111.8507,169.24701,237.63951,1.7254199,1.6132361,1.0586928,0.79345554,98.25,129.43138,3.0972452,0.13013943,3.070559,1.9825264,1.1872394,0.69658095,0.35209394,0.13051279,0.060426999,0.029851342,253.0,141.5,116.75,106.125,90.25,49.625,16.875,1.375,0.86602539,1.2247449,0.5,0.5,0.70710677,0.5,-1.6874241,-1.6664188,-1.6454594,-7.8161731,-7.5734267,-7.2118554,1.1352631,190.875,197.625,132.625,59.0,25.875,9.25,3.875,1.875,0.24946466,0.090694934,1.2380971,1.0832546,1.0922856,1.1574949,1.3482766,2.0660489,2.6685698,3.5464592,0.45697004,1.2248747,1.7382363,1.9366481,2.0765896,2.8204923,3.2148614,3.1616187,1.1677402,225.64951,263.5,547.875,309.5,162.25,68.5,29.125,9.625,3.875,1.875,357.0,111.875,29.625,9.5,3.25,0.375,0.0,0.0,EXT106
C:/Users/MICROSOFT/Documents/nauval_mrnavac/cycpeptmp_standalone/runs/run_20260102_172000_moe/sdf/monomer.sdf,O=C[C@@](NC)C,6.96422,0.23742227,124,O=C[C@@](NC)C,266.45618,209.11343,57.342739,177.19312,89.263062,357.58398,98.056084,151.77071,259.52789,0.88673788,0.81911319,34.558384,0.79136372,26.721004,27.528273,1.5068376e-05,-10.609964,0,2.5586519,3.2825863,3.6800783,0.8072682,0.78479487,0.21520513,0.66499913,0.3350009,1.3419992,0.36800078,0.24201587,0.47057992,0.71228009,259.36426,111.82724,169.26418,237.63708,1.7254053,1.6131181,1.0585564,0.79357523,98.25,129.0583,3.1016173,0.13072832,3.0715208,1.9817308,1.1880412,0.69186306,0.34290299,0.13038573,0.060875967,0.028308028,253.5,141.0,115.125,104.0,87.125,47.375,18.0,1.0,1.2247449,0.5,0.86602539,0.5,1.118034,0.70710677,-1.68319,-1.6766407,-1.6441492,-7.8753076,-7.8213873,-7.2879391,1.137939,192.625,198.5,132.375,57.125,25.5,9.0,4.125,1.875,0.24972856,0.09254808,1.2259322,1.0730076,1.0827478,1.1745484,1.3850331,2.0521662,2.6397696,3.5279744,0.46533781,1.241856,1.7311327,1.8977728,2.0836694,2.7292936,3.2514241,3.1924696,1.1637033,225.68037,262.625,549.375,308.875,162.625,66.5,28.75,9.625,4.125,1.875,356.75,110.375,30.25,9.375,3.25,0.625,0.0,0.0,EXT107
C:/Users/MICROSOFT/Documents/nauval_mrnavac/cycpeptmp_standalone/runs/run_20260102_172000_moe/sdf/monomer.sdf,O=C[C@@](NC)C,6.96422,0.23742227,125,O=C[C@@](NC)C,267.69235,209.79651,57.895828,175.44524,92.247108,358.75204,99.001869,151.90068,259.75018,0.88673788,0.81997418,34.558731,0.78867275,26.728336,27.535618,2.2740112e-05,-10.612352,0,2.5556781,3.2829337,3.6787384,0.80728072,0.78372252,0.2162775,0.65539879,0.34460121,1.3401655,0.36983451,0.24200991,0.47065389,0.71231884,259.35886,111.83672,169.26111,237.61987,1.7253875,1.613076,1.0586259,0.79354465,98.25,128.74329,3.1393614,0.13233745,3.069515,1.9801096,1.1882811,0.69310474,0.34420663,0.13090199,0.059336577,0.029026879,252.75,140.75,116.375,105.625,88.5,48.75,19.0,1.375,1.2247449,0.86602539,0.5,0.5,1.118034,0.70710677,-1.6758469,-1.664516,-1.6483016,-7.812006,-7.7069931,-7.2103386,1.1364257,191.375,198.5,133.0,58.625,24.625,9.0,4.0,1.875,0.23845327,0.091124259,1.219808,1.0873308,1.06102,1.1656153,1.3681797,2.0975397,2.6395385,3.5457683,0.46243715,1.2186618,1.7401433,1.9214904,2.1339161,2.7853901,3.249661,3.173116,1.1658072,225.59476,263.0,547.625,308.75,162.625,68.625,27.75,9.625,4.0,1.875,356.25,110.25,29.625,10.0,3.125,0.625,0.0,0.0,EXT108
C:/Users/MICROSOFT/Documents/nauval_mrnavac/cycpeptmp_standalone/runs/run_20260102_172000_moe/sdf/monomer.sdf,O=C[C@@](NC)C,7.0471001,0.32030228,154,O=C[C@@](NC)C,265.58478,203.85374,61.731037,167.76471,97.820061,348.5899,105.56007,142.1227,243.02982,0.88448727,0.80331779,34.235043,0.99607509,24.930984,25.790865,0.0014752899,-8.9226828,0,2.6034882,4.9125953,4.8431401,0.85987908,0.76756561,0.23243441,0.63168043,0.36831954,1.3125372,0.39746282,0.1652488,0.37019983,0.71366119,280.40176,99.627266,192.05873,269.11752,1.7940166,1.6341012,1.1347933,0.66427529,98.5,127.54789,2.1592979,0.1317078,3.1292639,2.0935726,1.4236228,0.7134397,0.3220135,0.071044005,0.0,0.0,229.375,129.75,109.125,94.875,76.75,34.125,10.0,2.5,0.5,0.86602539,0.70710677,0.5,0.70710677,0.5,-1.8067499,-1.7668607,-1.7532243,-4.7131824,-4.6550388,-4.6341734,1.1401534,214.0,233.0,151.5,53.25,19.375,3.25,0.0,0.0,0.20618556,0.042160738,0.76886451,0.84812278,1.0049399,1.161654,1.2307254,1.5530881,1.8976158,2.9878604,0.4183135,0.82845509,0.95260543,1.0999721,1.186604,0.684232,0.0,0.0,1.1636502,226.97974,264.125,576.0,350.75,184.375,63.75,22.5,4.0,0.0,0.0,362.0,117.75,32.875,10.5,3.125,0.75,0.0,0.0,EXT109
C:/Users/MICROSOFT/Documents/nauval_mrnavac/cycpeptmp_standalone/runs/run_20260102_172000_moe/sdf/monomer.sdf,O=C[C@@](NC)C,7.0471001,0.32030228,189,O=C[C@@](NC)C,266.72528,204.78325,61.942024,168.16318,98.562088,350.17935,105.92086,142.84122,244.25848,0.88336629,0.80368894,34.219017,0.99262738,24.924051,25.785847,0.0010619001,-8.9257889,0,2.5980656,4.8965697,4.8414168,0.86179459,0.76776844,0.23223156,0.63047338,0.36952662,1.3128841,0.39711595,0.16518579,0.37020671,0.71360147,280.40308,99.632103,192.04842,269.12561,1.7940208,1.6341399,1.1348653,0.66416436,98.625,129.56914,1.8828703,0.12920183,3.1232526,2.1042991,1.4264214,0.71604633,0.32287803,0.06373813,0.0,0.0,232.0,131.125,109.0,94.0,74.75,31.875,10.375,1.875,0.5,0.86602539,1.2247449,0.5,6.9641943,6.7268119,-1.8031459,-1.7664597,-1.7444004,-4.7583661,-4.750885,-4.6661992,1.1420274,214.875,229.5,149.5,55.125,18.125,3.25,0.0,0.0,0.20068808,0.04255319,0.73435652,0.81976837,1.0067315,1.124675,1.2461032,1.7321355,1.9907483,3.0297673,0.42536905,0.80836916,0.97848356,1.0373098,0.95113993,0.86411333,0.0,0.0,1.1602727,226.77859,263.125,574.0,347.625,182.625,65.25,21.875,4.0,0.0,0.0,359.125,118.125,33.125,10.125,3.75,0.75,0.0,0.0,EXT110
C:/Users/MICROSOFT/Documents/nauval_mrnavac/cycpeptmp_standalone/runs/run_20260102_172000_moe/sdf/monomer.sdf,O=C[C@@](NC)C,7.0471001,0.32030228,157,O=C[C@@](NC)C,264.06995,204.36511,59.704823,167.78328,96.286659,349.46436,102.09525,144.66029,247.36909,0.88336629,0.80322683,34.238113,1.003462,24.931705,25.793936,0.0010601151,-8.9201365,0,2.5977271,4.9156651,4.8419275,0.86223119,0.77390528,0.22609474,0.63537437,0.3646256,1.323378,0.38662201,0.16521679,0.37024188,0.7135675,280.38577,99.635368,192.02733,269.10886,1.7939655,1.6342638,1.1347696,0.66427708,98.625,128.14037,2.155906,0.13186835,3.1287155,2.093363,1.4235234,0.71336466,0.32196984,0.071086548,0.0,0.0,229.5,129.875,109.25,95.125,76.625,34.125,10.0,2.5,0.5,0.86602539,0.70710677,0.5,0.70710677,0.5,-1.8063284,-1.7670819,-1.7526605,-4.7137809,-4.6573701,-4.6334109,1.1402245,213.75,233.0,151.5,53.25,19.375,3.25,0.0,0.0,0.20594966,0.042049933,0.77152979,0.84507239,1.0009879,1.1573108,1.2279247,1.5524768,1.8973285,2.9874451,0.41610175,0.82866096,0.95311588,1.1004857,1.1870689,0.68483907,0.0,0.0,1.1635777,226.99387,264.125,575.75,350.625,184.375,63.75,22.5,4.0,0.0,0.0,362.0,117.625,32.875,10.5,3.125,0.75,0.0,0.0,EXT111
C:/Users/MICROSOFT/Documents/nauval_mrnavac/cycpeptmp_standalone/runs/run_20260102_172000_moe/sdf/monomer.sdf,O=C[C@@](NC)C,7.0471001,0.32030228,105,O=C[C@@](NC)C,265.0502,204.36545,60.684753,167.07648,97.973724,349.4649,103.77093,143.68069,245.69398,0.88336629,0.80298716,34.26778,0.99800569,24.932838,25.79447,0.0010907011,-8.9182243,0,2.6325357,4.945333,4.8416796,0.8616308,0.77104431,0.2289557,0.63035786,0.36964214,1.3184857,0.39151424,0.16517754,0.37014014,0.71364313,280.34073,99.593231,192.01923,269.06897,1.7938213,1.6341627,1.134809,0.66415703,98.625,126.63877,2.1553462,0.13228284,3.128968,2.0938797,1.4239289,0.71351773,0.32211587,0.071037009,0.0,0.0,229.25,129.75,109.625,95.125,76.75,34.125,10.0,2.5,0.5,0.86602539,0.70710677,0.5,0.70710677,0.5,-1.8064741,-1.7670254,-1.7528033,-4.7132053,-4.6548228,-4.6342711,1.1396766,213.625,233.25,151.625,53.25,19.375,3.25,0.0,0.0,0.20524515,0.042049933,0.77087057,0.85021722,1.0004623,1.1578133,1.2306308,1.5529095,1.8975489,2.9878383,0.41682312,0.82690489,0.94919956,1.0999811,1.1865556,0.68435836,0.0,0.0,1.1643206,226.95639,264.25,575.625,350.75,184.5,63.75,22.5,4.0,0.0,0.0,362.0,117.5,32.875,10.5,3.125,0.75,0.0,0.0,EXT112
C:/Users/MICROSOFT/Documents/nauval_mrnavac/cycpeptmp_standalone/runs/run_20260102_172000_moe/sdf/monomer.sdf,O=C[C@@](NC)C,7.1115842,0.38478622,60,O=C[C@@](NC)C,264.68137,203.69757,60.98381,167.56464,97.116745,348.32285,104.28232,142.71376,244.04053,0.8800202,0.63336718,35.564823,0.90381604,26.365467,27.122807,0.0015656959,-9.7998543,0,2.5045521,4.8156924,5.0320849,0.75733858,0.76959538,0.23040462,0.63308054,0.36691946,1.3160081,0.39399189,0.21361016,0.36913455,0.72659498,280.60703,98.850304,194.5744,267.78937,1.7946731,1.6320767,1.0664532,0.75431287,99.0,127.41551,1.4632717,0.13590252,3.1257555,2.1420541,1.4292477,0.72050565,0.31554419,0.066318303,0.0,0.0,231.375,131.625,109.75,93.75,73.375,34.25,10.625,1.75,0.5,1.118034,1.2247449,5.315073,7.0178342,6.5954528,-1.7897213,-1.7687184,-1.7431803,-4.7115459,-4.624105,-4.5872731,1.1421545,222.0,236.625,143.375,53.0,17.5,2.875,0.0,0.0,0.19817768,0.039999999,0.54273033,0.6108439,0.79263568,0.87616318,1.0415344,1.3679322,1.8911264,3.2897801,0.32483146,0.62292379,0.68345481,0.66296291,0.69364136,0.79784614,0.0,0.0,1.1603272,226.87566,263.25,577.5,350.75,179.375,65.25,21.75,3.75,0.0,0.0,355.5,114.125,36.0,12.25,4.25,0.875,0.0,0.0,EXT113
C:/Users/MICROSOFT/Documents/nauval_mrnavac/cycpeptmp_standalone/runs/run_20260102_172000_moe/sdf/monomer.sdf,O=C[C@@](NC)C,7.1115842,0.38478622,38,O=C[C@@](NC)C,265.40854,204.10056,61.307968,167.62718,97.781349,349.01196,104.83662,142.79259,244.17532,0.8800202,0.63357556,35.639278,0.91064525,26.35906,27.116409,0.0019354962,-9.8042908,0,2.5767231,4.8901448,5.0335641,0.75734776,0.7690053,0.23099472,0.63158172,0.36841828,1.314999,0.39500096,0.21373725,0.36919731,0.72657186,280.60822,98.865662,194.56535,267.78543,1.7946769,1.6320285,1.0666705,0.75451493,99.0,128.51361,1.1237197,0.1333482,3.1327264,2.1507163,1.4301882,0.72651577,0.31978357,0.055805627,0.0,0.0,233.5,133.0,109.5,93.625,73.875,33.5,11.375,1.5,0.5,1.118034,0.70710677,6.9641943,6.041523,5.6568542,-1.7879461,-1.7600065,-1.7435753,-4.659729,-4.6457934,-4.4644308,1.1371601,219.5,233.75,143.875,53.875,16.875,2.375,0.0,0.0,0.19178082,0.033377837,0.52108037,0.6181764,0.8240785,0.91092098,1.0439272,1.5253989,1.9798913,3.2555132,0.33558741,0.62421614,0.65125477,0.68964905,0.51159966,0.7272411,0.0,0.0,1.1670812,226.52664,264.375,576.25,348.25,179.5,65.875,21.0,3.125,0.0,0.0,356.75,114.5,35.625,12.0,4.125,0.75,0.0,0.0,EXT114
C:/Users/MICROSOFT/Documents/nauval_mrnavac/cycpeptmp_standalone/runs/run_20260102_172000_moe/sdf/monomer.sdf,O=C[C@@](NC)C,7.3578677,0.63106996,82,O=C[C@@](NC)C,268.49969,205.28329,63.216389,173.60201,94.897682,351.03442,108.10003,142.06691,242.9344,0.88673788,0.67661262,32.974102,1.0453234,25.113657,25.66605,0.0010151262,-8.9741163,0,2.6032405,3.6516557,3.6584752,0.5523929,0.76455694,0.23544307,0.64656311,0.35343686,1.3073924,0.40260765,0.18610652,0.46857128,0.62975383,272.56232,121.73029,163.60397,259.79034,1.7687603,1.6157591,1.134454,0.69703954,98.25,128.87645,1.5288805,0.12344928,3.1330929,2.0477631,1.4418451,0.7307713,0.34004065,0.068190254,0.0,0.0,224.25,127.5,107.625,95.5,75.0,32.75,5.625,0.125,6.1032777,0.70710677,5.8949132,0.5,5.3385391,5.315073,-1.6434036,-1.5979549,-1.5724795,-4.7521024,-4.712359,-4.6179976,1.1419001,215.5,229.5,153.0,57.625,21.0,3.125,0.0,0.0,0.23228803,0.041884817,0.69575614,0.69257879,0.86682069,0.91990829,0.90387583,0.60458994,2.3220029,3.7991049,0.34443709,0.65945852,0.77827215,0.88727999,0.6707626,0.57709026,0.0,0.0,1.1594826,226.39409,262.5,574.875,347.375,187.125,68.0,25.0,4.0,0.0,0.0,359.375,117.875,34.125,10.375,4.0,0.875,0.0,0.0,EXT115
C:/Users/MICROSOFT/Documents/nauval_mrnavac/cycpeptmp_standalone/runs/run_20260102_172000_moe/sdf/monomer.sdf,O=C[C@@](NC)C,7.3578677,0.63106996,190,O=C[C@@](NC)C,266.04678,203.0773,62.969482,170.15526,95.891525,347.26218,107.67781,140.10782,239.58437,0.88673788,0.67725694,32.999489,1.0446328,25.116423,25.670877,0.0011719353,-8.9855909,0,2.6220069,3.6770415,3.6608005,0.55445439,0.76331425,0.23668575,0.63956892,0.36043108,1.3052673,0.40473261,0.18612766,0.46865067,0.62972748,272.56085,121.74719,163.59212,259.78238,1.7687556,1.6155823,1.1344222,0.69700283,98.25,126.67353,1.4990375,0.12950616,3.1207585,2.0474572,1.4303275,0.73717672,0.32708499,0.07143952,0.0,0.0,220.875,125.25,108.625,95.5,75.5,32.0,6.75,0.375,0.5,0.5,1.0,7.1763501,0.5,7.228416,-1.694945,-1.6469384,-1.6146086,-4.6547365,-4.5851688,-4.5715899,1.1455117,212.125,231.875,152.5,55.875,18.625,4.0,0.0,0.0,0.20138089,0.045811519,0.68357724,0.70670366,0.84713387,0.92292935,0.88910145,0.61992985,1.9596603,3.6833978,0.32804048,0.65106189,0.77530587,0.79904115,0.68331468,0.69163579,0.0,0.0,1.156377,227.32639,262.875,572.625,348.75,185.625,67.75,21.875,4.375,0.0,0.0,360.5,116.875,33.125,11.875,3.25,0.375,0.0,0.0,EXT116
C:/Users/MICROSOFT/Documents/nauval_mrnavac/cycpeptmp_standalone/runs/run_20260102_172000_moe/sdf/monomer.sdf,O=C[C@@](NC)C,7.3578677,0.63106996,115,O=C[C@@](NC)C,266.13223,203.03632,63.095928,170.86,95.272247,347.19211,107.89404,139.94038,239.29807,0.88673788,0.67682558,32.972702,1.0335468,25.107679,25.663956,0.0012426528,-8.9829464,0,2.615278,3.650254,3.658679,0.55627531,0.76291513,0.23708487,0.64201164,0.35798836,1.3045849,0.40541512,0.18607956,0.46858004,0.62977874,272.54727,121.72391,163.5988,259.77185,1.7687116,1.6156323,1.1343777,0.69693434,98.25,127.0532,1.4961807,0.12962702,3.1208587,2.0484881,1.4305247,0.73735958,0.32717523,0.071459129,0.0,0.0,220.875,125.375,108.75,95.625,75.5,32.0,6.75,0.375,0.5,0.5,1.0,7.1763501,0.5,7.228416,-1.695256,-1.6473392,-1.6147448,-4.6548285,-4.5842643,-4.5721459,1.1450816,211.875,231.875,152.5,55.875,18.625,4.0,0.0,0.0,0.20114942,0.045751635,0.67986977,0.70442331,0.84531933,0.92041934,0.88182408,0.60114163,1.9593273,3.6832983,0.33095744,0.65141302,0.77256513,0.78880811,0.68322653,0.69191229,0.0,0.0,1.1569946,227.31306,263.0,572.5,348.75,185.75,67.75,21.875,4.375,0.0,0.0,360.625,116.875,33.25,11.875,3.25,0.375,0.0,0.0,EXT117
C:/Users/MICROSOFT/Documents/nauval_mrnavac/cycpeptmp_standalone/runs/run_20260102_172000_moe/sdf/monomer.sdf,O=C[C@@](NC)C,7.3578677,0.63106996,2,O=C[C@@](NC)C,265.0195,202.13445,62.885071,170.11804,94.901466,345.6499,107.53348,139.24936,238.11641,0.88673788,0.67720473,32.970905,1.0366342,25.116936,25.666601,0.0011707768,-8.9786911,0,2.6058025,3.6484573,3.6606975,0.54966539,0.76271528,0.23728469,0.64190763,0.35809237,1.3042432,0.40575683,0.18605083,0.46851993,0.62979966,272.60397,121.73588,163.64131,259.83075,1.7688955,1.6156975,1.1345361,0.69690865,98.25,128.69574,1.4888434,0.13011828,3.120441,2.0472939,1.4302121,0.73721325,0.32704172,0.071434513,0.0,0.0,221.5,125.875,109.125,95.875,75.625,31.875,6.75,0.375,0.5,0.5,1.0,7.1763501,0.5,7.228416,-1.6948819,-1.6470321,-1.614628,-4.6547813,-4.5854387,-4.5720057,1.1455225,212.0,231.75,152.375,55.75,18.625,4.0,0.0,0.0,0.20045818,0.045632333,0.68011755,0.6948213,0.83686346,0.91711968,0.88855708,0.61722028,1.9596344,3.6837947,0.32769352,0.64937282,0.77648091,0.79769087,0.68287814,0.69120216,0.0,0.0,1.1563661,227.32852,262.875,572.625,348.875,185.5,67.625,21.875,4.375,0.0,0.0,360.625,117.125,33.125,11.875,3.25,0.375,0.0,0.0,EXT118
C:/Users/MICROSOFT/Documents/nauval_mrnavac/cycpeptmp_standalone/runs/run_20260102_172000_moe/sdf/monomer.sdf,O=C[C@@](NC)C,7.3578677,0.63106996,191,O=C[C@@](NC)C,266.68851,203.18283,63.505669,171.04353,95.644974,347.44266,108.5947,139.67717,238.84795,0.88673788,0.67655975,32.973751,1.0273842,25.116194,25.669514,0.00098564953,-8.9724979,0,2.6162219,3.6513035,3.6596453,0.5533216,0.76187325,0.23812677,0.64136076,0.35863927,1.3028033,0.40719676,0.18606175,0.46862778,0.62966257,272.52838,121.73183,163.56259,259.7623,1.7686502,1.6156813,1.1344444,0.69692212,98.25,127.466,1.4897113,0.12992758,3.1201563,2.0495954,1.4309164,0.73727429,0.3271414,0.071423374,0.0,0.0,221.25,125.75,109.0,95.625,75.625,32.0,6.75,0.375,0.5,0.5,1.0,7.1763501,0.5,7.228416,-1.6951509,-1.6474597,-1.6147888,-4.6554861,-4.584825,-4.5707746,1.1451775,211.625,231.625,152.75,55.875,18.75,4.0,0.0,0.0,0.20183486,0.045751635,0.67434061,0.69348663,0.83582258,0.92008406,0.87915438,0.61962813,1.9590411,3.6837087,0.32877821,0.65003723,0.77006203,0.79833639,0.68211073,0.69157797,0.0,0.0,1.1568978,227.33209,263.0,572.375,348.625,186.0,67.75,22.0,4.375,0.0,0.0,360.75,117.0,33.25,11.875,3.25,0.375,0.0,0.0,EXT119
C:/Users/MICROSOFT/Documents/nauval_mrnavac/cycpeptmp_standalone/runs/run_20260102_172000_moe/sdf/monomer.sdf,O=C[C@@](NC)C,7.3578677,0.63106996,73,O=C[C@@](NC)C,264.16388,201.48291,62.680977,169.24133,94.922554,344.53577,107.18447,138.80194,237.3513,0.88673788,0.67730695,33.008835,1.0477676,25.114491,25.664709,0.00087049115,-8.9885597,0,2.6350429,3.6863873,3.6604445,0.55021971,0.76271933,0.23728064,0.64066797,0.35933205,1.3042501,0.40574989,0.18612154,0.46860754,0.62974453,272.61322,121.76089,163.63,259.83554,1.7689254,1.6157024,1.1345005,0.69704318,98.25,128.16383,1.5394576,0.1231616,3.1328945,2.0477846,1.4417692,0.7307803,0.34003422,0.068144456,0.0,0.0,224.0,127.375,107.375,95.375,75.125,32.625,5.625,0.125,6.1032777,0.70710677,5.8949132,0.5,5.3385391,5.315073,-1.6431851,-1.5978528,-1.5724903,-4.7517853,-4.7112002,-4.6184525,1.1419301,215.75,229.375,153.125,57.625,20.875,3.125,0.0,0.0,0.23166473,0.041939713,0.69703323,0.70080411,0.87450171,0.92227578,0.91170031,0.61494964,2.3215878,3.7986944,0.34576413,0.6566276,0.77885824,0.88804859,0.67509609,0.57786715,0.0,0.0,1.1594521,226.40005,262.5,575.0,347.375,187.25,68.0,24.875,4.0,0.0,0.0,359.25,118.0,34.125,10.375,4.0,0.875,0.0,0.0,EXT120
C:/Users/MICROSOFT/Documents/nauval_mrnavac/cycpeptmp_standalone/runs/run_20260102_172000_moe/sdf/monomer.sdf,O=C[C@]1N(C)CCC1,16.580011,0.0,47,O=C[C@]1N(C)CCC1,295.64212,242.31549,53.326622,238.28221,57.359898,411.93631,90.655258,188.98886,321.28107,0.91906595,0.91316122,47.258072,5.698884,24.144291,24.76709,0.0011367633,-7.5096784,0,3.8121414,5.3590508,12.978821,0.62279826,0.81962442,0.18037559,0.80598199,0.19401802,1.3933614,0.30663851,0.26184952,0.39515951,0.69569224,436.15039,164.86006,290.24194,417.19876,1.9632322,1.5096076,1.4739381,0.77248484,123.125,151.63823,5.1948447,0.41017425,2.968627,1.89106,0.73277217,0.35440367,0.15110008,0.024653103,0.0,0.0,417.625,227.25,172.625,160.5,147.625,122.0,54.125,20.75,0.5,0.5,0.70710677,0.5,0.86602539,0.70710677,-2.1015074,-2.0825326,-2.0598176,-4.6166902,-4.601975,-4.5378981,1.1224419,195.875,176.75,96.5,34.375,10.75,1.5,0.0,0.0,0.062273715,0.0093457941,1.0723758,0.96224713,1.0899506,1.2632078,1.394716,1.3949407,0.99924761,1.1848228,0.74960363,2.4191017,3.938998,4.1971059,4.1117358,3.9060037,0.0,0.0,1.2518336,250.63235,313.75,593.875,266.875,98.625,34.375,10.75,1.5,0.0,0.0,398.0,90.125,2.125,0.0,0.0,0.0,0.0,0.0,EXT121
C:/Users/MICROSOFT/Documents/nauval_mrnavac/cycpeptmp_standalone/runs/run_20260102_172000_moe/sdf/monomer.sdf,O=C[C@]1N(C)CCC1,16.580011,4.5986326e-11,93,O=C[C@]1N(C)CCC1,298.03287,242.66029,55.372562,240.12953,57.903328,412.52249,94.133354,187.28773,318.38913,0.91999996,0.91316593,47.309994,5.7217116,24.146015,24.770504,0.0015203843,-7.5113835,0,3.8374043,5.410975,12.978854,0.62449062,0.81420654,0.18579347,0.80571496,0.19428505,1.3841511,0.31584892,0.26191926,0.39521533,0.6957441,436.13367,164.86855,290.23749,417.16129,1.9631946,1.5095922,1.4739743,0.77257979,123.0,151.12885,5.1987596,0.40990102,2.9681201,1.8919947,0.73266584,0.35429588,0.15107335,0.024662929,0.0,0.0,417.25,227.125,172.5,160.25,147.75,121.875,54.375,20.875,0.5,0.5,0.70710677,0.5,0.86602539,0.70710677,-2.101644,-2.0819099,-2.059674,-4.618372,-4.6021552,-4.5303931,1.1222773,195.75,176.25,96.5,34.375,10.75,1.5,0.0,0.0,0.062318839,0.009360374,1.0736005,0.96287227,1.0942011,1.2654909,1.3906537,1.3980941,1.0017576,1.1975647,0.75054091,2.4206316,3.9388678,4.2000208,4.1116009,3.9056938,0.0,0.0,1.2521834,250.66216,313.875,593.75,266.375,98.625,34.375,10.75,1.5,0.0,0.0,398.0,90.125,2.125,0.0,0.0,0.0,0.0,0.0,EXT122
C:/Users/MICROSOFT/Documents/nauval_mrnavac/cycpeptmp_standalone/runs/run_20260102_172000_moe/sdf/monomer.sdf,O=C[C@]1N(C)CCC1,16.580011,1.2616752e-10,160,O=C[C@]1N(C)CCC1,302.04144,246.87361,55.167831,241.50801,60.533424,419.68515,93.785316,191.70578,325.89981,0.91999996,0.91279942,47.320778,5.7094383,24.135702,24.756632,0.0015530221,-7.5072193,0,3.872437,5.4217587,12.980719,0.62093085,0.81735015,0.18264988,0.7995857,0.20041431,1.3894953,0.31050479,0.26196131,0.39515039,0.69583356,436.09232,164.82388,290.2439,417.11685,1.9631015,1.5095692,1.4739815,0.77263004,123.0,151.57101,5.1321111,0.40748188,2.9749062,1.8860925,0.73239654,0.35495263,0.15278324,0.021638643,0.0,0.0,418.375,227.25,174.25,160.125,145.5,120.75,51.5,20.625,0.5,0.5,0.70710677,0.5,0.70710677,0.86602539,-2.0901277,-2.0562906,-2.0422604,-4.6343837,-4.6170201,-4.5788164,1.1279639,195.75,175.0,95.75,33.5,11.375,1.25,0.0,0.0,0.065279767,0.0078064012,1.0672895,0.96701539,1.1129363,1.2783993,1.40126,1.4082253,1.0420423,1.0968902,0.75828457,2.4391448,3.984832,4.1723132,4.0252471,4.0730858,0.0,0.0,1.2425539,250.59276,311.375,594.375,263.625,97.75,33.5,11.375,1.25,0.0,0.0,398.625,88.625,2.0,0.0,0.0,0.0,0.0,0.0,EXT123
C:/Users/MICROSOFT/Documents/nauval_mrnavac/cycpeptmp_standalone/runs/run_20260102_172000_moe/sdf/monomer.sdf,O=C[C@]1N(C)CCC1,16.580011,1.3230306e-10,128,O=C[C@]1N(C)CCC1,297.229,243.55504,53.673977,239.35483,57.874191,414.04355,91.245766,189.88106,322.79779,0.92187369,0.91256082,47.301571,5.6990843,24.136967,24.760706,0.0012770977,-7.509594,0,3.8617287,5.4025502,12.978773,0.62374026,0.81941879,0.18058123,0.80528754,0.19471246,1.3930119,0.30698806,0.26187798,0.39500886,0.69587857,436.10886,164.7787,290.28708,417.15192,1.9631387,1.5094976,1.474059,0.77247053,122.75,150.51883,5.2094283,0.4093304,2.9695544,1.8923148,0.73287708,0.35507068,0.15096179,0.02440821,0.0,0.0,417.375,227.5,172.125,160.625,147.75,121.625,54.125,20.75,0.5,0.5,0.70710677,0.5,0.86602539,0.70710677,-2.1014931,-2.0834756,-2.058851,-4.6113143,-4.6015501,-4.5609913,1.1219295,196.125,177.875,95.875,34.5,10.625,1.375,0.0,0.0,0.061728396,0.008560311,1.081238,0.95604873,1.1011053,1.2581302,1.3907293,1.3877776,0.9964236,1.1851166,0.74043316,2.4151113,3.9437058,4.1960468,4.1139393,3.9508865,0.0,0.0,1.2527379,250.651,314.0,593.375,267.75,98.125,34.5,10.625,1.375,0.0,0.0,397.25,89.875,2.25,0.0,0.0,0.0,0.0,0.0,EXT124
C:/Users/MICROSOFT/Documents/nauval_mrnavac/cycpeptmp_standalone/runs/run_20260102_172000_moe/sdf/monomer.sdf,O=C[C@]1N(C)CCC1,16.580011,2.1156055e-10,7,O=C[C@]1N(C)CCC1,296.56549,241.59428,54.971195,239.0649,57.500595,410.7103,93.451035,186.62309,317.25925,0.91999996,0.91361725,47.343456,5.7148499,24.147947,24.77516,0.0019727433,-7.5138474,0,3.8683431,5.4444366,12.983132,0.62721229,0.81464058,0.18535939,0.80611163,0.19388835,1.384889,0.31511095,0.26185054,0.39501771,0.69582617,436.09274,164.77974,290.26056,417.1452,1.9631025,1.5095254,1.4740273,0.77244431,123.0,150.64839,5.2005477,0.41007903,2.9688087,1.8916769,0.7329067,0.35452822,0.15113807,0.024639629,0.0,0.0,417.75,227.5,172.625,160.625,147.625,121.75,54.25,20.75,0.5,0.5,0.70710677,0.5,0.86602539,0.70710677,-2.1015036,-2.0824509,-2.0600655,-4.6167817,-4.6032834,-4.5393195,1.1227185,196.125,177.0,96.5,34.375,10.75,1.5,0.0,0.0,0.062273715,0.0093385214,1.0749946,0.96109498,1.0950253,1.2647287,1.3944256,1.3919665,0.9882884,1.1845798,0.74914122,2.4151652,3.9392679,4.1973734,4.1120043,3.9063203,0.0,0.0,1.251359,250.62753,313.625,594.0,267.125,98.625,34.375,10.75,1.5,0.0,0.0,397.875,90.125,2.125,0.0,0.0,0.0,0.0,0.0,EXT125
C:/Users/MICROSOFT/Documents/nauval_mrnavac/cycpeptmp_standalone/runs/run_20260102_172000_moe/sdf/monomer.sdf,O=C[C@]1N(C)CCC1,16.580011,2.7539571e-10,29,O=C[C@]1N(C)CCC1,299.4866,244.25354,55.233059,239.88268,59.60392,415.23102,93.896202,189.02048,321.33481,0.91906595,0.91234523,47.279007,5.6937332,24.139883,24.761929,0.0017390142,-7.5080113,0,3.8416545,5.3799853,12.979951,0.62204564,0.81557417,0.18442582,0.80097967,0.19902033,1.3864762,0.31352389,0.26182786,0.39509499,0.69577521,436.12729,164.82297,290.25861,417.173,1.9631802,1.5096006,1.4740229,0.77244931,123.125,150.03914,5.1346102,0.40776521,2.9750285,1.886155,0.73251116,0.35502329,0.15279698,0.021642823,0.0,0.0,418.625,227.125,174.375,160.25,145.5,120.875,51.375,20.625,0.5,0.70710677,0.5,0.5,0.70710677,0.86602539,-2.090343,-2.056731,-2.0423169,-4.6347656,-4.6176724,-4.5786743,1.1278874,195.75,175.375,95.75,33.5,11.375,1.25,0.0,0.0,0.065232977,0.0078003118,1.0671413,0.96956205,1.1156685,1.2812666,1.4056844,1.4154348,1.0365816,1.0962863,0.7577579,2.4410677,3.984756,4.1722393,4.0251932,4.0731034,0.0,0.0,1.2426382,250.57574,311.375,594.625,263.875,97.75,33.5,11.375,1.25,0.0,0.0,398.875,88.5,2.0,0.0,0.0,0.0,0.0,0.0,EXT126
C:/Users/MICROSOFT/Documents/nauval_mrnavac/cycpeptmp_standalone/runs/run_20260102_172000_moe/sdf/monomer.sdf,O=C[C@]1N(C)CCC1,16.580011,3.9258907e-10,49,O=C[C@]1N(C)CCC1,296.86182,243.38463,53.477188,238.85307,58.008751,413.75388,90.911224,189.90744,322.84265,0.91999996,0.91343468,47.353394,5.7135363,24.144669,24.767242,0.0020501288,-7.5179887,0,3.8873816,5.4543743,12.983184,0.62257409,0.81985831,0.18014169,0.80459344,0.19540657,1.3937591,0.30624086,0.26188222,0.3952193,0.69572484,436.11969,164.8661,290.22229,417.15097,1.963163,1.5096978,1.4739321,0.77257919,123.0,149.77739,5.151907,0.42219549,2.9668686,1.8929464,0.73098934,0.35215485,0.15096998,0.021379508,0.0,0.0,416.75,229.25,176.25,162.5,149.0,122.25,51.75,21.5,0.5,0.5,0.70710677,0.70710677,0.86602539,0.5,-2.093122,-2.0823004,-2.0649633,-4.5833526,-4.5178566,-4.5043788,1.1228789,195.0,176.0,95.875,34.625,11.625,1.5,0.0,0.0,0.065957449,0.0092307692,1.0858712,0.96522409,1.1088501,1.2798998,1.4156547,1.4255285,1.0462626,1.0014142,0.75611883,2.4232423,3.9916017,4.1896081,4.0512667,3.7953057,0.0,0.0,1.2516787,250.86311,314.0,592.5,267.25,98.375,34.625,11.625,1.5,0.0,0.0,397.5,91.25,2.5,0.0,0.0,0.0,0.0,0.0,EXT127
C:/Users/MICROSOFT/Documents/nauval_mrnavac/cycpeptmp_standalone/runs/run_20260102_172000_moe/sdf/monomer.sdf,O=C[C@]1N(C)CCC1,16.580011,4.6841464e-10,23,O=C[C@]1N(C)CCC1,296.59485,243.90062,52.694229,238.20796,58.386887,414.63104,89.580193,191.20639,325.05087,0.92093587,0.91307324,47.248569,5.7263994,24.144533,24.771551,0.0019000635,-7.5077267,0,3.7677929,5.3495479,12.980924,0.62701851,0.82233602,0.17766401,0.80314261,0.19685739,1.3979712,0.30202881,0.26187947,0.3951422,0.69578475,436.09448,164.82579,290.23291,417.13031,1.9631064,1.509467,1.4738854,0.77245712,122.875,151.10011,5.1627488,0.4197906,2.9699736,1.8756248,0.7333656,0.34993055,0.15015334,0.023293138,0.0,0.0,421.875,228.375,175.0,161.0,145.25,123.0,53.0,20.875,0.5,0.70710677,0.5,0.5,0.86602539,0.70710677,-2.0837986,-2.0818236,-2.0412223,-4.6823092,-4.531467,-4.3174977,1.1254796,200.375,174.25,95.875,34.25,10.75,1.625,0.0,0.0,0.061428573,0.010093167,1.0917736,0.98227507,1.1139793,1.2848713,1.4139922,1.3955847,1.0209543,1.0860338,0.736651,2.4586833,3.9916103,4.1984987,4.0536866,3.9337535,0.0,0.0,1.2472932,250.84319,312.875,597.25,263.625,97.875,34.25,10.75,1.625,0.0,0.0,396.875,89.375,2.0,0.0,0.0,0.0,0.0,0.0,EXT128
C:/Users/MICROSOFT/Documents/nauval_mrnavac/cycpeptmp_standalone/runs/run_20260102_172000_moe/sdf/monomer.sdf,O=C[C@]1N(C)CCC1,16.580011,4.6911097e-10,56,O=C[C@]1N(C)CCC1,295.96716,242.81902,53.148148,236.83867,59.128487,412.79233,90.351852,189.67087,322.44049,0.91906595,0.91311246,47.304668,5.7236099,24.149479,24.778534,0.0015605751,-7.5153146,0,3.8169265,5.4056482,12.984037,0.62905592,0.82042551,0.17957447,0.80021942,0.19978057,1.3947234,0.3052766,0.2618179,0.3951678,0.69574261,436.06683,164.82732,290.19922,417.10715,1.9630442,1.5095785,1.4738665,0.77242327,123.125,149.99995,5.1299515,0.40813762,2.9750035,1.885983,0.73073006,0.35503453,0.15276818,0.021605259,0.0,0.0,418.625,227.0,174.5,160.25,145.625,121.125,51.5,20.625,0.5,0.70710677,0.5,0.5,0.70710677,0.86602539,-2.0901797,-2.0567129,-2.0425227,-4.6349111,-4.6182923,-4.5791187,1.1278785,195.625,175.375,95.625,33.625,11.375,1.25,0.0,0.0,0.065186247,0.0078003118,1.0648988,0.96844053,1.1112477,1.2783051,1.4059404,1.4138842,1.0398508,1.0964608,0.75710392,2.4424825,3.9829736,4.1772895,4.0254974,4.0733714,0.0,0.0,1.242648,250.57378,311.375,594.5,264.0,97.75,33.625,11.375,1.25,0.0,0.0,398.875,88.625,2.125,0.0,0.0,0.0,0.0,0.0,EXT129
C:/Users/MICROSOFT/Documents/nauval_mrnavac/cycpeptmp_standalone/runs/run_20260102_172000_moe/sdf/monomer.sdf,O=C[C@]1N(C)CCC1,16.580011,5.8600236e-10,44,O=C[C@]1N(C)CCC1,297.62854,244.00941,53.619137,240.34323,57.285316,414.81601,91.152534,190.39027,323.66345,0.91906595,0.91326225,47.255058,5.7143564,24.136799,24.757599,0.0011421448,-7.515182,0,3.8036799,5.356039,12.978283,0.62079942,0.81984544,0.18015455,0.80752748,0.19247252,1.3937373,0.30626273,0.26182306,0.39503708,0.69587058,436.20981,164.82703,290.34814,417.24445,1.9633659,1.50959,1.4740506,0.7724368,123.125,150.78648,5.151907,0.42253846,2.9668691,1.8928546,0.73029464,0.35203344,0.15083927,0.021335272,0.0,0.0,416.75,229.125,176.25,162.5,148.875,122.125,51.75,21.5,0.5,0.5,0.70710677,0.70710677,0.86602539,0.5,-2.0930688,-2.0825295,-2.0650885,-4.5830479,-4.5214782,-4.5081015,1.122344,195.0,176.375,95.75,34.5,11.625,1.5,0.0,0.0,0.065957449,0.0092307692,1.0854137,0.96718299,1.1084934,1.2795273,1.4171872,1.4272087,1.0344564,0.96537977,0.7565279,2.4194279,3.9965177,4.1905947,4.0516768,3.7956688,0.0,0.0,1.2526073,250.87671,314.25,592.5,267.5,98.25,34.5,11.625,1.5,0.0,0.0,397.5,91.125,2.5,0.0,0.0,0.0,0.0,0.0,EXT130
C:/Users/MICROSOFT/Documents/nauval_mrnavac/cycpeptmp_standalone/runs/run_20260102_172000_moe/sdf/monomer.sdf,O=C[C@]1N(C)CCC1,16.580011,6.2126659e-10,105,O=C[C@]1N(C)CCC1,297.73007,243.55986,54.170204,239.69785,58.032207,414.05176,92.08934,189.38965,321.9624,0.91906595,0.91329449,47.303619,5.7061973,24.140976,24.766325,0.0015587714,-7.519649,0,3.8510709,5.4045982,12.978466,0.62534833,0.81805599,0.18194401,0.80508447,0.19491552,1.3906952,0.30930483,0.26194113,0.39515764,0.69581056,436.16293,164.85484,290.28351,417.18753,1.9632604,1.5095308,1.4739597,0.77258068,123.125,151.41823,5.151907,0.42266122,2.9669664,1.8932328,0.73055959,0.35201153,0.15080053,0.02134043,0.0,0.0,416.75,229.25,176.25,162.625,149.0,122.625,51.875,21.5,0.5,0.5,0.70710677,0.70710677,0.86602539,0.5,-2.0930393,-2.0827789,-2.0644488,-4.5855155,-4.5230083,-4.5073891,1.122604,195.0,176.5,95.75,34.5,11.625,1.5,0.0,0.0,0.065957449,0.0092236744,1.0854558,0.9648605,1.108569,1.2777697,1.4152349,1.4246253,1.0315773,1.0040116,0.75567538,2.4150579,3.9959416,4.1905289,4.0516281,3.7957008,0.0,0.0,1.2521513,250.86827,314.125,592.375,267.625,98.25,34.5,11.625,1.5,0.0,0.0,397.375,91.125,2.5,0.0,0.0,0.0,0.0,0.0,EXT131
C:/Users/MICROSOFT/Documents/nauval_mrnavac/cycpeptmp_standalone/runs/run_20260102_172000_moe/sdf/monomer.sdf,O=C[C@]1N(C)CCC1,16.580011,6.2632921e-10,151,O=C[C@]1N(C)CCC1,298.33002,243.50775,54.822281,240.04791,58.282116,413.96317,93.197876,188.68547,320.76529,0.91999996,0.91338605,47.330746,5.7247939,24.142815,24.763493,0.001626902,-7.5205998,0,3.8611345,5.4317236,12.979697,0.62067616,0.81623614,0.18376388,0.8046388,0.19536121,1.3876014,0.31239858,0.26186475,0.39521265,0.69568866,436.13794,164.87361,290.22528,417.17697,1.9632041,1.5096525,1.4739506,0.77253026,123.0,149.20192,5.1281242,0.40774772,2.9745035,1.8860359,0.73248708,0.35477,0.15279074,0.021647245,0.0,0.0,418.375,227.375,174.375,160.125,145.5,120.875,51.5,20.625,0.5,0.70710677,0.5,0.5,0.70710677,0.86602539,-2.0901208,-2.05656,-2.0421495,-4.6348586,-4.6156383,-4.5793262,1.1279818,195.75,175.375,95.75,33.5,11.375,1.25,0.0,0.0,0.065232977,0.0078064012,1.0675269,0.96707344,1.109661,1.2761291,1.3986708,1.4077729,1.031257,1.0967343,0.7577216,2.4409802,3.9846265,4.1721096,4.0250506,4.0729294,0.0,0.0,1.2425343,250.59671,311.375,594.25,263.875,97.75,33.5,11.375,1.25,0.0,0.0,398.5,88.5,2.0,0.0,0.0,0.0,0.0,0.0,EXT132
C:/Users/MICROSOFT/Documents/nauval_mrnavac/cycpeptmp_standalone/runs/run_20260102_172000_moe/sdf/monomer.sdf,O=C[C@]1N(C)CCC1,16.580011,6.5238126e-10,4,O=C[C@]1N(C)CCC1,296.96255,242.1089,54.853653,238.30434,58.658215,411.58514,93.251213,187.25525,318.33392,0.91999996,0.91283578,47.260384,5.7222185,24.141497,24.765018,0.0016515844,-7.5059962,0,3.7948277,5.3613629,12.976667,0.62352186,0.81528425,0.18471572,0.80247271,0.1975273,1.3859832,0.31401673,0.26183596,0.39516288,0.69571024,436.09973,164.84064,290.21277,417.14606,1.9631182,1.5095243,1.4739852,0.77242225,123.0,149.81334,5.2031751,0.40990487,2.9687862,1.8916556,0.73260868,0.35448423,0.15109774,0.024637865,0.0,0.0,417.625,227.5,172.5,160.75,147.875,122.125,54.25,20.875,0.5,0.5,0.70710677,0.5,0.86602539,0.70710677,-2.1015306,-2.0826867,-2.0592465,-4.6170731,-4.6029797,-4.5419383,1.1226817,196.125,177.0,96.5,34.5,10.75,1.5,0.0,0.0,0.062318839,0.0093312599,1.0743645,0.9616648,1.098016,1.2612816,1.3997383,1.3972501,0.98838788,1.1976826,0.74991858,2.420028,3.9386439,4.1905556,4.1113758,3.9058022,0.0,0.0,1.2513999,250.61932,313.625,593.875,267.0,98.625,34.5,10.75,1.5,0.0,0.0,397.75,90.0,2.125,0.0,0.0,0.0,0.0,0.0,EXT133
C:/Users/MICROSOFT/Documents/nauval_mrnavac/cycpeptmp_standalone/runs/run_20260102_172000_moe/sdf/monomer.sdf,O=C[C@]1N(C)CCC1,16.580011,7.4836493e-10,0,O=C[C@]1N(C)CCC1,297.92523,243.59419,54.331032,239.72426,58.200958,414.11014,92.362755,189.26315,321.74738,0.92093587,0.91304797,47.315536,5.7191563,24.145714,24.771002,0.0017233365,-7.5081077,0,3.8429701,5.4165144,12.980683,0.62528718,0.81763536,0.18236466,0.80464572,0.19535425,1.3899801,0.31001991,0.26188165,0.39515343,0.69578135,436.05734,164.81581,290.20569,417.0932,1.9630227,1.509602,1.4738637,0.77252936,122.875,150.29269,5.1331797,0.40937725,2.9746692,1.886202,0.73294467,0.35479173,0.15285832,0.021759721,0.0,0.0,418.25,227.375,174.25,160.0,145.5,120.5,51.5,20.625,0.5,0.5,0.70710677,0.5,0.70710677,0.86602539,-2.0903873,-2.0562115,-2.0421548,-4.6334257,-4.6136374,-4.5796471,1.1281569,195.75,175.0,96.0,33.5,11.375,1.25,0.0,0.0,0.065279767,0.0078125,1.0688034,0.96512568,1.1142554,1.2811311,1.4022213,1.4146787,1.0444876,1.1134163,0.75522113,2.4385972,3.9853222,4.172298,4.0252547,4.0731969,0.0,0.0,1.2421752,250.56853,311.25,594.125,263.625,98.0,33.5,11.375,1.25,0.0,0.0,398.375,88.625,2.0,0.0,0.0,0.0,0.0,0.0,EXT134
C:/Users/MICROSOFT/Documents/nauval_mrnavac/cycpeptmp_standalone/runs/run_20260102_172000_moe/sdf/monomer.sdf,O=C[C@]1N(C)CCC1,16.580011,7.6972739e-10,70,O=C[C@]1N(C)CCC1,300.0379,243.99358,56.044338,241.82843,58.209476,414.78906,95.275375,187.94923,319.5137,0.92093587,0.91285914,47.32811,5.7306857,24.145187,24.765493,0.0012015944,-7.5083957,0,3.8528361,5.4290881,12.977891,0.62030607,0.81320912,0.18679085,0.8059929,0.19400707,1.3824556,0.31754446,0.26188445,0.39516073,0.69572729,436.10806,164.84171,290.22336,417.15103,1.9631369,1.5096062,1.4740101,0.77253574,122.875,151.24303,5.1516094,0.42200255,2.9665265,1.8931539,0.73113537,0.35224563,0.15115556,0.021386871,0.0,0.0,417.5,229.375,176.375,162.375,148.625,122.125,51.625,21.25,0.5,0.5,0.70710677,0.70710677,0.86602539,0.5,-2.0930665,-2.0820773,-2.0658863,-4.5748563,-4.5109868,-4.5014887,1.1231067,195.25,175.375,95.875,34.375,11.5,1.5,0.0,0.0,0.065201983,0.0092378752,1.0849326,0.96693605,1.1074182,1.2839894,1.4151512,1.4282039,1.0507205,0.98322117,0.75487524,2.4205654,3.9915714,4.1967635,4.0519857,3.795099,0.0,0.0,1.2512586,250.84743,313.875,592.875,266.875,98.25,34.375,11.5,1.5,0.0,0.0,397.625,91.5,2.375,0.0,0.0,0.0,0.0,0.0,EXT135
C:/Users/MICROSOFT/Documents/nauval_mrnavac/cycpeptmp_standalone/runs/run_20260102_172000_moe/sdf/monomer.sdf,O=C[C@]1N(C)CCC1,16.580011,8.2057383e-10,26,O=C[C@]1N(C)CCC1,300.1416,245.98949,54.152115,241.73627,58.405342,418.18213,92.058594,191.83739,326.12354,0.92187369,0.91366082,47.285309,5.7294517,24.147034,24.770054,0.0015002961,-7.5180349,0,3.8045073,5.3862896,12.979796,0.62302107,0.81957811,0.18042189,0.8054074,0.19459262,1.3932828,0.30671719,0.26188749,0.39513418,0.69579536,436.17947,164.85435,290.29352,417.21106,1.9632976,1.509526,1.4740362,0.77249908,122.75,150.85347,5.2013159,0.40902805,2.9683387,1.8905723,0.73238647,0.35473526,0.15117601,0.024443893,0.0,0.0,417.625,227.375,172.25,160.375,147.375,121.625,54.25,20.75,0.5,0.5,0.70710677,0.5,0.86602539,0.70710677,-2.1013737,-2.0825546,-2.0591691,-4.6155691,-4.602314,-4.5477934,1.1222799,196.25,176.875,96.25,34.375,10.875,1.375,0.0,0.0,0.063134976,0.008573655,1.0787399,0.96141291,1.0986044,1.2650387,1.3930768,1.3907104,0.98751068,1.1862482,0.74400914,2.4180074,3.9454675,4.1973114,4.1085291,3.9506769,0.0,0.0,1.2521806,250.66273,313.875,593.625,266.875,98.375,34.375,10.875,1.375,0.0,0.0,397.375,90.0,2.125,0.0,0.0,0.0,0.0,0.0,EXT136
C:/Users/MICROSOFT/Documents/nauval_mrnavac/cycpeptmp_standalone/runs/run_20260102_172000_moe/sdf/monomer.sdf,O=C[C@]1N(C)CCC1,16.580011,8.4355278e-10,164,O=C[C@]1N(C)CCC1,298.35757,244.25136,54.106216,239.64821,58.709366,415.22733,91.980568,190.14516,323.24677,0.92093587,0.91304749,47.306198,5.723227,24.138069,24.766289,0.0017977457,-7.5150251,0,3.8374767,5.4071779,12.977408,0.62821937,0.81865311,0.18134688,0.8032248,0.19677518,1.3917103,0.30828968,0.26190504,0.39511755,0.69580448,436.08932,164.81393,290.23837,417.12634,1.9630947,1.509563,1.4739119,0.77254391,122.875,150.35921,5.1252599,0.41112956,2.9748755,1.8840505,0.73063642,0.35506138,0.15273751,0.021575328,0.0,0.0,418.875,227.5,174.875,160.625,145.625,121.0,51.625,20.5,0.5,0.70710677,0.5,0.5,0.70710677,0.86602539,-2.0901444,-2.0568109,-2.0426931,-4.6367564,-4.6229129,-4.5766945,1.1276655,195.5,175.25,95.625,33.625,11.375,1.25,0.0,0.0,0.065046459,0.0077821012,1.0636885,0.96332908,1.1077243,1.2738367,1.4088346,1.4123774,1.0422418,1.0869373,0.75537586,2.4403574,3.98492,4.1773949,4.0256023,4.0734601,0.0,0.0,1.243049,250.59351,311.5,594.375,263.875,97.75,33.625,11.375,1.25,0.0,0.0,398.875,88.625,2.125,0.0,0.0,0.0,0.0,0.0,EXT137
C:/Users/MICROSOFT/Documents/nauval_mrnavac/cycpeptmp_standalone/runs/run_20260102_172000_moe/sdf/monomer.sdf,O=C[C@]1N(C)CCC1,16.580011,9.1441166e-10,18,O=C[C@]1N(C)CCC1,296.60394,242.70805,53.895893,238.30144,58.302505,412.6037,91.623016,188.81216,320.98068,0.91906595,0.91268575,47.342068,5.7164912,24.133646,24.755747,0.0014936449,-7.516221,0,3.8875532,5.443047,12.980782,0.62210095,0.81829005,0.18170996,0.80343312,0.19656685,1.391093,0.30890694,0.26195285,0.39504451,0.6958642,436.15469,164.80922,290.30862,417.19153,1.9632418,1.5095198,1.474162,0.77259231,123.125,149.28334,5.130249,0.40777811,2.9744492,1.8860117,0.73234254,0.35475343,0.15277927,0.021661462,0.0,0.0,418.5,227.375,174.375,160.25,145.5,120.75,51.375,20.5,0.5,0.5,0.70710677,0.5,0.70710677,0.86602539,-2.0905852,-2.0563617,-2.0426359,-4.6344681,-4.6162014,-4.5791154,1.1276807,195.5,175.5,95.75,33.5,11.375,1.25,0.0,0.0,0.065232977,0.0078003118,1.0679463,0.96899855,1.111463,1.276654,1.4006059,1.4131752,1.0365245,1.086347,0.75706327,2.4386127,3.9842222,4.1717067,4.0246778,4.0726495,0.0,0.0,1.2430323,250.59685,311.5,594.375,264.0,97.75,33.5,11.375,1.25,0.0,0.0,398.875,88.5,2.0,0.0,0.0,0.0,0.0,0.0,EXT138
C:/Users/MICROSOFT/Documents/nauval_mrnavac/cycpeptmp_standalone/runs/run_20260102_172000_moe/sdf/monomer.sdf,O=C[C@]1N(C)CCC1,16.580011,1.0409877e-09,118,O=C[C@]1N(C)CCC1,297.98587,243.77766,54.208214,238.82872,59.157158,414.42203,92.153961,189.56946,322.26807,0.91906595,0.91326135,47.335426,5.716876,24.142384,24.766552,0.0016272471,-7.5140038,0,3.8705287,5.4364066,12.979844,0.6241681,0.8180846,0.18191537,0.80147666,0.19852336,1.3907439,0.30925614,0.26191264,0.39501801,0.69584149,436.10519,164.78333,290.27304,417.15396,1.9631305,1.5095191,1.4740505,0.7725327,123.125,149.99455,5.1289091,0.42035571,2.9702075,1.8787967,0.73392111,0.34939906,0.15016794,0.02161308,0.0,0.0,421.125,229.0,175.25,160.75,145.25,123.0,53.375,21.125,0.5,0.70710677,0.5,0.5,0.86602539,0.70710677,-2.0845439,-2.0819449,-2.0405598,-4.6751671,-4.5248623,-4.2892165,1.1248636,199.625,174.875,95.75,34.75,11.0,1.625,0.0,0.0,0.062767476,0.010108865,1.0942317,0.97420222,1.1069278,1.2906294,1.4102666,1.3812734,1.0323589,1.0839899,0.74341506,2.4501896,4.0006289,4.1983638,4.0269666,3.9156806,0.0,0.0,1.2483085,250.83943,313.125,596.625,264.125,97.75,34.75,11.0,1.625,0.0,0.0,397.0,89.25,2.0,0.0,0.0,0.0,0.0,0.0,EXT139
C:/Users/MICROSOFT/Documents/nauval_mrnavac/cycpeptmp_standalone/runs/run_20260102_172000_moe/sdf/monomer.sdf,O=C[C@]1N(C)CCC1,16.580011,1.2978418e-09,122,O=C[C@]1N(C)CCC1,300.20703,246.22438,53.982655,241.56958,58.637455,418.58145,91.770515,192.24173,326.81094,0.91999996,0.91291511,47.292809,5.7225738,24.137358,24.757387,0.0015021969,-7.5172477,0,3.833982,5.3937893,12.977365,0.62003064,0.82018191,0.17981809,0.80467659,0.19532338,1.3943093,0.30569077,0.26185644,0.39513597,0.69576973,436.16278,164.85068,290.27502,417.19983,1.9632601,1.5095854,1.4740639,0.77248371,123.0,150.86586,5.1495852,0.42269176,2.9669092,1.8931285,0.73066455,0.35208622,0.15090109,0.021352293,0.0,0.0,416.875,229.5,176.375,162.5,149.0,122.0,51.75,21.25,0.5,0.5,0.70710677,0.70710677,0.86602539,0.5,-2.0932691,-2.0825393,-2.0651882,-4.58393,-4.5176373,-4.5048676,1.1228683,195.0,176.25,95.875,34.625,11.625,1.5,0.0,0.0,0.065910704,0.0092307692,1.0847454,0.96084303,1.1066204,1.2797714,1.4196821,1.4333746,1.034556,0.98371589,0.75624877,2.4239972,3.9916949,4.1897049,4.0513597,3.7953691,0.0,0.0,1.2516905,250.86073,314.0,592.5,267.375,98.375,34.625,11.625,1.5,0.0,0.0,397.5,91.125,2.5,0.0,0.0,0.0,0.0,0.0,EXT140
C:/Users/MICROSOFT/Documents/nauval_mrnavac/cycpeptmp_standalone/runs/run_20260102_172000_moe/sdf/monomer.sdf,O=C[C@]1N(C)CCC1,16.580011,1.3203767e-09,121,O=C[C@]1N(C)CCC1,298.65399,244.25958,54.394409,239.12045,59.533535,415.24127,92.470497,189.86516,322.77078,0.91999996,0.91368413,47.35479,5.7100816,24.14362,24.76655,0.0014989829,-7.5166044,0,3.893723,5.4557714,12.982939,0.62292957,0.81786811,0.18213187,0.80066049,0.19933949,1.3903759,0.3096242,0.26187944,0.39514157,0.69573843,436.12979,164.84256,290.24359,417.17343,1.9631858,1.5095969,1.4740692,0.77252352,123.0,150.17023,5.1252599,0.41116053,2.9748747,1.8859798,0.73086774,0.35508367,0.15272729,0.021580724,0.0,0.0,418.875,227.625,174.875,160.75,145.75,121.125,51.625,20.5,0.5,0.70710677,0.5,0.5,0.70710677,0.86602539,-2.0902159,-2.0566978,-2.0425973,-4.6363363,-4.6203451,-4.5792112,1.1279579,195.75,175.375,95.625,33.625,11.375,1.25,0.0,0.0,0.065046459,0.0077760499,1.061363,0.96224111,1.1085218,1.2734736,1.4071037,1.4150368,1.042767,1.0870881,0.7558803,2.4417803,3.9841135,4.1765885,4.024796,4.0726609,0.0,0.0,1.2425605,250.59142,311.375,594.5,264.0,97.75,33.625,11.375,1.25,0.0,0.0,398.75,88.625,2.125,0.0,0.0,0.0,0.0,0.0,EXT141
C:/Users/MICROSOFT/Documents/nauval_mrnavac/cycpeptmp_standalone/runs/run_20260102_172000_moe/sdf/monomer.sdf,O=C[C@]1N(C)CCC1,16.580011,1.3344135e-09,168,O=C[C@]1N(C)CCC1,297.50583,244.67436,52.831463,240.11653,57.38929,415.94641,89.813492,191.8429,326.13293,0.91999996,0.91353631,47.347115,5.7197008,24.14255,24.770893,0.0020261202,-7.5174761,0,3.8749363,5.4480948,12.979559,0.62834227,0.82241875,0.17758128,0.80709863,0.1929014,1.3981118,0.30188817,0.26194251,0.39504907,0.69586825,436.05862,164.77414,290.24518,417.0979,1.9630256,1.5094384,1.4740174,0.77253538,123.0,151.30289,5.1236644,0.4103916,2.9746046,1.8842477,0.73070848,0.35512608,0.15269162,0.021494992,0.0,0.0,418.75,227.375,174.5,160.25,145.625,120.75,51.75,20.625,0.5,0.70710677,0.5,0.5,0.70710677,0.86602539,-2.0897951,-2.0571415,-2.0426536,-4.6396394,-4.6271787,-4.5748386,1.1279114,195.875,175.625,95.625,33.625,11.25,1.25,0.0,0.0,0.064469911,0.0078003118,1.0614969,0.96288216,1.1090372,1.2786608,1.4082189,1.415041,1.0458113,1.0975014,0.75334042,2.4373312,3.982635,4.1858563,4.0214138,4.0725732,0.0,0.0,1.2426116,250.5811,311.375,594.5,264.25,97.75,33.625,11.25,1.25,0.0,0.0,398.625,88.625,2.125,0.0,0.0,0.0,0.0,0.0,EXT142
C:/Users/MICROSOFT/Documents/nauval_mrnavac/cycpeptmp_standalone/runs/run_20260102_172000_moe/sdf/monomer.sdf,O=C[C@]1N(C)CCC1,16.580011,1.3628032e-09,43,O=C[C@]1N(C)CCC1,297.03687,243.33406,53.702793,238.524,58.512852,413.66791,91.294746,189.63127,322.37317,0.92093587,0.91343379,47.374878,5.7362685,24.145464,24.77,0.002120568,-7.519464,0,3.8826058,5.4758582,12.983884,0.62453586,0.81920493,0.18079506,0.80301148,0.19698852,1.3926485,0.30735159,0.26184183,0.39512286,0.69580984,436.07065,164.80826,290.22672,417.10635,1.9630527,1.5095648,1.4739814,0.77245158,122.875,150.47801,5.1464853,0.42143255,2.9669948,1.8926841,0.73102337,0.35222313,0.15104322,0.021393644,0.0,0.0,416.875,229.375,176.0,162.25,148.625,122.0,51.75,21.5,0.5,0.5,0.70710677,0.70710677,0.86602539,0.5,-2.0931132,-2.082268,-2.064893,-4.5821366,-4.5153036,-4.5027571,1.1230694,195.125,176.0,95.75,34.625,11.5,1.5,0.0,0.0,0.065340906,0.0092449924,1.0848081,0.96260381,1.1106099,1.2823526,1.4165057,1.428511,1.0495992,1.0014069,0.75634146,2.4191606,3.9921026,4.189815,4.0438294,3.7954953,0.0,0.0,1.2513002,250.83908,313.875,592.5,267.25,98.25,34.625,11.5,1.5,0.0,0.0,397.375,91.25,2.5,0.0,0.0,0.0,0.0,0.0,EXT143
C:/Users/MICROSOFT/Documents/nauval_mrnavac/cycpeptmp_standalone/runs/run_20260102_172000_moe/sdf/monomer.sdf,O=C[C@]1N(C)CCC1,16.580011,1.4091803e-09,54,O=C[C@]1N(C)CCC1,295.53088,241.42838,54.102512,238.26056,57.27034,410.42825,91.974274,187.32587,318.45398,0.91999996,0.91340429,47.291348,5.7329431,24.138973,24.76178,0.0020100679,-7.5209379,0,3.8154488,5.3923287,12.979166,0.62280816,0.81693113,0.18306889,0.80621201,0.19378801,1.3887829,0.31121713,0.26187533,0.39508206,0.69583237,436.18204,164.83476,290.31277,417.21652,1.9633034,1.5095135,1.4740274,0.77247477,123.0,150.35992,5.2005477,0.41012469,2.9686718,1.8914094,0.73261011,0.35444441,0.15111156,0.024642259,0.0,0.0,417.875,227.375,172.625,160.625,147.875,122.125,54.375,20.875,0.5,0.5,0.70710677,0.5,0.86602539,0.70710677,-2.101424,-2.0822206,-2.0594926,-4.6177168,-4.6034536,-4.5354705,1.1224922,196.25,176.75,96.5,34.5,10.75,1.5,0.0,0.0,0.062273715,0.0093385214,1.0727891,0.96367753,1.0955187,1.2651951,1.3996141,1.3970166,0.98775846,1.1973635,0.75029778,2.421082,3.9388578,4.1907783,4.1115956,3.9057961,0.0,0.0,1.2517775,250.64359,313.75,594.125,266.875,98.625,34.5,10.75,1.5,0.0,0.0,397.875,90.125,2.125,0.0,0.0,0.0,0.0,0.0,EXT144
C:/Users/MICROSOFT/Documents/nauval_mrnavac/cycpeptmp_standalone/runs/run_20260102_172000_moe/sdf/monomer.sdf,O=C[C@]1N(C)CCC1,16.580011,1.470454e-09,24,O=C[C@]1N(C)CCC1,298.17776,243.32324,54.854527,238.69623,59.481537,413.64951,93.252693,188.46872,320.39682,0.92187369,0.91277158,47.312027,5.7140484,24.138216,24.762396,0.0019174661,-7.5138655,0,3.8532925,5.4130082,12.980374,0.62418073,0.81603414,0.18396585,0.80051655,0.19948348,1.3872581,0.31274194,0.26198438,0.39508948,0.69588202,436.14243,164.81839,290.29919,417.16727,1.9632143,1.509533,1.4740373,0.77264553,122.75,150.9576,5.1544275,0.42168316,2.9665756,1.8925145,0.73076212,0.35222125,0.15115313,0.021397948,0.0,0.0,417.625,229.625,176.25,162.25,148.75,122.375,51.75,21.5,0.5,0.5,0.70710677,0.70710677,0.86602539,0.5,-2.0928466,-2.0823054,-2.065275,-4.5777373,-4.5125828,-4.5013094,1.122583,195.375,175.0,95.75,34.375,11.5,1.5,0.0,0.0,0.065248229,0.0092449924,1.0829555,0.96193379,1.1103169,1.2872183,1.4170215,1.4259506,1.0529162,1.0009366,0.75361949,2.4258971,3.9918699,4.1970534,4.0522723,3.7953889,0.0,0.0,1.2521747,250.86356,314.125,592.875,266.5,98.25,34.375,11.5,1.5,0.0,0.0,397.5,91.5,2.5,0.0,0.0,0.0,0.0,0.0,EXT145
C:/Users/MICROSOFT/Documents/nauval_mrnavac/cycpeptmp_standalone/runs/run_20260102_172000_moe/sdf/monomer.sdf,O=C[C@]1N(C)CCC1,16.580011,1.4735022e-09,117,O=C[C@]1N(C)CCC1,297.90146,243.33963,54.561829,239.0396,58.86187,413.67737,92.755112,188.7778,320.92227,0.92093587,0.91359746,47.318306,5.7135301,24.14533,24.768126,0.001765788,-7.5157185,0,3.8509593,5.4192848,12.983925,0.62279385,0.81684607,0.18315394,0.80241162,0.19758838,1.3886383,0.3113617,0.26190129,0.3951773,0.69577909,436.15015,164.85915,290.26349,417.17767,1.9632317,1.5095723,1.4740413,0.77254307,122.875,151.12158,5.1552043,0.42102361,2.9666295,1.8923677,0.73090649,0.35226062,0.15117432,0.02140398,0.0,0.0,417.25,229.375,176.0,162.125,148.625,122.0,51.5,21.5,0.5,0.5,0.70710677,0.70710677,0.86602539,0.5,-2.0928993,-2.0823722,-2.0650206,-4.5782537,-4.5143943,-4.5027561,1.1228873,195.25,175.5,95.75,34.375,11.5,1.5,0.0,0.0,0.065340906,0.0092521207,1.0844264,0.96250731,1.1106119,1.2853081,1.4165258,1.4271196,1.0426199,1.0009087,0.75467622,2.4241347,3.9921362,4.1973238,4.0525427,3.7956393,0.0,0.0,1.2516693,250.86497,314.0,592.75,266.75,98.25,34.375,11.5,1.5,0.0,0.0,397.5,91.25,2.5,0.0,0.0,0.0,0.0,0.0,EXT146
C:/Users/MICROSOFT/Documents/nauval_mrnavac/cycpeptmp_standalone/runs/run_20260102_172000_moe/sdf/monomer.sdf,O=C[C@]1N(C)CCC1,16.580011,1.5488446e-09,82,O=C[C@]1N(C)CCC1,295.48721,242.77945,52.707748,237.36496,58.122238,412.72507,89.603172,190.07172,323.12192,0.92187369,0.91352409,47.301876,5.7239823,24.145821,24.769791,0.0018957901,-7.5186405,0,3.82619,5.4028554,12.980017,0.62397057,0.82162428,0.17837574,0.80330032,0.19669968,1.3967613,0.30323875,0.26183513,0.39515802,0.69577181,436.11508,164.83995,290.24081,417.14941,1.9631528,1.5096265,1.4739881,0.77247328,122.75,150.92067,5.1890874,0.40921873,2.9694748,1.891857,0.73211884,0.35493746,0.15110601,0.024386488,0.0,0.0,417.375,227.625,172.25,160.625,147.625,121.625,54.25,20.75,0.5,0.5,0.70710677,0.5,0.86602539,0.70710677,-2.1012702,-2.0829613,-2.0591455,-4.615572,-4.6041679,-4.5527892,1.1225746,196.625,177.625,96.0,34.625,10.75,1.375,0.0,0.0,0.062409289,0.008560311,1.080902,0.95585054,1.0998591,1.2599651,1.3956251,1.389443,0.98718429,1.1858857,0.74456334,2.4134848,3.9428151,4.1897411,4.0951543,3.9505432,0.0,0.0,1.2516855,250.662,313.75,594.125,267.5,98.25,34.625,10.75,1.375,0.0,0.0,397.5,89.875,2.25,0.0,0.0,0.0,0.0,0.0,EXT147
C:/Users/MICROSOFT/Documents/nauval_mrnavac/cycpeptmp_standalone/runs/run_20260102_172000_moe/sdf/monomer.sdf,O=C[C@]1N(C)CCC1,16.580011,1.5783108e-09,55,O=C[C@]1N(C)CCC1,296.60153,242.47441,54.127125,238.52139,58.080154,412.20651,92.016113,188.34729,320.1904,0.91906595,0.91366386,47.301189,5.7287354,24.145401,24.770191,0.0015677747,-7.5205703,0,3.823853,5.4021692,12.976841,0.62479138,0.81750894,0.18249105,0.80418122,0.19581878,1.3897653,0.31023479,0.26188341,0.39512688,0.69582993,436.13867,164.83374,290.27701,417.1666,1.9632058,1.5095005,1.4740684,0.77248007,123.125,150.55608,5.1347575,0.42105585,2.9699414,1.8755412,0.73360133,0.34957722,0.15012711,0.021631494,0.0,0.0,421.125,229.125,175.5,160.875,145.375,123.125,53.25,21.25,0.5,0.70710677,0.5,0.5,0.86602539,0.70710677,-2.0843515,-2.0815265,-2.0402668,-4.6736917,-4.5231423,-4.2866812,1.1246017,199.125,174.625,95.75,34.625,10.875,1.625,0.0,0.0,0.061965812,0.01010101,1.094192,0.97587007,1.1069627,1.2929201,1.4126234,1.3847402,1.0304345,1.0887611,0.7434206,2.4567897,4.0006852,4.199563,4.0330906,3.9157119,0.0,0.0,1.2487653,250.84776,313.25,596.25,263.875,97.75,34.625,10.875,1.625,0.0,0.0,397.125,89.25,2.0,0.0,0.0,0.0,0.0,0.0,EXT148
C:/Users/MICROSOFT/Documents/nauval_mrnavac/cycpeptmp_standalone/runs/run_20260102_172000_moe/sdf/monomer.sdf,O=C[C@]1N(C)CCC1,16.580011,1.745196e-09,127,O=C[C@]1N(C)CCC1,297.88135,243.56772,54.313625,240.00092,57.880421,414.06512,92.333168,189.25409,321.73196,0.92093587,0.91331261,47.310688,5.7183561,24.146755,24.772171,0.0014336858,-7.5168247,0,3.8365757,5.4116659,12.98215,0.62541568,0.81766689,0.1823331,0.80569303,0.19430697,1.3900337,0.30996627,0.26183167,0.39513579,0.69574249,436.1207,164.83685,290.23947,417.16507,1.9631654,1.5096586,1.4738863,0.7724846,122.875,149.68568,5.1226187,0.40798524,2.9745476,1.8859581,0.73242718,0.35468173,0.1528147,0.021744382,0.0,0.0,418.375,227.5,174.5,160.375,145.875,120.75,51.625,20.5,0.5,0.5,0.70710677,0.5,0.70710677,0.86602539,-2.0904164,-2.0565665,-2.0423775,-4.6322303,-4.6128759,-4.5801296,1.1279564,195.5,174.875,96.0,33.5,11.5,1.25,0.0,0.0,0.065902576,0.0077942321,1.0690664,0.960976,1.1106223,1.275906,1.3999201,1.4110054,1.0354757,1.1026195,0.75378793,2.4388092,3.9855638,4.1725383,4.0175543,4.0734525,0.0,0.0,1.2425622,250.59108,311.375,594.375,263.625,98.0,33.5,11.5,1.25,0.0,0.0,398.875,88.75,2.0,0.0,0.0,0.0,0.0,0.0,EXT149
C:/Users/MICROSOFT/Documents/nauval_mrnavac/cycpeptmp_standalone/runs/run_20260102_172000_moe/sdf/monomer.sdf,O=C[C@]1N(C)CCC1,16.580011,1.7833592e-09,95,O=C[C@]1N(C)CCC1,297.44104,243.48901,53.952023,239.21347,58.227566,413.93134,91.718437,189.537,322.21289,0.92093587,0.91328186,47.307041,5.7001281,24.144081,24.771585,0.0015890583,-7.5091772,0,3.8525834,5.4080224,12.981156,0.62750471,0.81861269,0.18138729,0.80423832,0.19576171,1.3916416,0.30835837,0.26189962,0.39509395,0.69581276,436.03342,164.78416,290.20673,417.0759,1.9629688,1.5094714,1.473895,0.77248907,122.875,149.49539,5.2078457,0.41042665,2.9679894,1.8908929,0.7330327,0.35423076,0.15109199,0.024709262,0.0,0.0,417.375,227.625,173.25,160.875,148.0,122.25,54.375,20.875,0.5,0.5,0.70710677,0.5,0.86602539,0.70710677,-2.1017046,-2.0815775,-2.060446,-4.6190577,-4.600944,-4.5236025,1.1224701,196.125,175.875,96.0,34.375,10.75,1.5,0.0,0.0,0.062049061,0.0093240095,1.0758621,0.96933126,1.1026968,1.2770745,1.402656,1.4005287,1.0087055,1.1984334,0.75275451,2.4279783,3.9378307,4.20048,4.1120672,3.9058597,0.0,0.0,1.2518021,250.63866,313.75,593.75,266.0,98.125,34.375,10.75,1.5,0.0,0.0,397.625,90.125,2.125,0.0,0.0,0.0,0.0,0.0,EXT150
C:/Users/MICROSOFT/Documents/nauval_mrnavac/cycpeptmp_standalone/runs/run_20260102_172000_moe/sdf/monomer.sdf,O=C[C@]1N(C)CCC1,16.580011,1.7893562e-09,195,O=C[C@]1N(C)CCC1,295.0253,241.07332,53.951962,237.25938,57.765892,409.82465,91.71833,187.12137,318.10632,0.91999996,0.91296518,47.347099,5.7150655,24.143311,24.769567,0.0018191792,-7.5170779,0,3.8784547,5.4480796,12.982194,0.62625599,0.81712765,0.18287233,0.80420017,0.19579981,1.389117,0.31088296,0.26191723,0.39516082,0.69577003,436.07895,164.82738,290.21585,417.11465,1.9630713,1.5095963,1.4738854,0.77257895,123.0,149.96422,5.1375198,0.4098911,2.9749894,1.8860735,0.7325632,0.35500452,0.15277097,0.021643771,0.0,0.0,418.625,227.125,174.375,160.25,145.5,120.75,51.375,20.5,0.5,0.70710677,0.5,0.5,0.70710677,0.86602539,-2.0902836,-2.0568674,-2.0425148,-4.6344752,-4.6191549,-4.5786672,1.1278936,195.375,175.5,95.875,33.625,11.375,1.25,0.0,0.0,0.065232977,0.0078003118,1.0656382,0.97063231,1.1185932,1.2821597,1.4089339,1.4191374,1.0362087,1.0865992,0.75750154,2.4407489,3.9839332,4.1774631,4.0256815,4.0735869,0.0,0.0,1.2426314,250.57712,311.375,594.375,264.125,97.875,33.625,11.375,1.25,0.0,0.0,399.0,88.625,2.0,0.0,0.0,0.0,0.0,0.0,EXT151
C:/Users/MICROSOFT/Documents/nauval_mrnavac/cycpeptmp_standalone/runs/run_20260102_172000_moe/sdf/monomer.sdf,O=C[C@]1N(C)CCC1,16.580011,1.8575861e-09,85,O=C[C@]1N(C)CCC1,296.39954,242.98492,53.414619,238.2588,58.140728,413.07437,90.804855,189.5703,322.2695,0.92187369,0.91360968,47.361767,5.7148137,24.144361,24.770369,0.0014581553,-7.5175958,0,3.8953972,5.4627461,12.979728,0.62600714,0.81978846,0.18021154,0.80384338,0.19615661,1.3936404,0.30635965,0.26196536,0.39511365,0.69584215,436.08002,164.80614,290.24323,417.11072,1.9630738,1.509551,1.4740211,0.77262676,122.75,151.63794,5.1707282,0.41907194,2.9691043,1.8780959,0.73270392,0.34925377,0.15008879,0.023039952,0.0,0.0,421.625,228.25,174.625,161.25,145.375,123.0,53.25,21.0,0.5,0.70710677,0.5,0.5,0.86602539,0.70710677,-2.0835805,-2.0819213,-2.0419259,-4.6856828,-4.535975,-4.3418422,1.1254776,199.25,174.25,95.5,34.0,10.625,1.625,0.0,0.0,0.060844667,0.010077519,1.0908407,0.98187637,1.1236179,1.2853599,1.4179208,1.4059354,1.0310893,1.0868641,0.73535997,2.4544742,3.99067,4.1891909,4.0525064,3.9345875,0.0,0.0,1.2472954,250.84274,312.875,596.5,263.5,97.625,34.0,10.625,1.625,0.0,0.0,397.25,89.25,2.125,0.0,0.0,0.0,0.0,0.0,EXT152
C:/Users/MICROSOFT/Documents/nauval_mrnavac/cycpeptmp_standalone/runs/run_20260102_172000_moe/sdf/monomer.sdf,O=C[C@]1N(C)CCC1,16.580011,1.9741648e-09,166,O=C[C@]1N(C)CCC1,296.92111,242.72884,54.192272,237.87901,59.042095,412.63901,92.126862,188.53656,320.51215,0.91999996,0.9126783,47.290283,5.715013,24.139837,24.763008,0.0018368586,-7.5098481,0,3.8301151,5.3912616,12.980309,0.62317044,0.81748599,0.18251404,0.80115223,0.19884774,1.3897262,0.31027386,0.2618807,0.39516091,0.69575852,436.09717,164.83519,290.22476,417.13434,1.9631124,1.5095407,1.4739913,0.77249658,123.0,150.50378,5.2031956,0.40987843,2.9684808,1.8920974,0.73280346,0.3541989,0.15106145,0.024680411,0.0,0.0,417.5,227.375,173.0,160.75,148.0,122.25,54.5,20.875,0.5,0.5,0.70710677,0.5,0.86602539,0.70710677,-2.1015568,-2.0817516,-2.0600753,-4.6206198,-4.6021991,-4.5215387,1.1225765,196.25,176.125,96.125,34.5,10.75,1.625,0.0,0.0,0.062138729,0.010108865,1.0737249,0.96650821,1.0989459,1.270131,1.3974268,1.3949214,1.0041022,1.1984437,0.75305772,2.4199338,3.936487,4.193697,4.1114831,3.9103034,0.0,0.0,1.2516834,250.66243,313.75,594.0,266.25,98.25,34.5,10.75,1.625,0.0,0.0,397.75,90.125,2.125,0.0,0.0,0.0,0.0,0.0,EXT153
C:/Users/MICROSOFT/Documents/nauval_mrnavac/cycpeptmp_standalone/runs/run_20260102_172000_moe/sdf/monomer.sdf,O=C[C@]1N(C)CCC1,16.580011,2.0317401e-09,27,O=C[C@]1N(C)CCC1,299.12411,244.80157,54.322521,240.85059,58.27351,416.16269,92.348282,190.47906,323.81439,0.92187369,0.91297406,47.304581,5.718986,24.135561,24.756195,0.0017736801,-7.5184312,0,3.8496814,5.405561,12.977946,0.62063253,0.81839472,0.18160529,0.80518615,0.19481383,1.391271,0.30872899,0.26189971,0.39515534,0.69580036,436.18488,164.86316,290.29559,417.211,1.9633098,1.5096693,1.4739562,0.77259046,122.75,151.5948,5.1259227,0.40725079,2.9743316,1.8843391,0.7326296,0.35462615,0.15296699,0.021783538,0.0,0.0,418.5,227.5,174.375,160.0,145.875,120.375,51.5,20.625,0.5,0.5,0.70710677,0.5,0.70710677,0.86602539,-2.090503,-2.055866,-2.0423982,-4.6325803,-4.6116757,-4.5786562,1.1277552,195.625,175.125,96.0,33.5,11.5,1.25,0.0,0.0,0.06594982,0.0078125,1.0680199,0.96305621,1.1082314,1.2766603,1.3967803,1.4020314,1.0444878,1.1132715,0.75530338,2.4355931,3.9851751,4.1721492,4.0238075,4.0730577,0.0,0.0,1.2429502,250.6134,311.5,594.25,263.75,98.0,33.5,11.5,1.25,0.0,0.0,398.625,88.625,2.0,0.0,0.0,0.0,0.0,0.0,EXT154
C:/Users/MICROSOFT/Documents/nauval_mrnavac/cycpeptmp_standalone/runs/run_20260102_172000_moe/sdf/monomer.sdf,O=C[C@]1N(C)CCC1,16.580011,2.0743585e-09,109,O=C[C@]1N(C)CCC1,297.43814,243.2574,54.180759,238.12656,59.311596,413.53757,92.107292,189.07663,321.43027,0.91999996,0.91241789,47.342735,5.7303438,24.138437,24.760237,0.0018625889,-7.5090351,0,3.8664169,5.4437165,12.983876,0.62179959,0.81784195,0.18215807,0.80059183,0.19940816,1.3903313,0.30966872,0.26189744,0.39508465,0.69580543,436.11823,164.81366,290.26245,417.16037,1.9631598,1.5096103,1.4740143,0.77255696,123.0,150.50232,5.2069926,0.40984976,2.9679067,1.8913473,0.73346364,0.35408312,0.1510779,0.024760224,0.0,0.0,417.75,227.375,173.0,160.75,147.75,122.125,54.25,20.75,0.5,0.5,0.70710677,0.5,0.86602539,0.70710677,-2.1018314,-2.0811372,-2.0603092,-4.6212902,-4.6007223,-4.5076375,1.1225327,195.75,175.625,95.875,34.375,10.75,1.625,0.0,0.0,0.062138729,0.010108865,1.076637,0.97087896,1.1024867,1.2760992,1.4019259,1.404014,1.0135696,1.1831774,0.74574298,2.4268439,3.9430261,4.2003913,4.1116886,3.9101264,0.0,0.0,1.2517322,250.65265,313.75,593.75,265.625,98.0,34.375,10.75,1.625,0.0,0.0,398.0,90.0,2.125,0.0,0.0,0.0,0.0,0.0,EXT155
C:/Users/MICROSOFT/Documents/nauval_mrnavac/cycpeptmp_standalone/runs/run_20260102_172000_moe/sdf/monomer.sdf,O=C[C@]1N(C)CCC1,16.580011,2.13603e-09,91,O=C[C@]1N(C)CCC1,297.79443,243.21504,54.579388,238.79604,58.998394,413.46558,92.784958,188.63565,320.6806,0.91999996,0.91362798,47.31464,5.7097268,24.13945,24.764149,0.0017856965,-7.5207562,0,3.8582387,5.4156189,12.980739,0.62469822,0.81672126,0.18327874,0.80188215,0.19811785,1.3884262,0.31157386,0.2618902,0.39512399,0.6958167,436.1507,164.83836,290.28174,417.18134,1.9632329,1.509587,1.4740216,0.77253431,123.0,150.59293,5.1229978,0.40942702,2.9747994,1.885824,0.73049331,0.35502443,0.15270771,0.021562234,0.0,0.0,418.75,227.875,175.0,160.875,145.75,121.0,51.625,20.5,0.5,0.70710677,0.5,0.5,0.70710677,0.86602539,-2.0901158,-2.0566752,-2.0428317,-4.6366067,-4.6215715,-4.5773435,1.1279945,195.625,175.5,95.625,33.625,11.375,1.25,0.0,0.0,0.064999998,0.0077700079,1.0630978,0.9600479,1.1058266,1.2705337,1.4063518,1.408821,1.0426095,1.0869451,0.75512969,2.440676,3.9842641,4.1767387,4.0249496,4.072813,0.0,0.0,1.2425201,250.59956,311.375,594.375,264.125,97.75,33.625,11.375,1.25,0.0,0.0,398.75,88.625,2.125,0.0,0.0,0.0,0.0,0.0,EXT156
C:/Users/MICROSOFT/Documents/nauval_mrnavac/cycpeptmp_standalone/runs/run_20260102_172000_moe/sdf/monomer.sdf,O=C[C@]1N(C)CCC1,16.580011,2.1670417e-09,197,O=C[C@]1N(C)CCC1,299.57452,245.5076,54.066933,240.31087,59.263668,417.36292,91.913788,191.44067,325.44913,0.92093587,0.91312188,47.357502,5.7248473,24.138931,24.7612,0.0017478629,-7.5173297,0,3.8909762,5.4584813,12.97873,0.62226868,0.81952095,0.18047906,0.80217385,0.19782612,1.3931856,0.3068144,0.26187521,0.3951703,0.69575608,436.11002,164.84341,290.23135,417.14526,1.9631413,1.5096817,1.4739608,0.7725606,122.875,149.83945,5.1223254,0.41086468,2.974596,1.8862578,0.73065346,0.35505065,0.15272789,0.021552414,0.0,0.0,418.875,227.5,174.75,160.5,145.5,120.75,51.625,20.5,0.5,0.70710677,0.5,0.5,0.70710677,0.86602539,-2.0899801,-2.0565987,-2.0425563,-4.6371303,-4.6224251,-4.5772943,1.1282609,195.875,175.25,95.625,33.625,11.375,1.25,0.0,0.0,0.065092988,0.0077881622,1.0609062,0.96382099,1.1051984,1.2711453,1.4059415,1.4078145,1.0429326,1.087519,0.75666666,2.4407499,3.9845066,4.17698,4.0251708,4.0729651,0.0,0.0,1.2420607,250.59163,311.25,594.375,263.875,97.75,33.625,11.375,1.25,0.0,0.0,398.5,88.625,2.125,0.0,0.0,0.0,0.0,0.0,EXT157
C:/Users/MICROSOFT/Documents/nauval_mrnavac/cycpeptmp_standalone/runs/run_20260102_172000_moe/sdf/monomer.sdf,O=C[C@]1N(C)CCC1,16.580011,2.1920741e-09,120,O=C[C@]1N(C)CCC1,298.40622,246.00558,52.400631,239.7558,58.650414,418.2095,89.08107,193.60497,329.12842,0.91906595,0.91308582,47.335552,5.7184725,24.143217,24.764957,0.0020946681,-7.5149717,0,3.8693538,5.436532,12.980675,0.6217404,0.82439834,0.17560168,0.80345446,0.19654556,1.4014772,0.29852283,0.26189831,0.39523163,0.69573307,436.12253,164.87071,290.22476,417.14957,1.9631695,1.5096651,1.4739399,0.77258629,123.125,150.90311,5.134335,0.40809053,2.9749553,1.8858832,0.73248202,0.35499588,0.15277852,0.021615732,0.0,0.0,418.625,227.25,174.5,160.375,145.625,121.0,51.375,20.625,0.5,0.70710677,0.5,0.5,0.70710677,0.86602539,-2.0901132,-2.0567977,-2.042413,-4.6352563,-4.6187272,-4.5777035,1.1279323,195.875,175.375,95.875,33.5,11.375,1.25,0.0,0.0,0.065186247,0.0077942321,1.0645739,0.96939111,1.1156528,1.2790289,1.4053609,1.4142556,1.0366703,1.0964869,0.75908732,2.4411771,3.9835348,4.1723275,4.0252748,4.0731697,0.0,0.0,1.2425888,250.58572,311.375,594.5,263.875,97.875,33.5,11.375,1.25,0.0,0.0,398.625,88.5,2.0,0.0,0.0,0.0,0.0,0.0,EXT158
C:/Users/MICROSOFT/Documents/nauval_mrnavac/cycpeptmp_standalone/runs/run_20260102_172000_moe/sdf/monomer.sdf,O=C[C@]1N(C)CCC1,16.580011,2.2792719e-09,162,O=C[C@]1N(C)CCC1,297.86871,245.01477,52.853935,240.63278,57.235924,416.52512,89.851692,192.16084,326.67343,0.91906595,0.91291225,47.306305,5.7073474,24.14237,24.768143,0.001766953,-7.516675,0,3.8469226,5.4072857,12.982125,0.62577277,0.8225596,0.17744038,0.80784851,0.19215152,1.3983513,0.30164865,0.26192367,0.39517283,0.69579929,436.10678,164.83965,290.24088,417.13303,1.9631341,1.5095196,1.4739722,0.77254915,123.125,149.98071,5.1309371,0.40870485,2.9749045,1.8842647,0.73061842,0.35498524,0.15276423,0.021576455,0.0,0.0,418.5,227.25,174.75,160.5,145.75,121.25,51.5,20.5,0.5,0.70710677,0.5,0.5,0.70710677,0.86602539,-2.0900857,-2.0565667,-2.0422697,-4.6364098,-4.620091,-4.5773597,1.128258,196.0,175.25,95.75,33.625,11.375,1.25,0.0,0.0,0.065092988,0.0077881622,1.0642728,0.96967721,1.1128889,1.2799177,1.4061782,1.4133146,1.0402069,1.087159,0.75850767,2.4394941,3.9838457,4.176785,4.0249915,4.0728831,0.0,0.0,1.2420638,250.591,311.25,594.625,263.875,97.875,33.625,11.375,1.25,0.0,0.0,398.625,88.625,2.125,0.0,0.0,0.0,0.0,0.0,EXT159
C:/Users/MICROSOFT/Documents/nauval_mrnavac/cycpeptmp_standalone/runs/run_20260102_172000_moe/sdf/monomer.sdf,O=C[C@]1N(C)CCC1,16.580011,2.2826114e-09,144,O=C[C@]1N(C)CCC1,298.03317,244.04041,53.992775,239.81796,58.215214,414.86868,91.78772,190.04764,323.08096,0.91999996,0.91366082,47.337864,5.7233992,24.141657,24.766272,0.0017344536,-7.5184865,0,3.8692169,5.4388428,12.977241,0.62461519,0.81883639,0.18116364,0.80466866,0.19533132,1.3920218,0.30797818,0.26195189,0.39511359,0.69581175,436.13779,164.83034,290.27319,417.17203,1.9632038,1.5095582,1.474021,0.77261049,123.0,150.18451,5.151907,0.42246124,2.9669819,1.8932378,0.73095733,0.35207257,0.1508725,0.021346224,0.0,0.0,416.75,229.25,176.25,162.625,149.125,122.625,51.875,21.5,0.5,0.5,0.70710677,0.70710677,0.86602539,0.5,-2.093276,-2.0826504,-2.0643609,-4.5877891,-4.5232024,-4.5085521,1.1223019,195.125,176.625,95.75,34.5,11.625,1.5,0.0,0.0,0.065957449,0.0092236744,1.0855401,0.965087,1.1087563,1.277926,1.4176263,1.4246975,1.032161,1.004661,0.75560027,2.4185433,3.9963095,4.190414,4.0514832,3.7954471,0.0,0.0,1.2526543,250.86729,314.25,592.5,267.625,98.25,34.5,11.625,1.5,0.0,0.0,397.375,91.0,2.5,0.0,0.0,0.0,0.0,0.0,EXT160
C:/Users/MICROSOFT/Documents/nauval_mrnavac/cycpeptmp_standalone/runs/run_20260102_172000_moe/sdf/monomer.sdf,O=C[C@]1N(C)CCC1,16.580011,2.2908502e-09,41,O=C[C@]1N(C)CCC1,297.57999,243.91579,53.664192,239.88924,57.690746,414.65683,91.229126,190.25159,323.4277,0.91999996,0.91320384,47.313965,5.7289996,24.140383,24.763266,0.0019463951,-7.5180264,0,3.8387322,5.4149446,12.981021,0.62288183,0.81966466,0.18033536,0.80613363,0.19386636,1.3934299,0.30657011,0.26194417,0.39510283,0.69585007,436.17755,164.83871,290.31183,417.20459,1.9632933,1.5095062,1.474002,0.77257258,123.0,150.26877,5.1490874,0.42065471,2.9699354,1.8777359,0.73361468,0.34918901,0.15026528,0.021687267,0.0,0.0,421.125,229.125,175.5,160.875,145.375,123.125,53.125,21.25,0.5,0.70710677,0.5,0.5,0.5,0.70710677,-2.0844893,-2.0814645,-2.0398893,-4.6715298,-4.521153,-4.2783036,1.1243401,199.25,175.125,96.0,34.5,10.875,1.625,0.0,0.0,0.061965812,0.01010101,1.0963421,0.97593164,1.1070085,1.2929552,1.4126974,1.3846531,1.0479666,1.0896004,0.74207896,2.4480915,3.9987183,4.1973305,4.047051,3.9153819,0.0,0.0,1.249222,250.85611,313.375,596.375,264.375,98.0,34.5,10.875,1.625,0.0,0.0,397.125,89.25,2.0,0.0,0.0,0.0,0.0,0.0,EXT161
C:/Users/MICROSOFT/Documents/nauval_mrnavac/cycpeptmp_standalone/runs/run_20260102_172000_moe/sdf/monomer.sdf,O=C[C@]1N(C)CCC1,16.580011,2.2984317e-09,103,O=C[C@]1N(C)CCC1,297.10544,243.37415,53.731304,239.37544,57.729992,413.73602,91.343216,189.64284,322.39282,0.92093587,0.9129104,47.315853,5.7312374,24.135017,24.757212,0.0019271416,-7.5189581,0,3.8440666,5.416831,12.981408,0.62219405,0.81915075,0.18084927,0.8056919,0.19430809,1.3925562,0.30744377,0.26186037,0.3950772,0.69579673,436.17197,164.83212,290.29681,417.21497,1.9632807,1.5095346,1.4740471,0.7724635,122.875,150.69998,5.1500077,0.42020535,2.9700255,1.8776529,0.73376697,0.34925383,0.15032481,0.021717858,0.0,0.0,421.25,229.125,175.375,160.875,145.375,123.125,53.25,21.25,0.5,0.70710677,0.5,0.5,0.5,0.70710677,-2.0845718,-2.0815654,-2.0397847,-4.6705999,-4.5206747,-4.2806697,1.1242952,200.0,175.125,96.0,34.5,10.875,1.625,0.0,0.0,0.062009979,0.01010101,1.0957308,0.97588015,1.1079757,1.2929083,1.4126606,1.3845634,1.0373783,1.0897808,0.74281299,2.4474809,3.9988081,4.197422,4.0471244,3.91536,0.0,0.0,1.2492719,250.84613,313.375,596.75,264.375,98.0,34.5,10.875,1.625,0.0,0.0,396.75,89.25,2.0,0.0,0.0,0.0,0.0,0.0,EXT162
C:/Users/MICROSOFT/Documents/nauval_mrnavac/cycpeptmp_standalone/runs/run_20260102_172000_moe/sdf/monomer.sdf,O=C[C@]1N(C)CCC1,16.580011,2.3079778e-09,17,O=C[C@]1N(C)CCC1,294.87604,242.7641,52.111923,237.6171,57.258926,412.69897,88.590271,190.65218,324.1087,0.91999996,0.91356331,47.296925,5.7184277,24.14583,24.769148,0.001546256,-7.5153427,0,3.8297489,5.3979034,12.978054,0.62331754,0.82327515,0.17672485,0.80582035,0.19417967,1.3995677,0.30043226,0.26189446,0.39513403,0.69577658,436.16214,164.84924,290.27676,417.19827,1.9632586,1.5095778,1.4740049,0.7725358,123.0,149.6805,5.1513414,0.42287439,2.9678152,1.8924738,0.73098725,0.3520509,0.1508503,0.021322081,0.0,0.0,417.25,229.5,176.375,162.625,149.25,122.75,51.875,21.25,0.5,0.5,0.70710677,0.70710677,0.86602539,0.5,-2.0932136,-2.0829813,-2.0644491,-4.5911674,-4.5288134,-4.5111532,1.1224635,195.25,176.125,95.625,34.5,11.5,1.5,0.0,0.0,0.065201983,0.0092236744,1.081787,0.96447527,1.1098137,1.2819756,1.407937,1.4225667,1.0317222,1.0450556,0.75589257,2.4193399,3.9939229,4.1904254,4.0497894,3.795589,0.0,0.0,1.252308,250.83684,314.125,592.5,267.5,98.0,34.5,11.5,1.5,0.0,0.0,397.25,91.375,2.375,0.0,0.0,0.0,0.0,0.0,EXT163
C:/Users/MICROSOFT/Documents/nauval_mrnavac/cycpeptmp_standalone/runs/run_20260102_172000_moe/sdf/monomer.sdf,O=C[C@]1N(C)CCC1,16.580011,2.3570408e-09,137,O=C[C@]1N(C)CCC1,299.25696,245.25923,53.997711,241.28937,57.967587,416.9407,91.796104,191.26152,325.14459,0.92093587,0.91296142,47.284168,5.7043395,24.14769,24.772814,0.0014435868,-7.5057344,0,3.8269143,5.3851485,12.978658,0.62512439,0.81956071,0.18043929,0.80629492,0.19370507,1.3932532,0.30674678,0.26190656,0.39514577,0.69574094,436.09705,164.83142,290.22189,417.14075,1.9631121,1.5094908,1.4739419,0.77250928,122.875,150.91519,5.132401,0.42019948,2.9700208,1.8758197,0.73385721,0.34942338,0.15022731,0.023386229,0.0,0.0,421.125,228.875,175.25,161.125,145.375,123.0,53.0,21.0,0.5,0.70710677,0.5,0.5,0.86602539,0.70710677,-2.0841227,-2.0817885,-2.0412123,-4.6785545,-4.5282621,-4.307529,1.1251366,199.375,174.5,95.375,34.625,11.0,1.75,0.0,0.0,0.062767476,0.010861132,1.0952197,0.97590411,1.1111927,1.28574,1.4116322,1.3931075,1.0324912,1.0893379,0.74034756,2.4565237,3.9970219,4.2032218,4.026515,3.9230199,0.0,0.0,1.2478396,250.83353,313.0,596.25,263.75,97.375,34.625,11.0,1.75,0.0,0.0,396.875,89.25,2.0,0.0,0.0,0.0,0.0,0.0,EXT164
C:/Users/MICROSOFT/Documents/nauval_mrnavac/cycpeptmp_standalone/runs/run_20260102_172000_moe/sdf/monomer.sdf,O=C[C@]1N(C)CCC1,16.580011,2.4000002e-09,63,O=C[C@]1N(C)CCC1,298.23587,244.36719,53.868675,239.73219,58.503681,415.42422,91.576752,190.49852,323.84747,0.92093587,0.91310692,47.300049,5.7241025,24.139414,24.764282,0.0015395689,-7.5156078,0,3.8278108,5.4010301,12.982315,0.62486881,0.81937557,0.18062441,0.8038342,0.19616581,1.3929385,0.30706149,0.26192209,0.39511922,0.69584388,436.09497,164.81352,290.25287,417.12354,1.9631075,1.5095377,1.4740165,0.77255613,122.875,150.8974,5.1627488,0.41985545,2.9695902,1.876743,0.73333824,0.34988779,0.15012969,0.02326297,0.0,0.0,422.125,228.375,175.0,161.0,145.25,122.875,53.25,20.875,0.5,0.70710677,0.5,0.5,0.86602539,0.70710677,-2.0840065,-2.081835,-2.0411673,-4.6821175,-4.5313869,-4.321188,1.1251833,200.0,174.375,95.75,34.25,10.75,1.625,0.0,0.0,0.061428573,0.010093167,1.0887277,0.98195559,1.113711,1.2846103,1.4137285,1.3927363,1.0129488,1.085779,0.73751312,2.4541736,3.9947588,4.198812,4.0539956,3.9340682,0.0,0.0,1.2477877,250.84395,313.0,597.0,263.75,97.75,34.25,10.75,1.625,0.0,0.0,397.0,89.375,2.0,0.0,0.0,0.0,0.0,0.0,EXT165
C:/Users/MICROSOFT/Documents/nauval_mrnavac/cycpeptmp_standalone/runs/run_20260102_172000_moe/sdf/monomer.sdf,O=C[C@]1N(C)CCC1,16.580011,2.4799327e-09,180,O=C[C@]1N(C)CCC1,298.69443,243.67047,55.023949,240.96568,57.728741,414.23981,93.54071,188.64653,320.6991,0.91999996,0.91321111,47.32766,5.7148829,24.147797,24.772671,0.0014160024,-7.509325,0,3.8611553,5.4286399,12.977535,0.62487376,0.81578517,0.18421486,0.80672979,0.19327024,1.3868347,0.31316525,0.26183623,0.39513382,0.69572377,436.07407,164.82004,290.20349,417.12457,1.9630604,1.5096254,1.4739931,0.77247435,123.0,150.11165,5.2005477,0.41006029,2.9687505,1.8916992,0.73270029,0.3545182,0.15114523,0.024631161,0.0,0.0,417.75,227.5,172.625,160.625,147.875,121.75,54.25,20.75,0.5,0.5,0.70710677,0.5,0.86602539,0.70710677,-2.1013446,-2.0826709,-2.0598397,-4.6169372,-4.6034808,-4.5402813,1.1221204,195.875,177.125,96.5,34.5,10.75,1.5,0.0,0.0,0.062273715,0.0093385214,1.0742282,0.96127439,1.0951487,1.2648373,1.399254,1.3971878,0.98854077,1.1848502,0.74786687,2.4118798,3.939105,4.1910319,4.1118479,3.9061358,0.0,0.0,1.2523586,250.62711,313.875,593.875,267.125,98.625,34.5,10.75,1.5,0.0,0.0,398.0,90.0,2.125,0.0,0.0,0.0,0.0,0.0,EXT166
C:/Users/MICROSOFT/Documents/nauval_mrnavac/cycpeptmp_standalone/runs/run_20260102_172000_moe/sdf/monomer.sdf,O=C[C@]1N(C)CCC1,16.580011,2.4884983e-09,107,O=C[C@]1N(C)CCC1,297.70413,243.45813,54.24601,238.97534,58.728794,413.87881,92.218216,189.21213,321.66061,0.91906595,0.9132551,47.284084,5.7066574,24.143595,24.767523,0.0019291689,-7.5089717,0,3.8268268,5.3850646,12.98115,0.62392759,0.8177855,0.1822145,0.80272764,0.19727235,1.3902353,0.30976462,0.26190028,0.39514777,0.69579005,436.13504,164.84259,290.26059,417.16693,1.9631977,1.5095987,1.473927,0.77255517,123.125,149.56543,5.1331797,0.40941867,2.9745772,1.885892,0.73273581,0.35472047,0.15283006,0.02172371,0.0,0.0,418.375,227.25,174.25,160.0,145.5,120.75,51.5,20.5,0.5,0.5,0.70710677,0.5,0.70710677,0.86602539,-2.0901985,-2.0564878,-2.0421147,-4.6337495,-4.6147261,-4.5785933,1.1279492,195.75,175.0,95.875,33.5,11.375,1.25,0.0,0.0,0.065279767,0.0078125,1.0672283,0.96577537,1.1141148,1.2809831,1.4020735,1.4122669,1.0444973,1.103021,0.7561565,2.4387536,3.9850233,4.1724424,4.0253949,4.0733209,0.0,0.0,1.24257,250.58949,311.375,594.25,263.625,97.875,33.5,11.375,1.25,0.0,0.0,398.5,88.625,2.0,0.0,0.0,0.0,0.0,0.0,EXT167
C:/Users/MICROSOFT/Documents/nauval_mrnavac/cycpeptmp_standalone/runs/run_20260102_172000_moe/sdf/monomer.sdf,O=C[C@]1N(C)CCC1,16.580011,2.6593057e-09,78,O=C[C@]1N(C)CCC1,299.25668,244.79015,54.466549,239.59729,59.659393,416.14325,92.593132,190.32359,323.55011,0.91999996,0.9130196,47.327221,5.7156997,24.138039,24.759655,0.0017218783,-7.5151196,0,3.8682399,5.4282012,12.981905,0.62161559,0.81799388,0.18200612,0.80064142,0.1993586,1.3905896,0.30941039,0.26183525,0.39508587,0.69583052,436.14352,164.82166,290.2861,417.17932,1.9632168,1.5096325,1.4741368,0.77247649,123.0,150.18414,5.1987128,0.40985534,2.9686649,1.8917558,0.7327435,0.35441139,0.15110038,0.024634909,0.0,0.0,417.5,227.25,172.5,160.5,147.875,121.75,54.25,20.875,0.5,0.5,0.70710677,0.5,0.86602539,0.70710677,-2.1014328,-2.0822656,-2.0595529,-4.618134,-4.6033974,-4.5335484,1.1222016,196.0,177.0,96.5,34.625,10.75,1.5,0.0,0.0,0.062318839,0.0093457941,1.0725958,0.96270138,1.0940795,1.2636184,1.3998466,1.3977078,0.99860036,1.1974969,0.7501744,2.41941,3.9385774,4.1991329,4.1113195,3.905529,0.0,0.0,1.2522678,250.64526,313.875,593.875,267.125,98.625,34.625,10.75,1.5,0.0,0.0,397.875,90.125,2.125,0.0,0.0,0.0,0.0,0.0,EXT168
C:/Users/MICROSOFT/Documents/nauval_mrnavac/cycpeptmp_standalone/runs/run_20260102_172000_moe/sdf/monomer.sdf,O=C[C@]1N(C)CCC1,16.580011,2.7180143e-09,92,O=C[C@]1N(C)CCC1,297.46591,243.90439,53.561523,240.18179,57.284111,414.63745,91.054596,190.34286,323.58286,0.91906595,0.91285902,47.28001,5.7158871,24.143049,24.767601,0.0015735042,-7.5066266,0,3.8143308,5.3809881,12.980616,0.62455255,0.81994063,0.18005937,0.80742627,0.1925737,1.3938991,0.30610093,0.26182181,0.39511693,0.69579333,436.1149,164.82428,290.25238,417.15317,1.9631523,1.5095993,1.4739312,0.77243972,123.125,151.6852,5.151907,0.42245096,2.9667847,1.8934827,0.73040628,0.35211471,0.15088715,0.021357855,0.0,0.0,416.75,229.25,176.25,162.625,149.125,122.625,51.875,21.625,0.5,0.5,0.70710677,0.70710677,0.86602539,0.5,-2.093092,-2.082782,-2.0648475,-4.5856462,-4.5233479,-4.5085683,1.1225179,195.125,176.5,95.75,34.5,11.625,1.5,0.0,0.0,0.065957449,0.0092236744,1.0857329,0.96520919,1.1089555,1.2781476,1.4178541,1.4249399,1.0318899,0.98011976,0.75475723,2.414928,3.9988828,4.1902046,4.0512981,3.7953699,0.0,0.0,1.2522472,250.84903,314.125,592.5,267.75,98.25,34.5,11.625,1.5,0.0,0.0,397.375,91.25,2.5,0.0,0.0,0.0,0.0,0.0,EXT169
C:/Users/MICROSOFT/Documents/nauval_mrnavac/cycpeptmp_standalone/runs/run_20260102_172000_moe/sdf/monomer.sdf,O=C[C@]1N(C)CCC1,16.580011,2.8714595e-09,157,O=C[C@]1N(C)CCC1,297.43335,242.98091,54.452457,238.79047,58.642895,413.06754,92.569176,188.52844,320.49835,0.92093587,0.91251326,47.263111,5.710947,24.134247,24.758129,0.0015067677,-7.5105109,0,3.8120651,5.3640914,12.980463,0.62388152,0.81692553,0.18307447,0.80283684,0.19716313,1.3887734,0.31122661,0.26185226,0.39503586,0.6958589,436.15613,164.80725,290.30933,417.19568,1.963245,1.5095403,1.4740109,0.77245444,122.875,150.16217,5.199903,0.40954992,2.9684184,1.8913285,0.73255908,0.35462549,0.1512094,0.024448734,0.0,0.0,417.5,227.625,172.5,160.625,147.75,121.625,54.25,20.875,0.5,0.5,0.70710677,0.5,0.86602539,0.70710677,-2.1013448,-2.0827494,-2.0591986,-4.6162806,-4.6028733,-4.5473647,1.1222286,195.875,177.125,96.375,34.375,10.875,1.375,0.0,0.0,0.063043475,0.008560311,1.078846,0.95886177,1.0972515,1.2633147,1.3967704,1.3890296,0.98751014,1.1971036,0.74539351,2.4164188,3.9391334,4.1913967,4.1086092,3.9507523,0.0,0.0,1.2522377,250.65131,313.875,593.5,267.125,98.5,34.375,10.875,1.375,0.0,0.0,397.625,90.0,2.125,0.0,0.0,0.0,0.0,0.0,EXT170
C:/Users/MICROSOFT/Documents/nauval_mrnavac/cycpeptmp_standalone/runs/run_20260102_172000_moe/sdf/monomer.sdf,O=C[C@]1N(C)CCC1,16.580011,2.8941365e-09,102,O=C[C@]1N(C)CCC1,296.02957,242.36148,53.668072,236.88161,59.147953,412.01453,91.235725,188.69341,320.77881,0.91906595,0.91325742,47.309204,5.7184238,24.145664,24.770935,0.0017355811,-7.5153556,0,3.8368523,5.4101834,12.981257,0.6252712,0.81870705,0.18129295,0.80019581,0.19980422,1.391802,0.308198,0.26184884,0.39520398,0.69573957,436.15277,164.87227,290.25052,417.18271,1.9632375,1.509607,1.4739414,0.77248347,123.125,150.58569,5.1265697,0.42070577,2.9702475,1.8777089,0.73372257,0.34931582,0.15013656,0.021611858,0.0,0.0,421.125,229.0,175.375,160.875,145.25,122.875,53.25,21.25,0.5,0.70710677,0.5,0.5,0.86602539,0.70710677,-2.0841186,-2.0815628,-2.0403519,-4.6742992,-4.5244241,-4.2894435,1.1249644,199.375,174.875,95.75,34.75,11.0,1.625,0.0,0.0,0.062722735,0.01010101,1.0943434,0.97439617,1.1048547,1.2874224,1.4103676,1.384518,1.0436635,1.0893285,0.74137133,2.4489384,4.0005159,4.1982412,4.026834,3.9153621,0.0,0.0,1.2481967,250.86189,313.125,596.5,264.25,97.75,34.75,11.0,1.625,0.0,0.0,397.125,89.375,2.0,0.0,0.0,0.0,0.0,0.0,EXT171
C:/Users/MICROSOFT/Documents/nauval_mrnavac/cycpeptmp_standalone/runs/run_20260102_172000_moe/sdf/monomer.sdf,O=C[C@]1N(C)CCC1,16.580011,3.1163445e-09,182,O=C[C@]1N(C)CCC1,300.24283,245.25578,54.987057,240.28044,59.962387,416.93481,93.477997,190.26872,323.45682,0.92093587,0.91289401,47.305046,5.7384472,24.139044,24.759663,0.0016021453,-7.5197763,0,3.8239021,5.4060254,12.981431,0.62061888,0.81685805,0.18314195,0.80028701,0.19971298,1.3886586,0.31134132,0.26179299,0.39510468,0.69579017,436.15137,164.83415,290.27747,417.1911,1.9632344,1.5096245,1.4740651,0.77241009,122.875,150.28099,5.1441512,0.42184713,2.9667282,1.8924966,0.73092866,0.35215193,0.15099193,0.021375889,0.0,0.0,417.0,229.375,176.125,162.25,148.5,122.0,51.625,21.25,0.5,0.5,0.70710677,0.70710677,0.86602539,0.5,-2.0932937,-2.0821674,-2.0651875,-4.5808148,-4.5145206,-4.502624,1.1228459,195.0,175.75,95.75,34.625,11.5,1.5,0.0,0.0,0.065294534,0.0092449924,1.0836297,0.96323925,1.1083829,1.2822397,1.4183179,1.4324716,1.0471907,0.98357153,0.75513512,2.4218774,3.9921627,4.1898799,4.0438976,3.7955575,0.0,0.0,1.2517155,250.85573,314.0,592.375,267.0,98.25,34.625,11.5,1.5,0.0,0.0,397.375,91.25,2.5,0.0,0.0,0.0,0.0,0.0,EXT172
C:/Users/MICROSOFT/Documents/nauval_mrnavac/cycpeptmp_standalone/runs/run_20260102_172000_moe/sdf/monomer.sdf,O=C[C@]1N(C)CCC1,16.580011,3.1213396e-09,84,O=C[C@]1N(C)CCC1,298.8996,244.94641,53.953178,240.14197,58.757622,416.40891,91.720398,190.99323,324.68851,0.92093587,0.91326988,47.32341,5.7135177,24.135761,24.759924,0.0013250625,-7.5139937,0,3.8691897,5.4243889,12.979454,0.6241613,0.81949395,0.18050602,0.80342019,0.19657981,1.3931397,0.30686024,0.26183161,0.39495364,0.69592065,436.12814,164.76399,290.31931,417.173,1.9631821,1.5095513,1.4741265,0.77242959,122.875,149.64209,5.1223679,0.40680367,2.9744565,1.8861357,0.73248684,0.3547121,0.15281603,0.02175252,0.0,0.0,418.375,227.375,174.0,159.875,145.5,120.125,51.625,20.5,0.5,0.5,0.70710677,0.5,0.70710677,0.86602539,-2.0905209,-2.0563161,-2.0424552,-4.6328173,-4.6123233,-4.580421,1.1276796,195.5,174.875,96.0,33.5,11.5,1.25,0.0,0.0,0.066091955,0.0078186085,1.0667763,0.96163219,1.1107724,1.2763091,1.4014399,1.4107904,1.0359356,1.1029227,0.75631136,2.4384375,3.9851778,4.1721492,4.0171552,4.0730219,0.0,0.0,1.2430335,250.59663,311.5,594.25,263.625,98.0,33.5,11.5,1.25,0.0,0.0,398.75,88.75,2.0,0.0,0.0,0.0,0.0,0.0,EXT173
C:/Users/MICROSOFT/Documents/nauval_mrnavac/cycpeptmp_standalone/runs/run_20260102_172000_moe/sdf/monomer.sdf,O=C[C@]1N(C)CCC1,16.580011,3.1405278e-09,185,O=C[C@]1N(C)CCC1,297.01489,242.67517,54.339725,238.53075,58.484154,412.54779,92.377533,188.33545,320.17026,0.91999996,0.91298819,47.26812,5.715827,24.14444,24.770224,0.0015093036,-7.5107112,0,3.8021278,5.3690996,12.978433,0.62578434,0.81704712,0.18295287,0.80309355,0.19690646,1.3889802,0.31101987,0.26191691,0.39512709,0.69576079,436.09201,164.82162,290.22668,417.13571,1.9631008,1.5094554,1.4738938,0.7725063,123.0,151.40732,5.1296124,0.41030613,2.9749544,1.8842702,0.73064673,0.35499558,0.15272243,0.021600835,0.0,0.0,418.5,227.25,174.5,160.25,145.5,121.0,51.5,20.5,0.5,0.70710677,0.5,0.5,0.70710677,0.86602539,-2.0902503,-2.0571103,-2.0426264,-4.6347556,-4.620729,-4.5785213,1.1276171,195.625,175.25,95.625,33.625,11.375,1.25,0.0,0.0,0.065186247,0.0078003118,1.0670359,0.96587664,1.1113056,1.278312,1.4090111,1.4144458,1.0386171,1.0865901,0.75517505,2.438529,3.9830627,4.1773796,4.0255995,4.0735106,0.0,0.0,1.2431024,250.58273,311.5,594.375,264.0,97.75,33.625,11.375,1.25,0.0,0.0,398.75,88.75,2.125,0.0,0.0,0.0,0.0,0.0,EXT174
C:/Users/MICROSOFT/Documents/nauval_mrnavac/cycpeptmp_standalone/runs/run_20260102_172000_moe/sdf/monomer.sdf,O=C[C@]1N(C)CCC1,16.580011,3.7792063e-09,106,O=C[C@]1N(C)CCC1,294.64972,242.16101,52.48872,238.54204,56.107697,411.67374,89.23082,189.6723,322.4429,0.92187369,0.91291708,47.297298,5.7092028,24.136261,24.756348,0.0013751603,-7.5108256,0,3.8504164,5.3982787,12.979958,0.62008584,0.82186061,0.17813937,0.8095783,0.19042167,1.397163,0.30283692,0.26187205,0.3951076,0.69575793,436.1579,164.84015,290.27243,417.20319,1.9632491,1.5096012,1.4740674,0.77251476,122.75,150.20102,5.117444,0.40667304,2.9736395,1.8844095,0.73269725,0.35465768,0.15296856,0.02188739,0.0,0.0,418.375,227.5,174.125,160.125,145.75,120.25,51.375,20.625,0.5,0.5,0.70710677,0.5,0.70710677,0.86602539,-2.0907118,-2.0561655,-2.0424728,-4.6301684,-4.6073756,-4.5812063,1.1277267,195.375,175.25,96.125,33.625,11.625,1.25,0.0,0.0,0.06676238,0.0078064012,1.0699178,0.96302986,1.1075541,1.2695419,1.3928907,1.3967685,1.0469348,1.1129199,0.75436795,2.4368522,3.9840744,4.173008,4.0159836,4.0730915,0.0,0.0,1.2429817,250.60707,311.5,594.125,263.875,98.125,33.625,11.625,1.25,0.0,0.0,398.75,88.625,2.0,0.0,0.0,0.0,0.0,0.0,EXT175
C:/Users/MICROSOFT/Documents/nauval_mrnavac/cycpeptmp_standalone/runs/run_20260102_172000_moe/sdf/monomer.sdf,O=C[C@]1N(C)CCC1,16.580011,3.8675658e-09,48,O=C[C@]1N(C)CCC1,298.72687,244.0668,54.660072,239.74028,58.986607,414.91357,92.922127,189.40674,321.99146,0.92187369,0.91294312,47.318199,5.7125282,24.145664,24.771797,0.001475575,-7.5137491,0,3.8502686,5.4191785,12.982129,0.62613261,0.81702328,0.18297675,0.80254,0.19746,1.3889395,0.31106049,0.26196161,0.39513484,0.69582844,436.06354,164.80815,290.22546,417.09344,1.9630368,1.5094645,1.4739119,0.77257693,122.75,150.78273,5.1925921,0.40895995,2.9691005,1.8910234,0.73247707,0.35488427,0.15109585,0.02442139,0.0,0.0,417.125,227.5,172.125,160.375,147.5,121.5,54.25,20.75,0.5,0.5,0.70710677,0.5,0.86602539,0.70710677,-2.1014724,-2.0830047,-2.0587997,-4.6145172,-4.6023417,-4.5515327,1.1228435,196.375,177.5,96.0,34.5,10.75,1.375,0.0,0.0,0.062454611,0.008573655,1.0858878,0.96059877,1.1028576,1.2673225,1.3956844,1.390576,0.98725188,1.1859205,0.74389529,2.4158208,3.942915,4.1930208,4.0952501,3.950583,0.0,0.0,1.2512196,250.65544,313.625,593.875,267.25,98.25,34.5,10.75,1.375,0.0,0.0,397.5,89.75,2.25,0.0,0.0,0.0,0.0,0.0,EXT176
C:/Users/MICROSOFT/Documents/nauval_mrnavac/cycpeptmp_standalone/runs/run_20260102_172000_moe/sdf/monomer.sdf,O=C[C@]1N(C)CCC1,16.580011,3.9803858e-09,52,O=C[C@]1N(C)CCC1,296.24728,241.79314,54.454159,238.58118,57.666122,411.04834,92.572067,187.33899,318.47626,0.91999996,0.91347796,47.319508,5.7243333,24.138811,24.762188,0.0013368872,-7.519887,0,3.8529961,5.4204855,12.978652,0.62337661,0.81618685,0.18381318,0.80534464,0.19465536,1.3875176,0.31248242,0.26187241,0.3950893,0.69579595,436.17197,164.83627,290.29492,417.21271,1.9632807,1.5095828,1.4740849,0.77250588,123.0,150.54829,5.1974902,0.41028988,2.9685543,1.891459,0.73259991,0.35435525,0.15104911,0.024664868,0.0,0.0,417.5,227.25,172.625,160.5,147.875,121.875,54.25,20.75,0.5,0.5,0.70710677,0.5,0.86602539,0.70710677,-2.1015851,-2.0822227,-2.0596583,-4.6159472,-4.6012621,-4.5397429,1.1225041,195.75,176.75,96.5,34.375,10.75,1.5,0.0,0.0,0.062273715,0.0093457941,1.0742569,0.96392345,1.0926343,1.2663432,1.3995246,1.3936647,0.98843873,1.1844938,0.74949968,2.4211183,3.9389453,4.197041,4.1116753,3.9060032,0.0,0.0,1.2517642,250.64626,313.75,593.75,266.875,98.625,34.375,10.75,1.5,0.0,0.0,398.0,90.125,2.125,0.0,0.0,0.0,0.0,0.0,EXT177
C:/Users/MICROSOFT/Documents/nauval_mrnavac/cycpeptmp_standalone/runs/run_20260102_172000_moe/sdf/monomer.sdf,O=C[C@]1N(C)CCC1,16.580011,4.1820414e-09,132,O=C[C@]1N(C)CCC1,298.3609,244.85797,53.502922,239.69098,58.669907,416.25854,90.954964,191.35504,325.30359,0.91999996,0.91308594,47.367428,5.7131233,24.133398,24.759121,0.0019984078,-7.5214868,0,3.9133601,5.4684072,12.979824,0.62572414,0.82067716,0.17932284,0.80335927,0.19664074,1.3951511,0.30484882,0.26193464,0.39506435,0.69589287,436.11035,164.79692,290.28436,417.13943,1.963142,1.5096432,1.4739554,0.77262855,123.0,150.43303,5.1223254,0.41084039,2.9748471,1.8861096,0.73060793,0.35503897,0.15273663,0.021566795,0.0,0.0,418.875,227.5,174.75,160.625,145.5,120.875,51.625,20.5,0.5,0.70710677,0.5,0.5,0.70710677,0.86602539,-2.0901303,-2.0566621,-2.0426314,-4.636939,-4.6215887,-4.5766926,1.127961,195.5,175.375,95.625,33.625,11.375,1.25,0.0,0.0,0.065092988,0.0077821012,1.0612644,0.96409458,1.1055002,1.2703117,1.4062725,1.4100432,1.042794,1.0871375,0.75669795,2.4418321,3.9841623,4.1766367,4.0248423,4.0726953,0.0,0.0,1.2425572,250.59209,311.375,594.375,264.0,97.75,33.625,11.375,1.25,0.0,0.0,398.875,88.625,2.125,0.0,0.0,0.0,0.0,0.0,EXT178
C:/Users/MICROSOFT/Documents/nauval_mrnavac/cycpeptmp_standalone/runs/run_20260102_172000_moe/sdf/monomer.sdf,O=C[C@]1N(C)CCC1,16.580011,4.2555115e-09,80,O=C[C@]1N(C)CCC1,297.83209,242.83154,55.000561,239.82614,58.005962,412.81363,93.500954,187.83099,319.31268,0.92187369,0.91385168,47.357925,5.7371893,24.142733,24.765179,0.0013246099,-7.5258765,0,3.8741567,5.4589057,12.980077,0.62244612,0.81533033,0.18466967,0.80523938,0.19476061,1.3860615,0.31393847,0.26187244,0.3951022,0.69582683,436.12222,164.81941,290.26862,417.1564,1.9631687,1.5096269,1.4740881,0.77252853,122.75,151.28546,5.2057667,0.40964791,2.9699106,1.8922397,0.73254979,0.3550618,0.15094478,0.024380283,0.0,0.0,417.25,227.375,172.25,160.625,147.75,121.75,54.125,20.75,0.5,0.5,0.70710677,0.5,0.86602539,0.70710677,-2.1013141,-2.0832853,-2.0587082,-4.6129179,-4.6029091,-4.5583773,1.1220005,196.125,177.75,95.875,34.625,10.625,1.375,0.0,0.0,0.061683599,0.008560311,1.0801769,0.956236,1.0982496,1.2579398,1.3905176,1.3868299,0.99642426,1.1850606,0.74458736,2.4148347,3.9434185,4.1896653,4.1136551,3.9506743,0.0,0.0,1.2526586,250.66685,314.0,593.5,267.75,98.125,34.625,10.625,1.375,0.0,0.0,397.375,90.0,2.25,0.0,0.0,0.0,0.0,0.0,EXT179
C:/Users/MICROSOFT/Documents/nauval_mrnavac/cycpeptmp_standalone/runs/run_20260102_172000_moe/sdf/monomer.sdf,O=C[C@]1N(C)CCC1,16.580011,4.4327457e-09,159,O=C[C@]1N(C)CCC1,301.01419,245.89893,55.115253,241.72446,59.289719,418.02817,93.69593,190.78366,324.33224,0.92093587,0.91334927,47.293945,5.728601,24.136932,24.760704,0.0012345723,-7.5202041,0,3.8268216,5.3949261,12.976585,0.62377089,0.81690145,0.18309854,0.80303347,0.19696653,1.3887324,0.3112675,0.26188889,0.39507437,0.69581437,436.15756,164.82433,290.29254,417.19824,1.9632484,1.5095973,1.4739844,0.77253765,122.875,151.45442,5.2078457,0.41042596,2.968435,1.8903475,0.73279643,0.35416773,0.15106854,0.024707992,0.0,0.0,417.375,227.625,173.25,161.0,148.0,122.25,54.375,20.75,0.5,0.5,0.70710677,0.5,0.86602539,0.70710677,-2.1015341,-2.0817268,-2.0603304,-4.6190743,-4.6012874,-4.5206656,1.1226462,196.125,175.625,96.0,34.375,10.75,1.625,0.0,0.0,0.062049061,0.010093167,1.0745939,0.9696539,1.1029831,1.2744097,1.4007233,1.3976647,0.99930274,1.1824257,0.75346774,2.4259131,3.937501,4.2001562,4.1117401,3.9105034,0.0,0.0,1.2516056,250.67799,313.75,594.0,265.75,98.125,34.375,10.75,1.625,0.0,0.0,397.875,90.125,2.125,0.0,0.0,0.0,0.0,0.0,EXT180
C:/Users/MICROSOFT/Documents/nauval_mrnavac/cycpeptmp_standalone/runs/run_20260102_172000_moe/sdf/monomer.sdf,O=C[C@@](NC)C(C)C,11.314579,0.0,137,O=C[C@@](NC)C(C)C,316.4025,247.15565,69.246834,221.8806,94.521896,501.72598,140.57108,177.90883,361.15491,0.85792178,0.81614363,45.779484,0.9544723,35.415516,37.762413,4.3624168e-05,-9.3708038,0,3.4656932,3.932478,3.5968604,2.3468959,0.78114319,0.2188568,0.70126057,0.2987394,1.5857207,0.44427928,0.18325594,0.46560317,0.68062842,485.38065,210.59682,307.8548,452.30966,2.0528643,1.8963472,1.3016034,0.81179595,134.25,166.40689,3.7417338,0.17156483,2.9048858,1.7612849,0.98040509,0.55116868,0.26653785,0.10354939,0.051416058,0.025813567,355.375,196.0,160.0,145.625,125.125,74.125,27.75,8.0,0.70710677,0.5,0.5,1.118034,0.5,1.5811388,-1.9080276,-1.9050549,-1.8943336,-7.4219179,-7.2551293,-7.2519355,1.1541655,183.875,183.375,126.375,52.25,22.5,9.375,4.625,1.625,0.16249999,0.067811161,1.2177331,1.1193955,1.1036743,1.1152278,1.2526969,1.6073639,2.2645514,3.318927,0.49129814,1.5379784,2.2356567,2.5233698,2.652442,3.2858629,3.4291029,3.3951778,1.2492452,271.36386,339.0,615.375,312.0,158.375,63.25,26.0,9.875,4.625,1.625,431.5,128.625,32.0,11.0,3.5,0.5,0.0,0.0,EXT181
C:/Users/MICROSOFT/Documents/nauval_mrnavac/cycpeptmp_standalone/runs/run_20260102_172000_moe/sdf/monomer.sdf,O=C[C@@](NC)C(C)C,11.314579,3.7871928e-12,127,O=C[C@@](NC)C(C)C,316.5155,247.6082,68.90731,223.2527,93.26281,502.64465,139.88184,178.70088,362.76279,0.85792178,0.81603009,45.781822,0.96555096,35.405567,37.751423,4.5810921e-05,-9.3688183,0,3.4672501,3.9348183,3.5975533,2.345854,0.78229403,0.21770595,0.70534521,0.29465479,1.5880569,0.44194308,0.18331562,0.46563429,0.68061858,485.353,210.5968,307.82977,452.27939,2.0528057,1.8964115,1.3014948,0.81195569,134.25,166.91835,3.8616283,0.17490987,2.9060819,1.7622299,0.97735983,0.54781228,0.26432991,0.10414327,0.051886253,0.026890712,354.75,194.25,159.875,146.625,126.75,74.625,27.25,8.625,0.5,0.5,1.0,0.5,0.5,1.0,-1.9094561,-1.8974469,-1.8703376,-7.7902918,-7.3538704,-7.3214321,1.1525738,179.75,185.875,125.0,52.75,22.0,9.5,4.25,2.0,0.15949962,0.06905371,1.2266749,1.1185894,1.1065778,1.1333007,1.2650377,1.5791863,2.3087544,3.3101881,0.4876487,1.5101299,2.2553616,2.5311973,2.7632518,3.1957474,3.459702,3.3883927,1.2511241,271.05624,339.125,613.125,314.125,157.125,63.5,25.5,10.125,4.25,2.0,433.375,128.25,32.125,10.75,3.5,0.625,0.0,0.0,EXT182
C:/Users/MICROSOFT/Documents/nauval_mrnavac/cycpeptmp_standalone/runs/run_20260102_172000_moe/sdf/monomer.sdf,O=C[C@@](NC)C(C)C,11.314579,1.5651835e-10,128,O=C[C@@](NC)C(C)C,319.17554,250.31,68.86554,225.05801,94.117523,508.1293,139.79704,181.44446,368.33224,0.85792178,0.81590736,45.78643,0.95848709,35.410843,37.756954,5.1826269e-06,-9.3703241,0,3.4734623,3.9394264,3.5975227,2.3461087,0.78423929,0.21576071,0.70512301,0.29487699,1.5920057,0.43799424,0.18330367,0.46573651,0.68049526,485.39032,210.6613,307.80069,452.31863,2.0528848,1.8963822,1.3016779,0.81191665,134.25,165.82817,3.8588624,0.17485562,2.9059591,1.7619805,0.97753042,0.54772359,0.26439014,0.10414928,0.051899504,0.026907276,354.75,194.25,159.875,146.5,126.625,74.625,27.125,8.625,0.5,0.5,1.0,0.5,0.5,1.0,-1.9101813,-1.8981777,-1.8710195,-7.7920494,-7.3559146,-7.3244138,1.1526688,179.75,185.75,125.0,52.75,22.125,9.5,4.25,2.0,0.16028146,0.069112629,1.2262278,1.1159816,1.106958,1.1316645,1.262995,1.5670433,2.2998543,3.3106742,0.48847249,1.5111886,2.2549629,2.5307927,2.7591293,3.1953013,3.4592483,3.387933,1.251021,271.07858,339.125,613.0,314.125,157.125,63.5,25.625,10.125,4.25,2.0,433.25,128.375,32.125,10.75,3.5,0.625,0.0,0.0,EXT183
C:/Users/MICROSOFT/Documents/nauval_mrnavac/cycpeptmp_standalone/runs/run_20260102_172000_moe/sdf/monomer.sdf,O=C[C@@](NC)C(C)C,11.314579,2.2441959e-10,168,O=C[C@@](NC)C(C)C,317.10025,248.57635,68.523911,223.55397,93.546295,504.60999,139.10353,180.05244,365.50647,0.85792178,0.81701756,45.754883,0.96397239,35.413326,37.756824,3.0554617e-07,-9.3763399,0,3.4346993,3.9078798,3.5993884,2.3434961,0.78390461,0.2160954,0.70499456,0.29500541,1.5913264,0.43867368,0.18327008,0.46566597,0.68056828,485.4158,210.64021,307.84952,452.34186,2.0529387,1.8964863,1.3015894,0.81188679,134.25,167.452,3.8621705,0.17489833,2.9064183,1.7626406,0.97735059,0.54777521,0.26433331,0.10411967,0.051884759,0.026880652,354.625,194.5,159.875,146.625,126.75,74.375,27.125,8.625,0.5,0.5,1.0,0.5,0.5,1.0,-1.9094385,-1.8973593,-1.870618,-7.7886591,-7.3501801,-7.3230224,1.1526351,179.875,185.75,124.875,52.75,22.0,9.5,4.25,2.0,0.15949962,0.06905371,1.2270112,1.1163566,1.1070955,1.1330634,1.2641112,1.5831343,2.2997942,3.3105941,0.48858431,1.5116987,2.2552574,2.5310884,2.7631166,3.1955202,3.459446,3.3881307,1.2510576,271.07065,339.125,613.125,314.125,157.125,63.5,25.5,10.125,4.25,2.0,433.25,128.375,32.25,10.75,3.5,0.625,0.0,0.0,EXT184
C:/Users/MICROSOFT/Documents/nauval_mrnavac/cycpeptmp_standalone/runs/run_20260102_172000_moe/sdf/monomer.sdf,O=C[C@@](NC)C(C)C,11.314579,2.5783642e-10,148,O=C[C@@](NC)C(C)C,316.58383,247.69807,68.885757,223.25758,93.326233,502.82709,139.83809,178.81232,362.98898,0.85872132,0.81655908,45.79015,0.97019064,35.417065,37.763844,9.7458887e-06,-9.3766127,0,3.4571464,3.9431469,3.5989606,2.3467805,0.78240913,0.2175909,0.70520848,0.29479155,1.5882905,0.44170952,0.18327796,0.46559307,0.68065774,485.36075,210.58173,307.85269,452.28708,2.0528221,1.8963596,1.3015902,0.81185007,134.125,167.96223,3.8537781,0.17488238,2.9064887,1.7628295,0.97715163,0.54780734,0.26437673,0.10416972,0.051910304,0.026888046,354.75,194.5,159.875,146.5,126.625,74.375,27.125,8.625,0.5,0.5,1.0,0.5,0.5,1.0,-1.909744,-1.8975843,-1.8706957,-7.7883239,-7.3457813,-7.32582,1.1525509,179.75,185.75,124.75,52.75,21.875,9.5,4.25,2.0,0.15871775,0.069112629,1.2260122,1.1170892,1.1027238,1.1313865,1.2627735,1.5831746,2.2997365,3.3104002,0.48799708,1.5106324,2.2535901,2.5310802,2.7591586,3.19554,3.4594731,3.3881795,1.2511491,271.05084,339.125,613.125,314.125,157.0,63.5,25.375,10.125,4.25,2.0,433.375,128.375,32.25,10.75,3.5,0.625,0.0,0.0,EXT185
C:/Users/MICROSOFT/Documents/nauval_mrnavac/cycpeptmp_standalone/runs/run_20260102_172000_moe/sdf/monomer.sdf,O=C[C@@](NC)C(C)C,11.314579,3.6200554e-10,34,O=C[C@@](NC)C(C)C,316.46146,247.53653,68.924919,222.82942,93.632027,502.49915,139.91759,178.6116,362.58157,0.85792178,0.81671894,45.806438,0.96518713,35.404644,37.748318,1.6870788e-05,-9.381691,0,3.4948332,3.9594357,3.598084,2.3436759,0.78220123,0.21779878,0.70412815,0.29587182,1.5878685,0.44213152,0.18329822,0.4656795,0.68058455,485.41595,210.64348,307.85269,452.33572,2.0529389,1.8965112,1.3016646,0.8119598,134.25,166.24612,3.8575919,0.17489128,2.9063756,1.7626227,0.97744673,0.54777217,0.26433867,0.10415605,0.051886465,0.026874037,354.5,194.25,159.875,146.5,126.5,74.375,27.0,8.625,0.5,0.5,1.0,0.5,0.5,1.0,-1.9096055,-1.897475,-1.8707293,-7.7860351,-7.3425908,-7.3229499,1.1526581,179.75,185.875,124.875,52.625,21.875,9.5,4.25,2.0,0.15871775,0.069112629,1.2259259,1.1162286,1.10698,1.13252,1.2652714,1.5777546,2.3033478,3.3109024,0.48998931,1.5121104,2.2548289,2.5339434,2.7587514,3.1950572,3.4589703,3.3876848,1.2510326,271.07608,339.125,613.25,314.25,157.125,63.375,25.375,10.125,4.25,2.0,433.5,128.375,32.25,10.75,3.5,0.625,0.0,0.0,EXT186
C:/Users/MICROSOFT/Documents/nauval_mrnavac/cycpeptmp_standalone/runs/run_20260102_172000_moe/sdf/monomer.sdf,O=C[C@@](NC)C(C)C,11.314579,6.6353145e-10,51,O=C[C@@](NC)C(C)C,315.07227,247.57213,67.500137,222.53775,92.534508,502.57141,137.02528,180.07198,365.54611,0.85792178,0.81663835,45.800274,0.95553958,35.405792,37.749622,5.9491846e-05,-9.3785067,0,3.4973018,3.9532688,3.5977502,2.3438311,0.78576297,0.214237,0.70630705,0.29369295,1.5950989,0.43490112,0.18333596,0.46563542,0.68065375,485.40817,210.61769,307.87546,452.32318,2.0529225,1.8963797,1.3016161,0.8119871,134.25,166.26913,3.7400706,0.17147391,2.9049492,1.7611747,0.98064029,0.55111587,0.26647982,0.10351288,0.05137923,0.025765162,355.25,196.0,159.875,145.5,125.125,74.125,27.5,8.0,0.70710677,0.5,0.5,1.118034,0.5,1.5811388,-1.9078671,-1.9050808,-1.8942542,-7.4192953,-7.2533302,-7.2507553,1.1538429,184.125,182.5,126.375,52.5,22.5,9.5,4.625,1.625,0.16262706,0.068728521,1.2203777,1.1191713,1.1019206,1.1180514,1.2527208,1.6013,2.270654,3.3187017,0.49383941,1.5382597,2.23564,2.5203724,2.652456,3.2733095,3.4291575,3.395225,1.249748,271.35471,339.125,615.625,311.5,158.375,63.375,26.0,10.0,4.625,1.625,431.5,129.0,32.0,10.875,3.5,0.5,0.0,0.0,EXT187
C:/Users/MICROSOFT/Documents/nauval_mrnavac/cycpeptmp_standalone/runs/run_20260102_172000_moe/sdf/monomer.sdf,O=C[C@@](NC)C(C)C,11.314579,1.1823147e-09,136,O=C[C@@](NC)C(C)C,313.55859,245.04164,68.516975,220.28587,93.272728,497.43451,139.08946,176.52466,358.34506,0.85792178,0.81590337,45.831215,0.96521395,35.411243,37.75824,4.7237467e-05,-9.3703527,0,3.5099061,3.9842093,3.5978072,2.3469951,0.78148592,0.21851408,0.70253497,0.29746506,1.5864164,0.44358361,0.18327504,0.46560201,0.68060935,485.31952,210.57175,307.8103,452.25696,2.0527351,1.8963977,1.3015541,0.81185991,134.25,167.42323,3.8562419,0.17475611,2.9063301,1.7630963,0.97811788,0.54775351,0.26432049,0.10413744,0.051876571,0.026864422,354.375,194.25,159.75,146.625,126.625,74.5,27.125,8.625,0.5,0.5,1.0,0.5,0.5,1.0,-1.9102176,-1.8982069,-1.8710204,-7.7856932,-7.3449397,-7.3227463,1.1530104,179.75,186.0,125.0,52.625,21.875,9.5,4.25,2.0,0.15884194,0.06905371,1.2254819,1.1164759,1.1059024,1.1308212,1.2634225,1.5755504,2.3002357,3.310878,0.48965567,1.5108439,2.2506411,2.5336847,2.7585139,3.1949196,3.4588649,3.3875744,1.2504967,271.09229,339.0,613.125,314.375,157.25,63.375,25.375,10.125,4.25,2.0,433.375,128.375,32.25,10.75,3.5,0.625,0.0,0.0,EXT188
C:/Users/MICROSOFT/Documents/nauval_mrnavac/cycpeptmp_standalone/runs/run_20260102_172000_moe/sdf/monomer.sdf,O=C[C@@](NC)C(C)C,11.314579,1.2218315e-09,11,O=C[C@@](NC)C(C)C,316.80106,247.69814,69.102921,222.77129,94.02977,502.82721,140.27893,178.5952,362.54828,0.85792178,0.81745666,45.794315,0.9707213,35.411434,37.755898,9.1810334e-06,-9.3808622,0,3.4695752,3.94731,3.5981107,2.3444643,0.78187281,0.21812719,0.70318985,0.29681015,1.5872018,0.4427982,0.18328296,0.46566305,0.68066114,485.37692,210.61319,307.85397,452.28668,2.0528564,1.8964401,1.3016739,0.81189561,134.25,167.29015,3.8570132,0.17518456,2.9060774,1.7627244,0.97760576,0.54763722,0.26426271,0.10412592,0.051902439,0.026887266,354.25,194.625,160.125,146.75,126.625,74.25,26.875,8.625,0.5,0.5,1.0,0.5,0.5,1.0,-1.9098027,-1.8976654,-1.8709594,-7.7843904,-7.3380947,-7.3239989,1.1528592,179.5,185.875,124.875,52.5,21.875,9.5,4.25,2.0,0.15846995,0.068994887,1.2260628,1.1156948,1.1064272,1.1331046,1.2667339,1.5861421,2.3150401,3.311357,0.48878711,1.5086501,2.2491338,2.537643,2.7585769,3.1948493,3.4587481,3.3874328,1.2508144,271.12335,339.125,612.875,314.125,157.125,63.25,25.375,10.125,4.25,2.0,433.375,128.25,32.25,10.75,3.5,0.625,0.0,0.0,EXT189
C:/Users/MICROSOFT/Documents/nauval_mrnavac/cycpeptmp_standalone/runs/run_20260102_172000_moe/sdf/monomer.sdf,O=C[C@@](NC)C(C)C,11.314579,1.3307506e-09,116,O=C[C@@](NC)C(C)C,316.8494,248.66707,68.182327,223.55759,93.291801,504.79413,138.41011,180.48474,366.38403,0.85792178,0.81707418,45.815842,0.97037297,35.411537,37.755207,0.00011654849,-9.3816195,0,3.4928074,3.9688392,3.5973382,2.3436697,0.78481156,0.21518843,0.7055642,0.2944358,1.5931674,0.43683252,0.18326725,0.46567869,0.68061179,485.34372,210.60918,307.81543,452.26285,2.0527861,1.8964237,1.3016391,0.81185377,134.25,167.08269,3.7919619,0.17422456,2.8982086,1.7615657,0.98293102,0.55165941,0.2636553,0.10618847,0.051864944,0.025773134,352.0,194.5,159.75,145.5,125.375,75.25,27.25,8.375,0.70710677,0.5,0.5,0.70710677,1.118034,0.5,-1.9232893,-1.8938417,-1.8919849,-7.5490766,-7.5445395,-7.5275488,1.155019,177.25,186.125,125.875,53.375,22.75,9.5,4.375,1.875,0.1627543,0.069587626,1.21776,1.1191938,1.1096344,1.1484603,1.2582371,1.5711228,2.3230846,3.4416072,0.48756474,1.5241687,2.2397268,2.5768087,2.6982558,3.1894326,3.4322338,3.4578822,1.248322,271.56454,339.0,609.875,314.75,158.0,63.75,26.0,10.125,4.375,1.875,432.625,128.625,32.125,10.375,3.25,0.625,0.0,0.0,EXT190
C:/Users/MICROSOFT/Documents/nauval_mrnavac/cycpeptmp_standalone/runs/run_20260102_172000_moe/sdf/monomer.sdf,O=C[C@@](NC)C(C)C,11.314579,1.331566e-09,84,O=C[C@@](NC)C(C)C,315.20953,246.96683,68.242714,222.30453,92.905014,501.34265,138.53271,178.72411,362.80994,0.85792178,0.81651342,45.808949,0.957614,35.421062,37.766815,2.8111552e-05,-9.373188,0,3.4868031,3.9619451,3.5976896,2.3457522,0.78350049,0.21649952,0.7052595,0.29474047,1.590506,0.43949404,0.18330094,0.46564353,0.68062735,485.34042,210.59377,307.82318,452.26392,2.0527792,1.8963605,1.3015621,0.81190133,134.25,167.46495,3.8581309,0.1748739,2.9061501,1.7620889,0.97739184,0.54783165,0.26437512,0.10416074,0.051907349,0.026886927,354.625,194.625,159.875,146.625,126.75,74.625,27.125,8.625,0.5,0.5,1.0,0.5,0.5,1.0,-1.9096287,-1.8975724,-1.8706309,-7.7855039,-7.3444381,-7.3210969,1.1526138,179.875,185.875,124.875,52.625,21.875,9.5,4.25,2.0,0.15871775,0.06905371,1.2272632,1.1187011,1.1072866,1.1332783,1.2643518,1.5671014,2.2999535,3.3106399,0.48774323,1.5115086,2.2550426,2.5341434,2.7589607,3.1953299,3.4592597,3.3879614,1.2510808,271.06564,339.125,613.25,314.125,157.125,63.375,25.375,10.125,4.25,2.0,433.375,128.25,32.25,10.75,3.5,0.625,0.0,0.0,EXT191
C:/Users/MICROSOFT/Documents/nauval_mrnavac/cycpeptmp_standalone/runs/run_20260102_172000_moe/sdf/monomer.sdf,O=C[C@@](NC)C(C)C,11.314579,1.4557067e-09,10,O=C[C@@](NC)C(C)C,317.94269,248.87679,69.06591,223.77043,94.172279,505.21988,140.2038,179.81088,365.01608,0.85792178,0.81630015,45.815319,0.97077847,35.412018,37.75845,9.3549233e-06,-9.379446,0,3.4876513,3.9683156,3.5984302,2.3464334,0.78277248,0.21722753,0.70380741,0.29619262,1.5890281,0.44097188,0.18327577,0.46571392,0.68051976,485.38501,210.64861,307.80814,452.31329,2.0528736,1.8963674,1.301679,0.81184858,134.25,167.442,3.8548574,0.17458853,2.9055247,1.7624688,0.97816682,0.54770964,0.2643469,0.10418433,0.051882144,0.026875433,354.375,194.5,159.625,146.375,126.625,74.25,27.0,8.625,0.5,0.5,1.0,0.5,0.5,1.0,-1.9096267,-1.8974072,-1.8710067,-7.7857218,-7.3423824,-7.321795,1.1528156,180.25,186.0,125.125,52.625,21.875,9.5,4.25,2.0,0.15896633,0.069171645,1.2266601,1.1137209,1.1038171,1.13122,1.2657956,1.5767592,2.3117743,3.3114305,0.48826697,1.5098683,2.2510862,2.5340958,2.7588494,3.1950483,3.4589193,3.3875883,1.2508618,271.1131,339.125,613.25,314.375,157.25,63.375,25.375,10.125,4.25,2.0,433.0,128.375,32.125,10.75,3.5,0.625,0.0,0.0,EXT192
C:/Users/MICROSOFT/Documents/nauval_mrnavac/cycpeptmp_standalone/runs/run_20260102_172000_moe/sdf/monomer.sdf,O=C[C@@](NC)C(C)C,11.314579,1.4980905e-09,173,O=C[C@@](NC)C(C)C,315.78421,246.53053,69.25367,221.94267,93.84153,500.45697,140.58495,177.27686,359.87204,0.85792178,0.81608117,45.837681,0.97440922,35.422024,37.772961,2.8645563e-05,-9.3671436,0,3.4929733,3.9906774,3.5973101,2.3509347,0.78069305,0.21930695,0.7028302,0.2971698,1.5848069,0.44519311,0.18328571,0.46561402,0.6806159,485.28485,210.56032,307.78864,452.22076,2.0526617,1.8963418,1.301645,0.81185955,134.25,167.77695,3.743335,0.17143273,2.9050148,1.761292,0.98083818,0.55119675,0.26656502,0.10356535,0.051426921,0.02580303,355.125,195.875,159.875,145.5,124.875,74.25,27.625,8.0,0.70710677,0.5,0.5,1.118034,0.5,1.5811388,-1.908177,-1.9051886,-1.8943672,-7.4234238,-7.253397,-7.2529378,1.1537511,184.0,182.875,126.5,52.5,22.5,9.5,4.625,1.625,0.16262706,0.068728521,1.2183157,1.121116,1.1057627,1.1177167,1.2601424,1.6024196,2.2745433,3.3188846,0.49348676,1.5354061,2.2367992,2.5243461,2.6523118,3.2731516,3.4289892,3.3950551,1.2498475,271.3331,339.125,615.375,311.625,158.5,63.375,26.0,10.0,4.625,1.625,431.375,128.75,32.0,10.875,3.5,0.5,0.0,0.0,EXT193
C:/Users/MICROSOFT/Documents/nauval_mrnavac/cycpeptmp_standalone/runs/run_20260102_172000_moe/sdf/monomer.sdf,O=C[C@@](NC)C(C)C,11.314579,1.5234622e-09,62,O=C[C@@](NC)C(C)C,315.74985,247.15352,68.596329,222.72441,93.025436,501.72165,139.25055,178.55719,362.4711,0.85792178,0.8162905,45.797932,0.98047304,35.420952,37.761681,1.3055516e-05,-9.3678846,0,3.4573381,3.9509275,3.5984287,2.3407257,0.78275102,0.21724898,0.70538247,0.29461753,1.5889846,0.44101542,0.18323641,0.46560293,0.68058258,485.33267,210.5804,307.81024,452.27466,2.0527627,1.8964925,1.3015938,0.8118149,134.25,166.43793,3.743335,0.17144945,2.9045429,1.7612144,0.98063684,0.55130029,0.26653346,0.10356884,0.051440552,0.025827792,355.125,196.0,159.875,145.375,125.0,74.25,27.625,8.0,0.70710677,0.5,0.5,1.118034,0.5,1.5811388,-1.9079535,-1.905098,-1.8941311,-7.4239831,-7.2552214,-7.2544565,1.1537752,183.875,182.625,126.5,52.5,22.5,9.5,4.625,1.625,0.16262706,0.068787619,1.2184755,1.1191508,1.1059579,1.1207939,1.2555313,1.6023946,2.2743955,3.3187883,0.49366063,1.5396445,2.2366521,2.528343,2.6522033,3.2730882,3.4289625,3.3950341,1.2498213,271.33878,339.125,615.375,311.375,158.5,63.5,26.0,10.0,4.625,1.625,431.5,128.75,32.0,11.0,3.5,0.5,0.0,0.0,EXT194
C:/Users/MICROSOFT/Documents/nauval_mrnavac/cycpeptmp_standalone/runs/run_20260102_172000_moe/sdf/monomer.sdf,O=C[C@@](NC)C(C)C,11.314579,1.7396751e-09,147,O=C[C@@](NC)C(C)C,313.90012,247.15654,66.743591,222.84401,91.056107,501.72775,135.48949,180.41295,366.23828,0.85792178,0.8172496,45.814507,0.9707824,35.41082,37.753998,1.8098141e-05,-9.3851252,0,3.4913621,3.9675035,3.5983469,2.3431773,0.78737319,0.21262683,0.70992011,0.29007989,1.5983676,0.43163246,0.18327272,0.46566164,0.68061304,485.43155,210.64113,307.87396,452.34802,2.0529718,1.8964853,1.3017049,0.81189227,134.25,167.5107,3.8575919,0.17483209,2.9058428,1.76274,0.97809148,0.5477069,0.26436833,0.10416285,0.051872097,0.026866306,354.5,194.375,159.875,146.375,126.5,74.25,27.0,8.625,0.5,0.5,1.0,0.5,0.5,1.0,-1.9096992,-1.8975587,-1.8709736,-7.7860589,-7.3460155,-7.3221545,1.1529192,179.875,186.125,125.0,52.625,21.875,9.5,4.25,2.0,0.15871775,0.069171645,1.2286694,1.1151748,1.1068223,1.1333604,1.2650428,1.5857873,2.3032072,3.310919,0.48793286,1.5105819,2.2510824,2.534111,2.7589068,3.1952178,3.4591277,3.3878191,1.2507493,271.13745,339.125,613.375,314.5,157.25,63.375,25.375,10.125,4.25,2.0,433.5,128.375,32.25,10.75,3.5,0.625,0.0,0.0,EXT195
C:/Users/MICROSOFT/Documents/nauval_mrnavac/cycpeptmp_standalone/runs/run_20260102_172000_moe/sdf/monomer.sdf,O=C[C@@](NC)C(C)C,11.314579,1.9266579e-09,146,O=C[C@@](NC)C(C)C,315.85715,248.59343,67.263741,223.50349,92.353668,504.64465,136.54539,181.32968,368.09924,0.85792178,0.81720895,45.774273,0.96986115,35.410786,37.752914,7.2703901e-05,-9.3794804,0,3.4539576,3.9272678,3.5974674,2.3421271,0.78704381,0.21295619,0.70760942,0.29239061,1.5976989,0.43230107,0.18332507,0.46567401,0.68058479,485.41837,210.64256,307.8551,452.33908,2.0529439,1.8963928,1.3016533,0.81196856,134.25,168.5011,3.7369454,0.17152984,2.905211,1.761742,0.98088646,0.55121559,0.26660773,0.10362604,0.051393591,0.025787927,355.25,196.0,160.0,145.5,125.125,74.125,27.75,8.0,0.70710677,0.5,0.5,1.118034,0.5,1.5811388,-1.9076021,-1.9044464,-1.8938622,-7.4134817,-7.2530079,-7.2484336,1.1540983,184.5,183.25,126.375,52.375,22.5,9.5,4.625,1.625,0.16249999,0.068728521,1.2176237,1.1198368,1.1000495,1.1138461,1.2470639,1.5960926,2.2569878,3.3195438,0.49429801,1.5383894,2.2405155,2.5197213,2.6518092,3.272639,3.4285126,3.3946047,1.2493179,271.34805,339.0,615.75,312.125,158.375,63.375,26.0,10.0,4.625,1.625,431.25,128.875,32.0,11.0,3.5,0.5,0.0,0.0,EXT196
C:/Users/MICROSOFT/Documents/nauval_mrnavac/cycpeptmp_standalone/runs/run_20260102_172000_moe/sdf/monomer.sdf,O=C[C@@](NC)C(C)C,11.314579,2.097174e-09,52,O=C[C@@](NC)C(C)C,313.58835,245.99394,67.594406,221.72037,91.867981,499.36771,137.21664,178.39954,362.15103,0.85792178,0.81637686,45.802696,0.96337223,35.424221,37.76442,7.8484554e-05,-9.3709593,0,3.4773021,3.955693,3.5975254,2.3401983,0.78444856,0.21555141,0.70704275,0.29295725,1.5924306,0.43756935,0.1832948,0.46559641,0.68061703,485.38232,210.59625,307.85333,452.31503,2.0528679,1.8963394,1.3017519,0.81187868,134.25,168.0108,3.8562419,0.17478025,2.9056911,1.7621343,0.97725821,0.5478372,0.26430014,0.10411291,0.051897485,0.026868673,354.75,194.5,159.75,146.5,126.625,74.5,26.875,8.625,0.5,0.5,1.0,0.5,0.5,1.0,-1.909681,-1.8974279,-1.8708673,-7.7839293,-7.341712,-7.3183942,1.1526567,179.75,185.5,124.875,52.75,21.875,9.625,4.25,2.0,0.15884194,0.069965869,1.2250391,1.1166923,1.1048019,1.1316783,1.2643054,1.5688573,2.3142083,3.3106251,0.48719108,1.5078113,2.2540185,2.5362258,2.7595103,3.1883397,3.4596734,3.3883464,1.2510343,271.07571,339.125,613.0,313.875,157.0,63.5,25.375,10.25,4.25,2.0,433.25,128.375,32.125,10.75,3.5,0.625,0.0,0.0,EXT197
C:/Users/MICROSOFT/Documents/nauval_mrnavac/cycpeptmp_standalone/runs/run_20260102_172000_moe/sdf/monomer.sdf,O=C[C@@](NC)C(C)C,11.314579,2.3458853e-09,189,O=C[C@@](NC)C(C)C,319.87924,250.00958,69.869667,224.61958,95.259659,507.51944,141.83543,180.13991,365.68402,0.85792178,0.8166579,45.769779,0.96449834,35.413738,37.759048,5.9782367e-05,-9.3732195,0,3.4480853,3.9227736,3.5980844,2.3453104,0.78157485,0.21842514,0.70220119,0.29779881,1.586597,0.44340304,0.18323649,0.46561319,0.68058348,485.37357,210.6017,307.83499,452.31042,2.0528493,1.8964199,1.301634,0.81178397,134.25,168.13412,3.8575919,0.17484808,2.9062588,1.762962,0.97817296,0.54778099,0.26437274,0.10417803,0.05188252,0.026879529,354.375,194.25,159.875,146.375,126.5,74.25,27.125,8.625,0.5,0.5,1.0,0.5,0.5,1.0,-1.9099036,-1.8978438,-1.8710846,-7.7862449,-7.3461084,-7.3215961,1.1530777,179.625,186.5,125.0,52.625,21.875,9.5,4.25,2.0,0.15871775,0.069171645,1.2253858,1.1164474,1.1072185,1.1337591,1.2654376,1.5861461,2.3005185,3.3112009,0.48973402,1.5101819,2.2506864,2.5337164,2.7585161,3.1948438,3.4587617,3.387455,1.2504237,271.10809,339.0,613.125,314.5,157.25,63.375,25.375,10.125,4.25,2.0,433.5,128.0,32.25,10.75,3.5,0.625,0.0,0.0,EXT198
C:/Users/MICROSOFT/Documents/nauval_mrnavac/cycpeptmp_standalone/runs/run_20260102_172000_moe/sdf/monomer.sdf,O=C[C@@](NC)C(C)C,11.314579,2.4431781e-09,111,O=C[C@@](NC)C(C)C,317.02124,248.47401,68.547226,223.08241,93.938835,504.40225,139.15086,179.9268,365.2514,0.85792178,0.81699437,45.767952,0.95897424,35.4216,37.764591,0.00011040136,-9.3757095,0,3.4466417,3.9209464,3.5976326,2.3429894,0.78377718,0.21622281,0.70368284,0.29631716,1.5910677,0.4389323,0.18327045,0.46564022,0.68055123,485.40338,210.62738,307.84009,452.33932,2.0529125,1.896369,1.3016219,0.81183743,134.25,167.47176,3.7364521,0.17128274,2.9048736,1.7610611,0.98040003,0.55122483,0.26656368,0.10352348,0.051388051,0.025768986,355.25,195.875,159.75,145.5,125.125,74.125,27.75,8.0,0.70710677,0.5,0.5,1.118034,0.5,1.5811388,-1.9078054,-1.9048787,-1.8941741,-7.4182181,-7.2521486,-7.2499504,1.1538644,184.375,183.0,126.5,52.375,22.5,9.5,4.625,1.625,0.1627543,0.068728521,1.2187954,1.1203065,1.0988822,1.1115057,1.2468337,1.5960627,2.2648709,3.3191032,0.49151883,1.5358676,2.2366154,2.5200555,2.6521177,3.272948,3.4287808,3.3948467,1.2497247,271.35977,339.125,615.625,311.875,158.5,63.375,26.0,10.0,4.625,1.625,431.25,128.875,32.0,11.0,3.5,0.5,0.0,0.0,EXT199
C:/Users/MICROSOFT/Documents/nauval_mrnavac/cycpeptmp_standalone/runs/run_20260102_172000_moe/sdf/monomer.sdf,O=C[C@@](NC)C(C)C,11.314579,2.45665e-09,61,O=C[C@@](NC)C(C)C,317.27838,248.19954,69.078835,223.21487,94.063507,503.84506,140.23004,179.12071,363.61502,0.85792178,0.81611699,45.807442,0.96346271,35.413574,37.766102,2.8655229e-05,-9.3755331,0,3.4792562,3.9604366,3.5985901,2.3525279,0.78227687,0.21772312,0.70353007,0.29646996,1.5880221,0.44197792,0.18327864,0.46571144,0.6805616,485.33618,210.62242,307.79044,452.25949,2.0527701,1.8963223,1.30156,0.81183553,134.25,166.93527,3.7422669,0.17145555,2.9050796,1.7613357,0.98080701,0.55117947,0.26651654,0.10350042,0.051375896,0.025754206,355.25,196.0,159.875,145.375,125.125,74.125,27.75,8.0,0.70710677,0.5,0.5,1.118034,0.5,1.5811388,-1.9080108,-1.9051491,-1.8943678,-7.4196334,-7.254828,-7.2479033,1.1540912,184.25,182.875,126.25,52.5,22.5,9.375,4.625,1.625,0.16262706,0.06792777,1.2167773,1.1184793,1.1040037,1.1188757,1.2525266,1.6010408,2.2563279,3.3187423,0.49554431,1.535601,2.2344811,2.5246189,2.6526027,3.2630582,3.4292986,3.3953795,1.2493255,271.34641,339.0,615.625,311.625,158.25,63.375,26.0,9.875,4.625,1.625,431.375,128.75,32.0,10.875,3.5,0.5,0.0,0.0,EXT200
C:/Users/MICROSOFT/Documents/nauval_mrnavac/cycpeptmp_standalone/runs/run_20260102_172000_moe/sdf/monomer.sdf,O=C[C@@](NC)C(C)C,11.314579,2.6101752e-09,89,O=C[C@@](NC)C(C)C,316.82224,249.02632,67.795898,223.58546,93.236763,505.52344,137.62567,181.23042,367.89774,0.85792178,0.81711876,45.745831,0.96692419,35.418175,37.761669,7.3515912e-06,-9.3758326,0,3.418381,3.8988259,3.5988493,2.3434954,0.78601277,0.2139872,0.70571268,0.29428732,1.595606,0.43439403,0.18324892,0.46561202,0.68067259,485.36002,210.58667,307.8541,452.27927,2.0528207,1.8963891,1.3015631,0.81179839,134.25,166.25732,3.7938063,0.17445555,2.8981123,1.7611877,0.98291516,0.55134141,0.26369765,0.10627731,0.051916003,0.025840124,352.75,194.875,160.0,145.875,125.375,75.25,27.25,8.375,0.70710677,0.5,0.5,0.70710677,1.118034,0.5,-1.9231001,-1.8939668,-1.8923066,-7.553988,-7.5462093,-7.530509,1.1551093,177.25,186.0,125.875,53.375,22.75,9.5,4.375,1.875,0.16249999,0.069408737,1.21824,1.1180339,1.1124198,1.1515598,1.258464,1.5711939,2.3230941,3.4417658,0.48947826,1.5229533,2.239449,2.5765121,2.6980031,3.1892083,3.4320521,3.4577105,1.2482245,271.58575,339.0,609.875,314.625,158.0,63.75,26.0,10.125,4.375,1.875,432.625,128.625,32.125,10.375,3.25,0.625,0.0,0.0,EXT201
C:/Users/MICROSOFT/Documents/nauval_mrnavac/cycpeptmp_standalone/runs/run_20260102_172000_moe/sdf/monomer.sdf,O=C[C@@](NC)C(C)C,11.314579,2.7095783e-09,120,O=C[C@@](NC)C(C)C,317.06946,247.47374,69.595726,222.08104,94.988434,502.3717,141.27931,177.87802,361.09238,0.85792178,0.81659579,45.780056,0.96680492,35.419914,37.766087,0.00010224457,-9.3714352,0,3.4489143,3.9330502,3.598146,2.3461735,0.78050321,0.21949677,0.70041758,0.29958242,1.5844215,0.44557843,0.18326774,0.46558625,0.68060482,485.36481,210.58626,307.83987,452.30344,2.0528307,1.8964208,1.3015882,0.81185365,134.25,168.2998,3.8602748,0.17471556,2.905618,1.7628832,0.97808814,0.54787391,0.26437062,0.10416392,0.051866457,0.02686004,354.5,194.375,159.75,146.375,126.5,74.25,27.0,8.625,0.5,0.5,1.0,0.5,0.5,1.0,-1.9095412,-1.8973998,-1.8707551,-7.7840204,-7.3462439,-7.3168178,1.1530594,179.875,186.125,125.125,52.625,22.0,9.625,4.25,2.0,0.15962441,0.070025623,1.2283162,1.1178808,1.1051298,1.1330366,1.2646984,1.5854611,2.3029661,3.3107827,0.48719379,1.5109173,2.251404,2.5344181,2.7631707,3.1880684,3.459414,3.3880899,1.2504436,271.10379,339.0,613.125,314.5,157.25,63.375,25.5,10.25,4.25,2.0,433.25,128.375,32.125,10.75,3.5,0.625,0.0,0.0,EXT202
C:/Users/MICROSOFT/Documents/nauval_mrnavac/cycpeptmp_standalone/runs/run_20260102_172000_moe/sdf/monomer.sdf,O=C[C@@](NC)C(C)C,11.314579,2.8305323e-09,87,O=C[C@@](NC)C(C)C,316.95459,248.83052,68.124069,222.84773,94.106865,505.12595,138.29185,180.70645,366.83411,0.85792178,0.81656748,45.790176,0.97491109,35.424873,37.772251,8.0604215e-05,-9.3733482,0,3.4451509,3.943171,3.5977831,2.3473773,0.78506678,0.21493322,0.70309037,0.2969096,1.5936856,0.43631443,0.18325689,0.465626,0.68061119,485.33405,210.58636,307.81665,452.26505,2.0527656,1.8963914,1.3015838,0.81181699,134.25,167.65613,3.7405531,0.17171973,2.9050751,1.7613636,0.98037034,0.55119765,0.26652843,0.10357065,0.051398303,0.025772357,355.375,196.25,160.125,145.75,124.875,74.125,27.625,8.0,0.70710677,0.5,0.5,1.118034,0.5,1.5811388,-1.9075389,-1.9049122,-1.8942341,-7.4193439,-7.2546515,-7.2485833,1.154066,184.0,183.125,126.375,52.5,22.5,9.375,4.625,1.625,0.16237314,0.067753002,1.2175928,1.117118,1.1026212,1.1141667,1.2566905,1.6071094,2.2605464,3.318722,0.492652,1.5350919,2.2357478,2.5245638,2.6525609,3.2630308,3.4292848,3.3953683,1.2493529,271.34045,339.0,615.5,311.875,158.375,63.375,26.0,9.875,4.625,1.625,431.5,128.75,32.0,10.875,3.5,0.5,0.0,0.0,EXT203
C:/Users/MICROSOFT/Documents/nauval_mrnavac/cycpeptmp_standalone/runs/run_20260102_172000_moe/sdf/monomer.sdf,O=C[C@@](NC)C(C)C,11.314579,3.0479228e-09,159,O=C[C@@](NC)C(C)C,317.41846,247.87488,69.543587,223.25673,94.161728,503.18597,141.17348,178.33128,362.01251,0.85792178,0.81689191,45.796654,0.96811193,35.412891,37.760147,1.3293852e-05,-9.3810663,0,3.4694369,3.9496491,3.5989439,2.3472579,0.78090882,0.21909119,0.70335144,0.29664856,1.5852449,0.44475511,0.18327327,0.46580115,0.68046504,485.34607,210.66795,307.75403,452.27017,2.0527911,1.8963602,1.3016654,0.81183994,134.25,167.85332,3.8575919,0.17489557,2.9062569,1.7629009,0.97800064,0.54770124,0.26430196,0.10406975,0.051864892,0.026855322,354.625,194.375,159.875,146.5,126.625,74.375,27.0,8.625,0.5,0.5,1.0,0.5,0.5,1.0,-1.9100701,-1.8979883,-1.8710151,-7.7858377,-7.3465209,-7.3208771,1.1527901,180.125,186.125,125.0,52.625,21.875,9.5,4.25,2.0,0.15871775,0.069112629,1.2271336,1.11506,1.1067507,1.1314727,1.2628344,1.5832582,2.3110583,3.3107042,0.48923439,1.5114352,2.2511973,2.5342188,2.7590258,3.1953943,3.4593201,3.3880055,1.2508894,271.10709,339.125,613.5,314.375,157.25,63.375,25.375,10.125,4.25,2.0,433.375,128.25,32.25,10.75,3.5,0.625,0.0,0.0,EXT204
C:/Users/MICROSOFT/Documents/nauval_mrnavac/cycpeptmp_standalone/runs/run_20260102_172000_moe/sdf/monomer.sdf,O=C[C@@](NC)C(C)C,11.314579,3.0567886e-09,130,O=C[C@@](NC)C(C)C,316.48712,247.38365,69.10347,223.18027,93.306854,502.18881,140.28003,178.28018,361.90878,0.85792178,0.81696761,45.822556,0.97824007,35.417458,37.765339,1.4952997e-07,-9.3804998,0,3.4794326,3.9755521,3.599546,2.347878,0.78165472,0.21834527,0.70517963,0.29482037,1.5867591,0.44324091,0.18331058,0.46570376,0.68055141,485.31488,210.61145,307.77487,452.24341,2.0527251,1.8963884,1.3016038,0.81193465,134.25,167.33292,3.8611169,0.17480282,2.8990085,1.7623734,0.98097456,0.54692167,0.26247072,0.10238247,0.050791476,0.027109966,352.875,193.125,158.25,143.875,125.25,74.25,26.875,7.875,0.5,0.70710677,0.5,0.5,1.118034,0.70710677,-1.9137743,-1.9049262,-1.8667519,-7.6084242,-7.3282919,-7.135788,1.1567277,183.875,185.375,126.5,52.375,22.75,9.125,4.25,2.125,0.1650869,0.066898346,1.2098485,1.1319022,1.1208587,1.1422766,1.2582792,1.5755358,2.3659091,3.4490583,0.49787867,1.5328063,2.2638485,2.5485616,2.7473664,3.282783,3.3971088,3.4058955,1.2461716,271.83255,338.75,613.875,313.0,158.625,62.375,26.125,9.625,4.25,2.125,430.0,127.625,32.125,10.0,3.375,0.5,0.0,0.0,EXT205
C:/Users/MICROSOFT/Documents/nauval_mrnavac/cycpeptmp_standalone/runs/run_20260102_172000_moe/sdf/monomer.sdf,O=C[C@@](NC)C(C)C,11.314579,3.3082319e-09,22,O=C[C@@](NC)C(C)C,317.51691,247.79839,69.718506,221.6235,95.893394,503.03073,141.52858,178.07988,361.50214,0.85792178,0.81749511,45.835621,0.97399676,35.419991,37.766689,5.4453962e-05,-9.386508,0,3.4962547,3.9886165,3.5986264,2.3466983,0.78042585,0.21957417,0.69798964,0.30201036,1.5842644,0.44573557,0.18330455,0.46574867,0.68059963,485.34537,210.63586,307.80267,452.25223,2.0527897,1.8965008,1.3015994,0.8119694,134.25,166.81233,3.7410884,0.17155561,2.9050291,1.7615111,0.98081326,0.55122352,0.26656863,0.10351301,0.051370811,0.025739348,355.375,195.875,160.0,145.5,125.0,74.125,27.625,8.0,0.70710677,0.5,0.5,1.118034,0.5,1.5811388,-1.9079548,-1.9049758,-1.8941079,-7.4130726,-7.2536955,-7.245307,1.1540943,184.125,182.75,126.5,52.5,22.5,9.5,4.625,1.625,0.16249999,0.068728521,1.2172583,1.1207269,1.103515,1.1184456,1.2578014,1.6015333,2.2527752,3.3188436,0.49438345,1.5347958,2.2365532,2.5199966,2.6521089,3.2729995,3.4288781,3.3949502,1.2493223,271.34711,339.0,615.5,311.5,158.5,63.375,26.0,10.0,4.625,1.625,431.375,128.75,32.0,10.875,3.5,0.5,0.0,0.0,EXT206
C:/Users/MICROSOFT/Documents/nauval_mrnavac/cycpeptmp_standalone/runs/run_20260102_172000_moe/sdf/monomer.sdf,O=C[C@@](NC)C(C)C,11.314579,4.8635727e-09,187,O=C[C@@](NC)C(C)C,318.41031,249.22974,69.180573,223.85382,94.556488,505.93637,140.43657,180.04916,365.49979,0.85792178,0.81698442,45.788639,0.97794288,35.425282,37.769432,5.3072938e-05,-9.3751841,0,3.4422767,3.9416344,3.5989332,2.3441529,0.78273135,0.21726863,0.70303571,0.29696429,1.5889447,0.44105533,0.18324515,0.46565309,0.68064445,485.32635,210.58937,307.81818,452.24518,2.0527494,1.8964375,1.3015697,0.81181073,134.25,167.14941,3.8546088,0.17488107,2.9062765,1.7624427,0.97795916,0.54778039,0.26433012,0.10413044,0.051903285,0.026872773,354.5,194.625,159.875,146.625,126.625,74.5,26.875,8.625,0.5,0.5,1.0,0.5,0.5,1.0,-1.9095669,-1.897355,-1.8709204,-7.7808676,-7.33671,-7.3192167,1.1530461,179.625,185.75,125.0,52.625,21.875,9.625,4.25,2.0,0.15871775,0.06990622,1.2238557,1.1125797,1.1037766,1.1301737,1.2650112,1.5695027,2.3147738,3.3111947,0.49028325,1.5082313,2.2510035,2.5340128,2.7587926,3.1876493,3.4589953,3.3876665,1.250458,271.10068,339.0,613.25,314.125,157.25,63.375,25.375,10.25,4.25,2.0,433.625,128.375,32.25,10.75,3.5,0.625,0.0,0.0,EXT207
C:/Users/MICROSOFT/Documents/nauval_mrnavac/cycpeptmp_standalone/runs/run_20260102_172000_moe/sdf/monomer.sdf,O=C[C@@](NC)C(C)C,11.56096,0.24638087,83,O=C[C@@](NC)C(C)C,316.63422,242.30005,74.334175,215.69995,100.93427,491.86911,150.89838,167.96588,340.97073,0.85394621,0.62178296,46.520496,1.1987909,34.978207,36.844315,0.0014180162,-8.7487011,0,3.4778504,5.818481,4.9981217,1.8661094,0.76523644,0.23476355,0.68122751,0.31877246,1.55343,0.47656998,0.29599828,0.58024365,0.67868006,484.65134,248.98215,291.22116,429.09933,2.0513215,1.7851613,1.2633927,0.97122991,134.875,168.72212,1.9722786,0.19024765,2.9213197,1.8362495,1.1599039,0.57291806,0.24977958,0.046910655,0.0,0.0,329.75,183.25,152.875,136.75,111.375,56.875,15.375,3.75,0.70710677,1.8027756,2.5,7.0356236,6.8738637,0.5,-1.856141,-1.84285,-1.8264477,-4.8354359,-4.7870646,-4.7503996,1.1661236,199.75,213.625,139.75,49.375,16.75,2.625,0.0,0.0,0.13491414,0.024680072,0.66184145,0.71881115,0.8899405,0.8851248,0.85185927,0.57625794,1.4574941,2.7051845,0.44109377,0.90553415,1.1209471,1.2321064,1.0907352,1.0957215,0.0,0.0,1.2329293,272.62308,336.125,623.5,340.25,174.625,61.0,20.625,3.375,0.0,0.0,423.75,126.625,34.875,11.625,3.875,0.75,0.0,0.0,EXT208
C:/Users/MICROSOFT/Documents/nauval_mrnavac/cycpeptmp_standalone/runs/run_20260102_172000_moe/sdf/monomer.sdf,O=C[C@@](NC)C(C)C,11.56096,0.24638087,185,O=C[C@@](NC)C(C)C,315.30103,244.26506,71.035973,218.34636,96.954666,495.85806,144.20302,173.22908,351.65503,0.85553199,0.62121379,46.524216,1.2010416,34.965977,36.82423,0.0019711037,-8.7578659,0,3.5009589,5.8221993,4.9960146,1.8582526,0.77470428,0.22529571,0.69250125,0.30749875,1.5726497,0.45735028,0.29592392,0.58022934,0.67868233,484.75439,249.0303,291.28564,429.19287,2.0515397,1.7853007,1.2634439,0.97118378,134.625,167.21254,1.8622094,0.19455339,2.9166391,1.8350728,1.160803,0.57227015,0.24453789,0.049180668,0.0,0.0,328.375,180.25,152.125,136.875,112.375,60.0,17.0,3.5,2.5,0.70710677,2.2912879,0.70710677,0.70710677,1.2247449,-1.836311,-1.8354944,-1.8243855,-4.7909331,-4.660975,-4.6574569,1.1639981,202.5,214.25,138.125,48.25,15.125,2.625,0.0,0.0,0.12489729,0.02739726,0.67412168,0.69099498,0.84830683,0.83118504,0.74676061,0.54514802,1.4042045,2.6272218,0.44517139,0.90306014,1.1078073,1.2566754,1.0162343,0.75168115,0.0,0.0,1.2370155,272.93515,337.625,623.875,338.625,172.5,60.0,19.0,3.75,0.0,0.0,421.375,124.375,34.375,11.75,3.875,1.125,0.0,0.0,EXT209
C:/Users/MICROSOFT/Documents/nauval_mrnavac/cycpeptmp_standalone/runs/run_20260102_172000_moe/sdf/monomer.sdf,O=C[C@@](NC)C(C)C,11.56096,0.24638087,141,O=C[C@@](NC)C(C)C,312.96558,241.97762,70.987961,215.62276,97.342819,491.21454,144.10556,170.98965,347.10901,0.85553199,0.62111461,46.438129,1.1813357,34.958942,36.817627,0.0019920978,-8.7444801,0,3.4404967,5.7361135,4.9966764,1.8586869,0.77317643,0.22682354,0.68896639,0.31103364,1.5695482,0.46045178,0.2960012,0.58021659,0.67872316,484.78101,249.0354,291.31549,429.21109,2.0515959,1.7851619,1.2633849,0.97123498,134.625,167.39413,1.9712616,0.19002165,2.9210436,1.8358351,1.1597869,0.57293606,0.24984874,0.046906009,0.0,0.0,329.75,183.125,152.75,136.375,111.375,56.875,15.25,3.625,0.70710677,1.8027756,2.5,7.0356236,6.8738637,0.5,-1.8556551,-1.8427701,-1.8261989,-4.835856,-4.7852817,-4.7518091,1.1659441,200.125,213.5,140.0,49.625,16.75,2.625,0.0,0.0,0.13502455,0.024747938,0.66217732,0.71777761,0.88875616,0.87705392,0.85131055,0.5759477,1.4563324,2.8459404,0.44038296,0.90346318,1.1214738,1.2409081,1.0912396,1.0961657,0.0,0.0,1.2332721,272.64868,336.25,623.625,340.0,174.625,61.25,20.625,3.375,0.0,0.0,423.5,126.5,34.625,11.625,3.875,0.75,0.0,0.0,EXT210
C:/Users/MICROSOFT/Documents/nauval_mrnavac/cycpeptmp_standalone/runs/run_20260102_172000_moe/sdf/monomer.sdf,O=C[C@@](NC)C(C)C,11.845002,0.53042382,6,O=C[C@@](NC)C(C)C,316.65536,246.19788,70.457489,220.60533,96.050026,499.78168,143.0287,175.74039,356.75299,0.86112893,0.50267452,45.608387,1.0296943,35.279778,37.309528,8.7758628e-05,-8.7529564,0,3.4752285,4.0655437,3.7938495,2.0297489,0.77749473,0.22250527,0.69667327,0.30332673,1.5783143,0.4516857,0.18146615,0.45720637,0.63736063,499.34784,217.99733,303.89542,476.80292,2.0821912,1.8948456,1.3054329,0.80718231,133.75,166.51506,2.2812994,0.16513282,2.9420004,1.8635757,1.1759931,0.59666395,0.25782996,0.048547216,0.0,0.0,326.375,180.625,149.25,134.0,112.125,62.25,17.875,1.75,0.86602539,0.70710677,1.118034,0.5,6.6520672,6.745369,-1.7586608,-1.7372618,-1.7265009,-4.8074989,-4.7682314,-4.7009349,1.1606162,203.25,218.375,141.5,51.375,17.0,2.75,0.0,0.0,0.14489113,0.027052239,1.0416019,0.87905329,0.87773836,0.94276565,1.049437,1.3315568,2.0118699,3.197669,0.40235105,1.0725909,1.4066228,1.4920669,1.4373941,1.5966715,0.0,0.0,1.2400073,271.87338,337.125,635.375,347.5,179.25,64.625,21.625,3.625,0.0,0.0,432.125,129.125,37.75,13.25,4.625,0.875,0.0,0.0,EXT211
C:/Users/MICROSOFT/Documents/nauval_mrnavac/cycpeptmp_standalone/runs/run_20260102_172000_moe/sdf/monomer.sdf,O=C[C@@](NC)C(C)C,11.845002,0.53042382,151,O=C[C@@](NC)C(C)C,315.55673,243.11639,72.440338,216.29411,99.262611,493.52628,147.05388,170.67606,346.47238,0.86112893,0.50264001,45.628044,1.0230219,35.27821,37.301613,9.824516e-05,-8.756978,0,3.508786,4.0851994,3.7945242,2.0234034,0.77043641,0.22956359,0.68543655,0.31456345,1.5639859,0.46601409,0.18148829,0.4571088,0.63739574,499.44202,217.99841,303.97855,476.90707,2.0823874,1.8949499,1.3054143,0.80727601,133.75,166.52588,2.286417,0.1650164,2.9409463,1.863611,1.1749034,0.59393901,0.25904652,0.049513537,0.0,0.0,325.125,181.125,149.875,135.5,112.625,63.125,17.375,2.125,0.86602539,0.70710677,1.118034,0.5,6.5954528,6.6520672,-1.738801,-1.7375072,-1.7235928,-4.7265177,-4.7136374,-4.6784348,1.1599613,201.5,219.0,139.5,52.625,16.875,2.5,0.0,0.0,0.14512093,0.025830258,1.0252702,0.86039609,0.89076346,0.97612274,1.0758886,1.3701193,2.1247697,2.5563796,0.40095627,1.0525283,1.3936228,1.5399045,1.423907,1.5102036,0.0,0.0,1.2411671,271.92148,337.5,633.75,347.875,177.5,65.25,21.75,3.5,0.0,0.0,432.25,128.875,38.0,12.625,4.875,1.0,0.0,0.0,EXT212
C:/Users/MICROSOFT/Documents/nauval_mrnavac/cycpeptmp_standalone/runs/run_20260102_172000_moe/sdf/monomer.sdf,O=C[C@@](NC)C(C)C,11.845002,0.53042382,8,O=C[C@@](NC)C(C)C,315.52466,245.6675,69.857162,219.11115,96.413513,498.70502,141.81003,175.81033,356.89499,0.86112893,0.50248623,45.628418,1.0136019,35.274887,37.306087,0.0001153312,-8.7595673,0,3.5134592,4.0855751,3.7951534,2.0312004,0.77859998,0.22140001,0.69443429,0.30556569,1.5805579,0.449442,0.18155724,0.45732957,0.6372844,499.36862,218.06027,303.8649,476.8121,2.0822344,1.8947307,1.3054559,0.80733591,133.75,166.86336,2.2856753,0.16486667,2.942055,1.8631706,1.1761063,0.59669375,0.2578043,0.048585303,0.0,0.0,326.5,180.5,149.0,133.875,112.125,62.375,17.875,1.875,0.86602539,0.70710677,1.118034,0.5,6.6520672,6.745369,-1.7585145,-1.7373939,-1.7266097,-4.806314,-4.7679348,-4.7023854,1.1606581,203.375,218.25,141.75,51.75,17.0,2.75,0.0,0.0,0.14513423,0.027077498,1.0384264,0.88266414,0.88106698,0.94787902,1.0560601,1.3324642,2.0118306,3.2322128,0.40284678,1.0728418,1.405002,1.4998075,1.4376079,1.5968212,0.0,0.0,1.2399625,271.88324,337.125,635.25,347.25,179.375,65.0,21.625,3.625,0.0,0.0,431.875,129.0,37.625,13.25,4.625,0.875,0.0,0.0,EXT213
C:/Users/MICROSOFT/Documents/nauval_mrnavac/cycpeptmp_standalone/runs/run_20260102_172000_moe/sdf/monomer.sdf,O=C[C@@](NC)C(C)C,11.845002,0.53042382,12,O=C[C@@](NC)C(C)C,314.14691,243.98584,70.161072,217.93481,96.21209,495.29123,142.42699,173.82475,352.86426,0.86032492,0.50183964,45.586082,1.0093769,35.268688,37.297897,5.4087133e-05,-8.7535563,0,3.4838228,4.0432396,3.7949336,2.0292063,0.77666157,0.22333843,0.69373536,0.30626464,1.576623,0.45337698,0.18153352,0.45721471,0.63736099,499.47833,218.05737,303.97375,476.92557,2.0824633,1.894841,1.305516,0.80733013,133.875,166.7988,2.2812994,0.16509601,2.9414823,1.8628218,1.1760565,0.59673494,0.25786644,0.048505496,0.0,0.0,326.375,180.375,149.25,134.125,112.125,62.5,17.875,1.875,0.86602539,0.70710677,1.118034,0.5,6.6520672,6.745369,-1.7584678,-1.7373861,-1.7266123,-4.8061042,-4.7678423,-4.7010612,1.160424,202.875,218.25,141.5,51.5,17.0,2.75,0.0,0.0,0.14489113,0.027027028,1.041217,0.88165152,0.87704557,0.94011104,1.0489135,1.3198961,2.0119348,3.2323751,0.4024381,1.0752916,1.4072486,1.4963479,1.4379643,1.597218,0.0,0.0,1.240366,271.89557,337.25,635.0,347.5,179.25,64.75,21.625,3.625,0.0,0.0,432.125,129.25,37.75,13.25,4.625,0.875,0.0,0.0,EXT214
C:/Users/MICROSOFT/Documents/nauval_mrnavac/cycpeptmp_standalone/runs/run_20260102_172000_moe/sdf/monomer.sdf,O=C[C@@](NC)C(C)C,11.845002,0.53042382,112,O=C[C@@](NC)C(C)C,316.63773,246.5186,70.119125,220.01602,96.621712,500.43277,142.34183,176.39948,358.09094,0.86032492,0.50167578,45.599758,1.0157138,35.274513,37.306797,0.00012328956,-8.7513189,0,3.4811845,4.0569139,3.7959399,2.0322819,0.77855092,0.22144905,0.69485092,0.30514908,1.5804584,0.44954157,0.18152167,0.4571915,0.63737094,499.34229,217.9883,303.89761,476.79865,2.0821795,1.8947726,1.3054258,0.8072747,133.875,167.35457,2.278806,0.16504763,2.9410508,1.8633215,1.1749045,0.59393591,0.25900945,0.049533673,0.0,0.0,325.625,181.125,149.875,135.625,112.75,63.375,17.375,2.125,0.86602539,0.70710677,1.118034,0.5,6.5954528,6.6520672,-1.7391936,-1.7375311,-1.7237971,-4.7273469,-4.7147889,-4.6793752,1.1593354,201.5,218.5,139.5,52.5,16.75,2.5,0.0,0.0,0.1442869,0.025806451,1.0224322,0.86054057,0.88854825,0.97432017,1.0798861,1.3563013,2.1017194,2.555531,0.39993334,1.0521518,1.3934934,1.5353183,1.4181545,1.5101534,0.0,0.0,1.2421439,271.90891,337.75,633.875,347.375,177.5,65.125,21.625,3.5,0.0,0.0,432.375,128.875,38.0,12.625,4.875,1.0,0.0,0.0,EXT215
C:/Users/MICROSOFT/Documents/nauval_mrnavac/cycpeptmp_standalone/runs/run_20260102_172000_moe/sdf/monomer.sdf,O=C[C@@](NC)C(C)C,11.845002,0.53042382,70,O=C[C@@](NC)C(C)C,316.44089,244.42096,72.019936,217.88521,98.555687,496.17456,146.20047,172.40103,349.97409,0.85952234,0.50193453,45.534576,1.0062975,35.271248,37.306965,0.00020382147,-8.7486734,0,3.4255984,3.9917333,3.795511,2.0357187,0.77240634,0.22759363,0.68854946,0.31145054,1.5679849,0.46201506,0.18148994,0.45719042,0.63737661,499.35953,217.99483,303.91016,476.81409,2.0822155,1.8947006,1.3053505,0.80717349,134.0,167.67271,2.2919402,0.1647315,2.9411476,1.8637207,1.1749648,0.59395349,0.25908005,0.050164253,0.0,0.0,325.5,181.0,149.625,135.25,112.625,63.125,17.5,2.125,0.86602539,0.70710677,1.118034,0.5,6.5954528,6.6520672,-1.7391412,-1.7374698,-1.7237037,-4.7296324,-4.7154865,-4.6782818,1.1590207,201.625,218.5,139.5,52.375,16.875,2.625,0.0,0.0,0.14536341,0.026802218,1.0210552,0.86371058,0.89600444,0.98168653,1.0758901,1.3596344,2.1097391,2.5553007,0.40199471,1.0498765,1.3942921,1.5361251,1.424673,1.5586784,0.0,0.0,1.2426344,271.90216,337.875,634.125,347.5,177.5,65.125,21.75,3.625,0.0,0.0,432.5,129.0,38.0,12.75,4.875,1.0,0.0,0.0,EXT216
C:/Users/MICROSOFT/Documents/nauval_mrnavac/cycpeptmp_standalone/runs/run_20260102_172000_moe/sdf/monomer.sdf,O=C[C@@](NC)C(C)C,11.845002,0.53042382,174,O=C[C@@](NC)C(C)C,316.59933,246.16173,70.437592,219.09805,97.501282,499.70831,142.98831,175.72414,356.72,0.86112893,0.50196564,45.5756,1.0122308,35.275154,37.31226,0.00013011714,-8.751193,0,3.4545906,4.0327539,3.7963886,2.0371048,0.77751815,0.22248182,0.69203573,0.30796427,1.5783619,0.4516381,0.18149371,0.45716238,0.63739657,499.32025,217.96516,303.89694,476.77844,2.0821338,1.8946769,1.305325,0.80717176,133.75,167.33023,2.2830095,0.16504434,2.9410896,1.8635,1.1749152,0.59393078,0.25901955,0.049504749,0.0,0.0,325.625,181.125,149.875,135.5,112.75,63.25,17.5,2.125,0.86602539,0.70710677,1.118034,0.5,6.5954528,6.6520672,-1.7392528,-1.7375293,-1.7240442,-4.7281055,-4.7151713,-4.6781459,1.1590273,201.5,218.375,139.5,52.375,16.875,2.5,0.0,0.0,0.14512093,0.025830258,1.0219587,0.86007774,0.88812101,0.97584528,1.0691638,1.3594691,2.1098874,2.5552762,0.40031397,1.0500836,1.3939592,1.5357833,1.4243437,1.510643,0.0,0.0,1.2426273,271.90375,337.875,633.875,347.25,177.5,65.125,21.75,3.5,0.0,0.0,432.375,128.875,38.0,12.75,4.875,1.0,0.0,0.0,EXT217
C:/Users/MICROSOFT/Documents/nauval_mrnavac/cycpeptmp_standalone/runs/run_20260102_172000_moe/sdf/monomer.sdf,O=C[C@@](NC)C(C)C,11.845002,0.53042382,132,O=C[C@@](NC)C(C)C,315.57913,245.28152,70.297623,219.77246,95.806679,497.92148,142.70418,174.98389,355.21732,0.86112893,0.50257093,45.604115,1.0109608,35.274536,37.302464,0.0002564521,-8.7621946,0,3.4947622,4.0612693,3.7956717,2.0279276,0.77724248,0.22275752,0.69641,0.30359003,1.5778023,0.45219776,0.18151644,0.45717895,0.63739741,499.47632,218.03937,303.98978,476.92346,2.082459,1.89485,1.305424,0.80729598,133.75,166.56099,2.2842507,0.16504338,2.9408872,1.8636144,1.1747254,0.59380281,0.25898412,0.049493037,0.0,0.0,325.125,181.125,149.875,135.625,112.75,63.375,17.375,2.125,0.86602539,0.70710677,1.118034,0.5,6.5954528,6.6520672,-1.7386255,-1.7372966,-1.7236168,-4.727469,-4.7130075,-4.679719,1.1597648,201.25,219.25,139.5,52.625,16.75,2.5,0.0,0.0,0.1442869,0.025806451,1.0254883,0.86031508,0.89390224,0.97802252,1.0777737,1.3486809,2.1248097,2.5564775,0.4015969,1.0514439,1.393702,1.5399894,1.4182734,1.5102715,0.0,0.0,1.2415308,271.9425,337.625,633.5,347.75,177.5,65.25,21.625,3.5,0.0,0.0,432.25,128.5,38.0,12.625,4.875,1.0,0.0,0.0,EXT218
C:/Users/MICROSOFT/Documents/nauval_mrnavac/cycpeptmp_standalone/runs/run_20260102_172000_moe/sdf/monomer.sdf,O=C[C@@](NC)C(C)C,11.845002,0.53042382,2,O=C[C@@](NC)C(C)C,319.18521,248.00314,71.182053,220.93044,98.254768,503.44638,144.49957,176.82109,358.94681,0.85952234,0.50272405,45.623699,1.0160435,35.273647,37.300953,6.4994012e-05,-8.7614155,0,3.5118978,4.0808544,3.7947381,2.0273082,0.77698821,0.22301176,0.69217002,0.30782998,1.5772861,0.45271388,0.18150358,0.45711777,0.63745183,499.42511,217.98856,303.98553,476.87613,2.0823522,1.8948871,1.3053081,0.80728322,134.0,166.5974,2.2884462,0.16504696,2.9409587,1.8636385,1.1748986,0.59391338,0.25900984,0.049500275,0.0,0.0,325.375,181.125,149.875,135.625,112.75,63.25,17.5,2.125,0.86602539,0.70710677,1.118034,0.5,6.5954528,6.6520672,-1.7389212,-1.737332,-1.7237751,-4.7264099,-4.7138038,-4.6793585,1.1593385,201.75,218.625,139.375,52.5,16.875,2.5,0.0,0.0,0.14512093,0.025806451,1.0214754,0.86033469,0.89396656,0.97691941,1.0777725,1.3704243,2.1107488,2.5561583,0.40122595,1.049383,1.3933725,1.5399703,1.4240016,1.5103056,0.0,0.0,1.2421407,271.90964,337.75,633.875,347.75,177.375,65.25,21.75,3.5,0.0,0.0,432.125,129.125,38.0,12.75,4.875,1.0,0.0,0.0,EXT219
C:/Users/MICROSOFT/Documents/nauval_mrnavac/cycpeptmp_standalone/runs/run_20260102_172000_moe/sdf/monomer.sdf,O=C[C@@](NC)C(C)C,11.845002,0.53042382,90,O=C[C@@](NC)C(C)C,315.97083,244.57309,71.397736,218.43814,97.532692,496.48337,144.93741,173.17535,351.54596,0.85952234,0.50263858,45.635384,1.0241997,35.273998,37.311672,0.00015160744,-8.7582903,0,3.5034163,4.0925398,3.7959425,2.0376751,0.77403694,0.22596307,0.69132376,0.30867624,1.571295,0.45870504,0.18149777,0.45717871,0.63741076,499.32785,217.9731,303.9039,476.77875,2.0821495,1.8948325,1.305297,0.80724704,134.0,165.00961,2.2823191,0.16517422,2.9411235,1.8636932,1.174901,0.5939036,0.25903323,0.049530707,0.0,0.0,325.625,181.125,150.0,135.5,112.625,63.25,17.5,2.125,0.86602539,0.70710677,1.118034,0.5,6.5954528,6.6520672,-1.7391109,-1.7375032,-1.7239798,-4.7284904,-4.7153182,-4.6781378,1.1593065,201.5,218.25,139.5,52.5,16.875,2.5,0.0,0.0,0.145,0.025830258,1.0218055,0.85981792,0.8865788,0.9755795,1.0751992,1.3641288,2.1098051,2.5553458,0.399777,1.0490631,1.3942175,1.536039,1.4245832,1.5108739,0.0,0.0,1.2421747,271.90216,337.75,633.75,347.125,177.5,65.125,21.75,3.5,0.0,0.0,432.25,128.875,38.0,12.625,4.875,1.0,0.0,0.0,EXT220
C:/Users/MICROSOFT/Documents/nauval_mrnavac/cycpeptmp_standalone/runs/run_20260102_172000_moe/sdf/monomer.sdf,O=C[C@@](NC)C(C)C,11.845002,0.53042382,167,O=C[C@@](NC)C(C)C,316.72015,245.14008,71.580078,219.35194,97.36821,497.63437,145.30756,173.56,352.32678,0.86112893,0.50238425,45.592888,1.0252001,35.282047,37.312916,0.00016869884,-8.7555933,0,3.4583025,4.0500422,3.7962983,2.0308678,0.77399582,0.22600418,0.69257337,0.30742663,1.5712115,0.45878848,0.18151519,0.45714736,0.63742667,499.39767,217.99023,303.95624,476.84891,2.0822952,1.8947896,1.305346,0.80726749,133.75,166.81511,2.2869818,0.16503295,2.9412463,1.8628794,1.1759914,0.59682626,0.25797299,0.048501674,0.0,0.0,326.375,180.75,149.25,134.0,112.0,62.375,17.875,1.75,0.86602539,0.70710677,1.118034,0.5,6.6520672,6.745369,-1.7587023,-1.7371867,-1.7269237,-4.8077292,-4.7674408,-4.7005248,1.1603879,202.75,218.25,141.5,51.5,16.875,2.75,0.0,0.0,0.14405361,0.027052239,1.044894,0.88211995,0.87689215,0.94192034,1.0445913,1.315179,2.0112255,3.197453,0.40147641,1.0773066,1.4075127,1.4866605,1.4424003,1.5976037,0.0,0.0,1.2404046,271.88708,337.25,635.125,347.5,179.25,64.75,21.5,3.625,0.0,0.0,432.375,129.25,37.75,13.25,4.625,0.875,0.0,0.0,EXT221
C:/Users/MICROSOFT/Documents/nauval_mrnavac/cycpeptmp_standalone/runs/run_20260102_172000_moe/sdf/monomer.sdf,O=C[C@@](NC)C(C)C,12.288542,0.97396362,170,O=C[C@@](NC)C(C)C,313.91055,248.56252,65.348022,222.66446,91.246086,504.58191,132.65649,183.21449,371.92542,0.85553199,1.2852664,52.15081,1.2911689,41.520878,43.920792,0.010372421,-13.949902,0,3.4995458,5.8626785,3.428932,2.3999119,0.79182595,0.20817403,0.70932454,0.29067543,1.6074067,0.4225933,0.26136941,0.47868222,0.87938994,465.30557,188.91153,347.05048,394.64914,2.0099633,1.9146217,1.1388005,0.97883695,134.625,167.77559,3.5440497,0.17361267,2.9111264,1.7133489,0.94515723,0.53404462,0.26959932,0.10620318,0.052965071,0.027241919,352.625,196.125,161.5,149.375,131.5,76.25,25.0,7.625,0.5,7.6485291,7.3993244,0.70710677,0.5,1.118034,-1.8257227,-1.8227484,-1.7850847,-8.0160522,-7.7361093,-7.4455385,1.1432779,165.25,170.25,113.125,50.75,21.5,9.375,4.75,2.0,0.15789473,0.067782424,1.1245779,1.0289304,0.97691965,1.0200227,1.1632788,1.4138159,2.1300676,2.8120499,0.3798278,1.3978881,2.1232967,2.4249663,2.5858629,3.0667598,3.4809566,3.3957818,1.2597454,268.20898,337.875,605.25,301.125,150.125,61.875,25.5,10.125,4.75,2.0,440.0,130.875,37.0,11.125,4.0,0.75,0.0,0.0,EXT222
C:/Users/MICROSOFT/Documents/nauval_mrnavac/cycpeptmp_standalone/runs/run_20260102_172000_moe/sdf/monomer.sdf,O=C[C@@](NC)C(C)C,12.288542,0.97396362,66,O=C[C@@](NC)C(C)C,314.09241,247.32123,66.771172,221.70215,92.390251,502.06207,135.54549,180.55005,366.5166,0.85553199,1.2852361,52.170452,1.3098743,41.520554,43.924927,0.011352504,-13.951767,0,3.4932315,5.8823223,3.4310691,2.4043739,0.7874155,0.2125845,0.70585006,0.29414994,1.5984535,0.43154654,0.26135191,0.47877046,0.87947166,465.24152,188.90672,347.00995,394.56638,2.009825,1.9147655,1.1388303,0.97887772,134.625,166.50565,3.5440497,0.17359293,2.9110279,1.7132623,0.94503278,0.5340212,0.26962474,0.1062031,0.052978154,0.027250282,352.625,196.125,161.5,149.375,131.5,76.25,25.0,7.625,0.5,7.6485291,7.3993244,0.70710677,0.5,1.118034,-1.8256915,-1.8226088,-1.7849413,-8.0188799,-7.7366843,-7.4401011,1.1433002,165.25,170.5,113.25,50.75,21.5,9.375,4.75,2.0,0.15789473,0.067782424,1.1227708,1.029548,0.97749418,1.0206319,1.1654633,1.4144607,2.1305652,2.8122764,0.38027453,1.3980253,2.119221,2.4243529,2.5852373,3.0661547,3.4803703,3.3952203,1.2597208,268.2142,337.875,605.5,301.25,150.25,61.875,25.5,10.125,4.75,2.0,440.25,130.75,37.0,11.125,4.0,0.75,0.0,0.0,EXT223
C:/Users/MICROSOFT/Documents/nauval_mrnavac/cycpeptmp_standalone/runs/run_20260102_172000_moe/sdf/monomer.sdf,O=C[C@@](NC)C(C)C,12.288542,0.97396362,25,O=C[C@@](NC)C(C)C,314.80484,248.76094,66.043907,223.86526,90.939583,504.98471,134.06914,182.71703,370.91556,0.85632712,1.2855998,52.173794,1.3066092,41.532581,43.935383,0.010841537,-13.952965,0,3.4907405,5.8856635,3.4302204,2.4028001,0.79020685,0.20979318,0.71112394,0.28887606,1.6041199,0.42588013,0.26129216,0.47871432,0.87953335,465.23065,188.87971,347.02536,394.55624,2.0098016,1.9147391,1.1388032,0.97875232,134.5,166.71388,3.5457799,0.17370671,2.9111247,1.7137862,0.9451952,0.53407335,0.26966593,0.10624813,0.052992683,0.027278947,352.75,196.25,161.625,149.5,131.625,76.25,25.0,7.625,0.5,7.6485291,7.3993244,0.70710677,0.5,1.118034,-1.825389,-1.8224777,-1.7852463,-8.0200653,-7.7334399,-7.4420443,1.143261,165.625,170.625,113.25,50.75,21.5,9.375,4.75,2.0,0.15777262,0.067725755,1.1262032,1.0312877,0.97978127,1.0230134,1.1618098,1.414654,2.1307993,2.8126776,0.38003966,1.396222,2.1204824,2.424089,2.5849974,3.0659552,3.480119,3.394948,1.2597641,268.20499,337.875,605.375,301.375,150.125,61.875,25.5,10.125,4.75,2.0,439.75,130.75,36.875,11.125,4.0,0.75,0.0,0.0,EXT224
C:/Users/MICROSOFT/Documents/nauval_mrnavac/cycpeptmp_standalone/runs/run_20260102_172000_moe/sdf/monomer.sdf,O=C[C@@](NC)C(C)C,12.288542,0.97396362,42,O=C[C@@](NC)C(C)C,314.67471,248.63307,66.041634,222.98868,91.686012,504.72513,134.06451,182.59143,370.66061,0.85553199,1.2846968,52.155369,1.3004327,41.520435,43.923141,0.01124609,-13.942299,0,3.4886413,5.8672371,3.431906,2.4027078,0.79012728,0.20987271,0.70863241,0.29136762,1.6039584,0.4260416,0.26126415,0.47869182,0.87958592,465.2562,188.8788,347.06073,394.57285,2.0098567,1.914799,1.1389354,0.97873044,134.625,168.13768,3.5503302,0.17703554,2.9137146,1.7143102,0.94568455,0.53737366,0.26927584,0.11024526,0.051635366,0.025881801,352.75,196.625,164.75,150.125,132.125,77.75,26.375,8.125,7.228416,7.2111025,0.5,0.86602539,0.70710677,0.5,-1.8210987,-1.8174258,-1.8047813,-7.8666081,-7.8002882,-7.5790391,1.1473395,161.375,171.25,116.25,51.375,21.5,8.375,4.25,2.0,0.15629742,0.063280597,1.0706012,1.0362908,0.97265506,1.033408,1.1920563,1.4626356,2.1896338,2.8136306,0.41192719,1.3804169,2.1214993,2.3970599,2.5872028,3.0427728,3.5358307,3.454989,1.2526487,268.03204,335.75,602.125,301.25,153.625,63.5,25.75,9.5,4.25,2.0,440.75,130.0,37.375,12.125,4.25,1.125,0.0,0.0,EXT225
C:/Users/MICROSOFT/Documents/nauval_mrnavac/cycpeptmp_standalone/runs/run_20260102_172000_moe/sdf/monomer.sdf,O=C[C@@](NC)C(C)C,12.288542,0.97396362,149,O=C[C@@](NC)C(C)C,318.4866,250.48244,68.004166,224.55507,93.931541,508.47937,138.04845,182.47829,370.43091,0.85632712,1.2859877,52.241676,1.2986199,41.530457,43.936935,0.01055944,-13.963614,0,3.566195,5.9535465,3.4293685,2.4064777,0.78647715,0.21352284,0.70506912,0.29493091,1.5965487,0.43345135,0.26134983,0.47873345,0.87962657,465.24796,188.88528,347.05853,394.55209,2.0098388,1.9147881,1.1389143,0.97888535,134.5,168.04932,3.5503454,0.17703938,2.9142179,1.7143852,0.94569188,0.53736323,0.26927906,0.11026492,0.051626295,0.025869438,352.375,196.375,164.75,150.625,132.375,78.125,26.375,8.125,7.228416,7.2111025,0.5,0.86602539,0.70710677,0.5,-1.8202573,-1.8182259,-1.804909,-7.8633447,-7.7944102,-7.5825381,1.1475857,161.625,171.125,116.625,51.25,21.5,8.5,4.25,2.0,0.15705615,0.063900419,1.0677314,1.0361682,0.96630991,1.0247446,1.1899028,1.4517345,2.190043,2.8139718,0.41247806,1.3821857,2.1185906,2.3861835,2.5926168,3.0579908,3.5350754,3.454232,1.2522244,268.02304,335.625,602.5,301.125,153.875,63.375,25.875,9.625,4.25,2.0,440.875,130.0,37.25,12.125,4.375,1.125,0.0,0.0,EXT226
C:/Users/MICROSOFT/Documents/nauval_mrnavac/cycpeptmp_standalone/runs/run_20260102_172000_moe/sdf/monomer.sdf,O=C[C@@](NC)C(C)C,12.288542,0.97396362,196,O=C[C@@](NC)C(C)C,315.12518,250.36183,64.763351,223.14977,91.97541,508.2345,131.4696,185.59848,376.76489,0.85712373,1.2860215,52.2519,1.315832,41.525337,43.93087,0.0097580105,-13.96558,0,3.5661199,5.9637671,3.4293187,2.4055309,0.79448372,0.20551626,0.70813054,0.29186946,1.612802,0.41719803,0.26136282,0.47870073,0.87951297,465.23285,188.87796,347.02396,394.56375,2.0098062,1.9147195,1.1388836,0.97887462,134.375,167.75496,3.5438704,0.17360096,2.9111943,1.713571,0.94517559,0.53406519,0.26963145,0.10617863,0.052967448,0.027236201,352.5,196.125,161.5,149.375,131.5,76.25,25.0,7.625,0.5,7.6485291,7.3993244,0.70710677,0.5,1.118034,-1.8256052,-1.8225719,-1.7849011,-8.0196753,-7.7286305,-7.4464974,1.1432189,165.0,170.375,113.0,50.75,21.5,9.375,4.75,2.0,0.15789473,0.067782424,1.1258091,1.0294423,0.97743744,1.0205073,1.1581678,1.4145479,2.1307685,2.8125529,0.38089216,1.3956747,2.1248655,2.4243224,2.5851777,3.0660233,3.4802592,3.3950992,1.2598104,268.19513,337.875,605.125,301.25,150.0,61.875,25.5,10.125,4.75,2.0,440.125,130.875,37.0,11.125,4.0,0.75,0.0,0.0,EXT227
C:/Users/MICROSOFT/Documents/nauval_mrnavac/cycpeptmp_standalone/runs/run_20260102_172000_moe/sdf/monomer.sdf,O=C[C@@](NC)C(C)C,12.288542,0.97396362,194,O=C[C@@](NC)C(C)C,315.96707,248.6407,67.32637,223.6964,92.270683,504.74063,136.67253,181.31433,368.06808,0.85553199,1.285336,52.194462,1.3114542,41.530434,43.938053,0.010231986,-13.954402,0,3.5060217,5.9063306,3.4287028,2.4076169,0.78691965,0.21308035,0.70797378,0.29202625,1.5974469,0.43255308,0.26134583,0.47869852,0.87962925,465.19156,188.85121,347.02225,394.50967,2.009717,1.9146816,1.1388848,0.97882342,134.625,166.41418,3.5503454,0.17702475,2.9141719,1.7149484,0.9457317,0.53739125,0.26932627,0.11024024,0.051633857,0.025852181,352.625,196.375,164.75,150.625,132.25,78.125,26.5,8.125,7.228416,7.2111025,0.5,0.86602539,0.70710677,0.5,-1.820228,-1.817701,-1.8047194,-7.8589873,-7.8041911,-7.5825572,1.1471945,161.875,171.625,116.625,51.25,21.5,8.375,4.25,2.0,0.15705615,0.063070543,1.0688766,1.0360111,0.96614391,1.023441,1.1897055,1.4569786,2.1990354,2.8138475,0.41190451,1.3788455,2.1226408,2.3863361,2.5927682,3.0421786,3.5352099,3.4543679,1.2528069,267.9982,335.75,602.75,301.5,153.875,63.375,25.875,9.5,4.25,2.0,440.875,129.875,37.25,12.125,4.375,1.125,0.0,0.0,EXT228
C:/Users/MICROSOFT/Documents/nauval_mrnavac/cycpeptmp_standalone/runs/run_20260102_172000_moe/sdf/monomer.sdf,O=C[C@@](NC)C(C)C,12.288542,0.97396362,69,O=C[C@@](NC)C(C)C,311.55542,246.3907,65.164711,220.69481,90.860611,500.17313,132.28438,181.22598,367.88873,0.85632712,1.2848976,52.196033,1.3126465,41.517513,43.92202,0.010584582,-13.948032,0,3.5198567,5.9079008,3.4309258,2.4045069,0.79084069,0.20915931,0.70836455,0.29163548,1.6054066,0.42459339,0.26129401,0.47874963,0.87949699,465.20126,188.88179,346.98923,394.53146,2.009738,1.9148437,1.1388521,0.97880924,134.5,166.36063,3.5523579,0.17721888,2.914191,1.7145709,0.94580829,0.53744334,0.26921782,0.1101983,0.051583331,0.025865912,353.0,196.75,164.875,150.125,132.25,77.875,26.375,8.125,7.228416,7.2111025,0.5,0.86602539,0.70710677,0.5,-1.8209985,-1.8171625,-1.804678,-7.8659821,-7.7916598,-7.5763288,1.147554,161.625,171.375,116.125,51.5,21.625,8.375,4.25,2.0,0.15693708,0.063280597,1.0667351,1.0327028,0.96823472,1.032208,1.1925333,1.4684688,2.1901968,2.8139856,0.41191861,1.3800172,2.1211774,2.3966467,2.5931597,3.0422294,3.5353239,3.454489,1.2522589,268.01566,335.625,602.5,301.25,153.5,63.5,25.875,9.5,4.25,2.0,440.875,129.875,37.375,12.0,4.25,1.125,0.0,0.0,EXT229
C:/Users/MICROSOFT/Documents/nauval_mrnavac/cycpeptmp_standalone/runs/run_20260102_172000_moe/sdf/monomer.sdf,O=C[C@@](NC)C(C)C,12.288542,0.97396362,79,O=C[C@@](NC)C(C)C,313.93524,247.01118,66.924057,221.23387,92.701378,501.43271,135.85583,180.08713,365.57687,0.85553199,1.2853168,52.188705,1.3001488,41.516426,43.919193,0.01110462,-13.948718,0,3.5280552,5.9005737,3.4302034,2.4027662,0.78682208,0.2131779,0.70471179,0.29528821,1.5972489,0.43275112,0.26140162,0.47872365,0.87945789,465.27908,188.90836,347.04144,394.60837,2.0099061,1.9146812,1.1388761,0.97892773,134.625,167.45619,3.5410223,0.17344272,2.9114089,1.7132268,0.94519985,0.53406429,0.26964813,0.1062137,0.052988492,0.027258953,352.375,196.0,161.375,149.25,131.375,76.25,25.0,7.625,0.5,7.6485291,7.3993244,0.70710677,0.5,1.118034,-1.8256119,-1.8226058,-1.7849066,-8.0204821,-7.7343287,-7.4454565,1.1433053,165.0,170.625,113.25,50.75,21.5,9.375,4.75,2.0,0.15801704,0.067839198,1.1246387,1.0273196,0.97500491,1.0178164,1.1606425,1.4147168,2.1309793,2.812748,0.37958872,1.3971357,2.1183622,2.4241984,2.585032,3.065835,3.4800897,3.3949292,1.2597151,268.21542,337.875,605.125,301.125,150.25,61.875,25.5,10.125,4.75,2.0,440.125,130.5,37.0,11.125,4.0,0.75,0.0,0.0,EXT230
C:/Users/MICROSOFT/Documents/nauval_mrnavac/cycpeptmp_standalone/runs/run_20260102_172000_moe/sdf/monomer.sdf,O=C[C@@](NC)C(C)C,12.288542,0.97396362,180,O=C[C@@](NC)C(C)C,312.29779,248.02281,64.274979,221.98779,90.310005,503.4863,130.47821,183.74783,373.00809,0.85553199,1.2846013,52.134003,1.2969788,41.512959,43.908279,0.011233063,-13.944553,0,3.4870374,5.845871,3.430475,2.3953204,0.79418689,0.20581311,0.71082085,0.28917912,1.6121994,0.41780064,0.26131105,0.47876149,0.87958878,465.30652,188.92091,347.08871,394.60339,2.0099654,1.9147983,1.1389713,0.97881794,134.625,166.70692,3.5450382,0.17729752,2.913779,1.7144302,0.94564968,0.53738534,0.26929161,0.11024099,0.051636428,0.025874458,352.75,196.625,165.0,150.375,132.25,78.0,26.375,8.125,7.228416,7.2111025,0.5,0.86602539,0.70710677,0.5,-1.8208312,-1.8176656,-1.8049324,-7.8666368,-7.8016405,-7.5786581,1.1473154,161.625,171.5,116.5,51.25,21.5,8.375,4.25,2.0,0.15606061,0.063175395,1.070986,1.0365944,0.96757108,1.0274912,1.1891657,1.4485064,2.1895604,2.8133857,0.40945899,1.3801986,2.1180079,2.3868797,2.5869257,3.0426204,3.5356841,3.4548478,1.2526749,268.02643,335.75,602.375,301.375,153.75,63.375,25.75,9.5,4.25,2.0,440.75,129.875,37.25,12.125,4.25,1.125,0.0,0.0,EXT231
C:/Users/MICROSOFT/Documents/nauval_mrnavac/cycpeptmp_standalone/runs/run_20260102_172000_moe/sdf/monomer.sdf,O=C[C@@](NC)C(C)C,12.288542,0.97396362,107,O=C[C@@](NC)C(C)C,313.27802,247.23433,66.043694,221.37505,91.902985,501.88568,134.0687,181.19064,367.81699,0.85632712,1.2846591,52.147865,1.3042698,41.524113,43.921196,0.010211948,-13.942335,0,3.4815452,5.8597331,3.4306421,2.3970847,0.78918505,0.21081495,0.70664084,0.29335916,1.6020457,0.42795438,0.26133713,0.47868958,0.8794294,465.30524,188.91054,347.0589,394.64102,2.0099626,1.9147565,1.1389198,0.97884542,134.5,166.10127,3.5410223,0.17346509,2.9110382,1.7135087,0.94514841,0.53406912,0.26961681,0.1061788,0.052959412,0.02725005,352.5,196.25,161.375,149.25,131.5,76.25,25.0,7.625,0.5,7.6485291,7.3993244,0.70710677,0.5,1.118034,-1.8252796,-1.8222967,-1.7849085,-8.0180998,-7.733263,-7.4419475,1.1432909,165.25,170.625,113.125,50.75,21.5,9.375,4.75,2.0,0.15801704,0.067839198,1.1248089,1.0279987,0.97511786,1.017921,1.1583959,1.4148093,2.1310861,2.8128946,0.37958604,1.3962525,2.1224091,2.4240925,2.5849299,3.0657389,3.4799817,3.3948157,1.2597311,268.21201,337.875,605.5,301.375,150.125,61.875,25.5,10.125,4.75,2.0,440.25,130.75,37.0,11.125,4.0,0.75,0.0,0.0,EXT232
C:/Users/MICROSOFT/Documents/nauval_mrnavac/cycpeptmp_standalone/runs/run_20260102_172000_moe/sdf/monomer.sdf,O=C[C@@](NC)C(C)C,12.288542,0.97396362,162,O=C[C@@](NC)C(C)C,312.3407,247.07944,65.261253,221.51915,90.821541,501.57126,132.48035,181.81819,369.09091,0.85553199,1.2854505,52.2113,1.3037783,41.524818,43.925564,0.010515883,-13.950655,0,3.5420282,5.9231682,3.4294121,2.4007461,0.79105747,0.20894252,0.70922285,0.29077718,1.6058466,0.42415333,0.26139781,0.47878116,0.87956029,465.25858,188.90991,347.04303,394.56424,2.0098619,1.9147198,1.1389285,0.97894031,134.625,167.8288,3.5508909,0.17716582,2.9144661,1.7145143,0.94583005,0.53744525,0.26929766,0.11027814,0.051633433,0.025864393,352.625,196.625,164.875,150.625,132.25,78.0,26.375,8.125,7.228416,7.2111025,0.5,0.86602539,0.70710677,0.5,-1.8205849,-1.8181579,-1.80514,-7.8639894,-7.7974448,-7.5786943,1.1475576,162.125,171.5,116.625,51.25,21.625,8.375,4.25,2.0,0.15693708,0.063070543,1.0707287,1.0333066,0.96673214,1.024631,1.1893378,1.448593,2.189682,2.8136907,0.41218427,1.3809495,2.1191063,2.3867011,2.5931263,3.0425124,3.5355387,3.454694,1.2522552,268.01648,335.625,602.625,301.25,153.875,63.375,25.875,9.5,4.25,2.0,440.5,129.75,37.25,12.125,4.25,1.125,0.0,0.0,EXT233
C:/Users/MICROSOFT/Documents/nauval_mrnavac/cycpeptmp_standalone/runs/run_20260102_172000_moe/sdf/monomer.sdf,O=C[C@@](NC)C(C)C,12.288542,0.97396362,56,O=C[C@@](NC)C(C)C,313.77075,247.35211,66.418648,220.77194,92.998825,502.12479,134.82985,180.93347,367.29495,0.85632712,1.2848737,52.17067,1.2950308,41.531624,43.942169,0.010368058,-13.940098,0,3.4954243,5.8825359,3.4276757,2.4105444,0.78832114,0.21167889,0.70360899,0.29639098,1.6002918,0.42970815,0.26135054,0.47865096,0.87951225,465.23172,188.86191,347.03027,394.57126,2.0098038,1.9147015,1.1388282,0.97884244,134.5,166.90036,3.5410223,0.17346245,2.9110789,1.7136301,0.9450919,0.53403944,0.26961949,0.10619892,0.052972738,0.027256407,352.375,195.875,161.375,149.25,131.5,76.375,25.0,7.625,0.5,7.6485291,7.3993244,0.70710677,0.5,1.118034,-1.825452,-1.8225691,-1.7851055,-8.0205555,-7.7295709,-7.4455113,1.1432968,165.125,170.625,113.0,50.75,21.5,9.375,4.75,2.0,0.15801704,0.067839198,1.1249156,1.0301541,0.97539169,1.0181878,1.1586189,1.4066168,2.1310682,2.8128788,0.38036534,1.3960125,2.124424,2.4238746,2.5847614,3.0656846,3.4798698,3.3947034,1.2597244,268.21344,337.875,605.125,301.375,150.0,61.875,25.5,10.125,4.75,2.0,440.0,130.75,37.0,11.125,4.0,0.75,0.0,0.0,EXT234
C:/Users/MICROSOFT/Documents/nauval_mrnavac/cycpeptmp_standalone/runs/run_20260102_172000_moe/sdf/monomer.sdf,O=C[C@@](NC)C(C)C,12.288542,0.97396362,99,O=C[C@@](NC)C(C)C,314.68323,247.8578,66.825424,222.12189,92.561348,503.15134,135.65561,181.03238,367.49573,0.85632712,1.2847803,52.203522,1.3003125,41.531643,43.934109,0.0096058929,-13.941916,0,3.5316172,5.9153895,3.4278774,2.4024653,0.78764224,0.21235776,0.70585865,0.29414135,1.5989138,0.43108624,0.26134664,0.47870547,0.87955117,465.26978,188.89139,347.06024,394.58789,2.009886,1.9147133,1.1389517,0.97884107,134.5,166.03889,3.5569894,0.17704515,2.9141095,1.714945,0.94577169,0.53739047,0.26926956,0.11023596,0.051608197,0.025868455,352.875,196.625,164.75,150.25,132.25,77.75,26.5,8.125,7.228416,7.2111025,0.5,0.86602539,0.70710677,0.5,-1.8207927,-1.818028,-1.8050029,-7.8644209,-7.7938876,-7.5789557,1.1473039,161.75,171.25,116.25,51.125,21.5,8.375,4.25,2.0,0.15705615,0.063227952,1.0692558,1.0369425,0.97331524,1.0326688,1.1927723,1.4623592,2.1945212,2.8138654,0.41095209,1.3806807,2.1209636,2.3958638,2.5929508,3.0422399,3.5352933,3.4544537,1.2526875,268.02377,335.75,602.625,301.25,153.5,63.25,25.875,9.5,4.25,2.0,440.875,130.0,37.25,12.125,4.375,1.125,0.0,0.0,EXT235
C:/Users/MICROSOFT/Documents/nauval_mrnavac/cycpeptmp_standalone/runs/run_20260102_172000_moe/sdf/monomer.sdf,O=C[C@@](NC)C(C)C,12.288542,0.97396362,158,O=C[C@@](NC)C(C)C,313.33389,249.02875,64.305145,222.16081,91.173088,505.52835,130.53944,184.7236,374.98892,0.85632712,1.2853596,52.228626,1.3161123,41.525719,43.928394,0.010162585,-13.951993,0,3.543745,5.9404964,3.4302144,2.4026754,0.79477119,0.20522882,0.70902258,0.29097742,1.6133854,0.4166145,0.26138607,0.47881356,0.87947309,465.23538,188.91768,346.99939,394.55374,2.0098116,1.9146528,1.1389209,0.97888404,134.5,166.21126,3.5517099,0.1772972,2.9143481,1.7145213,0.94580907,0.53750682,0.26930243,0.11027572,0.051641896,0.025873691,352.875,196.625,165.0,150.375,132.25,78.125,26.5,8.125,7.228416,7.2111025,0.5,0.86602539,0.70710677,0.5,-1.8206816,-1.8181993,-1.805058,-7.8647189,-7.7952428,-7.5813165,1.1472714,161.875,171.375,116.5,51.125,21.5,8.5,4.25,2.0,0.15681818,0.064006649,1.0694594,1.0372012,0.96819544,1.0280941,1.1897511,1.4485414,2.1947718,2.8141961,0.41146922,1.3812679,2.1218789,2.3956161,2.5926983,3.0579479,3.5350428,3.4541991,1.2527231,268.01614,335.75,602.875,301.125,153.75,63.25,25.875,9.625,4.25,2.0,441.0,129.75,37.25,12.125,4.375,1.125,0.0,0.0,EXT236
C:/Users/MICROSOFT/Documents/nauval_mrnavac/cycpeptmp_standalone/runs/run_20260102_172000_moe/sdf/monomer.sdf,O=C[C@@](NC)C(C)C,12.288542,0.97396362,188,O=C[C@@](NC)C(C)C,312.43704,246.02278,66.414253,219.99536,92.441681,499.42627,134.82092,179.60854,364.60532,0.85632712,1.2844628,52.146584,1.2991431,41.521095,43.923729,0.0098148091,-13.936182,0,3.4855208,5.8584509,3.4283752,2.4026334,0.7874316,0.21256843,0.70412701,0.29587299,1.5984861,0.43151391,0.26140374,0.47867736,0.8794539,465.26559,188.88864,347.0372,394.60535,2.009877,1.9146899,1.1388756,0.97893608,134.5,165.74255,3.5569894,0.17700502,2.9142332,1.7147321,0.94598711,0.53760564,0.26934955,0.11022612,0.051622842,0.025870491,352.75,196.625,164.75,150.125,132.125,77.875,26.5,8.125,7.228416,7.2111025,0.5,0.86602539,0.70710677,0.5,-1.8208059,-1.8178692,-1.805095,-7.8642583,-7.7980566,-7.5781436,1.1472232,161.875,171.375,116.125,51.25,21.625,8.375,4.25,2.0,0.15705615,0.063280597,1.0708127,1.0365156,0.97287625,1.0336279,1.1922797,1.4591069,2.1944075,2.8138709,0.41213977,1.3803569,2.1213834,2.3939202,2.5933545,3.0425377,3.5355926,3.4547498,1.2527755,268.00491,335.75,602.625,301.375,153.5,63.375,25.875,9.5,4.25,2.0,440.75,130.0,37.375,12.125,4.25,1.125,0.0,0.0,EXT237
C:/Users/MICROSOFT/Documents/nauval_mrnavac/cycpeptmp_standalone/runs/run_20260102_172000_moe/sdf/monomer.sdf,O=C[C@@](NC)C(C)C,12.288542,0.97396362,28,O=C[C@@](NC)C(C)C,313.43475,247.62433,65.810425,222.35075,91.084,502.6774,133.59517,181.8139,369.08221,0.85553199,1.2850782,52.139435,1.2952901,41.52071,43.920513,0.010136148,-13.946974,0,3.4851584,5.8513026,3.4283371,2.3998039,0.79003471,0.20996532,0.70940048,0.29059955,1.6037704,0.4262296,0.26140431,0.47877672,0.87950337,465.26715,188.91656,347.03598,394.58176,2.0098803,1.9147025,1.1388133,0.97894365,134.625,165.3575,3.5394204,0.17349696,2.910655,1.7131641,0.94547975,0.53376496,0.26948529,0.10615471,0.052947141,0.027198594,353.0,195.875,161.375,149.125,131.25,75.875,25.0,7.625,0.5,7.6485291,7.3993244,0.70710677,0.5,1.118034,-1.8260411,-1.8227289,-1.7848376,-8.0175247,-7.7354627,-7.4465203,1.1444856,165.375,170.5,113.5,50.75,21.5,9.25,4.75,2.0,0.15801704,0.067057841,1.119784,1.024537,0.97186619,1.0142318,1.1662214,1.410462,2.129699,2.8114545,0.38102859,1.3967969,2.1210732,2.4251604,2.5860691,3.054368,3.481231,3.3960853,1.2579502,268.29361,337.5,605.5,301.0,150.25,61.875,25.5,10.0,4.75,2.0,440.125,130.5,36.75,11.125,4.0,0.75,0.0,0.0,EXT238
C:/Users/MICROSOFT/Documents/nauval_mrnavac/cycpeptmp_standalone/runs/run_20260102_172000_moe/sdf/monomer.sdf,O=C[C@@](NC)C(C)C,12.310246,0.99566728,82,O=C[C@@](NC)C(C)C,315.086,243.79433,71.291672,217.70354,97.382454,494.90247,144.72209,172.50266,350.18039,0.85712373,0.68409508,43.782295,1.2574052,33.614464,35.368149,0.0054978882,-7.9149795,0,3.5190418,4.1333785,3.6321995,1.7536854,0.77373898,0.226261,0.6909337,0.30906627,1.5706902,0.45930982,0.26042899,0.48144448,0.74381548,484.73846,209.75047,324.05737,435.66907,2.0515058,1.9121308,1.1402432,0.97580332,134.375,165.72047,1.852971,0.15733179,2.9454944,1.814468,1.2022415,0.61076671,0.27700502,0.067471072,0.0,0.0,319.25,178.375,152.25,136.75,113.0,57.875,14.25,3.0,7.3993244,7.2801099,0.86602539,0.5,5.5226803,5.5452681,-1.8264391,-1.8043139,-1.7700899,-4.8195572,-4.7993932,-4.633574,1.1597852,199.125,218.5,145.75,55.125,19.375,4.125,0.0,0.0,0.15270936,0.036563072,0.87232763,0.72819775,0.72925687,0.80661649,0.94528103,1.1584114,1.5337458,1.1127588,0.31496328,0.88657409,1.1252655,1.2238398,1.1324563,0.82939202,0.0,0.0,1.2392066,270.93951,335.75,633.75,348.25,183.0,67.375,23.25,5.0,0.0,0.0,434.625,129.75,37.25,12.25,3.875,0.875,0.0,0.0,EXT239
C:/Users/MICROSOFT/Documents/nauval_mrnavac/cycpeptmp_standalone/runs/run_20260102_172000_moe/sdf/monomer.sdf,O=C[C@@](NC)C(C)C,12.310246,0.99566728,35,O=C[C@@](NC)C(C)C,311.52164,241.82855,69.693077,216.41466,95.106964,490.91196,141.47694,172.13547,349.43503,0.85712373,0.68319386,43.733116,1.2433558,33.605999,35.353962,0.0055546663,-7.905859,0,3.4974988,4.0841994,3.6327438,1.7479634,0.77628171,0.22371826,0.69470191,0.30529812,1.5758519,0.45414805,0.26048014,0.48152447,0.74378622,484.77887,209.79802,324.06427,435.69547,2.0515914,1.9121503,1.1403134,0.97590899,134.375,166.11827,1.7766019,0.15397161,2.9486101,1.8192955,1.1975652,0.60663152,0.27524415,0.066571079,0.0,0.0,319.75,175.25,147.625,134.875,110.75,58.5,13.75,2.5,7.1763501,6.98212,0.5,0.5,7.3654599,7.2801099,-1.8591813,-1.7989624,-1.7767801,-4.8119893,-4.7841082,-4.6183853,1.161082,206.5,219.875,145.25,53.5,18.375,3.75,0.0,0.0,0.1524132,0.033364225,0.86865503,0.72679114,0.68537849,0.77458036,0.91225821,1.0450069,1.5845019,1.263907,0.30848926,0.93319744,1.1639693,1.2540747,1.1090729,0.85917884,0.0,0.0,1.2367461,270.77103,334.875,637.625,350.75,183.25,65.75,22.5,4.5,0.0,0.0,431.125,130.875,38.0,12.25,4.125,0.75,0.0,0.0,EXT240
C:/Users/MICROSOFT/Documents/nauval_mrnavac/cycpeptmp_standalone/runs/run_20260102_172000_moe/sdf/monomer.sdf,O=C[C@@](NC)CC(C)C,11.986232,0.0,125,O=C[C@@](NC)CC(C)C,344.92474,272.19003,72.734726,243.12215,101.80261,596.09619,159.28905,199.45531,436.80713,0.84792781,0.81699449,36.850746,1.2443879,26.006193,28.068188,1.4877256e-06,-9.3068943,0,3.7738144,4.2343111,3.7643564,2.0619936,0.78912872,0.21087128,0.70485562,0.29514441,1.7281919,0.46180812,0.2104679,0.34755111,0.82628459,706.44788,225.89264,537.04797,649.9552,2.3383191,2.1473839,1.2327766,0.98515058,152.375,188.09401,4.0789776,0.18859993,2.8408732,1.6575135,0.87070078,0.49759224,0.24899563,0.099640064,0.047149152,0.023729714,408.5,226.875,184.75,168.75,148.625,88.625,33.375,12.0,3.5,2.8722813,0.70710677,0.5,0.5,0.70710677,-1.8804183,-1.8735834,-1.8667412,-8.0133924,-7.8586974,-7.4280725,1.1821941,182.625,172.625,124.125,55.875,24.5,9.25,4.125,1.875,0.1488498,0.059259258,1.2669799,1.1310531,1.1826407,1.2501845,1.3167673,1.4191999,2.4124811,2.9163089,0.56043386,1.8398036,2.650146,2.8126633,2.9296567,3.2737975,3.6551793,3.6136396,1.2661027,299.54126,379.25,657.375,320.875,157.375,65.625,27.5,10.0,4.125,1.875,474.75,148.25,33.25,9.75,3.0,0.75,0.0,0.0,EXT241
C:/Users/MICROSOFT/Documents/nauval_mrnavac/cycpeptmp_standalone/runs/run_20260102_172000_moe/sdf/monomer.sdf,O=C[C@@](NC)CC(C)C,11.986232,1.0530243e-10,14,O=C[C@@](NC)CC(C)C,344.72626,271.84515,72.881104,242.35254,102.37373,595.34094,159.60962,198.96407,435.73129,0.84792781,0.81773037,36.834454,1.2461416,26.013617,28.075558,0.00014329568,-9.3151865,0,3.7452731,4.2180185,3.7673388,2.0619409,0.78858268,0.21141732,0.70302892,0.29697108,1.7269961,0.46300393,0.21046989,0.34757751,0.8262679,706.50079,225.92574,537.07495,650.00098,2.3384066,2.147438,1.2328011,0.98518014,152.375,189.27649,4.0880761,0.18865679,2.8409269,1.6575069,0.87067235,0.49757841,0.24908267,0.099683724,0.047203656,0.023763902,408.75,227.125,184.875,168.875,148.75,88.625,33.375,12.0,3.5,2.8722813,0.70710677,0.5,0.5,0.70710677,-1.8800669,-1.8736285,-1.8667332,-8.0154781,-7.8642135,-7.4298224,1.1822242,182.25,172.375,123.75,55.875,24.75,9.25,4.125,1.875,0.14942528,0.059215397,1.2640473,1.1308832,1.1863166,1.2509512,1.3173602,1.4187139,2.4119694,2.9157717,0.56074375,1.8399804,2.6511066,2.8129697,2.9341342,3.2742352,3.6556244,3.6140873,1.2660705,299.54889,379.25,657.125,320.875,157.125,65.625,27.625,10.0,4.125,1.875,474.875,148.5,33.375,9.75,2.875,0.75,0.0,0.0,EXT242
C:/Users/MICROSOFT/Documents/nauval_mrnavac/cycpeptmp_standalone/runs/run_20260102_172000_moe/sdf/monomer.sdf,O=C[C@@](NC)CC(C)C,11.986232,1.5534951e-10,12,O=C[C@@](NC)CC(C)C,342.63284,270.92523,71.707611,241.85632,100.77651,593.32623,157.03966,199.21762,436.28659,0.84792781,0.81699163,36.896606,1.2692463,26.016819,28.075644,1.4754965e-05,-9.3051271,0,3.7858424,4.2801685,3.7658582,2.0588253,0.79071587,0.20928411,0.70587605,0.29412392,1.7316678,0.45833221,0.21047318,0.34754109,0.82619661,706.46552,225.90195,537.02838,650.00067,2.3383482,2.1473904,1.2329327,0.98516589,152.375,187.13159,4.1002932,0.18724863,2.8330743,1.6485463,0.86745888,0.49884343,0.24915841,0.10178072,0.047517352,0.021864988,410.75,228.125,186.5,169.875,150.125,88.5,32.0,11.5,3.5,2.5495098,1.118034,0.5,0.5,1.0,-1.8835799,-1.8647999,-1.8620577,-7.9740591,-7.6380062,-7.5380764,1.1847004,186.0,173.0,123.375,55.625,23.75,9.125,4.125,1.75,0.14276139,0.057395145,1.2473493,1.1352502,1.1587982,1.2343609,1.3233069,1.4281125,2.4896762,2.9621487,0.53524786,1.8584542,2.6646094,2.8265421,2.9753287,3.2319715,3.6223459,3.6609802,1.2631466,300.04434,379.0,661.75,320.625,156.125,65.875,26.625,9.75,4.125,1.75,475.75,147.625,32.75,10.25,2.875,0.625,0.0,0.0,EXT243
C:/Users/MICROSOFT/Documents/nauval_mrnavac/cycpeptmp_standalone/runs/run_20260102_172000_moe/sdf/monomer.sdf,O=C[C@@](NC)CC(C)C,11.986232,3.0497027e-10,41,O=C[C@@](NC)CC(C)C,343.75934,273.36981,70.389526,243.93391,99.825432,598.67993,154.15306,202.9803,444.52686,0.84792781,0.81653649,36.879604,1.2600033,26.019964,28.081152,8.4258118e-06,-9.3057175,0,3.7738051,4.2631683,3.7646356,2.061187,0.79523605,0.20476396,0.70960665,0.29039335,1.7415669,0.44843307,0.21045507,0.34754139,0.82621258,706.45367,225.89667,537.02576,649.98499,2.3383286,2.1474178,1.2328351,0.98513609,152.375,187.66711,4.08217,0.18841268,2.840975,1.6575004,0.87097037,0.49774185,0.24907279,0.099694103,0.047158692,0.02369806,408.75,227.125,184.625,168.75,148.625,88.5,33.375,12.0,3.5,2.8722813,0.70710677,0.5,0.5,0.70710677,-1.8804898,-1.8735962,-1.8669499,-8.0121469,-7.8566914,-7.4228559,1.182202,182.5,172.625,124.0,55.875,24.625,9.25,4.0,1.875,0.14895058,0.059259258,1.2639318,1.1331321,1.1875546,1.2533842,1.3202869,1.4210348,2.4122629,2.9160485,0.55982375,1.8403814,2.649859,2.8132343,2.9280221,3.2743335,3.6348281,3.6141689,1.2660943,299.54324,379.25,657.25,320.875,157.375,65.625,27.5,10.0,4.0,1.875,474.75,148.25,33.375,9.75,2.875,0.75,0.0,0.0,EXT244
C:/Users/MICROSOFT/Documents/nauval_mrnavac/cycpeptmp_standalone/runs/run_20260102_172000_moe/sdf/monomer.sdf,O=C[C@@](NC)CC(C)C,11.986232,3.0802205e-10,4,O=C[C@@](NC)CC(C)C,346.87164,272.38513,74.486526,244.41946,102.45219,596.52344,163.1255,197.89861,433.39792,0.84862393,0.81753558,36.884418,1.2576885,26.004976,28.066675,6.8641508e-05,-9.3165979,0,3.7941704,4.2679811,3.7658136,2.0616994,0.78526199,0.21473801,0.70463949,0.29536054,1.7197238,0.47027624,0.21053734,0.34757337,0.82631898,706.47278,225.90919,537.07526,649.96112,2.3383603,2.147382,1.2328625,0.98531228,152.25,188.66896,3.9876575,0.18885987,2.8351743,1.6480548,0.86534822,0.49820328,0.25104398,0.10015545,0.048039697,0.023494819,413.125,227.75,188.375,171.125,148.625,89.125,32.375,12.125,1.118034,1.8708287,2.8722813,0.5,0.70710677,0.5,-1.8666886,-1.8625083,-1.8615428,-7.6943197,-7.6619225,-7.6046553,1.1816506,189.125,173.25,123.375,56.0,23.5,9.0,4.25,1.875,0.14200398,0.056245435,1.2366481,1.1133715,1.1368214,1.2168899,1.248498,1.3678268,2.4575469,2.954787,0.56354719,1.8514398,2.6786125,2.8087232,2.8834524,3.2708783,3.6505554,3.5906956,1.268214,300.1268,380.625,661.125,321.625,157.0,65.875,26.75,9.625,4.25,1.875,472.0,148.375,33.625,9.875,3.25,0.625,0.0,0.0,EXT245
C:/Users/MICROSOFT/Documents/nauval_mrnavac/cycpeptmp_standalone/runs/run_20260102_172000_moe/sdf/monomer.sdf,O=C[C@@](NC)CC(C)C,11.986232,4.4694382e-10,45,O=C[C@@](NC)CC(C)C,345.06458,272.48355,72.581009,243.45418,101.6104,596.73901,158.95241,199.90256,437.78659,0.84792781,0.81739485,36.849239,1.2518915,26.01482,28.075636,0.00015815816,-9.3079138,0,3.7544844,4.2328019,3.7670684,2.0608149,0.78965962,0.21034037,0.70553225,0.29446778,1.7293546,0.46064541,0.21045336,0.34756157,0.82617724,706.45435,225.91158,537.00702,649.99011,2.3383298,2.1473365,1.2328593,0.98509485,152.375,187.06245,3.9761894,0.18907155,2.8353322,1.6483769,0.86572039,0.49824536,0.25111625,0.10021096,0.048057601,0.023495879,413.25,227.875,188.625,171.375,148.75,89.25,32.375,12.125,1.118034,1.8708287,2.8722813,0.5,0.70710677,0.5,-1.8665643,-1.8627784,-1.8617252,-7.6980929,-7.6639361,-7.608808,1.1818128,189.125,173.375,123.25,55.875,23.625,9.0,4.25,1.875,0.14247847,0.056163386,1.2358463,1.116671,1.1393063,1.2194698,1.251647,1.3713777,2.4574816,2.9546616,0.56436205,1.8515437,2.676584,2.8053865,2.8706868,3.2713747,3.6510656,3.591192,1.2679012,300.10226,380.5,661.25,321.75,156.875,65.75,26.875,9.625,4.25,1.875,472.125,148.375,33.625,9.875,3.25,0.625,0.0,0.0,EXT246
C:/Users/MICROSOFT/Documents/nauval_mrnavac/cycpeptmp_standalone/runs/run_20260102_172000_moe/sdf/monomer.sdf,O=C[C@@](NC)CC(C)C,11.986232,5.2240168e-10,7,O=C[C@@](NC)CC(C)C,343.48734,272.93234,70.555016,243.1118,100.37554,597.7218,154.51549,202.37732,443.2063,0.84792781,0.8166734,36.841709,1.2501588,26.004862,28.063133,5.9488735e-05,-9.3054466,0,3.7638175,4.2252731,3.7645395,2.0582726,0.79459208,0.2054079,0.70777512,0.29222485,1.7401567,0.44984332,0.21046776,0.3476361,0.82618505,706.46497,225.95485,536.99982,649.97522,2.3383472,2.1473768,1.2328895,0.985147,152.375,186.74362,4.0877757,0.18827903,2.840915,1.6574919,0.8707146,0.49759513,0.24907693,0.09970466,0.047187593,0.023767944,408.75,227.0,184.5,168.625,148.5,88.5,33.375,12.0,3.5,2.8722813,0.70710677,0.5,0.5,0.70710677,-1.8802141,-1.8735486,-1.8668574,-8.016263,-7.8619533,-7.4300599,1.1822206,182.5,172.375,123.625,55.875,24.625,9.25,4.125,1.875,0.149729,0.059303187,1.2643191,1.1277937,1.1869857,1.252863,1.3199366,1.4212533,2.4122901,2.9160924,0.55950391,1.8400004,2.6496224,2.8128991,2.9340405,3.2740805,3.6554644,3.6139219,1.2660744,299.54797,379.25,657.25,320.875,157.125,65.625,27.625,10.0,4.125,1.875,474.75,148.5,33.5,9.75,3.0,0.75,0.0,0.0,EXT247
C:/Users/MICROSOFT/Documents/nauval_mrnavac/cycpeptmp_standalone/runs/run_20260102_172000_moe/sdf/monomer.sdf,O=C[C@@](NC)CC(C)C,11.986232,8.8679109e-10,48,O=C[C@@](NC)CC(C)C,345.46152,273.04205,72.419464,243.9449,101.51662,597.9621,158.59863,200.62259,439.36346,0.84792781,0.81700039,36.848354,1.2456415,26.011799,28.071428,1.0391691e-05,-9.3060112,0,3.7654855,4.2319183,3.7657888,2.0596309,0.79036891,0.20963107,0.70614201,0.29385799,1.7309079,0.45909205,0.21050617,0.34757829,0.8262077,706.46155,225.91985,537.02063,649.9826,2.3383417,2.1473155,1.2328146,0.98520881,152.375,188.37827,4.0888014,0.18848264,2.8409991,1.6574924,0.87071598,0.49755099,0.24898297,0.099634692,0.047166768,0.023734637,408.625,227.25,184.625,168.75,148.625,88.5,33.375,12.0,3.5,2.8722813,0.70710677,0.5,0.5,0.70710677,-1.8802296,-1.8736303,-1.8667445,-8.0143509,-7.8585339,-7.4273329,1.1821896,182.375,172.5,124.0,55.875,24.75,9.25,4.125,1.875,0.14962763,0.059259258,1.2638999,1.1318603,1.1876806,1.2535259,1.3204066,1.4210318,2.4121013,2.915906,0.56101024,1.8402578,2.6497743,2.8131604,2.9342861,3.2742898,3.6556711,3.6141357,1.2661077,299.5401,379.25,657.125,320.875,157.375,65.625,27.625,10.0,4.125,1.875,474.75,148.375,33.375,9.75,2.875,0.75,0.0,0.0,EXT248
C:/Users/MICROSOFT/Documents/nauval_mrnavac/cycpeptmp_standalone/runs/run_20260102_172000_moe/sdf/monomer.sdf,O=C[C@@](NC)CC(C)C,11.986232,1.0158878e-09,138,O=C[C@@](NC)CC(C)C,344.79684,272.5238,72.273018,243.02919,101.76765,596.82715,158.27791,200.25079,438.54926,0.84792781,0.81662643,36.878036,1.260687,26.0198,28.085672,4.9950893e-05,-9.308239,0,3.7655163,4.2616014,3.7661128,2.065871,0.79038954,0.20961045,0.70484751,0.29515252,1.7309531,0.45904687,0.21042417,0.34755141,0.82614911,706.40649,225.89365,536.96179,649.95752,2.3382506,2.1473317,1.2328695,0.98502433,152.375,189.54123,3.9954863,0.18856904,2.8349531,1.6483834,0.86583906,0.49790171,0.25112361,0.10017566,0.048033014,0.023462767,413.0,227.375,188.125,171.0,148.25,89.0,32.5,12.125,1.118034,1.8708287,2.8722813,0.5,0.70710677,0.5,-1.8667547,-1.863079,-1.8618385,-7.6967187,-7.6678653,-7.6009011,1.1817865,189.25,173.375,123.25,55.75,23.5,9.0,4.25,1.875,0.14219269,0.056286551,1.2342882,1.1172733,1.1425583,1.2211068,1.2609223,1.378517,2.4554791,2.9538827,0.5636704,1.8520079,2.6771629,2.8085961,2.8845999,3.2720375,3.6516986,3.5918469,1.2679293,300.09558,380.5,661.125,321.75,156.875,65.5,26.75,9.625,4.25,1.875,471.875,148.375,33.625,9.75,3.25,0.625,0.0,0.0,EXT249
C:/Users/MICROSOFT/Documents/nauval_mrnavac/cycpeptmp_standalone/runs/run_20260102_172000_moe/sdf/monomer.sdf,O=C[C@@](NC)CC(C)C,11.986232,1.298238e-09,183,O=C[C@@](NC)CC(C)C,343.51294,272.09738,71.415543,243.00322,100.5097,595.89325,156.40004,200.68184,439.49323,0.84792781,0.81713635,36.874756,1.2616402,26.006884,28.064709,4.3841868e-05,-9.3146763,0,3.7824745,4.2583208,3.7658899,2.0578249,0.79210234,0.20789769,0.70740634,0.29259366,1.734704,0.45529595,0.21041985,0.34755754,0.82620293,706.47992,225.91487,537.03778,650.00714,2.338372,2.1474659,1.2328403,0.98507577,152.375,188.10406,4.0740852,0.18818772,2.8408349,1.6574097,0.8707121,0.49758494,0.24902187,0.099681534,0.04717287,0.023739601,408.375,226.75,184.375,168.5,148.375,88.625,33.375,12.0,3.5,2.8722813,0.70710677,0.5,0.5,0.70710677,-1.8805417,-1.8735898,-1.8670199,-8.0160933,-7.8602443,-7.427331,1.1822542,182.25,172.625,123.625,55.875,24.5,9.25,4.125,1.875,0.14847457,0.059347183,1.267156,1.1285894,1.184559,1.2504052,1.3169756,1.4216071,2.4126875,2.916471,0.5603748,1.8400103,2.6495574,2.8128152,2.9234397,3.2739482,3.655328,3.6137722,1.2660383,299.55649,379.25,657.25,320.875,157.125,65.625,27.375,10.0,4.125,1.875,475.0,148.25,33.5,9.75,2.875,0.75,0.0,0.0,EXT250
C:/Users/MICROSOFT/Documents/nauval_mrnavac/cycpeptmp_standalone/runs/run_20260102_172000_moe/sdf/monomer.sdf,O=C[C@@](NC)CC(C)C,11.986232,1.7840804e-09,53,O=C[C@@](NC)CC(C)C,344.85797,271.62479,73.233185,241.91096,102.94701,594.85828,160.38068,198.3916,434.4776,0.84792781,0.81735176,36.850323,1.2490345,26.00654,28.070837,4.1457541e-05,-9.3111753,0,3.7648096,4.2338848,3.7655988,2.0642972,0.78764248,0.21235752,0.70147997,0.29852,1.724937,0.46506298,0.21044904,0.34749395,0.8262558,706.46289,225.8692,537.06183,649.99469,2.3383439,2.1473792,1.232779,0.98510426,152.375,188.36195,3.9782367,0.18875583,2.835371,1.648361,0.8655805,0.49794218,0.25103831,0.1001811,0.048027199,0.023467042,413.125,227.5,188.25,171.125,148.25,89.125,32.375,12.125,1.118034,1.8708287,2.8722813,0.5,0.70710677,0.5,-1.8666508,-1.8629724,-1.8616812,-7.6987262,-7.6686382,-7.6015649,1.1820618,189.125,173.25,123.375,56.0,23.625,9.0,4.25,1.875,0.14276229,0.056245435,1.235715,1.1157492,1.1399617,1.2180821,1.2536937,1.3761189,2.4570169,2.9542127,0.56431806,1.8499788,2.6795309,2.7980785,2.8710601,3.2717714,3.6514421,3.5915818,1.2674953,300.09973,380.375,661.125,321.625,157.0,65.75,26.875,9.625,4.25,1.875,472.0,148.375,33.625,9.75,3.25,0.625,0.0,0.0,EXT251
C:/Users/MICROSOFT/Documents/nauval_mrnavac/cycpeptmp_standalone/runs/run_20260102_172000_moe/sdf/monomer.sdf,O=C[C@@](NC)CC(C)C,11.986232,2.7809008e-09,50,O=C[C@@](NC)CC(C)C,344.23395,271.46204,72.771889,243.08682,101.14712,594.50189,159.37044,198.69016,435.13144,0.84792781,0.81723613,36.860794,1.2617385,26.004938,28.064697,0.00017954122,-9.3167048,0,3.766953,4.244359,3.767226,2.0597599,0.78859758,0.21140243,0.70616752,0.29383251,1.7270287,0.46297133,0.21043406,0.34758967,0.82620579,706.43512,225.91783,536.99701,649.95551,2.3382981,2.1473742,1.2329333,0.98506695,152.375,188.78033,3.9937203,0.1889575,2.8353062,1.6482395,0.86573148,0.49793473,0.25109538,0.1002053,0.048053227,0.023500072,413.125,227.625,188.5,171.375,148.75,89.375,32.5,12.25,1.118034,1.8708287,2.8722813,0.5,0.70710677,0.5,-1.8669081,-1.8626792,-1.8617016,-7.699235,-7.6693668,-7.6027794,1.1815819,189.125,173.25,123.375,55.875,23.5,9.0,4.25,1.875,0.14190981,0.056163386,1.2361091,1.1183203,1.1415809,1.2199252,1.2520008,1.3723307,2.456702,2.9524236,0.56385434,1.856118,2.6791291,2.8068233,2.883991,3.2714572,3.6511185,3.5912712,1.2682878,300.10931,380.625,661.125,321.5,157.0,65.625,26.75,9.625,4.25,1.875,472.0,148.25,33.625,9.75,3.25,0.625,0.0,0.0,EXT252
C:/Users/MICROSOFT/Documents/nauval_mrnavac/cycpeptmp_standalone/runs/run_20260102_172000_moe/sdf/monomer.sdf,O=C[C@@](NC)CC(C)C,11.986232,2.811559e-09,197,O=C[C@@](NC)CC(C)C,345.49802,272.05313,73.444901,242.26823,103.22979,595.79633,160.84433,198.60822,434.952,0.84792781,0.81722027,36.836479,1.2427696,26.01067,28.066257,5.9872942e-05,-9.3103828,0,3.7624245,4.2200441,3.7649696,2.0555875,0.78742307,0.21257691,0.70121455,0.29878548,1.7244565,0.46554345,0.2104615,0.34759709,0.82626581,706.53625,225.94797,537.09625,650.02838,2.3384655,2.1474142,1.2328124,0.98514956,152.375,188.7027,4.0889988,0.18857434,2.8408761,1.6572986,0.87064266,0.49751222,0.24901162,0.099669412,0.047181819,0.023765152,408.75,227.375,184.75,168.875,148.625,88.625,33.375,12.0,3.5,2.8722813,0.70710677,0.5,0.5,0.70710677,-1.8803699,-1.8736598,-1.8667992,-8.0158463,-7.8606181,-7.429143,1.1822786,182.5,172.5,123.75,55.875,24.625,9.25,4.125,1.875,0.14952639,0.059215397,1.2640334,1.1296359,1.1871839,1.2526715,1.3204916,1.4230399,2.412081,2.9158635,0.5597313,1.8403635,2.650815,2.813272,2.9344079,3.2744303,3.6558125,3.6142712,1.2660122,299.56265,379.25,657.25,320.875,157.25,65.625,27.625,10.0,4.125,1.875,474.75,148.375,33.5,9.75,3.0,0.75,0.0,0.0,EXT253
C:/Users/MICROSOFT/Documents/nauval_mrnavac/cycpeptmp_standalone/runs/run_20260102_172000_moe/sdf/monomer.sdf,O=C[C@@](NC)CC(C)C,11.986232,7.6489997e-09,100,O=C[C@@](NC)CC(C)C,345.94019,273.59753,72.342628,243.10915,102.83102,599.17865,158.43036,201.25491,440.74826,0.84792781,0.81669104,36.851162,1.2430394,26.021099,28.085569,4.2853653e-06,-9.3025322,0,3.7585034,4.2347255,3.764046,2.0644693,0.7908811,0.2091189,0.70274913,0.2972509,1.7320296,0.45797038,0.21049948,0.34756979,0.82623124,706.42609,225.90143,537.00525,649.9455,2.3382831,2.147337,1.2328367,0.98520297,152.375,188.42441,4.08705,0.1885715,2.8410835,1.6576419,0.87188298,0.49768832,0.24903986,0.099673875,0.047159735,0.023735182,408.75,227.25,184.75,168.75,148.625,88.625,33.25,11.875,3.5,2.8722813,0.70710677,0.5,0.5,0.70710677,-1.8800424,-1.8735259,-1.8666961,-8.0114307,-7.856082,-7.4259582,1.1821624,182.375,172.25,123.875,55.875,24.625,9.25,4.0,1.875,0.14952639,0.059259258,1.2636036,1.1290261,1.1850097,1.2496746,1.3162092,1.4184127,2.4102809,2.9366798,0.56088096,1.8388853,2.6481643,2.8133428,2.9344878,3.2745397,3.635042,3.6143939,1.2661366,299.5332,379.25,657.25,320.75,157.375,65.625,27.625,10.0,4.0,1.875,474.875,148.5,33.5,9.75,3.0,0.75,0.0,0.0,EXT254
C:/Users/MICROSOFT/Documents/nauval_mrnavac/cycpeptmp_standalone/runs/run_20260102_172000_moe/sdf/monomer.sdf,O=C[C@@](NC)CC(C)C,12.289468,0.30323651,126,O=C[C@@](NC)CC(C)C,344.68155,268.61212,76.069443,243.29483,101.38673,588.26056,166.59207,192.54268,421.66846,0.8542347,1.2727476,41.774525,1.3348969,30.924038,32.908154,0.00047605936,-13.551311,0,3.8574536,7.4411197,3.6735454,1.9841161,0.77930516,0.22069484,0.70585394,0.29414606,1.7066783,0.4833217,0.1946844,0.3148815,0.90323925,708.85114,201.25514,577.30145,639.14569,2.342293,2.2947636,1.0579674,1.0125197,151.25,186.83328,4.2985473,0.16463993,2.8701057,1.6502303,0.9297663,0.52264357,0.26785144,0.11444549,0.05983445,0.030557472,402.125,221.5,182.0,168.375,149.75,90.875,35.375,12.0,0.5,2.1794496,2.1213202,0.5,0.5,1.0,-1.9737555,-1.9400047,-1.9078716,-8.0517845,-7.9104862,-7.5441198,1.1742003,186.125,184.0,131.5,55.875,25.75,12.0,5.875,2.75,0.16277473,0.074981444,1.3283916,1.1505502,1.2015181,1.2825907,1.4306519,1.5912033,1.7211481,2.216893,0.47579852,1.818235,2.5766251,2.8504074,3.1105781,3.4526134,3.7388256,3.7159116,1.276261,298.23447,380.625,669.75,330.125,169.625,67.75,29.625,12.625,5.875,2.75,483.625,146.125,38.125,11.875,3.875,0.625,0.0,0.0,EXT255
C:/Users/MICROSOFT/Documents/nauval_mrnavac/cycpeptmp_standalone/runs/run_20260102_172000_moe/sdf/monomer.sdf,O=C[C@@](NC)CC(C)C,12.289468,0.30323651,67,O=C[C@@](NC)CC(C)C,344.79211,266.63916,78.152954,242.79156,102.00056,583.93976,171.15497,188.48622,412.78482,0.8542347,1.2723728,41.697697,1.3167983,30.932522,32.924465,0.00030786663,-13.543989,0,3.7853379,7.3642931,3.6707878,1.9919441,0.77333313,0.22666687,0.70416796,0.29583204,1.6935996,0.49640045,0.19464223,0.31487453,0.90332508,708.78876,201.22583,577.28497,639.06665,2.34219,2.2946627,1.057906,1.0123656,151.25,186.20853,4.2985473,0.16463183,2.870259,1.6507901,0.9298166,0.52263683,0.26787543,0.11442769,0.059826177,0.030551195,401.875,221.5,182.0,168.375,149.5,91.125,35.375,11.875,0.5,2.1794496,2.1213202,0.5,0.5,1.0,-1.9735628,-1.9398608,-1.908049,-8.0506277,-7.9086361,-7.5455852,1.17441,186.125,184.125,131.5,55.875,25.75,12.0,5.875,2.75,0.16277473,0.074981444,1.3301479,1.149376,1.201748,1.2828184,1.4317594,1.5827179,1.7210898,2.2098014,0.47434899,1.8180044,2.576447,2.8448074,3.110404,3.4525223,3.7387025,3.7157979,1.2758933,298.22241,380.5,669.75,330.25,169.625,67.75,29.625,12.625,5.875,2.75,483.625,146.125,38.125,11.875,3.875,0.625,0.0,0.0,EXT256
C:/Users/MICROSOFT/Documents/nauval_mrnavac/cycpeptmp_standalone/runs/run_20260102_172000_moe/sdf/monomer.sdf,O=C[C@@](NC)CC(C)C,12.289468,0.30323651,106,O=C[C@@](NC)CC(C)C,346.03534,269.2663,76.769028,243.8528,102.18253,589.69318,168.12418,192.49727,421.56903,0.85564899,1.2725465,41.773239,1.3265945,30.93959,32.928928,0.00042917806,-13.545062,0,3.8436081,7.4398327,3.6736789,1.9893376,0.77814686,0.22185315,0.70470488,0.29529509,1.7041416,0.48585841,0.19464618,0.31485796,0.90325761,708.85577,201.2419,577.3183,639.15137,2.3423007,2.2947338,1.0579448,1.0124072,151.0,187.0878,4.300478,0.16439599,2.8695357,1.6498866,0.92993003,0.52186859,0.26788124,0.11474411,0.059886742,0.030524764,401.125,220.875,181.75,168.25,149.875,91.0,35.25,11.875,0.5,2.1794496,2.1213202,0.5,0.5,1.0,-1.9750503,-1.9409674,-1.908065,-8.0482407,-7.9257698,-7.5109377,1.1739397,185.625,183.625,131.5,55.75,25.625,11.875,5.875,2.75,0.16299863,0.075037144,1.3301805,1.1573368,1.2047889,1.284925,1.4300156,1.597998,1.7264736,2.2087286,0.47830799,1.8121725,2.577095,2.8517241,3.1099107,3.4544842,3.7408166,3.7178648,1.2766839,298.23355,380.75,669.125,330.0,169.75,67.625,29.625,12.625,5.875,2.75,483.5,146.375,38.25,11.875,4.0,0.75,0.0,0.0,EXT257
C:/Users/MICROSOFT/Documents/nauval_mrnavac/cycpeptmp_standalone/runs/run_20260102_172000_moe/sdf/monomer.sdf,O=C[C@@](NC)CC(C)C,12.289468,0.30323651,175,O=C[C@@](NC)CC(C)C,342.56537,263.89044,78.674919,239.69344,102.87193,577.9201,172.29808,185.21553,405.62201,0.85564899,1.2725333,41.760548,1.3381912,30.930502,32.916164,0.00082813523,-13.550875,0,3.8310943,7.4271398,3.6742673,1.9856629,0.77033603,0.22966397,0.69970131,0.30029866,1.6870359,0.50296408,0.19467191,0.31494477,0.90325683,708.80109,201.27403,577.25085,639.07721,2.3422103,2.2947235,1.0580863,1.0124696,151.0,186.20587,4.3018422,0.16453619,2.8694184,1.6501294,0.93006921,0.52181822,0.2678456,0.11477844,0.059892111,0.030514967,401.375,220.875,181.875,168.375,149.75,91.0,35.25,11.875,0.5,2.1794496,2.1213202,0.5,0.5,1.0,-1.9756911,-1.9415478,-1.908287,-8.0432701,-7.9338889,-7.4870319,1.1739022,185.25,183.5,131.5,55.625,25.625,11.875,5.875,2.75,0.1628866,0.074981444,1.3288375,1.1594299,1.2054677,1.2810227,1.4261277,1.6025162,1.7261709,2.2083735,0.47878999,1.8153895,2.5790327,2.8551848,3.1104605,3.4549572,3.741334,3.7183712,1.2767247,298.22403,380.75,668.75,330.0,169.75,67.5,29.625,12.625,5.875,2.75,483.5,146.5,38.25,11.875,4.0,0.75,0.0,0.0,EXT258
C:/Users/MICROSOFT/Documents/nauval_mrnavac/cycpeptmp_standalone/runs/run_20260102_172000_moe/sdf/monomer.sdf,O=C[C@@](NC)CC(C)C,12.289468,0.30323651,44,O=C[C@@](NC)CC(C)C,345.28207,265.89597,79.386108,241.55872,103.72335,582.31219,173.85558,186.50986,408.4566,0.8542347,1.2724203,41.78051,1.3446848,30.929518,32.921112,0.00061496015,-13.542989,0,3.8412547,7.4471059,3.6728458,1.9915934,0.77008331,0.22991668,0.69959819,0.30040181,1.6864824,0.50351751,0.19466497,0.31485441,0.90323293,708.7951,201.22496,577.2605,639.1048,2.3422005,2.2947493,1.0579287,1.012463,151.25,188.02139,4.3019629,0.16419667,2.8703973,1.6507545,0.92988122,0.52276123,0.26787722,0.1146139,0.059891835,0.030583397,401.5,221.125,181.5,168.0,149.625,91.0,35.375,11.875,0.5,2.1794496,2.1213202,0.5,0.5,1.0,-1.9742104,-1.9405155,-1.9079199,-8.0508251,-7.9209247,-7.5265665,1.1735086,186.0,183.25,131.125,55.875,25.75,12.0,5.875,2.75,0.16322315,0.075148806,1.3295478,1.1499826,1.2033918,1.282919,1.4287568,1.5877095,1.720898,2.2095962,0.47778597,1.8141627,2.5807316,2.8512111,3.1113815,3.4532394,3.7395022,3.7165701,1.2772926,298.18933,380.875,669.25,329.875,169.5,67.75,29.625,12.625,5.875,2.75,483.25,146.625,38.375,11.875,3.875,0.625,0.0,0.0,EXT259
C:/Users/MICROSOFT/Documents/nauval_mrnavac/cycpeptmp_standalone/runs/run_20260102_172000_moe/sdf/monomer.sdf,O=C[C@@](NC)CC(C)C,12.289468,0.30323651,114,O=C[C@@](NC)CC(C)C,343.11929,265.69409,77.425209,241.66873,101.45057,581.87006,169.5612,188.26889,412.30887,0.8542347,1.2731018,41.781273,1.3415357,30.943346,32.933498,0.00031935264,-13.558263,0,3.8333895,7.4478664,3.6725311,1.9901516,0.77434903,0.22565098,0.7043286,0.2956714,1.6958244,0.49417564,0.19462217,0.31489155,0.90326494,708.79486,201.24234,577.26276,639.08466,2.3422,2.2947404,1.0579519,1.0123478,151.25,184.76511,4.3013382,0.16422264,2.8701777,1.6504239,0.92993516,0.52175248,0.26780653,0.11454239,0.059823599,0.030495694,401.375,221.0,181.5,168.0,149.5,91.0,35.375,11.875,0.5,2.1794496,2.1213202,0.5,0.5,1.0,-1.9743072,-1.9403272,-1.9082386,-8.0441246,-7.9125419,-7.5223775,1.1738898,185.875,183.375,131.125,55.75,25.625,12.0,5.875,2.75,0.16253443,0.075148806,1.3323288,1.1546265,1.206845,1.2870114,1.4329603,1.5990243,1.7208631,2.2096202,0.47850895,1.8143005,2.5815344,2.8522725,3.1083493,3.45333,3.7395811,3.7166493,1.2767383,298.22089,380.75,669.25,329.875,169.375,67.625,29.5,12.625,5.875,2.75,483.375,146.5,38.25,11.875,3.875,0.625,0.0,0.0,EXT260
C:/Users/MICROSOFT/Documents/nauval_mrnavac/cycpeptmp_standalone/runs/run_20260102_172000_moe/sdf/monomer.sdf,O=C[C@@](NC)CC(C)C,12.289468,0.30323651,108,O=C[C@@](NC)CC(C)C,344.59473,268.06775,76.526978,242.8849,101.70981,587.06836,167.59409,191.54076,419.47424,0.8542347,1.2725086,41.724598,1.3281382,30.928339,32.915314,0.00035031061,-13.547321,0,3.8080285,7.391192,3.6727676,1.9869727,0.7779218,0.22207822,0.70484221,0.29515779,1.7036487,0.48635128,0.19463226,0.31490991,0.90325302,708.80896,201.25751,577.26495,639.09546,2.3422234,2.2947364,1.0579559,1.0123721,151.25,187.66043,4.2994132,0.16444188,2.8703327,1.6506965,0.93010217,0.52214485,0.26782995,0.11460249,0.059844531,0.030492259,401.5,221.125,181.75,168.125,149.875,91.0,35.375,11.875,0.5,2.1794496,2.1213202,0.5,0.5,1.0,-1.9746156,-1.9406958,-1.9081043,-8.0407906,-7.9175639,-7.5066032,1.1738367,185.875,183.0,131.25,55.875,25.625,12.0,5.875,2.75,0.16231087,0.075092934,1.3304831,1.1547264,1.2049335,1.2870749,1.4297545,1.5990748,1.7209857,2.2097027,0.47860485,1.8149701,2.5770016,2.8521571,3.1083527,3.453284,3.7395577,3.71662,1.276796,298.2074,380.75,669.25,329.75,169.625,67.75,29.5,12.625,5.875,2.75,483.375,146.75,38.375,11.875,3.875,0.625,0.0,0.0,EXT261
C:/Users/MICROSOFT/Documents/nauval_mrnavac/cycpeptmp_standalone/runs/run_20260102_172000_moe/sdf/monomer.sdf,O=C[C@@](NC)CC(C)C,12.289468,0.30323651,79,O=C[C@@](NC)CC(C)C,349.52548,269.15894,80.366539,245.04903,104.47644,589.45807,176.00272,188.79239,413.45535,0.85494125,1.2734119,41.77515,1.3210523,30.936714,32.925026,0.00028491774,-13.560338,0,3.8562458,7.4417443,3.6725397,1.988314,0.7700696,0.22993042,0.70109063,0.29890937,1.6864524,0.50354761,0.19467053,0.31494397,0.9032644,708.83936,201.28378,577.2851,639.1098,2.3422735,2.294698,1.0580131,1.0124549,151.125,188.32329,4.2958541,0.16430508,2.8698375,1.6500816,0.93023527,0.52194923,0.26784196,0.11476417,0.059864264,0.030470531,401.25,220.75,181.625,168.125,149.625,90.875,35.25,11.875,0.5,2.1794496,2.1213202,0.5,0.5,1.0,-1.9752774,-1.9411691,-1.907957,-8.0374069,-7.9242411,-7.4879537,1.1739535,185.5,183.375,131.25,55.5,25.625,11.875,5.875,2.75,0.16311081,0.075092934,1.3297561,1.1533399,1.2001213,1.2753503,1.4222274,1.5992001,1.7268126,2.2090628,0.4788765,1.8141409,2.5754693,2.8533964,3.1098201,3.4543042,3.7406538,3.717694,1.2766689,298.23706,380.75,669.0,329.875,169.5,67.5,29.625,12.625,5.875,2.75,483.5,146.5,38.25,12.0,4.0,0.75,0.0,0.0,EXT262
C:/Users/MICROSOFT/Documents/nauval_mrnavac/cycpeptmp_standalone/runs/run_20260102_172000_moe/sdf/monomer.sdf,O=C[C@@](NC)CC(C)C,12.460183,0.47395158,55,O=C[C@@](NC)CC(C)C,344.70496,269.19077,75.514206,245.32506,99.379906,589.52777,165.3761,193.67656,424.15167,0.84584612,0.81140524,36.142601,1.2269481,25.538277,27.285805,0.00012844802,-9.4109278,0,3.7771385,4.2036414,3.8525813,1.747528,0.78093094,0.21906909,0.71169573,0.28830424,1.7102387,0.4797613,0.17790967,0.31825691,0.89788514,709.7569,203.85429,575.12573,640.53375,2.3437891,2.3022871,1.0961535,0.97108954,152.75,188.22374,3.7158835,0.15543564,2.8628728,1.6433736,0.97358167,0.54988813,0.27537009,0.10790884,0.044701092,0.022699151,393.375,216.875,177.875,164.875,148.5,87.75,30.625,9.5,0.5,1.0,0.5,0.70710677,1.118034,0.5,-1.9205019,-1.9188731,-1.9096321,-7.2793565,-7.1793785,-7.0072951,1.1800454,193.25,192.125,144.875,62.625,26.375,10.25,4.25,1.875,0.16584681,0.06520091,1.274684,1.1333401,1.1423303,1.2558115,1.409227,1.5527451,2.062849,2.4157341,0.42042267,1.6114138,2.2252667,2.433686,2.5915449,3.2093666,3.7301059,3.7496605,1.2699392,299.71909,380.625,677.875,341.125,178.5,72.75,29.5,10.75,4.25,1.875,484.625,149.0,33.625,10.125,3.125,0.5,0.0,0.0,EXT263
C:/Users/MICROSOFT/Documents/nauval_mrnavac/cycpeptmp_standalone/runs/run_20260102_172000_moe/sdf/monomer.sdf,O=C[C@@](NC)CC(C)C,12.460183,0.47395158,155,O=C[C@@](NC)CC(C)C,344.63718,267.48755,77.149635,244.27881,100.35838,585.79773,168.9577,190.33792,416.84006,0.84515452,0.81098902,36.136047,1.2363408,25.544252,27.29608,0.00019944613,-9.4119835,0,3.7521296,4.1970854,3.8512964,1.7518284,0.77614248,0.22385754,0.7087999,0.2912001,1.699752,0.49024802,0.17783856,0.31812641,0.89793718,709.73895,203.77277,575.16492,640.54022,2.3437593,2.3022807,1.096007,0.97089273,152.875,187.23709,3.7193825,0.15580216,2.8637977,1.6438459,0.97378135,0.54993016,0.27478811,0.10791056,0.044687949,0.022696249,393.75,216.75,177.875,164.875,148.375,87.875,30.875,9.5,0.5,1.0,0.5,0.70710677,1.118034,0.5,-1.920638,-1.9192882,-1.9099598,-7.2789378,-7.1776533,-7.0057788,1.1797627,193.25,192.125,144.625,62.5,26.5,10.25,4.25,1.875,0.16654955,0.06520091,1.2721518,1.133301,1.1424246,1.2559683,1.4071441,1.5611633,2.0468609,2.4163587,0.42073351,1.6099526,2.2209761,2.436363,2.5939221,3.2093232,3.7301378,3.7497284,1.2702435,299.64728,380.625,678.125,341.125,178.25,72.625,29.625,10.75,4.25,1.875,484.875,149.0,33.625,10.125,3.125,0.5,0.0,0.0,EXT264
C:/Users/MICROSOFT/Documents/nauval_mrnavac/cycpeptmp_standalone/runs/run_20260102_172000_moe/sdf/monomer.sdf,O=C[C@@](NC)CC(C)C,12.460183,0.47395158,40,O=C[C@@](NC)CC(C)C,345.10721,268.64655,76.460655,244.96533,100.14187,588.33594,167.44884,192.18588,420.88708,0.84515452,0.81185234,36.11478,1.2290746,25.536118,27.293808,8.5884731e-06,-9.4130259,0,3.7385819,4.1758213,3.8533082,1.7576898,0.77844375,0.22155625,0.70982391,0.29017612,1.7047918,0.48520818,0.17785449,0.31812784,0.89792174,709.68915,203.76067,575.11829,640.49933,2.343677,2.302238,1.0959634,0.97091818,152.875,187.31334,3.7181194,0.15593228,2.86411,1.6436867,0.97310221,0.54977489,0.27476746,0.10797509,0.044769712,0.0227603,393.625,217.0,178.0,165.0,148.625,87.875,30.875,9.625,0.5,1.0,0.5,0.70710677,1.118034,0.5,-1.9205592,-1.9189789,-1.9096547,-7.2840796,-7.1863809,-7.0131826,1.1799536,193.375,192.375,144.625,62.375,26.5,10.25,4.25,1.875,0.16643259,0.065151513,1.2715207,1.1304525,1.1410228,1.2541461,1.4000736,1.5568378,2.046586,2.3883848,0.42071369,1.612741,2.225018,2.437561,2.5939097,3.2093997,3.7301781,3.7497513,1.2698989,299.63013,380.5,678.0,341.375,178.375,72.5,29.625,10.75,4.25,1.875,484.625,149.0,33.75,10.125,3.125,0.5,0.0,0.0,EXT265
C:/Users/MICROSOFT/Documents/nauval_mrnavac/cycpeptmp_standalone/runs/run_20260102_172000_moe/sdf/monomer.sdf,O=C[C@@](NC)CC(C)C,12.460183,0.47395158,32,O=C[C@@](NC)CC(C)C,343.90634,267.75092,76.155426,245.38449,98.521851,586.37451,166.78038,191.59549,419.59412,0.84515452,0.81180912,36.153404,1.2385648,25.547329,27.306786,3.6919744e-05,-9.4122972,0,3.754158,4.2144446,3.8538594,1.7594571,0.77855766,0.22144234,0.71352124,0.28647873,1.7050413,0.48495874,0.17784393,0.3181504,0.8979938,709.59515,203.73944,575.06372,640.38715,2.3435218,2.3022583,1.0959873,0.97089791,152.875,187.39496,3.7229605,0.15578885,2.864001,1.64351,0.97318,0.55003369,0.27481481,0.10795777,0.044725489,0.022713432,393.75,216.875,177.875,164.875,148.5,87.875,30.625,9.5,0.5,1.0,0.5,0.70710677,1.118034,0.5,-1.9208665,-1.9196167,-1.9103355,-7.2786846,-7.1795502,-7.0065126,1.1797488,193.0,192.0,144.625,62.5,26.5,10.25,4.25,1.875,0.16654955,0.06520091,1.2713237,1.1363016,1.1460774,1.2599381,1.4092176,1.5534698,2.0630505,2.4160888,0.4220337,1.6108353,2.2233377,2.4390774,2.5941117,3.209543,3.7303429,3.749927,1.2702584,299.64374,380.625,678.0,341.0,178.375,72.625,29.625,10.75,4.25,1.875,485.0,149.0,33.75,10.125,3.125,0.5,0.0,0.0,EXT266
C:/Users/MICROSOFT/Documents/nauval_mrnavac/cycpeptmp_standalone/runs/run_20260102_172000_moe/sdf/monomer.sdf,O=C[C@@](NC)CC(C)C,12.460183,0.47395158,96,O=C[C@@](NC)CC(C)C,345.34409,269.29602,76.04808,247.25063,98.093468,589.7583,166.54529,193.24794,423.21298,0.84515452,0.81173062,36.130062,1.2325919,25.543177,27.293577,3.9845236e-05,-9.4151049,0,3.7508438,4.191102,3.853009,1.7504008,0.7797904,0.22020957,0.71595442,0.28404558,1.707741,0.48225898,0.17785631,0.31815755,0.89792705,709.76868,203.79932,575.17706,640.56097,2.3438084,2.3023028,1.0960572,0.97095048,152.875,187.63319,3.7214296,0.15594652,2.8633263,1.6436512,0.97338539,0.54941112,0.2747694,0.10789631,0.044717785,0.022719977,393.625,216.875,178.0,165.0,148.5,88.0,30.875,9.5,0.5,1.0,0.5,0.70710677,1.118034,0.5,-1.9206444,-1.9192261,-1.9099714,-7.2789202,-7.1795602,-7.0071673,1.179063,192.625,192.25,144.375,62.5,26.5,10.25,4.25,1.875,0.16643259,0.065151513,1.2717252,1.1333985,1.1444806,1.2582287,1.4097443,1.5609695,2.0463305,2.4157579,0.42086297,1.6118715,2.2226424,2.4366598,2.5941458,3.2096546,3.730427,3.7499964,1.2712755,299.60068,380.875,677.75,341.125,178.125,72.625,29.625,10.75,4.25,1.875,485.125,148.875,33.75,10.125,3.125,0.5,0.0,0.0,EXT267
C:/Users/MICROSOFT/Documents/nauval_mrnavac/cycpeptmp_standalone/runs/run_20260102_172000_moe/sdf/monomer.sdf,O=C[C@@](NC)CC(C)C,12.460183,0.47395158,83,O=C[C@@](NC)CC(C)C,345.89978,269.87759,76.022186,246.05461,99.845161,591.03192,166.48859,193.85539,424.54333,0.84515452,0.81144327,36.16095,1.2264789,25.541555,27.295397,2.99941e-05,-9.4185476,0,3.787298,4.2219887,3.8517454,1.7538419,0.78021902,0.21978097,0.71134657,0.28865343,1.7086797,0.48132032,0.17784286,0.31816599,0.89794284,709.73499,203.79282,575.15356,640.52356,2.3437529,2.3023257,1.0960952,0.97092342,152.875,187.70276,3.7189374,0.15581559,2.8631628,1.6437489,0.97372115,0.54991478,0.27476376,0.10790268,0.044692531,0.022688372,393.5,216.75,177.875,164.75,148.5,87.875,30.75,9.625,0.5,1.0,0.5,0.70710677,1.118034,0.5,-1.9204545,-1.9190553,-1.909897,-7.2800889,-7.1783142,-7.0059962,1.1795073,193.125,192.0,144.625,62.625,26.5,10.25,4.25,1.875,0.16654955,0.065250382,1.2749072,1.1326691,1.1418306,1.2577654,1.4017957,1.5534607,2.0485709,2.3884413,0.42091364,1.6108441,2.2211728,2.435431,2.5941246,3.2095592,3.7303598,3.7499435,1.2706577,299.64798,380.75,678.0,341.0,178.25,72.75,29.625,10.75,4.25,1.875,484.875,149.0,33.625,10.125,3.125,0.5,0.0,0.0,EXT268
C:/Users/MICROSOFT/Documents/nauval_mrnavac/cycpeptmp_standalone/runs/run_20260102_172000_moe/sdf/monomer.sdf,O=C[C@@](NC)CC(C)C,12.460183,0.47395158,116,O=C[C@@](NC)CC(C)C,347.81522,270.4758,77.339432,247.69524,100.12,592.34198,169.37335,193.13637,422.96863,0.84515452,0.81092209,36.142956,1.2262815,25.556263,27.307638,0.00013651542,-9.4109926,0,3.7569101,4.2039948,3.8519895,1.7513738,0.77764219,0.22235781,0.71214604,0.28785399,1.7030364,0.4869636,0.17784426,0.3181603,0.8979457,709.75854,203.7962,575.17523,640.54572,2.3437917,2.3023226,1.0960751,0.97092593,152.875,188.1338,3.6965382,0.15878701,2.8642471,1.6527934,0.96532798,0.55311984,0.27623674,0.10892154,0.048018407,0.021405339,396.5,218.25,182.25,167.125,148.0,88.25,30.625,9.875,0.5,2.6925824,3.1622777,0.5,0.5,1.0,-1.9135463,-1.8945252,-1.8695349,-7.9046435,-7.6823759,-7.3413019,1.1803638,196.5,191.125,142.75,63.5,26.625,9.875,4.375,1.375,0.16117969,0.063575171,1.2858225,1.0968688,1.1106635,1.2152036,1.3410909,1.5086703,1.9069796,2.5941992,0.42215475,1.6228449,2.2225769,2.4578757,2.606231,3.1899877,3.7872236,3.81353,1.2689013,299.47168,380.0,679.625,339.5,176.25,73.0,29.375,10.625,4.375,1.375,483.125,148.375,33.5,9.5,2.75,0.75,0.0,0.0,EXT269
C:/Users/MICROSOFT/Documents/nauval_mrnavac/cycpeptmp_standalone/runs/run_20260102_172000_moe/sdf/monomer.sdf,O=C[C@@](NC)CC(C)C,12.460183,0.47395158,78,O=C[C@@](NC)CC(C)C,342.74249,269.32321,73.419289,245.98807,96.754433,589.81781,160.78824,195.90392,429.02957,0.84584612,0.81093496,36.17326,1.2383314,25.535061,27.285553,4.3436259e-05,-9.413044,0,3.7967391,4.2342987,3.8525913,1.7504934,0.78578877,0.21421123,0.71770519,0.28229481,1.7208774,0.46912259,0.17790125,0.31820902,0.89781886,709.69226,203.81555,575.06055,640.50836,2.3436823,2.3022728,1.0960037,0.97106051,152.75,186.40727,3.6887681,0.15866205,2.8637862,1.6527791,0.96483827,0.55273271,0.27609682,0.10894116,0.048035737,0.021437351,396.125,218.125,182.0,167.0,147.75,88.125,30.75,9.875,0.5,2.6925824,3.1622777,0.5,0.5,1.0,-1.9136808,-1.8946906,-1.8693609,-7.9102035,-7.687047,-7.3453388,1.1805298,196.5,191.125,143.0,63.375,26.625,9.875,4.25,1.375,0.16140109,0.063622758,1.286958,1.0931064,1.1028538,1.208094,1.3398908,1.5133632,1.9020104,2.5939515,0.42246509,1.6220824,2.2232363,2.4531269,2.6059344,3.1897719,3.7801337,3.8132572,1.2685838,299.44812,379.875,680.0,339.5,176.375,72.75,29.375,10.625,4.25,1.375,483.5,148.375,33.375,9.375,2.75,0.75,0.0,0.0,EXT270
C:/Users/MICROSOFT/Documents/nauval_mrnavac/cycpeptmp_standalone/runs/run_20260102_172000_moe/sdf/monomer.sdf,O=C[C@@](NC)CC(C)C,12.460183,0.47395158,86,O=C[C@@](NC)CC(C)C,343.91107,268.87137,75.039711,245.6021,98.308983,588.82831,164.33698,193.83165,424.49133,0.84515452,0.81046593,36.157501,1.2443893,25.548655,27.301577,4.9484377e-05,-9.4009762,0,3.7586148,4.2185416,3.8528714,1.7529219,0.78180492,0.2181951,0.71414417,0.2858558,1.7121527,0.47784728,0.17786975,0.31812,0.89796972,709.67181,203.74698,575.12451,640.47205,2.3436484,2.3023098,1.0960321,0.97099012,152.875,188.01826,3.7184157,0.1559737,2.8634188,1.6436888,0.97391433,0.5500499,0.27487639,0.10790733,0.044728316,0.022733755,393.75,217.0,178.125,165.125,148.625,88.0,30.75,9.5,0.5,1.0,0.5,0.70710677,1.118034,0.5,-1.9209358,-1.9195552,-1.910217,-7.2801514,-7.1788192,-7.0062132,1.1794842,193.125,191.875,144.625,62.5,26.375,10.25,4.25,1.875,0.16561404,0.065102197,1.2734818,1.1331875,1.1443067,1.2578231,1.4044172,1.5577052,2.0482864,2.415781,0.42100579,1.6109014,2.2234397,2.4366703,2.5919771,3.2097011,3.7304666,3.7500377,1.2706825,299.64212,380.75,678.125,341.0,178.375,72.625,29.5,10.75,4.25,1.875,485.0,149.125,33.75,10.125,3.125,0.5,0.0,0.0,EXT271
C:/Users/MICROSOFT/Documents/nauval_mrnavac/cycpeptmp_standalone/runs/run_20260102_172000_moe/sdf/monomer.sdf,O=C[C@@](NC)CC(C)C,12.460183,0.47395158,2,O=C[C@@](NC)CC(C)C,350.31207,272.30356,78.008537,248.26013,102.05195,596.34479,170.8387,194.29501,425.50607,0.84584612,0.81061018,36.179138,1.2330967,25.549206,27.301468,0.00010909011,-9.409565,0,3.792779,4.2401781,3.8516848,1.7522627,0.77731705,0.22268298,0.70868278,0.29131722,1.7023243,0.48767573,0.17785193,0.31817317,0.89794672,709.71661,203.79112,575.13831,640.50378,2.3437226,2.3022888,1.0961047,0.97093254,152.75,188.43271,3.6929083,0.15877503,2.8638175,1.6526393,0.96513265,0.55277163,0.27609012,0.10894851,0.048000608,0.021395162,396.25,218.25,182.125,167.0,147.875,88.125,30.5,9.875,0.5,2.6925824,3.1622777,0.5,0.5,1.0,-1.9139895,-1.8948352,-1.8696717,-7.905076,-7.6819353,-7.3419571,1.1805285,196.125,191.0,143.125,63.5,26.625,9.875,4.25,1.375,0.16129032,0.063622758,1.28679,1.0933049,1.1072372,1.211616,1.3371241,1.5133306,1.9298582,2.5940583,0.42316118,1.6227776,2.2234116,2.4527774,2.6061053,3.1898975,3.780354,3.8134317,1.2685851,299.44778,379.875,679.75,339.375,176.375,72.875,29.375,10.625,4.25,1.375,483.625,148.375,33.25,9.375,2.75,0.75,0.0,0.0,EXT272
C:/Users/MICROSOFT/Documents/nauval_mrnavac/cycpeptmp_standalone/runs/run_20260102_172000_moe/sdf/monomer.sdf,O=C[C@@](NC)CC(C)C,12.460183,0.47395158,82,O=C[C@@](NC)CC(C)C,345.9267,269.84552,76.081192,246.66566,99.26104,590.96167,166.61781,193.76431,424.34384,0.84515452,0.81091624,36.137371,1.2184807,25.539757,27.295195,4.4516124e-05,-9.4122524,0,3.7731564,4.1984096,3.8504927,1.7554396,0.78006554,0.21993443,0.71305758,0.28694239,1.7083436,0.48165643,0.17783475,0.31817162,0.89798224,709.69299,203.78024,575.13312,640.47266,2.3436835,2.3022354,1.096035,0.97086316,152.875,186.40578,3.7189374,0.15580088,2.8640215,1.6435142,0.97303241,0.54980737,0.2747936,0.10794523,0.044727691,0.022747995,393.5,216.875,177.875,164.875,148.625,87.875,30.625,9.5,0.5,1.0,0.5,0.70710677,1.118034,0.5,-1.9205861,-1.919067,-1.9099026,-7.2899904,-7.1799917,-7.0075002,1.1794907,193.375,192.25,144.75,62.375,26.5,10.25,4.25,1.875,0.16654955,0.06520091,1.2718377,1.1324791,1.1417993,1.2552874,1.4040403,1.553499,2.0483482,2.4159837,0.42076391,1.6090825,2.2212257,2.4378221,2.594197,3.209656,3.7304943,3.7500823,1.2706755,299.64377,380.75,677.875,341.125,178.25,72.5,29.625,10.75,4.25,1.875,484.5,148.875,33.5,10.125,3.125,0.5,0.0,0.0,EXT273
C:/Users/MICROSOFT/Documents/nauval_mrnavac/cycpeptmp_standalone/runs/run_20260102_172000_moe/sdf/monomer.sdf,O=C[C@@](NC)CC(C)C,12.460183,0.47395158,129,O=C[C@@](NC)CC(C)C,345.25043,269.33701,75.913414,247.19725,98.053169,589.84802,166.25037,193.4236,423.59769,0.84515452,0.81102353,36.125584,1.2297649,25.541321,27.29196,1.6767939e-05,-9.40557,0,3.7505822,4.1866241,3.8532596,1.7506405,0.78012073,0.21987927,0.71599406,0.28400594,1.7084644,0.48153561,0.17786674,0.31808701,0.8979612,709.74457,203.75056,575.18884,640.54974,2.3437686,2.3023279,1.0959203,0.97098958,152.875,186.07797,3.7184157,0.15567313,2.8632019,1.6434594,0.97363234,0.54994094,0.27536803,0.10786409,0.044726059,0.022750888,393.75,217.125,178.125,165.125,148.75,87.875,30.625,9.5,0.5,1.0,0.5,0.70710677,1.118034,0.5,-1.9206742,-1.9193333,-1.9101559,-7.2808433,-7.1790314,-7.0054688,1.1799099,192.875,192.0,144.75,62.625,26.375,10.25,4.25,1.875,0.16561404,0.065102197,1.2706548,1.131765,1.1445477,1.258083,1.4069047,1.5568686,2.0626636,2.4155698,0.42007926,1.610658,2.2237668,2.4364955,2.5918381,3.2096477,3.7303994,3.7499576,1.2700851,299.68466,380.625,677.875,341.0,178.375,72.75,29.5,10.75,4.25,1.875,485.0,149.0,33.625,10.125,3.125,0.5,0.0,0.0,EXT274
C:/Users/MICROSOFT/Documents/nauval_mrnavac/cycpeptmp_standalone/runs/run_20260102_172000_moe/sdf/monomer.sdf,O=C[C@@](NC)CC(C)C,12.474719,0.48848754,99,O=C[C@@](NC)CC(C)C,345.6322,268.08383,77.548393,238.80038,106.83183,587.10358,169.83098,190.53542,417.27258,0.84515452,0.5049988,36.648331,1.3066489,25.898373,27.608259,7.707411e-05,-8.7215099,0,3.7905159,4.4235735,3.9428313,1.7098867,0.77563322,0.2243668,0.69090897,0.30909106,1.6986367,0.49136329,0.21264067,0.34282187,0.86274874,724.16937,225.12187,566.54382,656.67303,2.3674662,2.1448429,1.2305366,0.98905092,152.875,187.83817,3.01579,0.1857048,2.8777909,1.7538824,1.0596085,0.54863071,0.24353792,0.055368841,0.0,0.0,386.375,214.375,178.25,162.25,136.125,77.0,23.5,5.0,0.70710677,1.118034,1.8027756,6.8190908,4.7434163,6.6332498,-1.8321178,-1.8127476,-1.7920443,-4.8098149,-4.6857166,-4.5605927,1.1875298,212.125,204.25,139.5,51.375,18.0,3.5,0.0,0.0,0.12201963,0.02696456,1.182142,0.99425787,1.1057736,1.2486478,1.3968062,1.155183,2.6618366,3.3149698,0.53696299,1.5562934,1.8676777,1.8626052,1.9306384,1.6679294,0.0,0.0,1.2605525,300.95929,379.375,683.0,355.75,177.75,63.75,21.75,4.375,0.0,0.0,470.875,151.5,38.25,12.375,3.75,0.875,0.0,0.0,EXT275
C:/Users/MICROSOFT/Documents/nauval_mrnavac/cycpeptmp_standalone/runs/run_20260102_172000_moe/sdf/monomer.sdf,O=C[C@@](NC)CC(C)C,12.791995,0.8057633,70,O=C[C@@](NC)CC(C)C,340.20294,270.70084,69.502098,232.87508,107.32786,592.83484,152.20959,201.19873,440.62521,0.84723276,0.49089482,38.882793,1.5708963,25.849712,27.773676,0.0048821303,-8.7356024,0,3.8008437,6.6580348,5.7324948,1.9239647,0.79570401,0.20429601,0.68451816,0.31548187,1.7425917,0.44740826,0.20173894,0.3030225,0.87462074,725.38,201.87555,582.67798,666.20648,2.3694441,2.1159492,1.2780869,0.95038617,152.5,188.14653,3.7895467,0.22221264,2.8724937,1.8216728,1.0113527,0.50782663,0.20334181,0.032943182,0.0,0.0,400.75,224.25,178.25,160.5,137.5,78.875,31.625,8.5,0.70710677,1.118034,0.5,0.5,5.0249376,4.7434163,-1.940467,-1.9280232,-1.9185563,-4.7269197,-4.6300478,-4.6114984,1.1753237,198.625,197.375,126.625,44.25,13.375,1.375,0.0,0.0,0.099579245,0.015576324,1.4057163,1.1990261,1.3637277,1.5905476,1.809401,1.941924,2.5329597,2.9059031,0.58288181,1.9552165,2.4940374,2.626029,2.4370303,2.6583662,0.0,0.0,1.2721031,297.14575,378.0,672.375,350.75,164.375,56.5,17.75,2.5,0.0,0.0,473.75,153.375,37.75,12.25,4.375,1.125,0.0,0.0,EXT276
C:/Users/MICROSOFT/Documents/nauval_mrnavac/cycpeptmp_standalone/runs/run_20260102_172000_moe/sdf/monomer.sdf,O=C[C@@](NC)CC(C)C,12.891331,0.90509945,72,O=C[C@@](NC)CC(C)C,344.43506,266.31799,78.117081,235.0844,109.35066,583.23639,171.0764,188.2009,412.15997,0.85494125,1.0838455,38.919308,1.5189933,27.599112,29.354416,0.00021147815,-10.828811,0,3.7798829,6.2521067,4.2658067,1.7553039,0.7732023,0.2267977,0.6825217,0.31747833,1.693313,0.49668697,0.27487782,0.41561192,0.80767393,690.80762,258.27347,501.91235,621.42938,2.3122897,2.0757098,1.1935986,1.0882696,151.125,188.13347,4.8612237,0.1657809,2.868752,1.6612803,0.92958486,0.55754173,0.27807307,0.11161096,0.045792535,0.01883436,390.625,221.75,182.875,165.375,149.875,88.125,33.75,14.375,0.5,3.3541019,3.7416575,0.70710677,1.118034,0.5,-1.9226451,-1.8895971,-1.8876754,-6.7714133,-6.7559533,-6.6993279,1.1787225,204.5,197.25,139.375,60.625,26.0,10.375,4.25,1.375,0.15652768,0.067271352,1.8049301,1.6344606,1.7222246,1.9139974,1.99084,1.9835018,1.6725259,1.4097219,0.73379332,2.4673877,3.2392449,3.3008182,3.2113061,3.27776,3.6452982,3.6572795,1.2715036,299.44861,380.75,681.875,342.25,174.75,72.875,28.625,11.125,4.25,1.375,477.375,145.0,35.375,12.25,2.625,0.75,0.0,0.0,EXT277
C:/Users/MICROSOFT/Documents/nauval_mrnavac/cycpeptmp_standalone/runs/run_20260102_172000_moe/sdf/monomer.sdf,O=C[C@@](NC)CC(C)C,12.891331,0.90509945,0,O=C[C@@](NC)CC(C)C,346.70435,268.56174,78.142616,236.19173,110.51263,588.15021,171.13232,190.41913,417.01788,0.85564899,1.0845804,38.941219,1.5000052,27.597429,29.350647,0.00017193276,-10.83739,0,3.8241146,6.2740178,4.2662826,1.7532171,0.77461314,0.22538689,0.68124819,0.31875178,1.6964027,0.49359727,0.27484694,0.41562769,0.80767274,690.87213,258.30569,501.95517,621.48334,2.3123977,2.0758266,1.1935917,1.0882697,151.0,187.92053,4.8907833,0.16124398,2.8697388,1.6714492,0.93037874,0.55901855,0.27963045,0.11501532,0.044280414,0.02070934,392.625,221.0,180.0,166.5,147.625,89.5,35.0,14.375,0.5,7.0887237,6.9641943,0.5,0.5,0.70710677,-1.9252445,-1.9035103,-1.8899584,-7.5159616,-7.3019133,-7.2186337,1.1779447,203.25,195.375,135.875,62.125,24.75,9.875,3.75,1.375,0.16111112,0.066066064,1.7539012,1.6217141,1.7157072,1.8505011,1.9920866,2.0837286,1.6870695,1.674596,0.73444843,2.4423406,3.2167346,3.3335862,3.2339752,3.2958488,3.6335521,3.6723118,1.2731782,299.64383,381.5,679.25,342.375,173.0,72.625,29.0,11.0,3.75,1.375,476.0,147.0,37.125,10.5,4.25,1.125,0.0,0.0,EXT278
C:/Users/MICROSOFT/Documents/nauval_mrnavac/cycpeptmp_standalone/runs/run_20260102_172000_moe/sdf/monomer.sdf,O=C[C@@](NC)CC(C)C,12.891331,0.90509945,117,O=C[C@@](NC)CC(C)C,346.88525,269.04694,77.83831,236.948,109.93725,589.21277,170.4659,191.20863,418.74689,0.85564899,1.0842673,38.995361,1.5264778,27.597383,29.353565,5.4054792e-05,-10.838654,0,3.8506596,6.3281603,4.2646055,1.756183,0.77560788,0.2243921,0.68307316,0.31692684,1.6985813,0.49141869,0.27483925,0.41556969,0.80769533,690.77405,258.23709,501.90598,621.40509,2.3122337,2.0757723,1.1936346,1.088226,151.0,186.91003,4.8971,0.16141753,2.8633301,1.6654599,0.92273843,0.55690789,0.2820476,0.10524216,0.045297951,0.020444661,395.25,220.625,182.375,168.25,149.625,90.125,35.375,15.75,0.5,5.8736701,6.1032777,0.5,0.5,0.70710677,-1.9107981,-1.9107832,-1.9010661,-7.5630045,-7.3112926,-7.1874681,1.1838977,208.875,200.125,137.625,62.625,26.875,10.0,4.375,1.375,0.16929404,0.066121839,1.7870628,1.6081862,1.6985012,1.835066,1.9983926,2.0309057,1.7063603,1.5322767,0.71758097,2.4369698,3.2533545,3.3088474,3.2556367,3.3773153,3.6368709,3.5868967,1.2644197,300.03882,379.375,685.875,344.375,174.5,72.75,30.875,11.125,4.375,1.375,477.0,144.25,36.875,10.125,4.0,1.125,0.0,0.0,EXT279
C:/Users/MICROSOFT/Documents/nauval_mrnavac/cycpeptmp_standalone/runs/run_20260102_172000_moe/sdf/monomer.sdf,O=C[C@@](NC)CC(C)C,12.891331,0.90509945,63,O=C[C@@](NC)CC(C)C,341.40524,265.37024,76.034988,234.79272,106.61251,581.16083,166.51662,189.33525,414.6442,0.85494125,1.0832343,38.921566,1.5209235,27.582548,29.335571,4.3120977e-05,-10.826122,0,3.8007574,6.2543631,4.2642708,1.7530224,0.77728814,0.22271185,0.68772441,0.31227556,1.7022611,0.48773894,0.27482793,0.41564375,0.8076672,690.81342,258.29251,501.90671,621.42761,2.3122995,2.0757692,1.1936283,1.088202,151.125,187.89305,4.9049249,0.16145417,2.8638668,1.6656218,0.9212994,0.55669707,0.28216228,0.10525008,0.045316983,0.020472996,395.125,220.625,182.5,168.5,149.625,90.25,35.625,15.5,0.5,5.8736701,6.1032777,0.5,0.5,0.70710677,-1.9108169,-1.9107778,-1.9008582,-7.5643711,-7.313426,-7.1854,1.1839588,209.125,200.5,137.5,62.875,26.875,10.125,4.375,1.375,0.16917808,0.066023737,1.7878453,1.6080437,1.7053379,1.8391393,2.0067863,2.0383432,1.7146716,1.5560747,0.71709335,2.4346697,3.251924,3.3105578,3.2560287,3.3775997,3.6370578,3.5870762,1.2643545,300.05429,379.375,685.625,344.875,174.375,73.0,30.875,11.125,4.375,1.375,476.5,144.375,36.875,10.125,4.0,1.0,0.0,0.0,EXT280
C:/Users/MICROSOFT/Documents/nauval_mrnavac/cycpeptmp_standalone/runs/run_20260102_172000_moe/sdf/monomer.sdf,O=C[C@@](NC)CC(C)C,12.891331,0.90509945,188,O=C[C@@](NC)CC(C)C,343.8378,265.27881,78.558983,233.89336,109.94443,580.96057,172.04417,186.71982,408.91641,0.85494125,1.0831021,38.962952,1.5144928,27.58144,29.333162,0.00012403654,-10.826418,0,3.8501983,6.2957473,4.2649717,1.7517228,0.77152312,0.22847687,0.68024331,0.31975669,1.6896356,0.50036436,0.27486876,0.41559458,0.80763185,690.86438,258.2908,501.94086,621.49707,2.3123848,2.0757861,1.1936691,1.0882916,151.125,187.62318,4.8989272,0.1615371,2.8635476,1.6653874,0.9226082,0.55673939,0.28221872,0.10524068,0.045300771,0.020453585,395.375,220.75,182.625,168.5,149.625,90.25,35.375,15.75,0.5,5.8736701,6.1032777,0.5,0.5,0.70710677,-1.9107696,-1.910688,-1.9008459,-7.5627446,-7.3106351,-7.1859851,1.1839247,208.75,200.625,137.5,62.875,26.875,10.125,4.375,1.375,0.16906229,0.066023737,1.7864493,1.6073667,1.6994884,1.8359087,2.0029519,2.0339744,1.7059724,1.5319468,0.71655756,2.4383554,3.2530847,3.3105295,3.2560203,3.3776422,3.6371334,3.5871539,1.2643909,300.04565,379.375,685.625,344.75,174.375,73.0,30.875,11.125,4.375,1.375,476.875,144.125,36.875,10.125,4.0,1.0,0.0,0.0,EXT281
C:/Users/MICROSOFT/Documents/nauval_mrnavac/cycpeptmp_standalone/runs/run_20260102_172000_moe/sdf/monomer.sdf,O=C[C@@](NC)CC(C)C,12.891331,0.90509945,10,O=C[C@@](NC)CC(C)C,344.51151,266.83853,77.672966,234.52007,109.99145,584.3764,170.10381,189.16557,414.27261,0.85494125,1.0832973,38.95203,1.5164468,27.583269,29.340195,4.6286994e-05,-10.831896,0,3.8324704,6.2848287,4.2628727,1.756925,0.77454174,0.22545826,0.68073213,0.31926784,1.6962464,0.49375361,0.27484512,0.41567072,0.8076728,690.75592,258.284,501.86105,621.36682,2.3122034,2.0757258,1.1935894,1.0882132,151.125,188.14291,4.9239621,0.16679733,2.8709884,1.6661897,0.92308295,0.55784762,0.27516544,0.10294139,0.046070494,0.019333947,392.0,219.375,182.0,165.75,149.625,90.875,35.0,14.5,0.5,7.228416,7.3143692,0.5,0.5,0.70710677,-1.9020298,-1.9006872,-1.8923017,-7.1371036,-6.7582097,-6.6779408,1.1792873,205.625,194.25,137.625,63.5,27.75,9.125,4.0,1.875,0.16758242,0.060331825,1.7784126,1.60254,1.7346094,1.8928496,2.0252755,2.0257158,1.7159097,1.5505164,0.73677528,2.4387536,3.2575016,3.3215075,3.2473016,3.3895624,3.6339498,3.5834737,1.2703382,299.32974,380.25,682.0,343.25,173.875,75.375,30.5,10.0,4.0,1.875,476.375,149.0,36.25,11.875,2.75,0.875,0.0,0.0,EXT282
C:/Users/MICROSOFT/Documents/nauval_mrnavac/cycpeptmp_standalone/runs/run_20260102_172000_moe/sdf/monomer.sdf,O=C[C@@](NC)CC(C)C,12.891331,0.90509945,30,O=C[C@@](NC)CC(C)C,344.0712,266.49567,77.575508,235.16348,108.90771,583.62555,169.89037,188.92017,413.73517,0.85494125,1.0837215,38.929718,1.5077757,27.588818,29.347704,7.7635879e-05,-10.830777,0,3.8103018,6.2625136,4.2638564,1.7588866,0.77453643,0.22546355,0.68347335,0.31652668,1.6962348,0.49376518,0.27481866,0.41558447,0.80767566,690.77942,258.24887,501.89871,621.41125,2.3122425,2.0757806,1.1935127,1.0881895,151.125,187.0872,4.9212799,0.16713008,2.871052,1.6652807,0.92305535,0.55787003,0.27519047,0.10294018,0.046044871,0.019295601,391.75,219.625,182.375,165.875,149.75,91.125,34.75,14.5,0.5,7.228416,7.3143692,0.5,0.5,0.70710677,-1.902324,-1.9008157,-1.8920742,-7.1489143,-6.7581768,-6.672585,1.179257,205.375,193.625,137.625,63.375,27.625,9.125,4.0,1.875,0.16723783,0.060286362,1.7798386,1.6008667,1.729724,1.8947743,2.0285721,2.0240717,1.710885,1.5524642,0.73619777,2.4403398,3.2579756,3.3220167,3.2478609,3.3901927,3.6345861,3.5841105,1.2703707,299.32205,380.25,681.875,342.875,173.875,75.375,30.5,10.0,4.0,1.875,476.5,149.25,36.25,12.0,2.875,0.875,0.0,0.0,EXT283
C:/Users/MICROSOFT/Documents/nauval_mrnavac/cycpeptmp_standalone/runs/run_20260102_172000_moe/sdf/monomer.sdf,O=C[C@@](NC)CC(C)C,12.934083,0.94785118,168,O=C[C@@](NC)CC(C)C,344.33224,267.00864,77.323586,242.85324,101.47899,584.7489,169.33865,189.68506,415.41028,0.85071933,0.67845786,34.615688,1.4536482,24.063068,25.540825,0.00039739412,-7.9402428,0,3.8044436,4.4710584,3.8163733,1.4777575,0.77543902,0.22456099,0.70528758,0.29471245,1.6982114,0.49178857,0.19328943,0.32025579,0.87245023,712.55481,208.14445,567.03326,649.93188,2.3484042,2.2943399,1.0611397,1.0086995,151.875,186.33492,2.6767948,0.15670191,2.9024506,1.7577837,1.1442676,0.57719034,0.26523361,0.065594196,0.0,0.0,372.75,209.375,169.875,155.5,133.25,73.375,21.625,6.0,2.1213202,1.118034,1.118034,0.5,0.5,1.0,-1.9112411,-1.8860083,-1.8804928,-4.8162308,-4.6893897,-4.6840959,1.1808838,209.125,225.0,155.875,57.875,19.5,4.625,0.0,0.0,0.13612951,0.034565918,1.1901443,1.0319952,1.0729599,1.2283791,1.437923,1.59219,1.933019,2.0756221,0.37751132,1.3383422,1.6392823,1.7105374,1.617606,1.5331447,0.0,0.0,1.2638767,297.49741,376.0,695.5,372.0,195.375,69.75,23.125,5.375,0.0,0.0,486.375,147.0,39.5,11.875,3.625,0.75,0.0,0.0,EXT284
C:/Users/MICROSOFT/Documents/nauval_mrnavac/cycpeptmp_standalone/runs/run_20260102_172000_moe/sdf/monomer.sdf,O=C[C@@](NC)CC(C)C,12.936187,0.94995499,124,O=C[C@@](NC)CC(C)C,344.53485,271.52737,73.007477,243.31674,101.21811,594.64496,159.88637,198.51991,434.75861,0.84377468,0.83384758,39.070786,1.3321562,26.873264,29.439808,0.00011401757,-9.1247721,0,3.8411202,4.3993702,4.4575891,2.5665436,0.78809845,0.21190156,0.70621806,0.29378191,1.7259356,0.46406442,0.13685806,0.33239898,0.75809628,703.25256,223.6412,510.05438,672.80951,2.3330247,2.1537449,1.3370092,0.7967636,153.125,187.26614,4.7286968,0.24072322,2.844409,1.771742,0.87251061,0.45644748,0.19884461,0.085723586,0.046411954,0.023146376,427.375,236.625,188.375,168.125,146.875,97.0,42.375,15.25,0.5,0.5,0.70710677,0.5,0.5,1.0,-1.9600316,-1.9473761,-1.9361122,-7.2885461,-7.1756473,-7.1518402,1.1735498,180.375,171.625,112.875,46.875,20.0,8.375,4.25,2.0,0.12143331,0.052788105,1.244063,1.121815,1.1186328,1.1680897,1.2031484,1.3419901,2.0942659,2.8368583,0.55635893,1.7723002,2.8608584,3.324069,3.6256602,3.5890009,3.5716219,3.5819287,1.271211,295.3876,375.5,655.75,319.5,146.25,57.0,22.875,8.875,4.25,2.0,475.375,147.875,33.375,10.125,2.875,0.5,0.0,0.0,EXT285
C:/Users/MICROSOFT/Documents/nauval_mrnavac/cycpeptmp_standalone/runs/run_20260102_172000_moe/sdf/monomer.sdf,O=C[C@@](NC)CC(C)C,12.936187,0.94995499,80,O=C[C@@](NC)CC(C)C,344.2211,273.20816,71.012917,245.25113,98.969963,598.32593,155.5183,202.19525,442.80762,0.84239936,0.83343875,39.038567,1.3314031,26.885742,29.451704,3.4922556e-05,-9.1159172,0,3.796953,4.3671522,4.4584727,2.565963,0.79369968,0.20630032,0.71248138,0.28751859,1.7382023,0.45179769,0.13687375,0.33229905,0.75816762,703.29028,223.589,510.13672,672.8548,2.3330874,2.153692,1.3369192,0.79678965,153.375,187.40974,4.7313571,0.24083422,2.8441525,1.7726147,0.87138391,0.45645332,0.1987451,0.085798591,0.046487126,0.023225918,427.5,236.75,188.375,168.5,146.75,96.375,42.125,15.375,0.5,0.5,0.70710677,0.5,0.5,1.0,-1.9604197,-1.9477386,-1.9364713,-7.2959323,-7.1860132,-7.1553817,1.1738567,179.875,172.0,112.5,46.875,19.875,8.375,4.25,2.0,0.12076974,0.052670624,1.2439455,1.1238635,1.1217333,1.167778,1.2012835,1.3627814,2.0951705,2.8264332,0.55607969,1.7753773,2.8605173,3.3235013,3.6248586,3.5893588,3.5719256,3.5822139,1.2707376,295.39929,375.375,655.375,319.625,145.875,57.0,22.75,8.875,4.25,2.0,475.5,147.625,33.375,10.125,2.875,0.5,0.0,0.0,EXT286
C:/Users/MICROSOFT/Documents/nauval_mrnavac/cycpeptmp_standalone/runs/run_20260102_172000_moe/sdf/monomer.sdf,O=C[C@@](NC)CC(C)C,12.936187,0.94995499,25,O=C[C@@](NC)CC(C)C,339.19833,267.53806,71.660271,239.91397,99.284348,585.90833,156.93599,195.87779,428.97235,0.84239936,0.83292139,39.065922,1.3295417,26.874174,29.440722,2.5790201e-05,-9.1158266,0,3.8398526,4.3945041,4.4557796,2.5665472,0.78873634,0.21126363,0.70729709,0.29270294,1.7273327,0.46266735,0.13686883,0.33231908,0.75812495,703.26501,223.59688,510.09525,672.83795,2.3330455,2.1536882,1.3368002,0.79677397,153.375,187.82681,4.722384,0.2411094,2.8442011,1.7714124,0.87142164,0.45649832,0.19865426,0.0857649,0.046446621,0.023196921,427.625,236.875,188.5,168.5,146.875,96.875,42.375,15.375,0.5,0.5,0.70710677,0.5,0.5,1.0,-1.9604996,-1.9476773,-1.9365058,-7.2987328,-7.1881862,-7.1568236,1.1735711,179.625,172.125,112.75,46.875,19.875,8.375,4.25,2.0,0.12002653,0.052670624,1.2442447,1.1211808,1.1202568,1.1677347,1.1995164,1.3419574,2.0943739,2.8263998,0.55493456,1.7735538,2.858933,3.3235533,3.6181669,3.589361,3.5719199,3.5822277,1.271188,295.39297,375.5,655.375,319.625,146.125,57.0,22.625,8.875,4.25,2.0,475.75,147.5,33.375,10.125,2.75,0.5,0.0,0.0,EXT287
C:/Users/MICROSOFT/Documents/nauval_mrnavac/cycpeptmp_standalone/runs/run_20260102_172000_moe/sdf/monomer.sdf,O=C[C@@](NC)CC(C)C,12.936187,0.94995499,186,O=C[C@@](NC)CC(C)C,342.90561,270.2309,72.674728,241.43712,101.46849,591.80566,159.15765,197.55615,432.64798,0.84308642,0.83321524,39.06142,1.3546671,26.87892,29.450842,1.0065891e-05,-9.1174116,0,3.7995436,4.3900056,4.4563584,2.5719235,0.78806204,0.21193799,0.70409209,0.29590791,1.7258558,0.4641442,0.13687223,0.33236718,0.75810951,703.11456,223.57793,509.96774,672.68353,2.3327961,2.1535628,1.3368536,0.79673737,153.25,187.01596,4.6321363,0.23745835,2.8444419,1.7782081,0.86997414,0.45606619,0.20190127,0.089577124,0.048135191,0.021339044,428.0,236.75,189.25,168.875,147.25,94.125,40.375,15.375,0.5,0.5,0.70710677,0.5,0.5,1.0,-2.0390046,-1.9711876,-1.9476829,-7.9709611,-7.7855573,-7.3897958,1.1771429,180.5,173.0,111.75,47.25,18.875,8.375,4.5,1.5,0.11822985,0.053293858,1.2181073,1.111618,1.0895237,1.1954783,1.2526687,1.4770713,2.2308848,2.7875495,0.55607325,1.7701951,2.9071426,3.2956076,3.5692956,3.5637655,3.6142271,3.5470271,1.2646533,295.04132,373.125,655.75,320.25,145.875,57.5,22.375,9.0,4.5,1.5,475.25,147.25,34.125,10.25,3.5,0.625,0.0,0.0,EXT288
C:/Users/MICROSOFT/Documents/nauval_mrnavac/cycpeptmp_standalone/runs/run_20260102_172000_moe/sdf/monomer.sdf,O=C[C@@](NC)CC(C)C,12.936187,0.94995499,43,O=C[C@@](NC)CC(C)C,342.89941,272.13785,70.761559,244.59756,98.301834,595.98187,154.9678,201.3763,441.01407,0.84377468,0.83312947,39.062504,1.3376682,26.888475,29.459055,0.00017013506,-9.1141624,0,3.8102479,4.3910871,4.4553623,2.570581,0.79363757,0.20636244,0.71332163,0.28667834,1.7380663,0.45193374,0.13688527,0.33236668,0.75808418,703.14038,223.58855,509.97574,672.71649,2.3328388,2.1535788,1.3367639,0.7967813,153.125,186.7726,4.6257672,0.23681192,2.8454127,1.7690439,0.86830556,0.45903736,0.2013451,0.08912763,0.04799645,0.02184408,427.875,238.25,188.625,169.5,145.125,95.375,41.625,15.5,0.5,0.5,0.70710677,0.5,0.5,1.0,-2.033093,-1.9977901,-1.9488142,-7.9478002,-7.8592839,-7.2544684,1.1770804,181.375,173.25,112.625,46.75,18.375,8.5,4.25,1.375,0.11530815,0.053834807,1.2464888,1.1286787,1.1085013,1.1940362,1.2490822,1.449917,2.159292,2.8155115,0.57207781,1.7691671,2.8712492,3.3042495,3.537535,3.5425162,3.6537242,3.4289944,1.2661312,295.6842,374.375,657.625,321.375,146.625,56.875,21.75,9.125,4.25,1.375,476.25,148.125,34.0,10.125,3.375,0.625,0.0,0.0,EXT289
C:/Users/MICROSOFT/Documents/nauval_mrnavac/cycpeptmp_standalone/runs/run_20260102_172000_moe/sdf/monomer.sdf,O=C[C@@](NC)CC(C)C,12.936187,0.94995499,179,O=C[C@@](NC)CC(C)C,342.69525,271.78104,70.914223,244.29605,98.3992,595.20044,155.30215,200.86681,439.89828,0.84377468,0.83323485,39.080814,1.3405515,26.88455,29.449038,0.00021598818,-9.1222067,0,3.8343821,4.4093962,4.4566259,2.5644867,0.79306912,0.20693086,0.71286678,0.28713325,1.7368214,0.45317861,0.136889,0.33237097,0.75807887,703.23346,223.62114,510.03989,672.80585,2.332993,2.1536644,1.3368164,0.7968238,153.125,187.1888,4.6257672,0.23683208,2.845433,1.7689991,0.86846882,0.45948648,0.20132488,0.089110605,0.047961846,0.021790493,428.25,238.125,188.625,169.375,145.0,95.375,41.625,15.5,0.5,0.5,0.70710677,0.5,0.5,1.0,-2.0328605,-1.9978902,-1.9486457,-7.9429293,-7.8563428,-7.248661,1.1770983,182.0,173.75,112.375,46.875,18.375,8.5,4.25,1.375,0.11530815,0.053874537,1.2429776,1.1280128,1.1083524,1.1975446,1.2462102,1.4499869,2.1595497,2.815743,0.57195485,1.7668887,2.8759604,3.2993422,3.537648,3.5425639,3.6537395,3.4289885,1.266112,295.68869,374.375,657.875,321.625,146.375,57.0,21.75,9.125,4.25,1.375,475.875,147.875,34.0,10.125,3.375,0.625,0.0,0.0,EXT290
C:/Users/MICROSOFT/Documents/nauval_mrnavac/cycpeptmp_standalone/runs/run_20260102_172000_moe/sdf/monomer.sdf,O=C[C@@](NC)CC(C)C,12.936187,0.94995499,148,O=C[C@@](NC)CC(C)C,340.11169,270.26401,69.847687,243.02916,97.082535,591.87817,152.96643,200.41632,438.91174,0.84308642,0.83375669,39.039722,1.3285904,26.867542,29.433537,3.2480737e-05,-9.1312943,0,3.8206108,4.3683043,4.4569521,2.565995,0.79463309,0.20536691,0.71455687,0.2854431,1.7402465,0.44975352,0.13688606,0.33240962,0.7580809,703.30243,223.66472,510.08136,672.85876,2.3331075,2.1536117,1.3369715,0.79679579,153.25,187.40002,4.7299066,0.24104504,2.8441129,1.7727902,0.87156129,0.45649621,0.19870411,0.085774995,0.046462417,0.023203691,427.625,236.75,188.5,168.625,147.0,96.625,42.375,15.375,0.5,0.5,0.70710677,0.5,0.5,1.0,-1.9604077,-1.9476931,-1.9362897,-7.295001,-7.1828518,-7.1566334,1.1738504,180.0,172.25,112.625,46.875,20.0,8.375,4.25,2.0,0.12068965,0.052631579,1.2429581,1.1240331,1.1205235,1.1664895,1.2026857,1.3597361,2.0945885,2.8265562,0.55582398,1.7737716,2.8592808,3.3233023,3.6246455,3.5891418,3.5717096,3.5820055,1.2707444,295.39771,375.375,655.625,319.75,146.0,57.0,22.75,8.875,4.25,2.0,475.625,147.5,33.375,10.125,2.75,0.5,0.0,0.0,EXT291
C:/Users/MICROSOFT/Documents/nauval_mrnavac/cycpeptmp_standalone/runs/run_20260102_172000_moe/sdf/monomer.sdf,O=C[C@@](NC)CC(C)C,12.936187,0.94995499,130,O=C[C@@](NC)CC(C)C,344.63507,273.68726,70.94783,244.12349,100.51158,599.37506,155.37575,202.73941,443.99933,0.84239936,0.83372813,39.107197,1.3521883,26.876375,29.450682,5.5567296e-05,-9.1254034,0,3.8483419,4.4357815,4.4559307,2.5743062,0.79413635,0.20586364,0.70835358,0.29164642,1.7391586,0.45084137,0.13692091,0.33236691,0.75814366,703.15167,223.58591,510.00937,672.70807,2.3328576,2.1535077,1.3368425,0.79685867,153.375,187.90327,4.629169,0.23690951,2.8454096,1.7688724,0.86811125,0.45908239,0.201254,0.089101732,0.047991011,0.021837635,428.125,238.375,188.625,169.375,145.125,95.625,41.625,15.5,0.5,0.5,0.70710677,0.5,0.5,1.0,-2.0329814,-1.9979391,-1.9481872,-7.9466677,-7.8573418,-7.2543235,1.1766044,181.75,173.25,112.75,46.75,18.375,8.5,4.25,1.375,0.11530815,0.053874537,1.2475493,1.129885,1.110834,1.1997305,1.246617,1.4514322,2.1586382,2.8149972,0.57121205,1.7671958,2.8739095,3.2995989,3.5380063,3.5429995,3.654217,3.4294984,1.2669253,295.6962,374.625,657.75,321.25,146.75,56.875,21.75,9.125,4.25,1.375,476.0,148.0,34.0,10.125,3.375,0.625,0.0,0.0,EXT292
C:/Users/MICROSOFT/Documents/nauval_mrnavac/cycpeptmp_standalone/runs/run_20260102_172000_moe/sdf/monomer.sdf,O=C[C@@](NC)CC(C)C,12.95002,0.96378863,33,O=C[C@@](NC)CC(C)C,345.39569,268.35257,77.043114,243.73221,101.66348,587.69214,168.72443,191.30946,418.96771,0.8465389,0.50732917,35.82085,1.2883695,25.397438,26.747465,5.663931e-05,-8.7135334,0,3.7426569,4.2365556,4.0423021,1.3500277,0.77694243,0.22305754,0.70566082,0.29433918,1.701504,0.48849604,0.17944631,0.32415208,0.87939304,714.89508,210.32901,570.60211,648.85907,2.3522575,2.300472,1.0940263,0.97450531,152.625,187.63972,2.3116646,0.15853728,2.8933268,1.7508767,1.136559,0.56914574,0.26120517,0.067778416,0.0,0.0,372.25,205.75,171.25,156.375,134.125,74.5,22.75,5.5,1.5,0.86602539,2.3452079,6.5764732,0.70710677,6.6895442,-1.8879805,-1.8835944,-1.8788358,-4.7697139,-4.6689715,-4.6660042,1.1799296,212.625,225.0,152.0,56.875,19.875,4.375,0.0,0.0,0.14014599,0.03117506,1.1108123,0.88772386,0.93556815,1.1157645,1.3697222,1.5647353,2.441067,3.1974146,0.30529469,1.1727827,1.4107078,1.4929842,1.4134409,1.4347394,0.0,0.0,1.2682538,298.83609,379.0,696.125,372.25,192.125,69.5,24.0,4.875,0.0,0.0,483.5,147.25,40.125,12.625,4.125,0.5,0.0,0.0,EXT293
C:/Users/MICROSOFT/Documents/nauval_mrnavac/cycpeptmp_standalone/runs/run_20260102_172000_moe/sdf/monomer.sdf,O=C[C@@](NC)CC(C)C,12.95002,0.96378863,158,O=C[C@@](NC)CC(C)C,344.00653,264.96011,79.046402,240.05563,103.95088,580.26263,173.11163,185.91371,407.15103,0.84584612,0.50774342,35.876961,1.3016285,25.40132,26.74889,4.980709e-07,-8.7163544,0,3.7826598,4.2926664,4.0437837,1.3475707,0.77021831,0.2297817,0.69782293,0.30217707,1.6867781,0.50322193,0.17941137,0.32416293,0.87941849,714.84729,210.31851,570.57104,648.80493,2.3521788,2.3005261,1.0941428,0.9744333,152.75,186.04634,2.302108,0.15808503,2.8927796,1.7509886,1.1370699,0.5690797,0.26232851,0.067859709,0.0,0.0,372.625,205.75,171.5,156.5,134.25,74.625,22.5,5.5,1.5,0.86602539,2.3452079,6.5764732,0.5,6.6708322,-1.8881447,-1.8831834,-1.8787541,-4.7755284,-4.6698818,-4.6584501,1.179958,212.5,224.5,152.0,56.875,19.875,4.375,0.0,0.0,0.13994169,0.03115016,1.1077484,0.89177251,0.9345476,1.1172117,1.3665178,1.5539151,2.4334259,3.1973822,0.30315742,1.170421,1.4108362,1.4927125,1.4049298,1.4342914,0.0,0.0,1.2682233,298.84329,379.0,695.75,371.75,192.125,69.5,24.0,4.875,0.0,0.0,483.25,147.25,40.125,12.625,4.125,0.5,0.0,0.0,EXT294
C:/Users/MICROSOFT/Documents/nauval_mrnavac/cycpeptmp_standalone/runs/run_20260102_172000_moe/sdf/monomer.sdf,O=C[C@@](NC)CC(C)C,12.95002,0.96378863,141,O=C[C@@](NC)CC(C)C,345.32532,268.78119,76.544136,243.21365,102.11166,588.6308,167.63165,192.23705,420.99911,0.8465389,0.50868523,35.865376,1.2938347,25.407415,26.758419,7.7327619e-05,-8.7327652,0,3.7695811,4.2810807,4.0434642,1.3510041,0.77834195,0.22165805,0.70430297,0.295697,1.7045689,0.48543113,0.17936645,0.32413048,0.8793726,714.91595,210.32515,570.61646,648.89038,2.3522918,2.3006268,1.0939958,0.97435397,152.625,186.55254,2.3038068,0.15879212,2.8932872,1.7508379,1.1366768,0.56901324,0.26115513,0.067780122,0.0,0.0,372.75,205.875,171.5,156.625,134.25,74.5,22.75,5.5,1.5,0.86602539,2.3452079,6.5764732,0.70710677,6.6895442,-1.888535,-1.8839399,-1.8786657,-4.7711334,-4.6708055,-4.6591811,1.1799818,212.625,225.0,152.0,56.875,19.875,4.375,0.0,0.0,0.13994169,0.0311253,1.1064713,0.8851561,0.92911613,1.108548,1.3634057,1.5512749,2.4417367,3.198004,0.30571097,1.1720831,1.4080426,1.4926732,1.4130876,1.4340851,0.0,0.0,1.2681977,298.8493,379.0,696.25,372.125,192.125,69.5,24.0,4.875,0.0,0.0,483.625,147.125,40.125,12.625,4.125,0.5,0.0,0.0,EXT295
C:/Users/MICROSOFT/Documents/nauval_mrnavac/cycpeptmp_standalone/runs/run_20260102_172000_moe/sdf/monomer.sdf,O=C[C@@](NC)CC(C)C,12.95002,0.96378863,88,O=C[C@@](NC)CC(C)C,344.64609,266.13113,78.514946,242.53047,102.1156,582.82721,171.94772,187.6162,410.87946,0.8465389,0.50836241,35.86581,1.307307,25.410355,26.756413,4.7082882e-05,-8.7184544,0,3.7604847,4.2815161,4.0415602,1.3460586,0.77218676,0.22781324,0.70370877,0.2962912,1.691089,0.49891102,0.17939249,0.32408354,0.87945783,714.9198,210.29216,570.66486,648.88257,2.352298,2.3005865,1.0940744,0.97440761,152.625,186.51834,2.321974,0.15710704,2.9015617,1.7561853,1.1398458,0.56932288,0.26123795,0.071164578,0.0,0.0,370.25,206.75,170.0,156.0,134.5,74.375,23.625,6.125,0.86602539,1.2247449,2.0615528,0.5,7.228416,7.1414285,-1.90532,-1.8912935,-1.891148,-4.9437013,-4.8947911,-4.6367855,1.1764224,212.0,226.0,156.875,55.625,19.5,4.75,0.0,0.0,0.1382353,0.036858976,1.1461229,0.90397096,0.922943,1.1095799,1.3189547,1.5531374,2.3718901,3.2313817,0.30080593,1.1977555,1.4241728,1.461277,1.4377652,1.3588985,0.0,0.0,1.2737107,298.73343,380.5,697.0,373.5,195.25,68.75,23.5,5.75,0.0,0.0,485.0,147.5,38.375,13.125,4.0,1.0,0.0,0.0,EXT296
C:/Users/MICROSOFT/Documents/nauval_mrnavac/cycpeptmp_standalone/runs/run_20260102_172000_moe/sdf/monomer.sdf,O=C[C@@](NC)CC(C)C,12.95002,0.96378863,199,O=C[C@@](NC)CC(C)C,346.79498,268.12781,78.667152,243.75365,103.04132,587.19989,172.28107,189.46066,414.91885,0.8465389,0.50807387,35.87952,1.3036509,25.39764,26.745173,6.3148102e-05,-8.7229128,0,3.7877603,4.2952251,4.0428739,1.3475331,0.77315944,0.22684053,0.70287538,0.29712462,1.6932192,0.49678075,0.17943583,0.32411957,0.87937719,714.94037,210.32584,570.6405,648.91437,2.3523319,2.3005111,1.0940895,0.97449344,152.625,187.15497,2.3306415,0.15842992,2.8928499,1.7507167,1.1370106,0.56918013,0.26118827,0.067824766,0.0,0.0,372.5,205.875,171.125,156.125,134.0,74.25,22.5,5.5,1.5,0.86602539,2.3452079,6.5764732,0.5,6.6708322,-1.8882818,-1.8837355,-1.8789101,-4.772624,-4.6702724,-4.6590724,1.1796843,212.125,224.625,152.0,56.875,19.875,4.375,0.0,0.0,0.14024836,0.031224979,1.1072124,0.89484882,0.95168287,1.1363678,1.3922359,1.5876126,2.4327846,3.1971543,0.30453584,1.1738213,1.4114749,1.4936885,1.4141544,1.4352292,0.0,0.0,1.268657,298.83963,379.125,695.875,371.75,192.125,69.5,24.0,4.875,0.0,0.0,483.75,147.125,40.125,12.625,4.125,0.5,0.0,0.0,EXT297
C:/Users/MICROSOFT/Documents/nauval_mrnavac/cycpeptmp_standalone/runs/run_20260102_172000_moe/sdf/monomer.sdf,O=C[C@@](NC)CC(C)C,12.95002,0.96378863,157,O=C[C@@](NC)CC(C)C,346.6647,268.23129,78.433411,243.79068,102.87402,587.42651,171.76917,189.79788,415.65735,0.8465389,0.50770104,35.879459,1.3009083,25.402126,26.748381,3.9788182e-07,-8.7172947,0,3.7870655,4.2951651,4.0431056,1.3462555,0.77374852,0.2262515,0.70324636,0.29675364,1.6945093,0.49549079,0.17941988,0.32413349,0.87940866,714.89667,210.31769,570.61426,648.86133,2.3522601,2.3005621,1.0941024,0.97447175,152.625,187.75952,2.324774,0.1599091,2.8922877,1.7573541,1.1382748,0.57067668,0.26067191,0.068074614,0.0,0.0,370.25,205.625,171.5,157.625,136.5,74.125,22.625,6.0,1.5,0.86602539,2.3452079,0.5,6.6708322,6.5764732,-1.9016112,-1.8948308,-1.8897637,-4.7788167,-4.7713423,-4.7057076,1.1834753,214.875,228.875,154.625,59.125,19.0,4.625,0.0,0.0,0.13483965,0.0333069,1.1423825,0.95237076,0.97568804,1.1393945,1.3077307,1.5573592,2.4370732,3.3165491,0.3149386,1.1867864,1.4144562,1.4956846,1.3911127,1.4117259,0.0,0.0,1.2626444,298.87671,377.375,698.0,374.125,194.25,71.625,23.125,5.25,0.0,0.0,483.125,145.25,39.625,12.5,4.125,0.625,0.0,0.0,EXT298
C:/Users/MICROSOFT/Documents/nauval_mrnavac/cycpeptmp_standalone/runs/run_20260102_172000_moe/sdf/monomer.sdf,O=C[C@@](NC)CC(C)C,13.125536,1.1393049,60,O=C[C@@](NC)CC(C)C,343.94128,264.95578,78.985519,234.64119,109.30009,580.25311,172.9783,185.97025,407.27484,0.85564899,1.2578946,41.758583,1.6186136,30.155954,32.198582,0.0001323504,-12.986655,0,3.9031811,9.8196239,4.0380759,2.0426266,0.77035171,0.22964828,0.68221295,0.31778705,1.6870703,0.50292969,0.245933,0.41783142,0.81048679,686.5882,257.48398,499.45349,616.23895,2.3052173,2.1028035,1.2156684,1.0428146,151.0,187.37161,4.7904687,0.1684422,2.8716671,1.6633514,0.92556185,0.52753556,0.27171135,0.1161439,0.057586227,0.029178794,391.75,220.0,179.5,165.0,148.375,90.25,35.75,14.375,0.70710677,1.2247449,1.8708287,0.5,0.70710677,0.5,-1.9527327,-1.929697,-1.9051051,-7.6745725,-7.4906578,-7.3772168,1.1750072,192.375,189.875,133.875,58.125,26.5,11.75,5.75,2.75,0.16852368,0.075000003,1.6844419,1.5397366,1.6416842,1.814176,1.957806,2.0507605,1.812366,1.730575,0.7119,2.3697178,3.1794591,3.2709992,3.2277572,3.5177982,3.6036749,3.5124609,1.2762216,298.83133,381.375,675.25,339.375,170.375,69.875,30.25,12.375,5.75,2.75,482.875,149.5,36.5,11.75,3.75,0.625,0.0,0.0,EXT299
C:/Users/MICROSOFT/Documents/nauval_mrnavac/cycpeptmp_standalone/runs/run_20260102_172000_moe/sdf/monomer.sdf,O=C[C@@](NC)CC(C)C,13.125536,1.1393049,42,O=C[C@@](NC)CC(C)C,342.11026,264.7619,77.348358,232.9949,109.11536,579.82855,169.3929,187.41354,410.43567,0.85494125,1.2585884,41.703629,1.6168077,30.164263,32.209232,0.00023628095,-12.993295,0,3.8413706,9.7646704,4.0359831,2.0449696,0.77390808,0.22609189,0.68105209,0.31894791,1.6948588,0.49514124,0.24585873,0.41772988,0.81062818,686.59485,257.41931,499.53653,616.23383,2.3052285,2.1028306,1.2155911,1.0426706,151.125,185.95271,4.7979808,0.16765897,2.8714974,1.6633427,0.92567593,0.52753443,0.27237228,0.11625345,0.057588965,0.029179271,391.125,219.75,179.125,164.75,148.25,90.125,35.625,14.5,0.70710677,1.2247449,1.8708287,0.5,0.70710677,0.5,-1.9522599,-1.9314078,-1.9042423,-7.6562796,-7.485744,-7.3793383,1.1746584,192.0,189.75,134.0,58.375,26.5,11.75,5.75,2.75,0.16887648,0.075113811,1.6843296,1.5440629,1.6455148,1.8151643,1.9572375,2.035753,1.8168705,1.6959625,0.71303815,2.3688045,3.1799109,3.2680135,3.2282779,3.5170679,3.6028407,3.5115876,1.2768794,298.87317,381.625,675.125,339.375,170.5,70.125,30.25,12.375,5.75,2.75,483.125,149.625,36.5,11.75,3.75,0.625,0.0,0.0,EXT300
C:/Users/MICROSOFT/Documents/nauval_mrnavac/cycpeptmp_standalone/runs/run_20260102_172000_moe/sdf/monomer.sdf,O=C[C@@](NC)[C@](OC)C,15.845569,0.0,49,O=C[C@@](NC)[C@](OC)C,333.81973,276.06967,57.75005,244.80484,89.014877,626.67816,131.09262,218.31963,495.58554,0.92295516,0.19835101,53.220005,1.3855469,37.944431,39.663292,0.0019448336,-11.373666,0,3.4632778,8.947629,8.7059431,1.7188601,0.82700229,0.17299771,0.73334444,0.26665553,1.8772951,0.39270481,0.1929343,0.48527071,0.75345576,613.28217,265.8725,412.80701,547.88489,2.1622436,2.0446548,1.2995188,0.89810008,142.125,181.0692,1.6671363,0.096516959,2.8376141,1.8046453,1.2384326,0.74096173,0.39602366,0.1579725,0.03074538,0.0057981084,273.625,167.0,146.75,130.375,106.625,42.25,11.25,3.0,0.86602539,0.70710677,0.5,0.86602539,0.70710677,0.5,-1.797678,-1.7957275,-1.7736788,-6.478251,-6.4645185,-6.301177,1.1956588,200.375,240.75,177.5,80.5,32.625,10.125,2.625,0.625,0.26405451,0.093959734,0.68949115,0.63097376,0.66275406,0.62585497,0.60119402,1.3552707,2.9611578,3.9473078,0.43899509,0.68005878,0.83983642,1.0203451,1.148981,1.5794979,3.1538506,3.3179471,1.2355417,295.11346,364.625,638.5,381.25,216.375,94.375,38.75,12.25,2.875,0.625,438.125,140.5,38.875,13.875,6.125,2.125,0.25,0.0,EXT301
C:/Users/MICROSOFT/Documents/nauval_mrnavac/cycpeptmp_standalone/runs/run_20260102_172000_moe/sdf/monomer.sdf,O=C[C@@](NC)[C@](OC)C,15.87553,0.029961256,171,O=C[C@@](NC)[C@](OC)C,329.53586,279.39917,50.136665,250.21904,79.316803,634.23615,113.81023,229.26251,520.4259,0.91490847,1.216023,59.166683,1.3099698,45.388493,47.269974,0.00030114857,-17.24754,0,3.4928863,14.894307,7.0935521,1.8814808,0.8478567,0.15214328,0.7593075,0.2406925,1.9246348,0.34536526,0.19528227,0.44646895,0.7437644,588.37854,239.8765,399.60583,537.27478,2.1178875,2.0453544,1.2963171,0.90385753,143.375,180.55386,3.3348603,0.11401744,2.7836018,1.6846969,0.97387379,0.62568331,0.37436563,0.19110772,0.075058483,0.046756204,316.375,188.25,162.375,150.5,130.375,70.5,27.75,6.125,0.86602539,0.5,0.70710677,0.5,0.5,1.0,-1.7904118,-1.7864186,-1.7642266,-9.7775278,-9.6274261,-9.230979,1.1897782,161.0,186.375,142.125,75.0,36.0,17.875,7.75,4.125,0.24788299,0.12707642,1.2584628,1.091639,0.93941951,1.0054905,1.1430128,2.2633612,3.1495199,3.2821364,0.48788616,1.2864746,2.0062604,2.2763276,2.411047,2.6613891,3.2779059,3.3534789,1.2422159,293.93039,365.125,607.625,329.75,177.625,86.25,40.25,19.125,7.75,4.125,446.625,143.375,35.5,11.25,4.25,1.25,0.0,0.0,EXT302
C:/Users/MICROSOFT/Documents/nauval_mrnavac/cycpeptmp_standalone/runs/run_20260102_172000_moe/sdf/monomer.sdf,O=C[C@@](NC)[C@](OC)C,15.87553,0.029961256,34,O=C[C@@](NC)[C@](OC)C,334.70267,282.62234,52.080338,253.98666,80.716019,641.55273,118.22236,230.54201,523.33038,0.91490847,1.2148581,59.146152,1.2906586,45.39732,47.287743,0.00023789433,-17.233076,0,3.4747317,14.873777,7.0927825,1.8904214,0.8443982,0.15560178,0.75884265,0.24115738,1.9167839,0.35321605,0.19523801,0.44653308,0.74353814,588.39825,239.93675,399.52722,537.33252,2.117923,2.0452588,1.2964466,0.90371281,143.375,180.52866,3.3704371,0.11626327,2.7884114,1.6845001,0.97378749,0.62764835,0.36961886,0.18813044,0.075346954,0.046561185,320.75,191.25,163.25,151.0,130.125,70.0,27.125,5.75,0.70710677,0.5,0.86602539,0.5,0.5,0.70710677,-1.8132006,-1.7814738,-1.7632034,-9.7861843,-9.4552841,-9.2698507,1.1857139,161.625,187.0,141.0,75.75,35.875,17.5,7.5,4.25,0.24808575,0.12417219,1.2462813,1.0679511,0.94172579,0.99983728,1.1524996,2.2423618,3.1524863,3.2739615,0.46852514,1.2940017,2.0128989,2.2805288,2.4360054,2.7035732,3.253721,3.3774779,1.2477528,293.52771,366.25,608.5,328.75,177.0,86.75,40.5,18.75,7.5,4.25,446.875,141.75,36.0,11.0,4.625,1.25,0.0,0.0,EXT303
C:/Users/MICROSOFT/Documents/nauval_mrnavac/cycpeptmp_standalone/runs/run_20260102_172000_moe/sdf/monomer.sdf,O=C[C@@](NC)[C@](OC)C,15.87553,0.029961256,141,O=C[C@@](NC)[C@](OC)C,330.41165,279.89453,50.517139,251.98779,78.423874,635.36053,114.67391,229.37738,520.68665,0.91490847,1.2167592,59.156059,1.3035176,45.381344,47.26527,0.00045637315,-17.257467,0,3.4917271,14.883686,7.0950904,1.8839276,0.84710848,0.15289152,0.76264799,0.23735201,1.9229362,0.34706375,0.19529597,0.44655314,0.74371564,588.40625,239.92914,399.59198,537.29132,2.1179373,2.0453515,1.2964011,0.90388799,143.375,180.14911,3.30108,0.11500823,2.7829099,1.6831638,0.97361469,0.62683898,0.37112331,0.18823195,0.074586265,0.04594934,318.875,188.0,162.625,150.5,129.0,69.625,27.125,5.625,0.5,0.86602539,0.70710677,0.5,0.5,1.0,-1.7921853,-1.7794294,-1.7767949,-10.073069,-9.5768003,-9.488163,1.1892236,163.5,185.5,142.25,74.5,35.75,17.375,7.375,3.875,0.24596465,0.12375415,1.2747757,1.0521908,0.9075473,0.96703517,1.107566,2.2529118,3.184135,3.2279925,0.47006959,1.2803754,1.9915949,2.2608123,2.4093947,2.662643,3.3204565,3.3788829,1.2440702,294.39658,366.25,608.125,328.375,177.125,86.25,40.0,18.625,7.375,3.875,444.625,142.875,34.875,11.75,4.25,1.25,0.0,0.0,EXT304
C:/Users/MICROSOFT/Documents/nauval_mrnavac/cycpeptmp_standalone/runs/run_20260102_172000_moe/sdf/monomer.sdf,O=C[C@@](NC)[C@](OC)C,15.87553,0.029961256,189,O=C[C@@](NC)[C@](OC)C,333.62839,282.4173,51.211117,251.71072,81.917686,641.08722,116.24923,231.20618,524.83801,0.91490847,1.2163305,59.133514,1.2903788,45.390305,47.276726,0.00022505269,-17.258707,0,3.4738557,14.861138,7.0923266,1.8864239,0.84650254,0.15349747,0.75446433,0.2455357,1.9215608,0.34843925,0.19526872,0.44649532,0.74372685,588.47693,239.93201,399.65448,537.36731,2.1180644,2.0453565,1.2964135,0.90382701,143.375,180.41969,3.3625689,0.11428756,2.7827094,1.68444,0.97370458,0.62476528,0.37070975,0.18877123,0.073159315,0.04705881,317.5,187.375,160.75,149.75,129.625,69.75,27.5,5.625,0.70710677,3.5,2.95804,0.5,0.5,1.0,-1.8267363,-1.770416,-1.770183,-9.9693956,-9.6007795,-9.3928881,1.1875254,162.625,187.125,141.5,74.75,34.625,17.875,7.25,4.0,0.24416797,0.12771286,1.2598054,1.0813084,0.9365533,0.98737699,1.1606498,2.2543817,3.1486361,3.2273383,0.46545768,1.3056775,2.0148766,2.2687404,2.4420149,2.6860931,3.3255086,3.3831379,1.245991,294.04306,366.375,607.0,330.25,177.375,85.875,39.25,19.125,7.25,4.0,444.375,143.125,35.875,11.125,4.625,1.25,0.0,0.0,EXT305
C:/Users/MICROSOFT/Documents/nauval_mrnavac/cycpeptmp_standalone/runs/run_20260102_172000_moe/sdf/monomer.sdf,O=C[C@@](NC)[C@](OC)C,15.87553,0.029961256,199,O=C[C@@](NC)[C@](OC)C,331.99109,280.70093,51.29018,251.80177,80.189339,637.1911,116.4287,229.41075,520.76239,0.91490847,1.2162262,59.127632,1.3029679,45.393513,47.278229,0.00021803248,-17.24227,0,3.4494352,14.855257,7.0967827,1.8847146,0.84550738,0.15449263,0.75845939,0.24154063,1.9193017,0.35069826,0.1952261,0.44644222,0.74376822,588.44324,239.89102,399.65601,537.33948,2.1180038,2.0453837,1.2963283,0.90374041,143.375,180.99855,3.30108,0.11498925,2.7829144,1.6834012,0.97387749,0.62798762,0.37117612,0.18816607,0.074622951,0.04596838,318.875,188.0,162.625,150.5,129.0,69.625,27.125,5.625,0.5,0.86602539,0.70710677,0.5,0.5,1.0,-1.7919945,-1.7800685,-1.77689,-10.070612,-9.5735025,-9.4855738,1.1897922,163.25,185.75,142.25,74.75,35.75,17.375,7.375,3.875,0.24596465,0.12375415,1.2775553,1.05217,0.90759736,0.96703416,1.1075085,2.2526488,3.1838593,3.2276652,0.46745306,1.2800221,1.990541,2.264456,2.4094439,2.6627216,3.3204463,3.3788667,1.2431927,294.40326,366.0,608.125,328.625,177.125,86.5,40.0,18.625,7.375,3.875,444.875,142.875,34.875,11.75,4.25,1.25,0.0,0.0,EXT306
C:/Users/MICROSOFT/Documents/nauval_mrnavac/cycpeptmp_standalone/runs/run_20260102_172000_moe/sdf/monomer.sdf,O=C[C@@](NC)[C@](OC)C,15.87553,0.029961258,137,O=C[C@@](NC)[C@](OC)C,330.95776,278.53732,52.420464,250.2901,80.667686,632.27972,118.99445,226.11685,513.28522,0.91490847,1.2163244,59.184475,1.3030601,45.39782,47.286057,0.00051985204,-17.246845,0,3.4976559,14.912099,7.0971823,1.8882359,0.84160984,0.15839019,0.75625992,0.24374011,1.9104543,0.35954574,0.19528368,0.44651565,0.7437045,588.32666,239.88187,399.54083,537.23059,2.117794,2.0452392,1.2963109,0.90380991,143.375,180.98885,3.2970438,0.11481646,2.7828126,1.6833303,0.97388059,0.62805802,0.37116054,0.18819292,0.074646145,0.045986809,318.75,187.875,162.375,150.375,129.25,69.625,27.125,5.625,0.5,0.86602539,0.70710677,0.5,0.5,1.0,-1.7922915,-1.7788525,-1.7766612,-10.071301,-9.5802355,-9.4859467,1.1892594,163.75,185.875,142.25,74.75,35.625,17.375,7.375,3.875,0.24557352,0.12385702,1.2746112,1.0530592,0.90747648,0.96799791,1.1072503,2.2522669,3.1834834,3.2273471,0.46838465,1.2801379,1.9911474,2.2586951,2.4053535,2.6632659,3.3210175,3.3794501,1.2440329,294.40543,366.25,608.25,328.75,177.125,86.5,39.875,18.625,7.375,3.875,444.5,142.875,34.875,11.75,4.25,1.25,0.0,0.0,EXT307
C:/Users/MICROSOFT/Documents/nauval_mrnavac/cycpeptmp_standalone/runs/run_20260102_172000_moe/sdf/monomer.sdf,O=C[C@@](NC)[C@](OC)C,15.87553,0.029961258,33,O=C[C@@](NC)[C@](OC)C,332.51331,281.76019,50.753098,253.79991,78.713387,639.59564,115.20953,231.00711,524.38611,0.91490847,1.215158,59.180016,1.3165344,45.39801,47.279381,0.00016059869,-17.234243,0,3.4909911,14.90764,7.092947,1.8813689,0.8473652,0.15263478,0.76327747,0.23672251,1.923519,0.34648097,0.19525924,0.44649374,0.74365491,588.42725,239.91895,399.59552,537.34003,2.117975,2.0453551,1.2964486,0.90380454,143.375,180.08832,3.3695152,0.11616387,2.7884312,1.6845146,0.97391832,0.62776208,0.36965021,0.18794399,0.075385667,0.046619039,320.875,191.125,163.125,151.0,130.25,70.0,27.25,5.75,0.70710677,0.5,0.86602539,0.5,0.5,0.70710677,-1.8130757,-1.7813808,-1.7635061,-9.7919893,-9.4573803,-9.2740536,1.1857191,161.75,186.625,141.25,75.75,35.875,17.625,7.5,4.25,0.24827586,0.125,1.2478167,1.0687505,0.94161922,0.99867195,1.1513523,2.2431877,3.155628,3.2747326,0.46712449,1.2948285,2.0108738,2.2798557,2.4353192,2.6925068,3.2530341,3.3768151,1.2477472,293.52902,366.25,608.5,328.5,177.125,86.75,40.5,18.875,7.5,4.25,446.75,141.875,35.875,11.0,4.625,1.25,0.0,0.0,EXT308
C:/Users/MICROSOFT/Documents/nauval_mrnavac/cycpeptmp_standalone/runs/run_20260102_172000_moe/sdf/monomer.sdf,O=C[C@@](NC)[C@](OC)C,15.87553,0.029961258,11,O=C[C@@](NC)[C@](OC)C,334.45654,285.27209,49.184425,256.55594,77.900597,647.56769,111.64864,236.08768,535.91907,0.91490847,1.2158171,59.128582,1.298631,45.382698,47.26112,0.00020448399,-17.242474,0,3.4756153,14.856208,7.0930142,1.8784209,0.85294223,0.14705776,0.76708305,0.23291697,1.9361789,0.33382109,0.19526049,0.4464533,0.74377227,588.47516,239.90831,399.67709,537.36487,2.1180613,2.0453684,1.2963896,0.9038133,143.375,181.43855,3.2943535,0.11483838,2.7827396,1.6832231,0.97374821,0.62798017,0.37109229,0.18813451,0.074604109,0.04588354,318.75,187.75,162.375,150.25,129.0,69.5,27.125,5.625,0.5,0.86602539,0.70710677,0.5,0.5,1.0,-1.7922319,-1.7796619,-1.7769151,-10.063174,-9.5681047,-9.4797993,1.1897925,163.25,185.625,142.25,74.625,35.625,17.375,7.375,3.875,0.24557352,0.12396006,1.2746949,1.0504653,0.90537894,0.96465278,1.1070728,2.2560029,3.1834064,3.2272198,0.46727923,1.2796001,1.9909661,2.2635612,2.4052293,2.6631653,3.3208408,3.3792691,1.2431923,294.40335,366.0,608.0,328.5,177.125,86.375,39.875,18.625,7.375,3.875,444.75,142.875,34.875,11.75,4.25,1.25,0.0,0.0,EXT309
C:/Users/MICROSOFT/Documents/nauval_mrnavac/cycpeptmp_standalone/runs/run_20260102_172000_moe/sdf/monomer.sdf,O=C[C@@](NC)[C@](OC)C,15.87553,0.029961258,148,O=C[C@@](NC)[C@](OC)C,334.30072,283.17188,51.128826,254.56984,79.730873,642.80017,116.06244,232.04306,526.73773,0.9141115,1.2161556,59.145184,1.3057691,45.378601,47.260975,0.00019069176,-17.24839,0,3.4838243,14.872809,7.0944271,1.8823735,0.8470574,0.15294263,0.76149952,0.23850045,1.9228202,0.34717974,0.19527759,0.44654709,0.74365062,588.43225,239.94427,399.58765,537.33252,2.1179841,2.0453,1.2964267,0.9038226,143.5,181.12508,3.2924931,0.11492673,2.7827713,1.6833036,0.97381717,0.62797719,0.37108436,0.18811207,0.074581467,0.045913845,318.875,188.125,162.5,150.5,129.25,69.625,27.125,5.625,0.5,0.86602539,0.70710677,0.5,0.5,1.0,-1.791919,-1.7802451,-1.7769046,-10.066377,-9.5789633,-9.4806318,1.1892771,163.75,185.75,142.25,74.75,35.625,17.375,7.375,3.875,0.24461539,0.12375415,1.2737843,1.0489519,0.906335,0.96689129,1.1062034,2.2520163,3.18327,3.2271478,0.46738681,1.2793183,1.9913876,2.2589538,2.401736,2.6635122,3.3213372,3.3797483,1.2440143,294.40979,366.25,608.25,328.625,177.125,86.5,39.75,18.625,7.375,3.875,444.5,142.875,34.875,11.75,4.125,1.25,0.0,0.0,EXT310
C:/Users/MICROSOFT/Documents/nauval_mrnavac/cycpeptmp_standalone/runs/run_20260102_172000_moe/sdf/monomer.sdf,O=C[C@@](NC)[C@](OC)C,15.87553,0.02996126,8,O=C[C@@](NC)[C@](OC)C,334.70013,283.80548,50.894676,255.03786,79.662292,644.2384,115.53091,232.9108,528.70752,0.91490847,1.2166946,59.174103,1.3104672,45.385944,47.268642,0.0002526941,-17.247608,0,3.4973783,14.901728,7.0973601,1.8826993,0.84793949,0.15206051,0.76198906,0.23801093,1.9248227,0.34517735,0.19525473,0.44650781,0.74373168,588.42163,239.91426,399.61639,537.31256,2.117965,2.0453622,1.2964045,0.90379727,143.375,181.37068,3.2932346,0.11482948,2.7828512,1.6832269,0.97372133,0.62791133,0.37110707,0.18817268,0.074613295,0.04595051,318.875,187.875,162.375,150.375,129.125,69.625,27.125,5.625,0.5,0.86602539,0.70710677,0.5,0.5,1.0,-1.7917348,-1.7801173,-1.7768676,-10.071962,-9.5791044,-9.4861164,1.1895665,163.375,185.75,142.375,74.5,35.625,17.375,7.375,3.875,0.24557352,0.12385702,1.2743458,1.0496881,0.90360987,0.96396595,1.1029083,2.2525072,3.1837504,3.2275915,0.4678821,1.277796,1.9903083,2.2637136,2.4050167,2.6629429,3.320756,3.3791637,1.2435701,294.41446,366.125,608.375,328.75,177.25,86.25,39.875,18.625,7.375,3.875,445.0,143.0,34.875,11.75,4.25,1.25,0.0,0.0,EXT311
C:/Users/MICROSOFT/Documents/nauval_mrnavac/cycpeptmp_standalone/runs/run_20260102_172000_moe/sdf/monomer.sdf,O=C[C@@](NC)[C@](OC)C,15.87553,0.02996126,161,O=C[C@@](NC)[C@](OC)C,333.30627,280.71567,52.590611,252.28252,81.02375,637.22455,119.38069,228.12505,517.84387,0.91490847,1.2171481,59.115433,1.3069558,45.385685,47.26577,0.000394812,-17.25766,0,3.4443648,14.843059,7.0979471,1.8800879,0.84221536,0.15778464,0.75690901,0.243091,1.9118289,0.35817114,0.19523931,0.44648603,0.74374008,588.46747,239.92273,399.65448,537.35773,2.1180475,2.0453894,1.2963659,0.90377355,143.375,179.46651,3.3005009,0.11488117,2.7828376,1.6833025,0.97386986,0.62804389,0.37122685,0.18821806,0.074626647,0.046014976,319.0,188.0,162.5,150.5,129.125,69.5,27.125,5.625,0.5,0.86602539,0.70710677,0.5,0.5,1.0,-1.7917203,-1.7798243,-1.776472,-10.078153,-9.5816097,-9.4938726,1.1901045,163.375,185.75,142.375,74.625,35.875,17.375,7.375,3.875,0.24615385,0.12375415,1.2759851,1.0523262,0.90669429,0.96719617,1.1085128,2.2569041,3.1843541,3.2282114,0.46865466,1.278254,1.9898742,2.2570343,2.4091887,2.6624403,3.3203206,3.3787315,1.2427249,294.41351,365.875,608.25,328.625,177.25,86.375,40.0,18.625,7.375,3.875,444.875,142.875,34.875,11.75,4.125,1.25,0.0,0.0,EXT312
C:/Users/MICROSOFT/Documents/nauval_mrnavac/cycpeptmp_standalone/runs/run_20260102_172000_moe/sdf/monomer.sdf,O=C[C@@](NC)[C@](OC)C,15.87553,0.02996126,69,O=C[C@@](NC)[C@](OC)C,333.01593,281.57727,51.438656,252.48701,80.528923,639.18042,116.76575,230.13863,522.41467,0.91490847,1.2159975,59.16082,1.3127155,45.397388,47.284435,0.00035345455,-17.245993,0,3.4661539,14.888444,7.0971608,1.8870466,0.84553695,0.15446304,0.75818294,0.24181703,1.9193689,0.35063112,0.19527918,0.44651163,0.74373186,588.3819,239.8997,399.58881,537.27533,2.1178935,2.0453882,1.2963737,0.90386528,143.375,179.3662,3.3321798,0.11366443,2.7835763,1.6836158,0.97364336,0.6255846,0.3743307,0.19110566,0.075072467,0.046828102,316.375,188.0,161.875,150.0,130.125,70.0,27.5,6.125,0.86602539,0.5,0.70710677,0.5,0.5,1.0,-1.7900536,-1.7864077,-1.7648726,-9.7897797,-9.6306591,-9.2426825,1.1901809,161.25,187.0,142.25,75.0,36.0,17.875,7.75,4.125,0.24864864,0.1275,1.2617428,1.0916297,0.93666017,1.0031457,1.1314322,2.2688756,3.1466722,3.2831218,0.48730135,1.2867751,2.0089755,2.2751043,2.4098206,2.6601863,3.2767301,3.3522861,1.2416538,293.96277,365.0,607.625,330.0,177.875,86.25,40.25,19.125,7.75,4.125,446.375,143.0,35.625,11.25,4.25,1.25,0.0,0.0,EXT313
C:/Users/MICROSOFT/Documents/nauval_mrnavac/cycpeptmp_standalone/runs/run_20260102_172000_moe/sdf/monomer.sdf,O=C[C@@](NC)[C@](OC)C,15.87553,0.029961262,175,O=C[C@@](NC)[C@](OC)C,333.30063,280.94376,52.356865,251.46954,81.831078,637.74231,118.85008,228.58688,518.89221,0.9141115,1.2162555,59.140255,1.3204223,45.413132,47.304634,0.00037534788,-17.247816,0,3.4195154,14.867882,7.0953088,1.8915036,0.84291399,0.15708601,0.75448269,0.24551733,1.9134147,0.35658523,0.19529764,0.44651809,0.74373454,588.33331,239.88235,399.55554,537.2287,2.117806,2.0452416,1.2962744,0.90384322,143.5,180.24136,3.2979233,0.11481611,2.7827539,1.6834337,0.97382534,0.62800431,0.37117183,0.18824612,0.074626125,0.045927148,318.875,188.0,162.375,150.375,128.875,69.625,27.125,5.625,0.5,0.86602539,0.70710677,0.5,0.5,1.0,-1.7922343,-1.7791531,-1.7769397,-10.064833,-9.5698452,-9.4834328,1.1894975,163.375,185.75,142.125,75.0,35.875,17.375,7.375,3.875,0.24634334,0.12385702,1.2739984,1.0464923,0.9033348,0.96364516,1.1051079,2.2520912,3.1833029,3.227138,0.46737891,1.2783464,1.9911597,2.2597501,2.4100623,2.6633351,3.3210399,3.3794677,1.2436422,294.39737,366.125,608.25,328.625,177.125,86.75,40.0,18.625,7.375,3.875,444.875,142.875,35.0,11.75,4.125,1.25,0.0,0.0,EXT314
C:/Users/MICROSOFT/Documents/nauval_mrnavac/cycpeptmp_standalone/runs/run_20260102_172000_moe/sdf/monomer.sdf,O=C[C@@](NC)[C@](OC)C,15.87553,0.029961264,113,O=C[C@@](NC)[C@](OC)C,335.16772,283.31662,51.851105,253.37003,81.797707,643.12872,117.702,231.46553,525.42676,0.91490847,1.2153169,59.160439,1.3133333,45.392223,47.277111,0.0001823153,-17.233753,0,3.4763868,14.888062,7.0934224,1.8848875,0.84529805,0.15470196,0.75594991,0.24405006,1.9188266,0.35117343,0.19525924,0.44647846,0.7436229,588.38574,239.89899,399.55875,537.31366,2.1179004,2.0452304,1.2963355,0.90374941,143.375,180.12549,3.2932346,0.11483968,2.782799,1.68331,0.9737761,0.62797391,0.37107575,0.18816587,0.074617818,0.045913912,318.75,187.875,162.375,150.375,129.25,69.625,27.125,5.625,0.5,0.86602539,0.70710677,0.5,0.5,1.0,-1.7920703,-1.7804725,-1.7768608,-10.065791,-9.5750866,-9.4818058,1.1895614,163.625,185.625,142.25,74.75,35.75,17.375,7.375,3.875,0.24557352,0.12385702,1.2761222,1.0495645,0.90342021,0.96381432,1.1043546,2.2525957,3.1838439,3.2277381,0.46820021,1.2805722,1.9909811,2.2573731,2.405138,2.6630363,3.3209088,3.3793283,1.2435755,294.41318,366.125,608.125,328.625,177.125,86.5,39.875,18.625,7.375,3.875,444.5,143.0,34.875,11.75,4.125,1.25,0.0,0.0,EXT315
C:/Users/MICROSOFT/Documents/nauval_mrnavac/cycpeptmp_standalone/runs/run_20260102_172000_moe/sdf/monomer.sdf,O=C[C@@](NC)[C@](OC)C,15.87553,0.029961264,181,O=C[C@@](NC)[C@](OC)C,333.49365,281.59174,51.901924,252.59012,80.903526,639.2132,117.81737,229.6898,521.39587,0.91490847,1.2165372,59.153442,1.3068551,45.396919,47.275738,0.00057709549,-17.25165,0,3.4732625,14.881068,7.0970101,1.8788204,0.84436905,0.15563092,0.75740612,0.2425939,1.9167178,0.35328218,0.19526793,0.44653383,0.74366271,588.44214,239.94131,399.6011,537.34186,2.1180019,2.0453672,1.2964411,0.90383005,143.375,180.45233,3.3610053,0.11413214,2.7825856,1.6828831,0.97344071,0.62494874,0.37089589,0.18891282,0.073136926,0.047121026,317.375,187.25,160.625,149.5,129.625,69.625,27.25,5.625,0.70710677,3.5,2.95804,0.5,0.5,1.0,-1.8261865,-1.7703043,-1.7701349,-9.9803791,-9.6128693,-9.3972206,1.1873513,162.25,186.75,141.5,74.875,34.625,18.0,7.375,4.0,0.24435797,0.12876254,1.2568933,1.0808386,0.93614072,0.99044186,1.1623812,2.2530391,3.14274,3.2283731,0.46606719,1.306619,2.0138459,2.2674656,2.4409473,2.6935794,3.3283248,3.3821084,1.2463154,294.06683,366.5,606.875,330.125,177.375,86.0,39.25,19.25,7.375,4.0,444.625,143.375,35.875,11.125,4.625,1.25,0.0,0.0,EXT316
C:/Users/MICROSOFT/Documents/nauval_mrnavac/cycpeptmp_standalone/runs/run_20260102_172000_moe/sdf/monomer.sdf,O=C[C@@](NC)[C@](OC)C,15.87553,0.029961269,136,O=C[C@@](NC)[C@](OC)C,330.50961,278.96805,51.541569,250.3914,80.11821,633.25745,116.99936,227.42647,516.25812,0.91490847,1.2158451,59.155056,1.2952218,45.386848,47.275482,0.00015335312,-17.245087,0,3.4888721,14.882683,7.0953259,1.8886356,0.84405422,0.15594575,0.7575919,0.24240811,1.9160031,0.35399684,0.19528057,0.44654927,0.74365568,588.41376,239.93712,399.57651,537.3139,2.1179509,2.045315,1.2964107,0.90383619,143.375,179.71411,3.3677471,0.11609003,2.7879715,1.6842022,0.97382081,0.62783933,0.36984274,0.1885993,0.075705096,0.046625547,320.875,191.125,163.125,150.875,130.25,70.0,27.375,5.75,0.70710677,0.5,0.86602539,0.5,0.5,0.70710677,-1.8131257,-1.781322,-1.7636112,-9.7991199,-9.4626827,-9.2784538,1.1855861,161.375,187.0,141.125,75.625,35.75,17.375,7.375,4.125,0.24750958,0.12344656,1.2480416,1.0690871,0.94193542,1.0026798,1.1516955,2.243556,3.1495926,3.2750928,0.46677339,1.2926087,2.0098262,2.2784693,2.4332957,2.701082,3.2569826,3.3870893,1.2480292,293.56284,366.375,608.125,328.625,177.0,86.625,40.375,18.625,7.375,4.125,446.75,141.625,35.875,11.0,4.625,1.25,0.0,0.0,EXT317
C:/Users/MICROSOFT/Documents/nauval_mrnavac/cycpeptmp_standalone/runs/run_20260102_172000_moe/sdf/monomer.sdf,O=C[C@@](NC)[C@](OC)C,15.87553,0.029961275,131,O=C[C@@](NC)[C@](OC)C,332.80148,282.06723,50.734253,253.75877,79.042725,640.29266,115.16676,231.33299,525.12592,0.91650653,1.2158571,59.12944,1.3159591,45.388943,47.273914,0.00033060552,-17.236265,0,3.4470828,14.857067,7.0921559,1.8849721,0.84755403,0.15244599,0.7624929,0.23750712,1.9239476,0.34605241,0.19525704,0.44646209,0.74375403,588.36877,239.87073,399.59677,537.27008,2.1178699,2.0452857,1.2963482,0.90376878,143.125,179.66498,3.3734102,0.11616701,2.7883499,1.6845176,0.97448593,0.62779611,0.36965889,0.18790181,0.075411737,0.04661572,320.75,191.0,163.125,150.875,130.375,69.875,27.25,5.75,0.70710677,0.5,0.86602539,0.5,0.5,0.70710677,-1.8121457,-1.7812579,-1.7637635,-9.7943754,-9.4588432,-9.2778168,1.1856594,161.125,187.0,141.125,75.625,35.75,17.5,7.5,4.25,0.24750958,0.12510356,1.2477973,1.0708089,0.94180268,1.0045812,1.1530279,2.2407506,3.1468303,3.2745991,0.46927562,1.2927121,2.0137188,2.2861488,2.4394701,2.692426,3.2528801,3.376647,1.24781,293.51425,366.25,608.125,328.625,177.0,86.625,40.375,18.875,7.5,4.25,447.0,141.625,35.875,11.0,4.625,1.375,0.0,0.0,EXT318
C:/Users/MICROSOFT/Documents/nauval_mrnavac/cycpeptmp_standalone/runs/run_20260102_172000_moe/sdf/monomer.sdf,O=C[C@@](NC)[C@](OC)C,16.052385,0.20681717,54,O=C[C@@](NC)[C@](OC)C,333.79373,273.66901,60.124737,249.78227,84.011459,621.22864,136.48315,213.54425,484.74545,0.9294951,0.45575657,58.092258,1.2188413,42.383183,44.148869,1.8443068e-07,-14.412766,0,3.4605715,8.9065456,9.263978,1.7656857,0.81987458,0.18012543,0.74831325,0.25168675,1.8611153,0.4088847,0.16899186,0.44214505,0.74681509,624.60516,252.32628,426.19742,570.68665,2.1821132,2.0007248,1.4366982,0.82247037,141.125,179.20612,2.0138845,0.11545692,2.8064113,1.7428883,1.1285887,0.69516432,0.36440361,0.17604272,0.095667288,0.050699651,301.125,176.75,152.375,139.875,119.0,57.25,16.875,3.125,2.9154758,2.5,0.5,0.5,4.9497476,5.0249376,-1.7873129,-1.7476686,-1.7257053,-7.9133334,-7.9071507,-7.515965,1.1995362,181.5,220.5,167.25,80.625,33.875,16.625,8.375,4.125,0.25922889,0.12779267,0.65242094,0.55386293,0.50822693,0.45233092,0.42214215,1.806527,2.613416,3.2642572,0.51061732,0.72225046,0.97151178,1.1746281,1.6015484,2.1176903,2.3756976,2.3996379,1.2333747,296.94949,366.25,626.75,354.375,204.375,92.875,39.5,17.875,8.375,4.125,445.25,133.875,37.125,12.25,5.625,1.25,0.0,0.0,EXT319
C:/Users/MICROSOFT/Documents/nauval_mrnavac/cycpeptmp_standalone/runs/run_20260102_172000_moe/sdf/monomer.sdf,O=C[C@@](NC)[C@](OC)C,16.052385,0.20681717,176,O=C[C@@](NC)[C@](OC)C,335.58908,275.2189,60.370186,251.40651,84.182579,624.74689,137.04031,214.84872,487.7066,0.92867255,0.45503518,58.054073,1.2284757,42.387501,44.16283,1.882188e-05,-14.403993,0,3.3988352,8.8683605,9.2639122,1.7753299,0.8201068,0.17989317,0.7491498,0.25085017,1.8616425,0.4083575,0.16891816,0.44208002,0.7467432,624.54639,252.2812,426.14291,570.66864,2.1820104,2.0006046,1.436605,0.82224166,141.25,179.30289,2.018086,0.11494052,2.8065634,1.7433467,1.1289415,0.69586402,0.36577961,0.17681178,0.095728256,0.050688636,301.375,176.875,152.25,139.75,119.0,57.375,16.875,3.125,2.9154758,2.5,0.5,0.5,5.17204,5.1478152,-1.7874191,-1.7479632,-1.725755,-7.9116802,-7.9114614,-7.5186682,1.1996809,182.25,220.75,167.25,80.875,33.875,16.625,8.375,4.125,0.26026273,0.12790698,0.65072864,0.5570628,0.51039922,0.45441791,0.42221984,1.8120857,2.6128759,3.2638271,0.50837332,0.7199136,0.96992111,1.1747739,1.6039106,2.1185696,2.3378572,2.4006164,1.2330856,296.91772,366.125,627.375,354.625,204.375,93.125,39.625,17.875,8.375,4.125,445.125,133.875,37.125,12.25,5.75,1.25,0.0,0.0,EXT320
C:/Users/MICROSOFT/Documents/nauval_mrnavac/cycpeptmp_standalone/runs/run_20260102_172000_moe/sdf/monomer.sdf,O=C[C@@](NC)[C@](OC)C,16.052385,0.20681717,84,O=C[C@@](NC)[C@](OC)C,333.72421,273.13995,60.584236,249.29388,84.430321,620.02771,137.52621,212.55573,482.5015,0.92867255,0.45524213,58.099796,1.2242652,42.38327,44.155739,1.8475364e-06,-14.40886,0,3.4561086,8.9140816,9.2636786,1.7724713,0.81846017,0.18153983,0.7470057,0.2529943,1.8579046,0.41209543,0.16894467,0.44210547,0.74674851,624.58881,252.30934,426.16895,570.6994,2.1820846,2.0007074,1.436529,0.82234836,141.25,179.91615,2.010134,0.11534564,2.8065503,1.7428799,1.128695,0.69521105,0.3644768,0.17604329,0.095729604,0.050696928,301.375,176.625,152.25,139.75,119.0,57.25,16.75,3.125,2.9154758,2.5,0.5,0.5,5.1478152,5.17204,-1.7874013,-1.7477374,-1.7258165,-7.9126186,-7.9078331,-7.517508,1.1991948,181.875,220.5,167.0,80.625,33.625,16.625,8.375,4.125,0.25862068,0.12790698,0.65097046,0.55668324,0.51034403,0.45431417,0.42226392,1.806211,2.6280282,3.2640679,0.51012933,0.72358304,0.97049803,1.1748911,1.5941794,2.1180763,2.3372831,2.4000542,1.2338662,296.9325,366.375,627.125,354.375,204.125,92.875,39.375,17.875,8.375,4.125,445.25,133.875,37.125,12.25,5.75,1.25,0.0,0.0,EXT321
C:/Users/MICROSOFT/Documents/nauval_mrnavac/cycpeptmp_standalone/runs/run_20260102_172000_moe/sdf/monomer.sdf,O=C[C@@](NC)[C@](OC)C,16.052385,0.20681717,17,O=C[C@@](NC)[C@](OC)C,333.96655,272.7373,61.229237,249.16841,84.798141,619.11371,138.99037,211.50807,480.12332,0.92867255,0.45480725,58.059505,1.2126895,42.383293,44.154537,2.6079977e-06,-14.40012,0,3.4291878,8.8737936,9.2630882,1.771244,0.81666058,0.18333943,0.74608791,0.25391209,1.8538195,0.41618052,0.16894914,0.44205764,0.74674267,624.61365,252.29825,426.19299,570.73608,2.182128,2.0006568,1.4366045,0.82233846,141.25,179.42867,1.9932669,0.11592647,2.8093748,1.7422739,1.1276697,0.6958403,0.36622286,0.17949027,0.094814539,0.049610849,299.0,179.75,153.75,140.5,118.625,57.5,17.125,3.125,2.9154758,2.7386129,0.70710677,5.17204,5.1478152,0.5,-1.7741892,-1.7709074,-1.7293254,-8.2629976,-7.614593,-7.5314384,1.1925014,181.5,224.375,165.0,80.125,34.625,17.0,8.75,3.875,0.26260161,0.12989324,0.68145949,0.53981662,0.4833917,0.42711195,0.46314567,1.8636754,2.7579174,3.3386614,0.49210772,0.7150262,0.99944359,1.1858664,1.595389,2.1125605,2.4045668,2.3452351,1.2437481,296.68387,369.0,626.125,357.875,201.75,92.5,40.375,18.25,8.75,3.875,444.625,133.5,36.75,12.375,5.75,1.25,0.0,0.0,EXT322
C:/Users/MICROSOFT/Documents/nauval_mrnavac/cycpeptmp_standalone/runs/run_20260102_172000_moe/sdf/monomer.sdf,O=C[C@@](NC)[C@](OC)C,16.052385,0.20681717,58,O=C[C@@](NC)[C@](OC)C,334.51611,273.88992,60.626175,251.7238,82.792313,621.73016,137.62141,213.26375,484.10873,0.92867255,0.4560667,58.041332,1.2193787,42.371067,44.139572,1.3436019e-08,-14.405402,0,3.4203925,8.8556185,9.2619886,1.7685041,0.81876457,0.18123545,0.75250125,0.24749874,1.8585955,0.41140446,0.16890545,0.44211563,0.74670899,624.61353,252.32849,426.16895,570.72961,2.1821277,2.0006149,1.4367384,0.8222149,141.25,180.27457,2.0012267,0.11460482,2.8037539,1.7402962,1.1289468,0.69467014,0.36539394,0.17641917,0.096507847,0.051245213,300.75,176.5,151.75,138.5,117.875,57.875,16.875,3.375,2.9154758,2.5,0.5,0.5,0.70710677,0.86602539,-1.787312,-1.7464814,-1.7260035,-7.9537387,-7.9250264,-7.5922737,1.2002364,183.125,220.5,166.125,80.5,34.25,16.875,8.375,4.25,0.26112026,0.13086642,0.65227145,0.52700764,0.50020438,0.43997729,0.41527683,1.8139132,2.6685016,2.9180307,0.50389439,0.71697789,0.99573624,1.1811821,1.5967748,2.1055789,2.3788953,2.394407,1.2326553,297.12283,366.25,627.25,353.75,203.375,93.125,39.625,18.125,8.375,4.25,444.125,133.25,37.25,12.625,5.375,1.25,0.0,0.0,EXT323
C:/Users/MICROSOFT/Documents/nauval_mrnavac/cycpeptmp_standalone/runs/run_20260102_172000_moe/sdf/monomer.sdf,O=C[C@@](NC)[C@](OC)C,16.052385,0.20681717,178,O=C[C@@](NC)[C@](OC)C,339.11887,277.55841,61.560459,254.01138,85.107483,630.05756,139.74225,215.99794,490.31534,0.92867255,0.45532572,58.089817,1.2261423,42.37833,44.141876,5.6850904e-06,-14.413777,0,3.4577858,8.9041042,9.2640076,1.7635463,0.81846935,0.18153062,0.74903345,0.25096655,1.8579254,0.41207454,0.16892296,0.44213927,0.74669921,624.7077,252.37842,426.22488,570.81207,2.1822922,2.0007234,1.4367918,0.8223021,141.25,179.12869,2.0134699,0.11469305,2.8038795,1.7401971,1.1290561,0.69466203,0.36538833,0.17643008,0.096508987,0.051238101,300.75,176.625,151.875,138.5,117.75,57.875,16.875,3.375,2.9154758,2.5,0.5,0.5,0.70710677,0.86602539,-1.7872591,-1.7463919,-1.7259436,-7.9558525,-7.9225659,-7.5920706,1.2000464,182.75,220.875,166.125,80.375,34.375,16.875,8.375,4.25,0.26172841,0.13086642,0.65347385,0.529109,0.50273544,0.44621721,0.41674608,1.8140905,2.6686177,2.9181709,0.50315696,0.71698666,0.9954344,1.1780909,1.6049093,2.1052446,2.3785903,2.3941004,1.2329906,297.14337,366.375,627.0,353.875,203.375,93.0,39.75,18.125,8.375,4.25,444.25,133.0,37.25,12.625,5.375,1.25,0.0,0.0,EXT324
C:/Users/MICROSOFT/Documents/nauval_mrnavac/cycpeptmp_standalone/runs/run_20260102_172000_moe/sdf/monomer.sdf,O=C[C@@](NC)[C@](OC)C,16.052385,0.20681717,73,O=C[C@@](NC)[C@](OC)C,335.78195,273.94055,61.841408,249.83813,85.943825,621.84509,140.37999,212.09915,481.46509,0.9294951,0.45457399,58.11644,1.2364415,42.37962,44.151833,6.6139e-06,-14.411741,0,3.4675932,8.9307261,9.2605639,1.7722145,0.81582868,0.18417132,0.74404871,0.25595129,1.8519311,0.41806889,0.16891171,0.44198352,0.74679106,624.59442,252.25114,426.21249,570.72522,2.1820943,2.0007339,1.4366142,0.82227904,141.125,180.14795,1.9641255,0.11535887,2.8072288,1.7400875,1.128739,0.69546956,0.3671937,0.17873184,0.095946908,0.050220616,298.625,179.375,153.375,140.625,119.25,58.0,17.375,2.875,2.9154758,2.7386129,0.70710677,5.0249376,5.17204,0.70710677,-1.7681073,-1.7658695,-1.720772,-8.2609491,-7.6019902,-7.5713983,1.1936336,181.875,223.5,165.75,79.625,34.375,16.625,9.0,4.25,0.2616137,0.12800001,0.66808653,0.51431394,0.4522607,0.40312204,0.41388059,1.7913464,2.7653561,3.2871284,0.48043483,0.70788354,0.99767542,1.1657333,1.6039295,2.0917053,2.3686566,2.3589268,1.2418665,296.63013,368.375,625.375,356.75,202.75,92.125,40.125,18.0,9.0,4.25,443.5,133.25,37.0,12.5,5.75,1.375,0.0,0.0,EXT325
C:/Users/MICROSOFT/Documents/nauval_mrnavac/cycpeptmp_standalone/runs/run_20260102_172000_moe/sdf/monomer.sdf,O=C[C@@](NC)[C@](OC)C,16.052385,0.20681717,42,O=C[C@@](NC)[C@](OC)C,335.51508,274.12173,61.393356,250.62477,84.89032,622.25635,139.36292,212.72838,482.89343,0.92867255,0.45539331,58.075336,1.2274982,42.376373,44.145473,1.1855441e-06,-14.408609,0,3.4406917,8.8896246,9.261672,1.7691021,0.81701761,0.1829824,0.74698508,0.25301492,1.85463,0.41537005,0.16893233,0.44207704,0.74667144,624.57825,252.30098,426.13828,570.71722,2.182066,2.0006196,1.4366536,0.82228225,141.25,179.00232,1.9911518,0.11586773,2.8082316,1.7421405,1.127618,0.69577265,0.36612311,0.17942739,0.094776526,0.04958785,298.625,179.375,153.625,140.25,118.75,57.625,17.125,3.125,2.9154758,2.7386129,0.70710677,5.17204,5.1478152,0.5,-1.7742116,-1.7709849,-1.7294773,-8.262126,-7.6173563,-7.5322475,1.1924608,181.375,224.25,165.125,80.0,34.5,17.0,8.75,3.875,0.26200163,0.13012478,0.6823734,0.54078978,0.48462832,0.430089,0.46024239,1.8709422,2.7574658,3.3383281,0.49222869,0.71396673,1.0017487,1.1911032,1.5931367,2.1131387,2.4052501,2.3459063,1.2437905,296.67374,369.0,625.75,357.5,201.875,92.375,40.25,18.25,8.75,3.875,444.375,133.25,36.75,12.375,5.75,1.25,0.0,0.0,EXT326
C:/Users/MICROSOFT/Documents/nauval_mrnavac/cycpeptmp_standalone/runs/run_20260102_172000_moe/sdf/monomer.sdf,O=C[C@@](NC)[C@](OC)C,16.052385,0.20681717,32,O=C[C@@](NC)[C@](OC)C,332.12537,271.97418,60.151176,248.72382,83.401558,617.38141,136.54317,211.82301,480.83826,0.92867255,0.45503506,58.064083,1.2199287,42.389114,44.156952,1.7218132e-06,-14.410684,0,3.4235258,8.8783712,9.2636757,1.7678369,0.81889015,0.18110986,0.74888533,0.2511147,1.8588806,0.41111937,0.16887271,0.44208989,0.74671727,624.6153,252.31653,426.17828,570.73578,2.1821308,2.0006931,1.4367545,0.82216728,141.25,177.88156,2.0042171,0.11471421,2.8036916,1.7401992,1.1290413,0.69472963,0.36533448,0.17639665,0.096471392,0.051201671,300.75,176.75,151.875,138.5,117.875,58.0,16.875,3.375,2.9154758,2.5,0.5,0.5,0.70710677,0.86602539,-1.7873031,-1.7466124,-1.7259637,-7.9559908,-7.9202666,-7.5906925,1.2002749,183.125,220.5,166.125,80.5,34.25,16.875,8.375,4.25,0.26090536,0.13086642,0.65314811,0.53115582,0.50210005,0.44555852,0.41496584,1.8145674,2.6685686,2.9180818,0.50441694,0.71739805,0.99595314,1.1812522,1.5967407,2.1053855,2.3785601,2.3940871,1.2326156,297.13235,366.25,627.25,353.75,203.375,93.125,39.625,18.125,8.375,4.25,444.125,133.25,37.25,12.625,5.375,1.25,0.0,0.0,EXT327
C:/Users/MICROSOFT/Documents/nauval_mrnavac/cycpeptmp_standalone/runs/run_20260102_172000_moe/sdf/monomer.sdf,O=C[C@@](NC)[C@](OC)C,16.052385,0.20681717,70,O=C[C@@](NC)[C@](OC)C,332.15948,272.34445,59.815025,249.27191,82.887573,618.22192,135.78011,212.52943,482.4418,0.92867255,0.45496628,58.110344,1.233801,42.388145,44.162079,7.1648305e-06,-14.40643,0,3.4513133,8.9246292,9.2631426,1.7739315,0.81992078,0.18007924,0.75045848,0.24954149,1.8612201,0.40877986,0.16897088,0.44214454,0.74678761,624.52991,252.29881,426.13583,570.62518,2.1819816,2.0006077,1.4366516,0.82237113,141.25,178.82701,1.9912261,0.11605424,2.8086948,1.7421857,1.1275343,0.69574857,0.36611637,0.17937566,0.094761439,0.049560834,298.5,179.625,153.875,140.5,118.875,57.5,17.125,3.125,2.9154758,2.7386129,0.70710677,5.17204,5.1478152,0.5,-1.7741731,-1.7709035,-1.7294405,-8.2623024,-7.6129308,-7.5302644,1.1925037,180.75,224.25,165.0,80.0,34.5,17.0,8.75,3.875,0.26157597,0.12989324,0.6836862,0.53869522,0.48448253,0.42996234,0.45805913,1.8633183,2.7576027,3.3383613,0.49156654,0.71563119,1.0000949,1.1913652,1.5933126,2.1131988,2.4051163,2.3457925,1.2437457,296.68445,369.0,625.5,357.625,201.75,92.375,40.25,18.25,8.75,3.875,444.75,133.375,36.75,12.375,5.75,1.25,0.0,0.0,EXT328
C:/Users/MICROSOFT/Documents/nauval_mrnavac/cycpeptmp_standalone/runs/run_20260102_172000_moe/sdf/monomer.sdf,O=C[C@@](NC)[C@](OC)C,16.052385,0.20681717,21,O=C[C@@](NC)[C@](OC)C,334.91238,274.1069,60.805492,251.40961,83.502785,622.22266,138.02847,213.30141,484.19418,0.92867255,0.45537949,58.026432,1.2029909,42.37336,44.136826,2.6992118e-06,-14.415051,0,3.4251842,8.8407173,9.2614298,1.7634639,0.8184436,0.18155642,0.75067276,0.24932724,1.8578669,0.41213307,0.16896975,0.44210044,0.74678361,624.71393,252.35353,426.26846,570.80591,2.1823032,2.0005758,1.4366553,0.82235527,141.25,178.8192,2.0124223,0.11479217,2.8045454,1.7405169,1.1292106,0.69473749,0.36539367,0.17643295,0.096497498,0.051232323,300.875,176.75,152.0,138.75,117.875,57.875,16.875,3.375,2.9154758,2.5,0.5,0.5,0.70710677,0.86602539,-1.7872801,-1.7466035,-1.7258259,-7.952055,-7.9253054,-7.5868239,1.2002524,183.125,220.75,166.125,80.5,34.375,16.875,8.375,4.25,0.26151314,0.13063063,0.65094614,0.52753747,0.50216377,0.4416801,0.41464061,1.8145317,2.6691244,2.9186428,0.50327426,0.71722698,0.99548852,1.1808652,1.6048812,2.1051233,2.3783882,2.3939006,1.2326388,297.1268,366.25,627.25,353.875,203.375,93.125,39.75,18.125,8.375,4.25,444.125,133.125,37.25,12.625,5.375,1.25,0.0,0.0,EXT329
C:/Users/MICROSOFT/Documents/nauval_mrnavac/cycpeptmp_standalone/runs/run_20260102_172000_moe/sdf/monomer.sdf,O=C[C@@](NC)[C@](OC)C,16.052385,0.20681717,184,O=C[C@@](NC)[C@](OC)C,332.99576,271.98746,61.008286,248.53894,84.456802,617.41156,138.48882,210.97917,478.92273,0.92867255,0.45526221,58.060795,1.2238662,42.379528,44.146713,5.5042074e-06,-14.398764,0,3.426178,8.875083,9.2640324,1.7671854,0.81678957,0.1832104,0.7463727,0.25362727,1.8541124,0.41588762,0.16895324,0.44205818,0.74678695,624.59839,252.28723,426.19913,570.71045,2.1821012,2.0004904,1.4366294,0.82227999,141.25,179.36433,1.9664876,0.11544653,2.80722,1.740167,1.1286156,0.69541299,0.36721569,0.17869578,0.096011691,0.050241262,298.625,179.375,153.5,140.75,119.375,57.75,17.25,2.875,2.9154758,2.7386129,0.70710677,5.0249376,5.17204,0.70710677,-1.7678705,-1.765705,-1.7207024,-8.2601404,-7.6083007,-7.5714812,1.1936277,182.125,223.375,165.875,79.625,34.5,16.625,9.0,4.125,0.26221499,0.12788633,0.66781014,0.51400036,0.44907796,0.40389729,0.41425544,1.808692,2.7675323,3.287976,0.47898167,0.70939916,0.99989378,1.1653628,1.6040822,2.0912433,2.3681743,2.352453,1.2418725,296.62869,368.375,625.375,356.625,202.875,92.125,40.25,18.0,9.0,4.125,443.25,133.25,37.0,12.5,5.75,1.375,0.0,0.0,EXT330
C:/Users/MICROSOFT/Documents/nauval_mrnavac/cycpeptmp_standalone/runs/run_20260102_172000_moe/sdf/monomer.sdf,O=C[C@@](NC)[C@](OC)C,16.052385,0.20681717,153,O=C[C@@](NC)[C@](OC)C,333.57748,274.14453,59.432949,250.50137,83.076088,622.30804,134.9128,214.71158,487.39526,0.92867255,0.45536056,58.094803,1.2174889,42.386288,44.158562,2.4289091e-06,-14.40314,0,3.4561639,8.90909,9.2625875,1.7722712,0.82183164,0.17816836,0.75095415,0.24904586,1.8655578,0.40444216,0.16892195,0.44207963,0.74670762,624.53918,252.28223,426.12473,570.67145,2.1819978,2.0005543,1.436757,0.82223016,141.25,178.16695,1.948649,0.11541257,2.8071582,1.7400196,1.1286412,0.69517195,0.3673059,0.17872724,0.095976159,0.050223295,298.625,179.375,153.5,140.75,119.375,57.875,17.375,2.875,2.9154758,2.7386129,0.70710677,5.0249376,5.17204,0.70710677,-1.7679405,-1.7657372,-1.720724,-8.2611361,-7.604948,-7.5661778,1.1939558,182.25,223.875,165.875,79.5,34.75,16.625,9.0,4.25,0.26384366,0.12788633,0.67108864,0.51343983,0.45279056,0.40373784,0.414065,1.8079858,2.7661679,3.2878823,0.48170781,0.70953888,0.99890739,1.1616485,1.5888313,2.0910819,2.3679521,2.358217,1.2413908,296.64307,368.25,625.625,357.125,202.875,92.0,40.5,18.0,9.0,4.25,443.375,133.25,37.0,12.5,5.75,1.375,0.0,0.0,EXT331
C:/Users/MICROSOFT/Documents/nauval_mrnavac/cycpeptmp_standalone/runs/run_20260102_172000_moe/sdf/monomer.sdf,O=C[C@@](NC)[C@](OC)C,16.052385,0.20681717,41,O=C[C@@](NC)[C@](OC)C,336.41147,275.72101,60.690472,251.92209,84.489388,625.88666,137.76736,215.03053,488.11929,0.92867255,0.45479828,58.094479,1.2330763,42.382626,44.153393,1.4940675e-05,-14.408071,0,3.4477491,8.9087667,9.2602472,1.7707667,0.8195945,0.18040547,0.74885106,0.25114897,1.8604796,0.40952042,0.16890828,0.44206116,0.74685335,624.57288,252.27063,426.20609,570.66907,2.1820567,2.0007565,1.4366906,0.82227993,141.25,179.4243,1.9891951,0.11578412,2.8087821,1.7429844,1.1275363,0.6957581,0.3660827,0.17935722,0.094746314,0.049561374,298.625,179.375,153.5,140.125,118.75,57.375,17.125,3.125,2.9154758,2.7386129,0.70710677,5.17204,5.1478152,0.5,-1.7742776,-1.7710319,-1.7294625,-8.2631178,-7.6120572,-7.5302763,1.1922133,181.125,224.25,165.25,80.125,34.5,17.0,8.75,3.875,0.26221499,0.13024086,0.68421936,0.54075783,0.48384035,0.42934233,0.45976481,1.8775828,2.7571013,3.3378904,0.49439323,0.71606004,0.99989808,1.1865724,1.593402,2.1133747,2.4053884,2.3460658,1.2441891,296.67917,369.125,625.875,357.625,202.0,92.5,40.25,18.25,8.75,3.875,444.75,133.375,36.75,12.375,5.75,1.25,0.0,0.0,EXT332
C:/Users/MICROSOFT/Documents/nauval_mrnavac/cycpeptmp_standalone/runs/run_20260102_172000_moe/sdf/monomer.sdf,O=C[C@@](NC)[C@](OC)C,16.052385,0.20681717,86,O=C[C@@](NC)[C@](OC)C,330.98236,270.56592,60.416451,247.43108,83.551277,614.18463,137.14534,210.14946,477.03928,0.92867255,0.45616677,58.083138,1.2229354,42.388168,44.158161,1.120031e-06,-14.412374,0,3.4396589,8.8974237,9.2623796,1.7699938,0.81746322,0.18253677,0.74756575,0.25243425,1.8556415,0.41435847,0.16894293,0.44203752,0.7467742,624.54669,252.25839,426.16306,570.67188,2.1820109,2.0005746,1.4366492,0.82228953,141.25,179.83076,2.0129731,0.11541284,2.8065369,1.7433616,1.1288074,0.69525844,0.36457786,0.17612949,0.095733084,0.050759811,301.25,176.75,152.375,139.875,118.875,57.25,16.875,3.125,2.9154758,2.5,0.5,0.5,4.9497476,5.0249376,-1.7874032,-1.7476436,-1.7257731,-7.914598,-7.9069901,-7.5189137,1.1994209,181.5,220.625,167.25,80.75,33.875,16.625,8.375,4.125,0.25922889,0.12779267,0.65332842,0.55325395,0.50781703,0.45187095,0.41838369,1.8066622,2.6135192,3.2643597,0.51050854,0.72121352,0.97127998,1.176877,1.6012939,2.1174457,2.3754776,2.3994122,1.2334933,296.92093,366.25,626.75,354.5,204.375,93.0,39.5,17.875,8.375,4.125,445.25,133.875,37.125,12.25,5.625,1.25,0.0,0.0,EXT333
C:/Users/MICROSOFT/Documents/nauval_mrnavac/cycpeptmp_standalone/runs/run_20260102_172000_moe/sdf/monomer.sdf,O=C[C@@](NC)[C@](OC)C,16.052385,0.20681717,78,O=C[C@@](NC)[C@](OC)C,331.67673,270.24911,61.427608,246.88432,84.792412,613.46552,139.44067,208.8215,474.02481,0.92867255,0.4549174,58.052624,1.2227598,42.389713,44.158394,2.7488527e-06,-14.401849,0,3.4079041,8.866909,9.2635622,1.7686782,0.81479675,0.18520325,0.74435222,0.25564775,1.8495886,0.42041138,0.1689503,0.44209018,0.7467891,624.58484,252.29608,426.18448,570.68915,2.1820776,2.0005748,1.4367069,0.82230753,141.25,177.73317,2.0134699,0.11471336,2.8038406,1.740285,1.1290454,0.69503742,0.36535093,0.17641354,0.096487083,0.051226556,300.75,176.5,151.875,138.625,117.875,57.875,16.875,3.375,2.9154758,2.5,0.5,0.5,0.70710677,0.86602539,-1.787238,-1.7465544,-1.7259089,-7.9525299,-7.9232202,-7.5887341,1.2002296,182.875,220.625,165.875,80.5,34.25,16.875,8.375,4.25,0.26172841,0.13074842,0.65376443,0.53077763,0.50223833,0.44191116,0.41523448,1.8145634,2.6690128,2.9185257,0.50538731,0.71726346,0.99568188,1.1809614,1.6049137,2.1050582,2.3782337,2.3937576,1.2326622,297.12115,366.25,627.25,353.75,203.375,93.125,39.75,18.125,8.375,4.25,444.375,133.125,37.5,12.625,5.5,1.25,0.0,0.0,EXT334
C:/Users/MICROSOFT/Documents/nauval_mrnavac/cycpeptmp_standalone/runs/run_20260102_172000_moe/sdf/monomer.sdf,O=C[C@@](NC)[C@](OC)C,16.052385,0.20681717,156,O=C[C@@](NC)[C@](OC)C,332.92328,272.87247,60.050808,249.58694,83.336334,619.42047,136.31534,212.82166,483.10516,0.92867255,0.45529929,58.097519,1.2185535,42.372993,44.139919,5.8957977e-07,-14.406667,0,3.4775274,8.9118052,9.2615175,1.7669241,0.81962568,0.18037431,0.74968308,0.25031692,1.8605503,0.4094497,0.16895351,0.44199422,0.74679393,624.63837,252.27342,426.24146,570.76184,2.1821711,2.0006783,1.4366323,0.82235789,141.25,178.65625,2.0134699,0.1146756,2.8039627,1.7402673,1.1291505,0.69468313,0.36546776,0.17648569,0.096548229,0.051279873,300.75,176.5,151.875,138.625,117.875,57.875,16.875,3.375,2.9154758,2.5,0.5,0.5,0.70710677,0.86602539,-1.7872052,-1.7464112,-1.7258323,-7.956533,-7.9213095,-7.5917153,1.1999682,182.75,220.75,166.125,80.5,34.375,16.875,8.375,4.25,0.26172841,0.13074842,0.65489185,0.5312736,0.50285947,0.44251758,0.41575739,1.8145438,2.6689763,2.9185402,0.50329685,0.71690553,0.99515283,1.1804714,1.6044768,2.1047428,2.3780529,2.3935659,1.233071,297.12399,366.375,627.0,353.875,203.375,93.125,39.75,18.125,8.375,4.25,444.25,133.125,37.25,12.625,5.375,1.25,0.0,0.0,EXT335
C:/Users/MICROSOFT/Documents/nauval_mrnavac/cycpeptmp_standalone/runs/run_20260102_172000_moe/sdf/monomer.sdf,O=C[C@@](NC)[C@](OC)C,16.052385,0.20681717,188,O=C[C@@](NC)[C@](OC)C,329.07452,268.87952,60.195019,245.74413,83.330406,610.35651,136.6427,208.68449,473.71378,0.92867255,0.45539448,58.077988,1.2233895,42.384308,44.155693,9.3549543e-06,-14.404917,0,3.436192,8.8922729,9.2627029,1.7713834,0.81707788,0.18292215,0.74677348,0.25322655,1.8547667,0.41523328,0.16894132,0.44202691,0.74678773,624.52173,252.24193,426.15317,570.64832,2.1819673,2.0005195,1.43665,0.82226294,141.25,178.15234,1.9862732,0.11615279,2.8082852,1.7421294,1.1276305,0.69577897,0.36612403,0.17939797,0.094751,0.049557231,298.875,179.625,154.0,140.625,118.625,57.5,17.125,3.125,2.9154758,2.7386129,0.70710677,5.17204,5.1478152,0.5,-1.7742869,-1.7709314,-1.7293631,-8.2628851,-7.6094804,-7.5293083,1.1927043,181.5,224.375,165.25,80.0,34.5,17.0,8.75,3.875,0.26136363,0.12977777,0.68001258,0.53743386,0.47884822,0.42385235,0.46286416,1.8809488,2.7575014,3.3382485,0.49273372,0.71621996,0.9995175,1.1909548,1.5929289,2.1128755,2.4048839,2.3455596,1.2433962,296.66733,368.875,625.875,357.75,202.0,92.375,40.25,18.25,8.75,3.875,444.375,133.375,36.75,12.375,5.75,1.25,0.0,0.0,EXT336
C:/Users/MICROSOFT/Documents/nauval_mrnavac/cycpeptmp_standalone/runs/run_20260102_172000_moe/sdf/monomer.sdf,O=C[C@@](NC)[C@](OC)C,16.052385,0.20681717,108,O=C[C@@](NC)[C@](OC)C,332.28943,272.99191,59.297512,249.16174,83.127701,619.69165,134.60535,213.69441,485.08633,0.92867255,0.45523095,58.108349,1.2261602,42.36911,44.133896,8.0431173e-06,-14.40729,0,3.4853947,8.9226351,9.2628908,1.7647849,0.82154858,0.17845139,0.74983346,0.25016654,1.8649154,0.40508467,0.16897236,0.44208387,0.746764,624.63855,252.31779,426.21289,570.74646,2.1821713,2.0007057,1.4366839,0.82241505,141.25,180.24399,2.0042171,0.11472897,2.8036761,1.7402203,1.1288179,0.69455826,0.36528403,0.17635188,0.096467845,0.051222041,300.875,176.625,151.875,138.625,117.75,57.875,16.875,3.375,2.9154758,2.5,0.5,0.5,0.70710677,0.86602539,-1.7873917,-1.7467456,-1.7258848,-7.953454,-7.9238796,-7.5927601,1.2002861,183.0,220.875,166.125,80.5,34.25,16.875,8.375,4.25,0.26090536,0.13074842,0.65186524,0.52899647,0.50251198,0.442256,0.41664425,1.8141416,2.6688232,2.9183421,0.50457078,0.71716243,0.99561536,1.1810867,1.596687,2.1054966,2.378823,2.3943303,1.2326041,297.13513,366.25,627.25,353.875,203.375,93.125,39.625,18.125,8.375,4.25,444.25,133.0,37.25,12.625,5.375,1.25,0.0,0.0,EXT337
C:/Users/MICROSOFT/Documents/nauval_mrnavac/cycpeptmp_standalone/runs/run_20260102_172000_moe/sdf/monomer.sdf,O=C[C@@](NC)[C@](OC)C,16.052385,0.20681717,150,O=C[C@@](NC)[C@](OC)C,334.47226,274.0206,60.451653,251.63902,82.833237,622.02679,137.22525,213.56895,484.80151,0.92867255,0.45532358,58.077961,1.2132074,42.379475,44.149094,9.0248187e-07,-14.405125,0,3.4533799,8.8922491,9.2622805,1.7696205,0.81926256,0.18073742,0.75234646,0.24765354,1.8597261,0.41027394,0.16893032,0.44207692,0.74675065,624.61768,252.30774,426.19498,570.73267,2.1821349,2.0006447,1.4367492,0.82228762,141.25,178.46254,2.0134699,0.11468963,2.8037729,1.7401456,1.1289514,0.69496065,0.36541021,0.17644654,0.096510977,0.051244486,301.0,176.625,151.875,138.5,117.75,58.0,16.875,3.375,2.9154758,2.5,0.5,0.5,0.70710677,0.86602539,-1.7872306,-1.7465614,-1.7258279,-7.9524994,-7.9258695,-7.5909791,1.2002833,183.125,220.75,166.125,80.5,34.375,16.875,8.375,4.25,0.26172841,0.13086642,0.65078872,0.52902377,0.50249517,0.44601572,0.41665879,1.8182033,2.6689169,2.9184344,0.50401962,0.71693671,0.99558711,1.1810348,1.6050972,2.1054032,2.3787119,2.3942206,1.2326071,297.13443,366.25,627.375,353.75,203.375,93.125,39.75,18.125,8.375,4.25,444.25,133.0,37.25,12.625,5.375,1.25,0.0,0.0,EXT338
C:/Users/MICROSOFT/Documents/nauval_mrnavac/cycpeptmp_standalone/runs/run_20260102_172000_moe/sdf/monomer.sdf,O=C[C@@](NC)[C@](OC)C,16.052385,0.20681717,129,O=C[C@@](NC)[C@](OC)C,336.93402,276.33157,60.602451,251.45064,85.483383,627.27264,137.56757,215.72913,489.70511,0.9294951,0.45487714,58.031261,1.2275708,42.379932,44.147564,6.1123148e-07,-14.401705,0,3.3939078,8.8455496,9.2622204,1.7676314,0.82013553,0.17986445,0.74629045,0.25370955,1.8617077,0.40829229,0.16885671,0.44203329,0.74674118,624.62775,252.29301,426.20679,570.75568,2.1821525,2.0007117,1.436631,0.82213598,141.125,179.46754,1.9927862,0.11593977,2.808605,1.7429641,1.1276906,0.69578928,0.36620057,0.17948709,0.094812669,0.049603369,298.875,179.625,153.75,140.375,118.625,57.375,17.125,3.125,2.9154758,2.7386129,0.70710677,5.17204,5.1478152,0.5,-1.7744446,-1.770893,-1.7295219,-8.2632551,-7.6182899,-7.535706,1.192168,181.5,224.25,165.125,80.125,34.5,17.0,8.75,3.875,0.26178861,0.13000891,0.68372345,0.54221302,0.48442957,0.4298968,0.46260509,1.8774391,2.7568994,3.3376715,0.49491328,0.7146607,0.99765348,1.1863556,1.5932053,2.1132255,2.4052958,2.3459766,1.2442364,296.66791,369.125,626.0,357.5,201.875,92.5,40.25,18.25,8.75,3.875,444.5,133.25,36.75,12.375,5.75,1.25,0.0,0.0,EXT339
C:/Users/MICROSOFT/Documents/nauval_mrnavac/cycpeptmp_standalone/runs/run_20260102_172000_moe/sdf/monomer.sdf,O=C[C@@](NC)[C@](OC)C,16.052385,0.20681717,94,O=C[C@@](NC)[C@](OC)C,332.69095,272.18686,60.504078,248.9005,83.790451,617.8642,137.34425,211.68279,480.51993,0.92867255,0.45455444,58.097576,1.2221653,42.380955,44.150703,7.0539018e-06,-14.405874,0,3.4618888,8.9118614,9.2628117,1.769748,0.81813729,0.18186271,0.74814326,0.25185671,1.8571717,0.41282836,0.16890614,0.44205537,0.74675411,624.59949,252.29018,426.18805,570.72076,2.1821032,2.0006914,1.4367461,0.82224798,141.25,180.06909,1.9619372,0.11532285,2.8071156,1.740557,1.1287096,0.69530618,0.36728305,0.17873374,0.095968999,0.050220616,298.75,179.5,153.375,140.625,119.25,57.75,17.25,2.875,2.9154758,2.7386129,0.70710677,5.0249376,5.17204,0.70710677,-1.7679743,-1.765856,-1.7208531,-8.2621822,-7.6028037,-7.5683303,1.1939859,182.25,223.625,165.875,79.5,34.625,16.625,9.0,4.25,0.26324368,0.12800001,0.67051941,0.51673138,0.45211911,0.40297636,0.41058525,1.8054941,2.7671115,3.2875271,0.48120922,0.70930946,0.99930775,1.1709173,1.6018465,2.0916173,2.3684983,2.3587608,1.2413595,296.65057,368.25,625.875,356.875,202.875,92.0,40.375,18.0,9.0,4.25,443.625,133.25,37.0,12.5,5.75,1.375,0.0,0.0,EXT340
C:/Users/MICROSOFT/Documents/nauval_mrnavac/cycpeptmp_standalone/runs/run_20260102_172000_moe/sdf/monomer.sdf,O=C[C@@](NC)[C@](OC)C,16.052385,0.20681717,56,O=C[C@@](NC)[C@](OC)C,334.23477,272.57251,61.662254,249.43285,84.801918,618.73962,139.97331,210.91026,478.7663,0.92867255,0.45470995,58.12833,1.2220794,42.375359,44.144634,4.7513904e-06,-14.399103,0,3.499043,8.9426174,9.2625704,1.7692738,0.81551212,0.18448785,0.74628037,0.25371963,1.8512126,0.41878742,0.16898386,0.4420729,0.7467407,624.54016,252.27574,426.13913,570.66547,2.1819994,2.0005617,1.4366204,0.82238382,141.25,178.3091,2.0111101,0.11536076,2.8065398,1.7432042,1.1288155,0.69516921,0.36443675,0.1760698,0.095735505,0.050697815,301.375,176.625,152.25,139.875,119.0,57.25,16.875,3.125,2.9154758,2.5,0.5,0.5,5.17204,5.1478152,-1.7877514,-1.7480123,-1.7256186,-7.912797,-7.9106526,-7.5158749,1.1991694,181.875,220.625,167.25,80.625,33.75,16.625,8.375,4.125,0.25862068,0.12779267,0.65333241,0.55794698,0.50896353,0.45657802,0.42221391,1.806471,2.6134818,3.2643552,0.51083732,0.72288597,0.96956956,1.1749147,1.5941609,2.1180096,2.3371708,2.3999462,1.2338924,296.92621,366.375,627.0,354.5,204.25,92.875,39.375,17.875,8.375,4.125,445.125,133.875,37.0,12.25,5.625,1.25,0.0,0.0,EXT341
C:/Users/MICROSOFT/Documents/nauval_mrnavac/cycpeptmp_standalone/runs/run_20260102_172000_moe/sdf/monomer.sdf,O=C[C@@](NC)[C@](OC)C,16.052385,0.20681717,96,O=C[C@@](NC)[C@](OC)C,334.64206,274.16251,60.479546,250.13934,84.502701,622.34888,137.28856,213.68295,485.06033,0.92867255,0.45567766,58.096584,1.2129323,42.373905,44.133774,5.7867196e-06,-14.417027,0,3.4875536,8.9108734,9.2623196,1.7598703,0.81927091,0.18072906,0.74748331,0.25251669,1.859745,0.41025499,0.16891651,0.44204983,0.7467292,624.73047,252.34343,426.26917,570.84839,2.182332,2.0007746,1.4367656,0.82230747,141.25,177.51917,2.0042171,0.11469458,2.8045406,1.7403331,1.1290556,0.69460827,0.36539739,0.17638099,0.096469082,0.051197603,300.875,176.625,151.875,138.5,117.875,57.875,16.875,3.375,2.9154758,2.5,0.5,0.5,0.70710677,0.86602539,-1.787289,-1.7463001,-1.7260857,-7.9518867,-7.9259176,-7.586482,1.2002736,183.0,220.625,166.125,80.5,34.25,16.875,8.375,4.25,0.26090536,0.13086642,0.6530928,0.52891606,0.50250065,0.44599381,0.41534331,1.814069,2.6686232,2.9181554,0.50389135,0.71720922,0.995646,1.1810582,1.5966297,2.1054082,2.3787103,2.3942235,1.232617,297.13202,366.25,627.25,353.875,203.375,93.125,39.625,18.125,8.375,4.25,444.25,133.25,37.25,12.625,5.375,1.25,0.0,0.0,EXT342
C:/Users/MICROSOFT/Documents/nauval_mrnavac/cycpeptmp_standalone/runs/run_20260102_172000_moe/sdf/monomer.sdf,O=C[C@@](NC)[C@](OC)C,16.052385,0.20681717,196,O=C[C@@](NC)[C@](OC)C,331.84174,270.94855,60.893192,247.50438,84.337349,615.05316,138.22754,210.05534,476.82562,0.92867255,0.45533282,58.100113,1.2264893,42.39006,44.157745,1.4492961e-05,-14.406552,0,3.4548051,8.9144001,9.2610579,1.7676864,0.81649929,0.18350071,0.74585068,0.25414932,1.8534534,0.41654661,0.16893528,0.44204289,0.74674159,624.59015,252.28214,426.17941,570.71869,2.1820867,2.0006168,1.4367052,0.82228827,141.25,177.71707,1.9888142,0.11605407,2.8088925,1.7429761,1.1275917,0.69584674,0.3661381,0.17938441,0.094737671,0.049558081,298.875,179.625,153.875,140.5,118.75,57.375,17.125,3.125,2.9154758,2.7386129,0.70710677,5.17204,5.1478152,0.5,-1.7742887,-1.7709129,-1.7292109,-8.2611694,-7.6127968,-7.5314984,1.1921654,181.375,224.375,165.125,80.125,34.5,17.0,8.75,3.875,0.26157597,0.12989324,0.67984515,0.5373469,0.48163557,0.42694753,0.45999256,1.8777696,2.757273,3.3380554,0.49344113,0.71692955,1.0017654,1.1862512,1.5930808,2.1130662,2.4051197,2.3457928,1.2442391,296.66727,369.125,625.875,357.75,201.875,92.5,40.25,18.25,8.75,3.875,444.5,133.375,36.75,12.375,5.75,1.25,0.0,0.0,EXT343
C:/Users/MICROSOFT/Documents/nauval_mrnavac/cycpeptmp_standalone/runs/run_20260102_172000_moe/sdf/monomer.sdf,O=C[C@@](NC)[C@](OC)C,16.052385,0.20681717,154,O=C[C@@](NC)[C@](OC)C,332.01349,271.17847,60.835014,248.36052,83.652962,615.57513,138.09549,210.34346,477.47964,0.92867255,0.45545039,58.068447,1.2166609,42.383625,44.154652,3.0020342e-06,-14.409117,0,3.4350054,8.8827333,9.262126,1.7710249,0.81676942,0.18323055,0.74804348,0.25195652,1.8540666,0.41593334,0.16894159,0.44209188,0.74680102,624.63055,252.31395,426.21979,570.72742,2.1821575,2.0006833,1.4366468,0.82233089,141.25,179.41095,1.9911518,0.115867,2.8082254,1.7419294,1.127467,0.69574833,0.36610749,0.17940657,0.094748385,0.049567521,298.75,179.375,153.625,140.25,118.625,57.5,17.125,3.125,2.9154758,2.7386129,0.70710677,5.17204,5.1478152,0.5,-1.7743492,-1.7709528,-1.7295219,-8.2621794,-7.6146088,-7.5324769,1.1927885,181.25,224.125,165.125,80.125,34.5,17.0,8.75,3.875,0.26200163,0.13012478,0.68103832,0.53906089,0.4841688,0.42961147,0.46245405,1.8804246,2.7569921,3.3377624,0.49355373,0.71433777,1.0001365,1.1866486,1.5934728,2.1134405,2.4054313,2.3461142,1.2433083,296.68826,368.875,625.875,357.5,201.75,92.5,40.25,18.25,8.75,3.875,444.625,133.375,36.625,12.375,5.75,1.25,0.0,0.0,EXT344
C:/Users/MICROSOFT/Documents/nauval_mrnavac/cycpeptmp_standalone/runs/run_20260102_172000_moe/sdf/monomer.sdf,O=C[C@@](NC)[C@](OC)C,16.052385,0.20681717,82,O=C[C@@](NC)[C@](OC)C,333.53574,272.03555,61.500179,249.2341,84.301636,617.52069,139.60541,210.53539,477.91531,0.92867255,0.4559091,58.095005,1.2185179,42.369514,44.138607,2.0964679e-05,-14.416757,0,3.4735641,8.9092913,9.2642965,1.769092,0.81561142,0.18438858,0.74724859,0.25275141,1.8514379,0.41856205,0.16897884,0.44211385,0.74674243,624.63275,252.33157,426.19498,570.73889,2.1821613,2.0005622,1.4367143,0.82237184,141.25,177.80536,2.0031643,0.11477503,2.8045511,1.7405106,1.1291058,0.69460601,0.36545464,0.17642632,0.096510909,0.05124383,300.75,176.75,152.0,138.75,117.875,57.875,16.875,3.375,2.9154758,2.5,0.5,0.5,0.70710677,0.86602539,-1.7871455,-1.7464497,-1.7258731,-7.9508595,-7.926187,-7.5880585,1.2002313,183.5,220.625,166.125,80.25,34.25,16.875,8.375,4.25,0.26069078,0.13063063,0.65138584,0.52778101,0.50258654,0.44215822,0.41496137,1.8141398,2.6689217,2.9184618,0.50326186,0.71674246,0.99749523,1.1750062,1.5964971,2.1054156,2.3788521,2.3943474,1.2326604,297.12158,366.25,627.25,353.875,203.5,92.875,39.625,18.125,8.375,4.25,443.75,133.25,37.375,12.625,5.375,1.25,0.0,0.0,EXT345
C:/Users/MICROSOFT/Documents/nauval_mrnavac/cycpeptmp_standalone/runs/run_20260102_172000_moe/sdf/monomer.sdf,O=C[C@@](NC)[C@](OC)C,16.052385,0.20681717,66,O=C[C@@](NC)[C@](OC)C,334.98364,275.20135,59.782269,250.1985,84.785141,624.70709,135.70575,215.4191,489.00134,0.9294951,0.45521307,58.114033,1.2145586,42.382401,44.151943,1.3652216e-07,-14.414554,0,3.4849145,8.9283209,9.2626162,1.7695433,0.82153672,0.17846325,0.74689764,0.25310233,1.8648884,0.40511158,0.16897286,0.44211605,0.74672568,624.6319,252.33417,426.18768,570.74194,2.1821597,2.0006094,1.4367213,0.82237673,141.125,181.19661,2.0134699,0.1146898,2.8036036,1.7402188,1.1290442,0.69488758,0.36541057,0.17636675,0.096466698,0.051182456,300.75,176.5,151.875,138.5,117.75,57.875,16.875,3.375,2.9154758,2.5,0.5,0.5,0.70710677,0.86602539,-1.787306,-1.7465596,-1.726056,-7.9509206,-7.9223533,-7.5864406,1.2000073,183.125,221.0,166.25,80.5,34.375,16.875,8.375,4.25,0.26172841,0.13086642,0.65432125,0.53102475,0.50283921,0.44632331,0.41678053,1.8139234,2.6684532,2.9180174,0.50151378,0.71687925,0.99669474,1.1808494,1.6049372,2.1053181,2.3787024,2.3942099,1.2330308,297.1337,366.375,627.375,353.875,203.5,93.125,39.75,18.125,8.375,4.25,444.25,132.875,37.25,12.625,5.375,1.25,0.0,0.0,EXT346
C:/Users/MICROSOFT/Documents/nauval_mrnavac/cycpeptmp_standalone/runs/run_20260102_172000_moe/sdf/monomer.sdf,O=C[C@@](NC)[C@](OC)C,16.052385,0.20681717,26,O=C[C@@](NC)[C@](OC)C,334.98703,273.92184,61.065174,249.91473,85.072289,621.80261,138.61795,212.85667,483.18466,0.92867255,0.45499057,58.092499,1.2256097,42.377609,44.147144,1.038544e-07,-14.411008,0,3.4562554,8.906785,9.2634897,1.7695338,0.81770885,0.18229116,0.74604303,0.25395697,1.856199,0.41380093,0.1689541,0.44214511,0.74673355,624.61798,252.34088,426.17548,570.7196,2.1821356,2.0006151,1.4367287,0.8223334,141.25,179.45056,2.0259595,0.11542976,2.8068769,1.7433953,1.1289185,0.69515097,0.36428013,0.17596823,0.095677704,0.050677441,301.0,176.625,152.25,139.875,119.125,57.25,17.0,3.125,2.9154758,2.5,0.5,0.5,5.17204,5.1478152,-1.7874831,-1.7479917,-1.7255268,-7.9107246,-7.9101839,-7.515862,1.1986952,181.75,220.625,167.125,80.5,33.75,16.625,8.5,4.125,0.25862068,0.12779267,0.65404236,0.56076497,0.51288879,0.46052459,0.42700136,1.8065914,2.6188741,3.2643564,0.51102793,0.72364461,0.97015995,1.1755222,1.6028171,2.1178875,2.3487287,2.3997753,1.2345209,296.87631,366.5,626.75,354.5,204.125,92.75,39.375,17.875,8.5,4.125,445.0,133.875,37.0,12.25,5.625,1.25,0.0,0.0,EXT347
C:/Users/MICROSOFT/Documents/nauval_mrnavac/cycpeptmp_standalone/runs/run_20260102_172000_moe/sdf/monomer.sdf,O=C[C@@](NC)[C@](OC)C,16.052385,0.20681717,89,O=C[C@@](NC)[C@](OC)C,335.40814,273.77069,61.637447,250.12825,85.279907,621.45947,139.91701,212.13326,481.54251,0.92867255,0.45550597,58.081711,1.2230842,42.385754,44.155975,1.8570308e-05,-14.409687,0,3.4381816,8.895999,9.2644529,1.77022,0.81623155,0.18376848,0.74574286,0.25425711,1.8528455,0.41715446,0.16894022,0.44203138,0.74682415,624.59601,252.26976,426.21671,570.70557,2.1820972,2.0006454,1.4366249,0.82231206,141.25,178.89093,2.0209262,0.11466654,2.8040292,1.7404602,1.1291677,0.69477719,0.36549783,0.17647365,0.096534483,0.051246725,300.875,176.625,151.875,138.5,117.875,57.875,16.875,3.375,2.9154758,2.5,0.5,0.5,0.70710677,0.86602539,-1.7872956,-1.7462124,-1.7259071,-7.9544344,-7.9237418,-7.5925198,1.1999642,183.0,220.75,166.125,80.375,34.5,16.875,8.375,4.25,0.26255143,0.13086642,0.65371895,0.52957499,0.50307423,0.44655105,0.41598663,1.8145179,2.6690738,2.9186425,0.50345123,0.71665603,0.99720019,1.1803852,1.6104299,2.1047962,2.3781838,2.3936872,1.2330751,297.12302,366.375,627.25,353.875,203.5,93.125,39.875,18.125,8.375,4.25,444.25,133.125,37.375,12.75,5.375,1.25,0.0,0.0,EXT348
C:/Users/MICROSOFT/Documents/nauval_mrnavac/cycpeptmp_standalone/runs/run_20260102_172000_moe/sdf/monomer.sdf,O=C[C@@](NC)[C@](OC)C,16.052385,0.20681717,197,O=C[C@@](NC)[C@](OC)C,332.87698,271.88748,60.989487,248.35628,84.520691,617.18457,138.44614,210.89799,478.73846,0.92867255,0.45580086,58.04187,1.2238691,42.379292,44.144966,7.7765581e-09,-14.40659,0,3.4103892,8.8561573,9.2626457,1.7656752,0.81678069,0.1832193,0.74609029,0.25390971,1.8540921,0.41590783,0.16893913,0.44204676,0.7467851,624.64813,252.30232,426.23459,570.7594,2.1821883,2.0006678,1.4367083,0.82231861,141.25,180.29419,2.0042171,0.114695,2.8037283,1.7403542,1.129003,0.69471002,0.36540389,0.1764216,0.096511669,0.051246278,300.75,176.625,151.875,138.625,117.875,58.0,16.875,3.375,2.9154758,2.5,0.5,0.5,0.70710677,0.86602539,-1.7872797,-1.7469637,-1.7258556,-7.9542236,-7.9253812,-7.5924602,1.200248,183.0,220.75,166.125,80.5,34.25,16.875,8.375,4.25,0.26090536,0.13074842,0.65207839,0.5288617,0.50232428,0.44206938,0.4152832,1.8181411,2.6688678,2.9183714,0.50477105,0.71734989,0.99575877,1.1812084,1.5967854,2.1055501,2.37883,2.394341,1.2326434,297.12567,366.25,627.25,353.875,203.375,93.125,39.625,18.125,8.375,4.25,444.25,133.125,37.25,12.625,5.375,1.25,0.0,0.0,EXT349
C:/Users/MICROSOFT/Documents/nauval_mrnavac/cycpeptmp_standalone/runs/run_20260102_172000_moe/sdf/monomer.sdf,O=C[C@@](NC)[C@](OC)C,16.052385,0.20681717,160,O=C[C@@](NC)[C@](OC)C,332.54123,271.63776,60.903473,249.98154,82.559677,616.61768,138.25089,210.73428,478.36682,0.92867255,0.45482498,58.095772,1.2264258,42.387119,44.158497,4.5310971e-06,-14.407368,0,3.4479525,8.910058,9.2628927,1.7713763,0.81685436,0.18314563,0.75173098,0.24826901,1.8542594,0.41574058,0.16892365,0.44205543,0.74671572,624.60468,252.29674,426.17715,570.73547,2.1821122,2.0006394,1.4367152,0.82226926,141.25,177.91643,1.989579,0.11601447,2.8084855,1.7420774,1.1277019,0.69579947,0.3662411,0.1795222,0.09480191,0.049604364,298.875,179.625,153.875,140.625,118.625,57.625,17.125,3.125,2.9154758,2.7386129,0.70710677,5.17204,5.1478152,0.5,-1.7741914,-1.7708355,-1.7293653,-8.2631245,-7.6153345,-7.5302334,1.1925062,181.5,224.25,165.0,80.125,34.5,17.0,8.75,3.875,0.26157597,0.12977777,0.68011975,0.53755653,0.48052827,0.42394644,0.46305326,1.8712137,2.7576761,3.3384769,0.49367961,0.71403039,0.99965036,1.1861352,1.5929475,2.1129007,2.4049454,2.3456087,1.2437431,296.68509,369.0,626.0,357.5,201.75,92.5,40.25,18.25,8.75,3.875,444.5,133.25,36.75,12.375,5.75,1.25,0.0,0.0,EXT350
C:/Users/MICROSOFT/Documents/nauval_mrnavac/cycpeptmp_standalone/runs/run_20260102_172000_moe/sdf/monomer.sdf,O=C[C@@](NC)[C@](OC)C,16.052385,0.20681717,194,O=C[C@@](NC)[C@](OC)C,334.59641,273.92767,60.668736,251.36571,83.230698,621.81586,137.71803,213.25894,484.09781,0.9294951,0.45468998,58.153839,1.2283125,42.38464,44.155399,3.1082104e-06,-14.403939,0,3.5068383,8.9681253,9.2632837,1.770761,0.81868088,0.18131915,0.75125045,0.24874952,1.8584056,0.41159445,0.16896921,0.44207054,0.74680394,624.54755,252.27036,426.16843,570.65637,2.1820126,2.0006895,1.436707,0.82240069,141.125,179.50607,2.0042171,0.11471652,2.8043003,1.7401925,1.1290441,0.69496679,0.36532614,0.17638229,0.096471034,0.051196262,301.0,176.625,151.875,138.5,117.875,57.875,16.875,3.375,2.9154758,2.5,0.5,0.5,0.70710677,0.86602539,-1.7873451,-1.7463394,-1.726211,-7.952456,-7.9257469,-7.5922093,1.200278,183.125,220.75,166.125,80.5,34.25,16.875,8.375,4.25,0.26090536,0.13086642,0.65297872,0.5289219,0.50261736,0.44610438,0.41536888,1.8138764,2.668402,2.9179499,0.50435406,0.71684659,0.99561667,1.1810451,1.5966382,2.105458,2.3787968,2.3943086,1.2326125,297.13315,366.25,627.375,353.75,203.375,93.125,39.625,18.125,8.375,4.25,444.25,133.0,37.25,12.625,5.375,1.25,0.0,0.0,EXT351
C:/Users/MICROSOFT/Documents/nauval_mrnavac/cycpeptmp_standalone/runs/run_20260102_172000_moe/sdf/monomer.sdf,O=C[C@@](NC)[C@](OC)C,16.052385,0.20681717,192,O=C[C@@](NC)[C@](OC)C,336.84351,275.7851,61.058414,252.49489,84.348618,626.03217,138.6026,214.72668,487.42957,0.92867255,0.45527902,58.074608,1.226715,42.373127,44.139484,1.0589685e-06,-14.407633,0,3.4450378,8.8888969,9.2633724,1.7663578,0.81873357,0.18126641,0.74959111,0.25040892,1.8585253,0.41147476,0.16894485,0.44210669,0.74667871,624.61713,252.32936,426.16174,570.74316,2.1821339,2.0006442,1.4367574,0.82232279,141.25,179.79266,2.0072105,0.11564731,2.806457,1.7428713,1.1287462,0.69516277,0.36440778,0.17605998,0.095729865,0.050686363,301.5,177.0,152.625,140.125,119.25,57.25,16.75,3.125,2.9154758,2.5,0.5,0.5,5.1478152,5.17204,-1.7874593,-1.7477627,-1.7257369,-7.912014,-7.9116158,-7.5191665,1.1992397,182.125,220.5,167.125,80.625,33.625,16.625,8.375,4.125,0.25798526,0.12756467,0.64870924,0.55416429,0.50987816,0.45407009,0.42343694,1.8058738,2.6277254,3.2638063,0.50969428,0.7232967,0.97039372,1.1748589,1.5942365,2.1182375,2.3375351,2.4002945,1.2338201,296.94363,366.375,627.125,354.375,204.125,92.875,39.375,17.875,8.375,4.125,445.0,133.875,37.0,12.25,5.75,1.25,0.0,0.0,EXT352
C:/Users/MICROSOFT/Documents/nauval_mrnavac/cycpeptmp_standalone/runs/run_20260102_172000_moe/sdf/monomer.sdf,O=C[C@@](NC)[C@](OC)C,16.052385,0.20681718,23,O=C[C@@](NC)[C@](OC)C,335.35907,274.8558,60.503262,251.2381,84.120972,623.92267,137.34241,214.35254,486.58029,0.9294951,0.45542881,58.047165,1.2189995,42.394497,44.163525,3.3158524e-06,-14.40451,0,3.4026423,8.8614531,9.2619982,1.769025,0.81958663,0.18041338,0.74916148,0.25083852,1.8604616,0.40953836,0.16890763,0.44198138,0.74679661,624.60791,252.25496,426.22418,570.73663,2.1821179,2.0006621,1.43669,0.82223958,141.125,180.82373,2.0193417,0.11480179,2.8065255,1.7435738,1.1289229,0.69594181,0.36590788,0.17689332,0.095766984,0.050718632,301.0,176.5,152.125,139.625,119.0,57.25,16.875,3.125,2.9154758,2.5,0.5,0.5,5.1478152,5.17204,-1.7874131,-1.7478521,-1.7257822,-7.9122696,-7.9107199,-7.5163116,1.1994509,182.0,221.0,167.25,81.0,33.875,16.625,8.375,4.125,0.26047659,0.12802149,0.65713394,0.55808288,0.51003587,0.45380926,0.42267427,1.806427,2.6134493,3.264369,0.50844842,0.72202039,0.96938926,1.1766748,1.6032016,2.117805,2.3370771,2.399837,1.2334625,296.92838,366.25,627.375,354.875,204.375,93.25,39.625,17.875,8.375,4.125,445.375,133.875,37.125,12.25,5.75,1.25,0.0,0.0,EXT353
C:/Users/MICROSOFT/Documents/nauval_mrnavac/cycpeptmp_standalone/runs/run_20260102_172000_moe/sdf/monomer.sdf,O=C[C@@](NC)[C@](OC)C,16.250654,0.40508625,186,O=C[C@@](NC)[C@](OC)C,333.80338,272.33838,61.465015,245.17798,88.625404,618.20807,139.52559,210.87335,478.6825,0.92133451,0.40007937,51.621933,1.3417885,37.75111,39.299156,0.00034178278,-11.382804,0,3.4539521,7.3495569,7.5266943,1.5480438,0.81586462,0.18413539,0.7344982,0.26550183,1.8520126,0.41798732,0.19621988,0.44960651,0.78829509,629.01044,252.74318,443.13461,562.14307,2.1897945,2.0428743,1.2962469,0.90492618,142.375,180.91231,1.7544582,0.094990641,2.8438051,1.8115326,1.2724969,0.73684794,0.39613307,0.1642442,0.02904113,0.0044114729,273.625,165.125,144.75,129.375,107.625,43.875,11.875,2.25,0.86602539,0.5,0.70710677,0.86602539,0.70710677,0.5,-1.8081855,-1.807846,-1.719879,-6.4429297,-6.3202186,-6.3063025,1.2033997,220.25,250.875,183.0,78.5,33.0,10.875,2.5,0.5,0.27029362,0.10048309,0.72412652,0.66285074,0.68434942,0.76266098,0.83179444,1.4517198,3.0165491,3.5603151,0.56104213,0.91095716,1.0728507,1.0817816,1.2096251,1.5816451,3.307317,3.2878079,1.2280148,297.22766,365.0,654.625,390.125,221.5,92.75,39.125,13.0,2.625,0.5,434.375,139.25,38.5,14.25,6.125,2.125,0.125,0.0,EXT354
C:/Users/MICROSOFT/Documents/nauval_mrnavac/cycpeptmp_standalone/runs/run_20260102_172000_moe/sdf/monomer.sdf,O=C[C@@](NC)[C@](OC)C,16.250654,0.40508625,95,O=C[C@@](NC)[C@](OC)C,335.54926,273.00079,62.54845,245.64073,89.908516,619.71179,141.98499,210.45235,477.72681,0.92133451,0.39980385,51.593864,1.3427166,37.754925,39.300735,0.00068804936,-11.373828,0,3.4256606,7.3214912,7.5240641,1.5458138,0.8135938,0.18640618,0.73205566,0.26794431,1.846858,0.42314202,0.19621755,0.4496136,0.78839052,628.97205,252.72017,443.1409,562.08301,2.1897278,2.0427449,1.2962748,0.90486354,142.375,179.74001,1.8171188,0.095107593,2.8409035,1.8158857,1.2742003,0.73647982,0.39441153,0.15422302,0.029254597,0.005657942,272.25,165.0,145.0,129.375,107.0,43.625,11.625,2.25,0.86602539,0.70710677,0.5,0.70710677,0.86602539,0.5,-1.8275576,-1.7919302,-1.7554076,-6.6122766,-6.6011872,-6.3868694,1.2016116,214.625,249.375,183.0,78.75,32.25,10.0,2.25,0.5,0.26982757,0.094685987,0.72641855,0.64838487,0.75202852,0.77572298,0.8698743,1.610693,2.949343,3.1608481,0.55756813,0.90391517,1.048177,1.0772122,1.1817124,1.7131237,3.2013838,3.2641916,1.2305437,297.12476,365.625,647.875,388.625,220.75,93.75,39.125,12.25,2.5,0.5,433.25,139.25,37.75,15.0,6.875,2.25,0.25,0.0,EXT355
C:/Users/MICROSOFT/Documents/nauval_mrnavac/cycpeptmp_standalone/runs/run_20260102_172000_moe/sdf/monomer.sdf,O=C[C@@](NC)[C@](OC)C,16.547131,0.70156205,182,O=C[C@@](NC)[C@](OC)C,332.2963,268.59146,63.704845,243.73857,88.557732,609.70258,144.61,204.88661,465.09262,0.9253968,0.93870592,60.122219,1.2715452,44.137192,45.623188,6.2045357e-05,-15.336681,0,3.4851229,9.14221,9.7423,1.4859992,0.80828905,0.19171096,0.73349768,0.26650232,1.8348161,0.43518388,0.16572496,0.38950163,0.69955385,650.26099,242.48059,435.5007,622.54065,2.2264776,1.9991784,1.4420043,0.81385219,141.75,180.43167,1.7407676,0.10840125,2.8518615,1.8603709,1.2843918,0.74540836,0.35634694,0.12755825,0.052146554,0.028041881,276.0,166.875,144.875,130.625,104.625,44.625,11.0,1.875,0.70710677,0.5,0.5,0.5,0.5,0.70710677,-1.7622793,-1.7224901,-1.7013477,-8.2402554,-7.3674655,-7.3227143,1.1996005,211.875,263.0,179.375,78.375,29.25,9.75,4.5,2.25,0.25539258,0.091866031,0.73232055,0.75331378,0.79726058,0.88016278,0.98114395,1.8304366,3.3867145,3.6902034,0.61458093,0.94008273,1.0401423,1.0711002,1.1330867,2.0098171,3.6539824,3.6921902,1.2333088,296.96539,366.25,651.5,395.0,221.625,94.875,37.0,12.0,5.0,2.25,439.625,132.0,42.25,16.5,7.75,2.25,0.5,0.0,EXT356
C:/Users/MICROSOFT/Documents/nauval_mrnavac/cycpeptmp_standalone/runs/run_20260102_172000_moe/sdf/monomer.sdf,O=C[C@@](NC)[C@](OC)C,16.547131,0.70156205,105,O=C[C@@](NC)[C@](OC)C,335.64114,272.33212,63.309021,247.35779,88.283356,618.19391,143.71149,209.0231,474.48242,0.9253968,0.93844473,60.101616,1.2731441,44.13496,45.613655,2.8894402e-09,-15.334558,0,3.4736729,9.1216087,9.7411442,1.4786953,0.81137884,0.18862116,0.73697096,0.26302901,1.84183,0.42817003,0.16569668,0.38944781,0.69955993,650.38373,242.4984,435.59665,622.67242,2.2266877,1.9992547,1.4420577,0.81381375,141.75,177.78342,1.7513887,0.10716621,2.8491585,1.858024,1.2864665,0.74293792,0.35883874,0.1242144,0.051367618,0.028066348,276.875,167.375,144.5,130.375,106.125,46.125,11.25,1.875,0.5,0.70710677,0.5,0.5,0.5,0.70710677,-1.7615255,-1.7421684,-1.7228378,-8.225913,-7.5059094,-7.360714,1.1953613,218.0,261.25,180.125,76.75,29.375,9.0,4.25,2.25,0.25432527,0.090124637,0.74148285,0.71263885,0.78193474,0.87697369,0.97147948,1.9194046,3.3933539,3.7426229,0.61233824,0.96179891,1.0237451,1.0572965,1.1655755,2.2834415,3.6246402,3.7082014,1.2410526,297.52969,369.25,653.125,394.0,222.25,93.5,36.75,11.75,4.75,2.25,435.125,132.75,42.125,16.75,7.375,2.75,0.5,0.0,EXT357
C:/Users/MICROSOFT/Documents/nauval_mrnavac/cycpeptmp_standalone/runs/run_20260102_172000_moe/sdf/monomer.sdf,O=C[C@@](NC)[C@](OC)C,16.547131,0.70156205,140,O=C[C@@](NC)[C@](OC)C,333.12921,269.67007,63.459126,244.78616,88.343033,612.15106,144.05222,206.21095,468.09885,0.92621356,0.93894154,60.096954,1.275593,44.129379,45.609898,2.4130999e-05,-15.346893,0,3.4684486,9.1169434,9.7429886,1.4805199,0.80950594,0.19049403,0.7348085,0.2651915,1.8375785,0.43242148,0.16575193,0.38942319,0.69967389,650.36066,242.46411,435.63354,622.62372,2.2266481,1.9992671,1.4420559,0.81395447,141.625,179.20233,1.8251995,0.1096274,2.8430066,1.8529629,1.2863151,0.74437231,0.35748008,0.12540738,0.051406309,0.028154824,273.875,163.75,143.0,128.875,104.5,45.875,11.0,2.0,0.5,0.5,0.70710677,0.5,0.86602539,0.70710677,-1.7538997,-1.7503352,-1.7363719,-7.9259048,-7.8842354,-7.4573278,1.2081894,212.875,261.0,182.5,77.5,30.0,10.125,4.125,2.25,0.26136363,0.094083413,0.77705723,0.85746145,0.91881937,0.98387164,1.0811961,1.6579374,3.2661724,3.7565053,0.62134415,0.92769247,1.0285951,1.0276656,1.1060277,2.1953199,3.654099,3.678894,1.2221683,297.93359,364.125,655.0,393.625,224.125,93.875,37.375,12.125,4.625,2.25,442.125,132.625,41.625,16.375,7.375,2.0,0.5,0.0,EXT358
C:/Users/MICROSOFT/Documents/nauval_mrnavac/cycpeptmp_standalone/runs/run_20260102_172000_moe/sdf/monomer.sdf,O=C[C@@](NC)[C@](OC)C,16.547131,0.70156205,134,O=C[C@@](NC)[C@](OC)C,334.36804,270.99054,63.377491,246.14447,88.223557,615.1485,143.8669,207.61305,471.28162,0.92458147,0.93924659,60.050182,1.2692189,44.135181,45.613804,3.0931264e-05,-15.349616,0,3.4273071,9.0701733,9.7398224,1.4786228,0.81045592,0.18954411,0.73614836,0.26385164,1.8397349,0.43026513,0.16567791,0.38944739,0.69960296,650.42395,242.50819,435.64151,622.69818,2.2267566,1.9992524,1.4421077,0.81376672,141.875,178.36211,1.8311291,0.10939169,2.8436763,1.8531501,1.2862608,0.74455851,0.35763022,0.12546667,0.051407728,0.028158993,273.625,163.75,142.75,128.875,104.875,45.625,11.0,2.0,0.5,0.5,0.70710677,0.5,0.86602539,0.70710677,-1.753757,-1.7500367,-1.736238,-7.9226236,-7.886209,-7.4534879,1.2081684,212.5,261.375,182.5,77.625,30.0,10.125,4.125,2.25,0.26182136,0.094083413,0.77668178,0.85747182,0.92494082,0.98387408,1.0836682,1.6512215,3.2663987,3.7567515,0.62309593,0.92634767,1.0294675,1.0309265,1.1060299,2.1951876,3.6539223,3.6787319,1.2221895,297.92844,364.125,654.75,394.0,224.125,94.0,37.375,12.125,4.625,2.25,442.25,132.625,41.625,16.375,7.375,2.0,0.5,0.0,EXT359
C:/Users/MICROSOFT/Documents/nauval_mrnavac/cycpeptmp_standalone/runs/run_20260102_172000_moe/sdf/monomer.sdf,O=C[C@@](NC)[C@](OC)C,16.554388,0.70881963,110,O=C[C@@](NC)[C@](OC)C,331.80524,268.52261,63.282627,249.10011,82.705132,609.54633,143.65157,205.23999,465.89478,0.92703176,0.77346003,56.792866,1.4019357,40.950859,42.785423,0.00045853312,-14.409562,0,3.559936,8.4550371,9.0451107,1.8345653,0.80927777,0.1907222,0.75074196,0.24925806,1.8370606,0.43293941,0.14280328,0.42696261,0.74161154,628.14789,247.34747,429.62949,579.31879,2.1882927,2.0076015,1.4631652,0.75865901,141.5,178.16917,2.3913512,0.11122114,2.8132474,1.7518579,1.1408284,0.70679414,0.36985084,0.18248034,0.096699163,0.047890939,296.625,173.375,148.625,136.375,115.375,55.75,16.0,3.25,2.2912879,2.9154758,0.86602539,0.5,0.5,1.0,-1.7678404,-1.7151877,-1.7128427,-9.1007652,-8.484436,-8.3528471,1.1941364,194.375,231.75,174.875,83.625,36.75,17.375,8.125,4.375,0.27418,0.13473877,0.67017418,0.59824628,0.58019507,0.54776579,0.46497747,1.7221829,2.830035,2.9893322,0.53792441,0.82190156,1.1184102,1.3462665,1.8704368,2.3301725,2.6418357,2.7838423,1.2392339,295.74725,366.5,628.5,360.125,207.875,94.0,40.75,18.375,8.25,4.375,434.125,128.375,33.0,10.375,4.0,1.0,0.125,0.0,EXT360
C:/Users/MICROSOFT/Documents/nauval_mrnavac/cycpeptmp_standalone/runs/run_20260102_172000_moe/sdf/monomer.sdf,O=C(N)CC[C@](NC)C=O,10.055063,0.0,133,O=C(N)CC[C@](NC)C=O,347.52252,262.37924,85.143288,170.55281,176.96971,813.11328,263.85904,177.23596,549.25421,0.97579694,0.81571341,20.192257,1.3658435,-0.73407799,0.29060462,0.012739742,-20.991835,0,8.7459469,11.999659,9.7771215,1.0246826,0.75499922,0.24500076,0.49076763,0.50923234,2.3397427,0.75925738,0.15397552,0.24186745,0.91280383,1003.9883,225.4006,850.6582,931.91791,2.6388874,2.3451867,1.1524497,0.92024457,147.75,184.45274,2.8286767,0.067618802,3.064301,2.4635992,1.7507621,0.9825142,0.53826284,0.25023022,0.088804208,0.029263336,332.375,188.0,141.0,118.0,97.625,66.375,33.0,15.375,0.70710677,1.2247449,0.70710677,0.5,0.70710677,1.118034,-2.1015038,-2.0365589,-2.0203574,-7.9877491,-7.7182107,-7.6036983,1.2153578,230.875,285.5,225.5,105.0,48.75,23.125,7.75,2.625,0.4317376,0.21186441,0.9394936,0.88398302,1.0921351,1.4292321,1.6520102,1.1611478,1.442649,1.9132857,0.6659252,1.1597936,1.3513501,1.4855789,1.8018116,2.337229,2.6324379,2.9065521,1.2206333,302.5069,369.25,855.125,572.5,323.0,138.875,60.875,25.0,7.75,2.625,624.25,287.0,97.5,33.875,12.125,1.875,0.0,0.0,EXT361
C:/Users/MICROSOFT/Documents/nauval_mrnavac/cycpeptmp_standalone/runs/run_20260102_172000_moe/sdf/monomer.sdf,O=C(N)CC[C@](NC)C=O,10.055063,7.6987128e-10,159,O=C(N)CC[C@](NC)C=O,351.00089,265.12552,85.875359,172.63544,178.36545,821.62402,266.12775,179.25017,555.49628,0.97497207,0.81625676,20.206375,1.3775812,-0.7290256,0.29155028,0.014591496,-21.005568,0,8.7459393,12.013777,9.7767124,1.0205759,0.75534147,0.24465853,0.49183762,0.50816238,2.3408031,0.75819677,0.15401883,0.24190339,0.91277903,1004.1553,225.47041,850.77222,932.06805,2.639107,2.3452742,1.1524996,0.92040831,147.875,185.06105,2.827631,0.067805275,3.064801,2.4635365,1.7506961,0.98245287,0.53811485,0.24999723,0.088492997,0.029175611,332.375,188.125,141.375,118.25,97.75,66.375,33.0,15.375,0.70710677,1.2247449,0.70710677,0.5,0.70710677,1.118034,-2.1017582,-2.0362301,-2.0203502,-7.9833436,-7.7118011,-7.6025515,1.2163968,230.375,285.875,226.125,104.5,48.875,23.125,7.75,2.625,0.43059239,0.2114165,0.94068217,0.88048351,1.0898113,1.4307953,1.6458335,1.1605763,1.4421932,1.9130386,0.66744542,1.1596065,1.3510758,1.4886901,1.8023677,2.337774,2.6331129,2.9072468,1.2191777,302.56049,368.875,855.625,573.0,323.375,138.5,60.875,25.0,7.75,2.625,625.25,287.125,97.25,34.0,12.0,1.875,0.0,0.0,EXT362
C:/Users/MICROSOFT/Documents/nauval_mrnavac/cycpeptmp_standalone/runs/run_20260102_172000_moe/sdf/monomer.sdf,O=C(N)CC[C@](NC)C=O,10.055063,1.4240378e-09,7,O=C(N)CC[C@](NC)C=O,353.16058,266.0658,87.094803,174.15508,179.00551,824.53784,269.9068,178.97098,554.6311,0.97579694,0.81621313,20.188471,1.3618661,-0.74051499,0.28336447,0.013118563,-20.996029,0,8.7517776,11.995872,9.7783432,1.0238794,0.75338471,0.24661529,0.49313283,0.50686717,2.3347392,0.76426077,0.15403853,0.24192615,0.91278595,1004.0653,225.46832,850.69067,931.97168,2.6389885,2.3450694,1.1524775,0.92038679,147.75,185.69719,2.8264117,0.067740791,3.0649045,2.463758,1.7506365,0.98260558,0.53827798,0.2501457,0.088660486,0.029233254,332.375,188.125,141.25,118.25,97.75,66.5,33.0,15.25,0.70710677,1.2247449,0.70710677,0.5,0.70710677,1.118034,-2.1014733,-2.0368059,-2.0204523,-7.9892054,-7.7136455,-7.6034021,1.2161096,230.625,286.125,225.75,104.875,49.0,23.125,7.75,2.625,0.43185842,0.2114165,0.93926936,0.88416421,1.0924424,1.4294058,1.6513853,1.1646513,1.4421908,1.9185853,0.6682837,1.1576077,1.3526306,1.4846073,1.7975644,2.338022,2.6330652,2.9067962,1.2194656,302.48907,368.875,855.625,573.25,323.25,138.75,61.0,25.0,7.75,2.625,625.0,287.125,97.5,33.875,12.0,1.875,0.0,0.0,EXT363
C:/Users/MICROSOFT/Documents/nauval_mrnavac/cycpeptmp_standalone/runs/run_20260102_172000_moe/sdf/monomer.sdf,O=C(N)CC[C@](NC)C=O,10.055063,1.5160442e-09,8,O=C(N)CC[C@](NC)C=O,353.08499,264.50458,88.580406,174.20163,178.88336,819.69971,274.51068,175.92418,545.18903,0.97497207,0.8158325,20.328035,1.3719114,-0.7411046,0.28481123,0.013125361,-20.995014,0,8.8813944,12.135437,9.7767925,1.0259159,0.74912441,0.25087559,0.49337023,0.50662977,2.3215365,0.77746344,0.15401849,0.24196252,0.91282922,1003.9791,225.47453,850.62646,931.85724,2.6388752,2.3451772,1.1524527,0.92036927,147.875,185.98366,2.825197,0.067675993,3.0647745,2.4629354,1.7505283,0.98270786,0.53831601,0.25013211,0.088687524,0.029268464,332.0,187.875,141.125,118.125,97.875,66.625,33.125,15.25,0.70710677,1.2247449,0.70710677,0.5,0.70710677,1.118034,-2.1015399,-2.0365968,-2.02053,-7.987411,-7.713666,-7.6022487,1.2161109,231.125,286.0,225.625,104.625,49.125,23.0,7.75,2.625,0.43224093,0.21058202,0.94289166,0.88575727,1.0923574,1.4368968,1.6444184,1.1630849,1.4502604,1.9191308,0.66688365,1.1613466,1.3495648,1.485384,1.7972269,2.3412054,2.6327221,2.9065976,1.2194643,302.48938,368.875,855.625,572.875,323.125,138.625,61.0,24.875,7.75,2.625,624.5,286.875,97.5,34.0,11.875,1.875,0.0,0.0,EXT364
C:/Users/MICROSOFT/Documents/nauval_mrnavac/cycpeptmp_standalone/runs/run_20260102_172000_moe/sdf/monomer.sdf,O=C(N)CC[C@](NC)C=O,10.055063,1.6039667e-09,85,O=C(N)CC[C@](NC)C=O,347.39883,262.40811,84.990715,171.30991,176.08893,813.20276,263.38623,177.4174,549.81653,0.97497207,0.81583917,20.276415,1.389617,-0.73812383,0.29033807,0.012988933,-21.002968,0,8.80686,12.083817,9.7766104,1.0284619,0.75535119,0.24464883,0.49312171,0.50687826,2.3408332,0.75816673,0.15403648,0.24192317,0.91278183,1003.9166,225.43288,850.5636,931.83667,2.638793,2.3450799,1.1524339,0.92038476,147.875,187.28014,2.8307848,0.067744382,3.0649855,2.4639184,1.7508878,0.98222178,0.53829348,0.25005406,0.08846163,0.029207533,332.75,188.25,141.25,118.125,97.5,66.375,32.875,15.25,0.70710677,1.2247449,0.70710677,0.5,0.70710677,1.118034,-2.1014664,-2.0365846,-2.0209858,-7.984231,-7.7115364,-7.6072803,1.2162849,230.625,286.125,226.0,104.375,48.875,23.125,7.875,2.625,0.43097344,0.21164021,0.93967557,0.87642062,1.0918868,1.4275811,1.6574762,1.1611669,1.4484609,1.9180557,0.66632116,1.157946,1.3520498,1.4894418,1.8031132,2.3385029,2.6272612,2.9075508,1.2191522,302.46429,368.75,855.625,573.25,323.25,138.5,60.875,25.0,7.875,2.625,625.0,287.125,97.25,34.125,12.0,1.875,0.0,0.0,EXT365
C:/Users/MICROSOFT/Documents/nauval_mrnavac/cycpeptmp_standalone/runs/run_20260102_172000_moe/sdf/monomer.sdf,O=C(N)CC[C@](NC)C=O,10.055063,2.1748452e-09,1,O=C(N)CC[C@](NC)C=O,352.66446,264.84604,87.818428,173.32043,179.34402,820.75787,272.14932,177.0276,548.60852,0.97497207,0.81652343,20.237684,1.3844507,-0.73397392,0.2938894,0.012257246,-20.991804,0,8.7692137,12.045087,9.777874,1.0278633,0.75098586,0.24901412,0.49145988,0.50854009,2.3273053,0.77169478,0.1540044,0.24189517,0.91280782,1003.9897,225.42343,850.65057,931.90546,2.6388893,2.3451984,1.1524223,0.92033547,147.875,186.04419,2.8286767,0.06761758,3.065064,2.4631808,1.7507935,0.98231542,0.53835475,0.25022995,0.088722423,0.029203851,331.75,187.875,141.0,118.0,97.875,66.5,33.125,15.375,0.70710677,1.2247449,0.70710677,0.5,0.70710677,1.118034,-2.1016419,-2.0362935,-2.0204549,-7.98311,-7.7139964,-7.6007605,1.2157211,230.875,285.625,225.625,104.625,49.125,23.125,7.75,2.625,0.4317376,0.21186441,0.9413839,0.8829819,1.0920209,1.4365642,1.6449836,1.1648951,1.44067,1.9134473,0.66810852,1.1598604,1.3522571,1.4898237,1.8017648,2.3371375,2.632422,2.9066164,1.2199931,302.46072,369.0,855.375,572.75,323.125,138.625,60.875,25.0,7.75,2.625,624.5,287.125,97.5,34.0,11.75,1.875,0.0,0.0,EXT366
C:/Users/MICROSOFT/Documents/nauval_mrnavac/cycpeptmp_standalone/runs/run_20260102_172000_moe/sdf/monomer.sdf,O=C(N)CC[C@](NC)C=O,10.055063,2.197206e-09,198,O=C(N)CC[C@](NC)C=O,348.85367,262.96381,85.889862,171.29845,177.55522,814.92487,266.17267,177.07396,548.7522,0.97497207,0.81655222,20.239605,1.374844,-0.75537449,0.26909795,0.014122915,-21.015633,0,8.8046103,12.047007,9.7769299,1.0244725,0.75379401,0.24620597,0.49103239,0.50896764,2.3360076,0.76299232,0.1540442,0.2419218,0.91280973,1004.0964,225.46919,850.73145,931.99207,2.6390293,2.3450937,1.1524603,0.92041326,147.875,186.0889,2.8265545,0.067809343,3.0647862,2.462739,1.7504944,0.98229343,0.53807801,0.24998432,0.08844202,0.029199213,332.625,188.5,141.375,118.5,97.625,66.625,33.0,15.375,0.70710677,1.2247449,0.70710677,0.5,0.70710677,1.118034,-2.1016965,-2.03653,-2.0203838,-7.9860425,-7.7108221,-7.6070294,1.2164072,230.5,286.0,225.875,104.75,49.0,23.125,7.875,2.625,0.43147656,0.21097046,0.93603623,0.874901,1.0920382,1.4252452,1.64835,1.1677078,1.4417424,1.9130006,0.6681686,1.1600515,1.3520132,1.4888016,1.798104,2.3385348,2.6272938,2.9076025,1.2191672,302.56308,368.875,855.75,573.0,323.25,138.75,61.0,25.0,7.875,2.625,625.25,287.0,97.375,34.0,12.0,1.875,0.0,0.0,EXT367
C:/Users/MICROSOFT/Documents/nauval_mrnavac/cycpeptmp_standalone/runs/run_20260102_172000_moe/sdf/monomer.sdf,O=C(N)CC[C@](NC)C=O,10.055063,2.3049491e-09,190,O=C(N)CC[C@](NC)C=O,350.06641,262.32846,87.737953,172.03406,178.03235,812.95587,271.8999,174.5905,541.05597,0.97579694,0.81613147,20.24807,1.3781481,-0.73302293,0.28928307,0.014740618,-21.009375,0,8.7892494,12.055472,9.7766495,1.022306,0.74936771,0.25063232,0.49143264,0.50856739,2.3222904,0.7767095,0.15401272,0.24188386,0.91281861,1004.0276,225.42146,850.69293,931.94086,2.6389391,2.3452005,1.1524062,0.9203611,147.75,186.67422,2.825197,0.06768202,3.0649092,2.463758,1.7506882,0.98243916,0.53820604,0.25016746,0.088703096,0.029257553,332.375,188.25,141.125,118.125,97.75,66.375,33.0,15.375,0.70710677,1.2247449,0.70710677,0.5,0.70710677,1.118034,-2.10197,-2.0366263,-2.0205476,-7.9877806,-7.7166195,-7.6055932,1.2159762,230.625,285.875,226.0,104.75,49.0,23.125,7.75,2.625,0.43224093,0.21164021,0.939282,0.87982106,1.0924716,1.4296687,1.6457951,1.1606445,1.4424045,1.9132738,0.6665011,1.1598126,1.3535922,1.4844087,1.7973137,2.3377149,2.6329734,2.9070086,1.2197371,302.5242,369.0,855.375,572.875,323.25,138.75,61.0,25.0,7.75,2.625,624.75,287.0,97.25,34.0,12.0,1.875,0.0,0.0,EXT368
C:/Users/MICROSOFT/Documents/nauval_mrnavac/cycpeptmp_standalone/runs/run_20260102_172000_moe/sdf/monomer.sdf,O=C(N)CC[C@](NC)C=O,10.055063,5.5317333e-09,189,O=C(N)CC[C@](NC)C=O,349.03748,262.19669,86.84079,172.91319,176.12428,812.54755,269.1196,175.3559,543.42792,0.97497207,0.81585103,20.213684,1.3726814,-0.74234134,0.27901876,0.014640708,-20.992596,0,8.7691898,12.021085,9.7781525,1.02136,0.75119925,0.24880075,0.49540007,0.50459993,2.3279665,0.77103353,0.15403748,0.24192996,0.91285026,1004.0883,225.46992,850.74323,931.96356,2.6390188,2.3451552,1.1524985,0.92041731,147.875,185.39214,2.7725298,0.067658417,3.061172,2.4636314,1.7512733,0.9777323,0.53878635,0.24942783,0.091275148,0.02920045,332.625,188.375,141.0,118.5,98.125,65.625,33.125,15.625,0.5,0.70710677,0.86602539,0.5,1.118034,0.70710677,-2.0737724,-2.0649765,-2.0319831,-7.8589292,-7.8063545,-7.77808,1.2192181,226.5,281.25,228.875,103.0,49.375,23.5,8.625,2.375,0.43882978,0.21308017,0.9289391,0.88041854,1.1013702,1.4496056,1.70892,1.1900114,1.5039983,1.8637079,0.66688561,1.1600741,1.334679,1.4740453,1.7357203,2.3208253,2.6224253,2.8689387,1.2162191,303.19373,368.75,852.375,568.625,326.125,136.75,61.875,25.25,8.625,2.375,625.875,287.375,97.25,33.75,12.5,1.75,0.0,0.0,EXT369
C:/Users/MICROSOFT/Documents/nauval_mrnavac/cycpeptmp_standalone/runs/run_20260102_172000_moe/sdf/monomer.sdf,O=C(N)CC[C@](NC)C=O,10.055063,6.9620416e-09,116,O=C(N)CC[C@](NC)C=O,353.224,265.88504,87.338966,173.57629,179.64772,823.97772,270.66348,178.54607,553.31427,0.97579694,0.81645024,20.228313,1.3824838,-0.72827566,0.29635578,0.013907862,-20.991451,0,8.7584419,12.035715,9.7771235,1.0246314,0.7527377,0.24726227,0.4914057,0.50859427,2.3327341,0.76626575,0.15398765,0.24187987,0.91284889,1004.0166,225.41249,850.70142,931.91919,2.6389246,2.345175,1.1524923,0.92027617,147.75,185.56334,2.8251204,0.067626305,3.0647006,2.4628165,1.7505227,0.98237586,0.53813308,0.25008765,0.08863131,0.029220853,332.25,188.125,141.0,118.25,97.625,66.5,33.0,15.25,0.70710677,1.2247449,0.70710677,0.5,0.70710677,1.118034,-2.1015718,-2.0366285,-2.0199606,-7.9863558,-7.7131772,-7.6049209,1.2163398,230.375,285.875,226.125,104.75,49.125,23.125,7.75,2.625,0.4326241,0.2114165,0.93836778,0.8809005,1.0920144,1.4330363,1.6518341,1.1644647,1.4422047,1.9183092,0.66721362,1.1591669,1.3530946,1.4841779,1.7971387,2.3376036,2.6327996,2.9068384,1.2192348,302.5463,368.875,855.375,573.0,323.375,138.75,61.0,25.0,7.75,2.625,625.0,287.125,97.25,34.0,11.875,1.875,0.0,0.0,EXT370
C:/Users/MICROSOFT/Documents/nauval_mrnavac/cycpeptmp_standalone/runs/run_20260102_172000_moe/sdf/monomer.sdf,O=C(N)CC[C@](NC)C=O,10.078038,0.022974707,151,O=C(N)CC[C@](NC)C=O,351.10638,263.43475,87.671623,170.32285,180.78352,816.38428,271.69437,175.76312,544.68994,0.98412287,1.7399579,22.740088,1.3815097,1.8016857,2.8344355,0.014239902,-23.730865,0,8.7246504,12.441851,9.7852526,1.0327497,0.75029898,0.24970104,0.48510325,0.51489675,2.3251765,0.7738235,0.12346689,0.23706374,0.89903396,1007.7557,223.68109,848.28204,943.54834,2.6438339,2.4119043,1.1459246,0.8474915,146.5,186.68668,3.3897352,0.065515548,3.0611949,2.4515059,1.710469,0.97407812,0.53387499,0.26440871,0.10852328,0.028775074,333.625,192.375,145.375,120.125,99.875,65.75,35.5,16.875,0.70710677,0.86602539,0.5,0.5,0.5,1.0,-2.0970757,-2.082516,-2.0674534,-7.8651795,-7.7997842,-7.482142,1.2169982,222.375,270.875,214.25,105.875,52.375,25.25,9.5,2.5,0.42906275,0.22580644,1.2278192,1.1815112,1.3870276,1.7024311,1.9114068,1.730911,1.7457876,1.8166609,0.68659461,1.2437156,1.5572797,1.8362428,2.0572305,2.4297314,2.6084354,2.7378728,1.2206364,303.73499,370.75,852.625,568.75,317.5,137.5,62.375,27.125,9.5,2.5,630.25,297.875,103.25,31.625,10.0,1.875,0.0,0.0,EXT371
C:/Users/MICROSOFT/Documents/nauval_mrnavac/cycpeptmp_standalone/runs/run_20260102_172000_moe/sdf/monomer.sdf,O=C(N)CC[C@](NC)C=O,10.078038,0.022974707,150,O=C(N)CC[C@](NC)C=O,350.90356,263.53201,87.371574,173.49678,177.40678,816.68567,270.7645,176.16043,545.92114,0.98328388,1.7401924,22.768154,1.3541936,1.8140004,2.8428087,0.014311253,-23.737757,0,8.7724857,12.268715,9.7843552,1.0288084,0.75100976,0.24899027,0.49442866,0.50557137,2.3273792,0.77162081,0.12348033,0.23711452,0.89903277,1007.8818,223.7518,848.36725,943.64441,2.6439991,2.4118457,1.1460131,0.84751701,146.625,187.12643,3.3178923,0.064568803,3.06338,2.4500642,1.7105653,0.97650111,0.53745735,0.25916663,0.10994291,0.028279727,331.125,190.0,144.125,119.125,99.875,66.125,36.5,17.0,0.5,0.70710677,0.86602539,0.5,0.5,1.0,-2.091007,-2.0889959,-2.0794144,-7.9899149,-7.9747682,-7.7143121,1.2163384,221.125,268.0,217.875,106.75,52.5,24.125,9.875,2.375,0.43451864,0.21511018,1.2189099,1.1866466,1.3508939,1.6609186,1.8712846,1.7089672,1.7522295,1.8659488,0.68431908,1.2377878,1.5537717,1.8604914,2.0211089,2.4231489,2.5995247,2.9101822,1.2211614,303.50208,370.625,849.375,568.5,318.25,137.375,62.625,25.625,9.875,2.375,628.25,300.5,100.375,30.625,10.125,1.5,0.0,0.0,EXT372
C:/Users/MICROSOFT/Documents/nauval_mrnavac/cycpeptmp_standalone/runs/run_20260102_172000_moe/sdf/monomer.sdf,O=C(N)CC[C@](NC)C=O,10.078038,0.022974707,105,O=C(N)CC[C@](NC)C=O,351.45901,263.5976,87.861412,172.96971,178.48929,816.88892,272.2825,175.73618,544.60645,0.98244631,1.740079,22.805151,1.382112,1.8251103,2.8565373,0.014059928,-23.731073,0,8.7673845,12.506914,9.785058,1.031427,0.75000948,0.24999049,0.49214762,0.50785238,2.3242795,0.77472055,0.12344766,0.23706087,0.89907575,1007.7748,223.67857,848.32208,943.54907,2.6438589,2.4118726,1.1459181,0.84741431,146.75,187.01399,3.3839598,0.065404244,3.0615153,2.4514263,1.7105691,0.97411257,0.53386211,0.26439902,0.10846007,0.028801458,333.375,192.0,145.125,119.875,99.875,65.625,35.5,16.875,0.70710677,0.86602539,0.5,0.5,0.5,1.0,-2.0971293,-2.0826168,-2.0671146,-7.8673091,-7.7993383,-7.4867969,1.2170023,222.625,270.125,214.5,106.125,52.375,25.375,9.5,2.375,0.42980188,0.22732012,1.2259324,1.180685,1.3803508,1.6941884,1.9109788,1.72879,1.7461435,1.8172612,0.68714201,1.2442619,1.5537164,1.8342986,2.0574615,2.4327064,2.6084845,2.8316069,1.2206323,303.73602,370.75,852.75,568.5,317.875,137.75,62.375,27.25,9.5,2.375,630.125,298.375,103.375,31.625,10.0,1.875,0.0,0.0,EXT373
C:/Users/MICROSOFT/Documents/nauval_mrnavac/cycpeptmp_standalone/runs/run_20260102_172000_moe/sdf/monomer.sdf,O=C(N)CC[C@](NC)C=O,10.078038,0.022974707,149,O=C(N)CC[C@](NC)C=O,349.97379,263.25009,86.723701,172.33014,177.64366,815.81207,268.75674,176.5264,547.0553,0.98244631,1.7397156,22.787884,1.377898,1.7995789,2.8303308,0.014133231,-23.726927,0,8.781291,12.489646,9.7842302,1.0307519,0.75219947,0.24780054,0.49240866,0.50759131,2.3310661,0.76793391,0.12344433,0.23708935,0.8989774,1007.8527,223.73003,848.32251,943.65277,2.643961,2.4118383,1.1460674,0.84739089,146.75,185.43605,3.3118675,0.064396806,3.0624807,2.450834,1.7100481,0.97669691,0.5374549,0.25917578,0.11000381,0.028341971,331.0,189.75,143.75,118.75,99.5,66.125,36.5,16.875,0.5,0.70710677,0.86602539,0.5,0.5,1.0,-2.0904195,-2.0892448,-2.0793278,-7.9890914,-7.9745064,-7.7133703,1.2161459,221.375,268.375,217.375,107.0,52.5,24.125,9.875,2.375,0.43565217,0.21578947,1.2176127,1.1885265,1.34746,1.6576557,1.8640865,1.7066939,1.7523539,1.8708375,0.68464911,1.2361892,1.5544958,1.853471,2.0203271,2.4224265,2.5988996,2.909883,1.2214919,303.52228,370.75,849.375,569.0,318.0,137.75,62.625,25.625,9.875,2.375,628.0,300.625,100.625,30.75,10.125,1.5,0.0,0.0,EXT374
C:/Users/MICROSOFT/Documents/nauval_mrnavac/cycpeptmp_standalone/runs/run_20260102_172000_moe/sdf/monomer.sdf,O=C(N)CC[C@](NC)C=O,10.078038,0.022974707,82,O=C(N)CC[C@](NC)C=O,353.11633,266.03827,87.078072,173.74718,179.36916,824.45258,269.85495,178.96021,554.59766,0.98244631,1.7405866,22.814791,1.3762482,1.8223802,2.8551486,0.014952766,-23.740353,0,8.7830296,12.516553,9.7854109,1.0327682,0.75340116,0.24659881,0.49203947,0.5079605,2.3347902,0.76420969,0.12346116,0.23711053,0.89905047,1007.7057,223.7075,848.23035,943.47351,2.6437683,2.4117706,1.1460065,0.84742481,146.75,186.58684,3.3101799,0.06460274,3.0630362,2.4509215,1.7105716,0.97648847,0.53715199,0.25921991,0.10997259,0.028346071,331.25,189.875,144.125,118.75,99.625,66.25,36.625,17.125,0.5,0.70710677,0.86602539,0.5,0.5,1.0,-2.091085,-2.089021,-2.0802205,-7.9877839,-7.9733477,-7.7146902,1.2163905,221.125,268.625,217.75,106.625,52.75,24.125,9.875,2.5,0.43538594,0.21578947,1.2198366,1.1853386,1.3417015,1.659784,1.8645602,1.7097099,1.7498544,1.8564953,0.68371171,1.2372453,1.5588381,1.8584269,2.0244479,2.422153,2.5985267,2.9437702,1.221109,303.51508,370.625,849.25,568.875,318.5,137.25,62.75,25.625,9.875,2.5,628.125,300.25,100.75,30.625,10.0,1.5,0.0,0.0,EXT375
C:/Users/MICROSOFT/Documents/nauval_mrnavac/cycpeptmp_standalone/runs/run_20260102_172000_moe/sdf/monomer.sdf,O=C(N)CC[C@](NC)C=O,10.078038,0.022974707,147,O=C(N)CC[C@](NC)C=O,350.07623,261.70416,88.372047,173.28543,176.79079,811.02124,273.86499,173.33212,537.15625,0.98244631,1.7401528,22.811291,1.3894928,1.7987015,2.8281155,0.014553496,-23.739914,0,8.7946138,12.513054,9.7845154,1.0294139,0.74756342,0.25243661,0.49499342,0.50500655,2.316699,0.78230101,0.12345321,0.23706762,0.89900845,1007.819,223.70107,848.31976,943.61713,2.6439168,2.4118311,1.1460347,0.84741884,146.75,186.3084,3.3939321,0.065462194,3.0611064,2.451745,1.7103993,0.97409397,0.53385305,0.26439747,0.10845021,0.028790906,333.75,192.625,145.25,120.125,99.875,65.75,35.5,16.875,0.70710677,0.86602539,0.5,0.5,0.5,1.0,-2.0970933,-2.0822723,-2.0671904,-7.8652859,-7.7993183,-7.4838881,1.2169929,222.625,270.125,214.375,106.0,52.375,25.25,9.5,2.5,0.429432,0.22580644,1.2276446,1.180279,1.3917459,1.7023627,1.9113015,1.7312076,1.74642,1.8173695,0.68595362,1.2434402,1.5549704,1.8324696,2.0570712,2.4294655,2.6081002,2.7374341,1.2206419,303.73364,370.75,852.5,568.375,317.75,137.625,62.375,27.125,9.5,2.5,629.875,298.25,103.375,31.625,10.0,1.875,0.0,0.0,EXT376
C:/Users/MICROSOFT/Documents/nauval_mrnavac/cycpeptmp_standalone/runs/run_20260102_172000_moe/sdf/monomer.sdf,O=C(N)CC[C@](NC)C=O,10.078038,0.022974707,155,O=C(N)CC[C@](NC)C=O,350.40109,263.15714,87.243958,173.18382,177.21727,815.52399,270.36902,175.91319,545.15497,0.98328388,1.7396524,22.736555,1.3618289,1.7978553,2.8348467,0.013701803,-23.726732,0,8.7403517,12.237115,9.7858248,1.0369915,0.75101691,0.24898311,0.49424452,0.50575548,2.3274014,0.77159864,0.12343697,0.2370991,0.89901328,1007.6588,223.69141,848.17511,943.45111,2.6437068,2.4116786,1.1459004,0.84730947,146.625,186.45557,3.3164837,0.064566478,3.0628238,2.450223,1.7107395,0.9769336,0.53748399,0.25921115,0.10999119,0.028323708,331.25,190.0,144.125,119.0,100.0,66.375,36.5,17.125,0.5,0.70710677,0.86602539,0.5,0.5,1.0,-2.0909312,-2.0891325,-2.0793614,-7.9860287,-7.9721656,-7.7112875,1.2163219,221.25,268.5,217.5,106.875,52.625,24.125,9.875,2.375,0.43538594,0.21533613,1.2182287,1.1870389,1.351323,1.6623256,1.8723284,1.7154056,1.7526469,1.8562768,0.68379426,1.237027,1.5543512,1.8603712,2.01928,2.4227467,2.5990751,2.9096754,1.2211778,303.49799,370.625,849.375,568.875,318.25,137.5,62.75,25.625,9.875,2.375,628.125,300.375,100.75,30.625,10.125,1.5,0.0,0.0,EXT377
C:/Users/MICROSOFT/Documents/nauval_mrnavac/cycpeptmp_standalone/runs/run_20260102_172000_moe/sdf/monomer.sdf,O=C(N)CC[C@](NC)C=O,10.078038,0.022974709,30,O=C(N)CC[C@](NC)C=O,351.26862,264.20514,87.063469,172.38127,178.88734,818.77173,269.80969,177.14166,548.96204,0.98328388,1.7393264,22.805117,1.3716184,1.81739,2.8531327,0.014510338,-23.722267,0,8.7818594,12.506881,9.7839966,1.0357428,0.75214559,0.24785441,0.49073917,0.50926083,2.3308992,0.7681008,0.12346319,0.23709619,0.89904952,1007.7156,223.69777,848.24384,943.48956,2.6437812,2.4117408,1.1459906,0.84742129,146.625,188.37482,3.3089182,0.06450244,3.0627885,2.4508567,1.7106965,0.9764331,0.53753471,0.25916395,0.10997815,0.028352475,331.125,190.0,144.0,118.75,99.5,66.125,36.5,17.125,0.5,0.70710677,0.86602539,0.5,0.5,1.0,-2.0910137,-2.0889676,-2.0796776,-7.9869127,-7.9716935,-7.7125449,1.2163587,221.25,268.625,217.75,106.625,52.375,24.125,9.875,2.375,0.43489584,0.21578947,1.2191845,1.1872245,1.3443786,1.6593779,1.8635275,1.706334,1.7523242,1.8558683,0.68331659,1.236452,1.5541323,1.8597909,2.020777,2.4228277,2.5992494,2.9100688,1.221141,303.50714,370.625,849.375,569.0,318.375,137.5,62.625,25.625,9.875,2.375,628.125,300.375,100.625,30.875,10.25,1.5,0.0,0.0,EXT378
C:/Users/MICROSOFT/Documents/nauval_mrnavac/cycpeptmp_standalone/runs/run_20260102_172000_moe/sdf/monomer.sdf,O=C(N)CC[C@](NC)C=O,10.078038,0.022974713,111,O=C(N)CC[C@](NC)C=O,351.2612,263.96259,87.298615,172.99541,178.26581,818.02008,270.53839,176.66399,547.48169,0.98328388,1.7409329,22.778614,1.3714644,1.8202693,2.8572013,0.014723035,-23.744991,0,8.7503014,12.480376,9.7849236,1.036932,0.75147098,0.24852905,0.49249789,0.50750214,2.3288085,0.77019149,0.12343037,0.23704292,0.8991133,1007.7849,223.6618,848.35815,943.5498,2.643872,2.4119041,1.1458197,0.84736603,146.625,187.03334,3.3839598,0.06541618,3.0612171,2.4511652,1.7100929,0.97408128,0.53374875,0.26431191,0.10841747,0.02871885,333.375,192.25,145.125,120.0,99.875,65.625,35.5,16.875,0.70710677,0.86602539,0.5,0.5,0.5,1.0,-2.0972223,-2.0821497,-2.0670848,-7.861814,-7.7946553,-7.4821486,1.2175862,222.375,270.625,214.625,105.875,52.375,25.25,9.5,2.375,0.42980188,0.22604166,1.2257446,1.1783795,1.3803931,1.6932945,1.9111571,1.7286683,1.7456912,1.8166628,0.68790352,1.2444941,1.5516796,1.8329813,2.0574296,2.4298956,2.6086204,2.83199,1.2197727,303.74512,370.5,852.5,568.75,318.0,137.5,62.375,27.125,9.5,2.375,630.125,298.125,103.375,31.625,10.0,1.875,0.0,0.0,EXT379
C:/Users/MICROSOFT/Documents/nauval_mrnavac/cycpeptmp_standalone/runs/run_20260102_172000_moe/sdf/monomer.sdf,O=C(N)CC[C@](NC)C=O,10.295839,0.24077642,127,O=C(N)CC[C@](NC)C=O,351.18085,260.55289,90.627975,163.72516,187.45569,807.45337,280.85611,169.9249,526.59723,0.98412287,0.8443433,22.830637,1.4989363,0.22768833,1.2938393,0.017057141,-21.479994,0,8.8015461,13.632736,11.219258,1.066151,0.74193358,0.25806639,0.46621326,0.53378677,2.2992523,0.79974777,0.11538976,0.25849769,0.83158296,1014.3995,250.91846,807.20074,970.67975,2.6525345,2.4068708,1.16969,0.81759161,146.5,185.7379,2.6060758,0.061020635,3.0765283,2.4879003,1.8187227,1.0188814,0.54945284,0.23064436,0.064517133,0.0022938966,316.875,185.0,139.875,114.375,93.375,57.75,30.25,15.25,0.5,0.86602539,0.70710677,0.5,0.70710677,0.5,-2.0943322,-2.0557292,-2.0518472,-6.1529684,-6.0401511,-6.0209389,1.2182828,240.375,291.125,226.125,108.375,50.625,19.75,5.5,0.5,0.44235924,0.19016394,0.71238375,0.79357487,1.0955162,1.4693487,1.6645739,1.0085466,0.9008224,1.2369565,0.63590026,1.0384469,1.147804,1.2784711,1.6021903,2.1373961,3.3925974,4.8044467,1.2209915,304.87518,372.25,867.125,591.125,335.5,142.625,61.875,21.75,5.5,0.5,626.75,300.0,109.375,34.25,11.25,2.0,0.0,0.0,EXT380
C:/Users/MICROSOFT/Documents/nauval_mrnavac/cycpeptmp_standalone/runs/run_20260102_172000_moe/sdf/monomer.sdf,O=C(N)CC[C@](NC)C=O,10.38333,0.32826734,152,O=C(N)CC[C@](NC)C=O,346.87885,255.48404,91.394798,170.97983,175.899,791.745,283.23248,164.08923,508.51254,0.98580509,0.78771925,27.450996,1.4644002,6.1308312,7.1635838,0.014059377,-25.236519,0,8.7979546,17.241592,10.010998,1.0327529,0.73652244,0.26347759,0.4929094,0.50709063,2.2824829,0.81651706,0.11323537,0.20793663,0.88185269,1008.4865,200.6913,851.12549,965.15607,2.6447923,2.491919,1.0509614,0.83854228,146.25,184.50519,2.9757648,0.059153639,3.0881021,2.4808443,1.7143745,1.0457829,0.54819584,0.2555812,0.095221542,0.033470917,323.5,187.0,139.5,115.125,96.125,64.75,36.5,16.625,0.86602539,0.70710677,0.5,0.5,0.5,1.0,-2.0786512,-2.0650766,-2.0619872,-8.3566475,-7.858047,-7.7954698,1.2152876,233.125,286.875,230.5,111.875,50.5,22.125,8.5,2.875,0.43637994,0.21281216,1.0958492,1.0435748,1.2283862,1.5709922,1.8389978,1.574823,2.0453587,2.0770409,0.64248848,1.1210402,1.3844597,1.4937727,1.769464,2.2151039,2.6926854,3.0860786,1.218081,301.19098,366.875,865.0,581.125,332.625,145.0,60.875,24.5,8.5,2.875,631.875,294.25,102.125,33.125,10.375,2.375,0.0,0.0,EXT381
C:/Users/MICROSOFT/Documents/nauval_mrnavac/cycpeptmp_standalone/runs/run_20260102_172000_moe/sdf/monomer.sdf,O=C(N)CC[C@](NC)C=O,10.38333,0.32826734,171,O=C(N)CC[C@](NC)C=O,345.9516,255.0444,90.907204,169.14473,176.80688,790.38263,281.72144,164.13719,508.66116,0.98412287,0.78601992,27.448606,1.452795,6.1212096,7.1515136,0.014908199,-25.223965,0,8.8175344,17.239202,10.011856,1.0303043,0.73722565,0.26277435,0.48892596,0.51107407,2.2846622,0.81433767,0.1132413,0.20796664,0.88177711,1008.4493,200.71725,851.03973,965.1416,2.6447434,2.4919026,1.0510277,0.83855873,146.5,183.4061,2.98523,0.058949288,3.0884027,2.4807088,1.7158786,1.0459104,0.54811871,0.25551823,0.095210396,0.033483483,323.625,186.625,139.0,114.75,96.25,64.875,36.125,16.625,0.86602539,0.70710677,0.5,0.5,0.5,1.0,-2.0787969,-2.0650959,-2.0620742,-8.358429,-7.8550825,-7.8046174,1.2150245,233.25,286.375,231.0,111.875,50.5,22.0,8.5,2.75,0.43794963,0.2124183,1.1011157,1.0492288,1.2372766,1.574365,1.836113,1.5711641,2.0502055,2.068434,0.64057142,1.1222564,1.3793306,1.4943308,1.7700772,2.2011344,2.6934314,3.0394022,1.2184832,301.19415,367.0,865.25,580.625,333.0,145.0,60.875,24.375,8.5,2.75,632.0,294.25,102.0,33.125,10.375,2.375,0.0,0.0,EXT382
C:/Users/MICROSOFT/Documents/nauval_mrnavac/cycpeptmp_standalone/runs/run_20260102_172000_moe/sdf/monomer.sdf,O=C(N)CC[C@](NC)C=O,10.38333,0.32826734,199,O=C(N)CC[C@](NC)C=O,347.29236,256.54388,90.748459,171.7,175.59236,795.02954,281.22946,165.79544,513.80005,0.98496324,0.78596836,27.454258,1.4585942,6.1212192,7.1547308,0.014872655,-25.235224,0,8.8147869,17.244854,10.011273,1.0335116,0.73869723,0.26130277,0.49439612,0.50560385,2.2892227,0.80977732,0.11322806,0.20791076,0.88181502,1008.3891,200.65306,851.03284,965.09229,2.6446645,2.4919226,1.0510272,0.83851641,146.375,185.04744,2.8429978,0.059008777,3.0824552,2.4777951,1.7129077,1.0515461,0.55102521,0.25109899,0.095054798,0.034475777,326.125,185.25,140.75,114.875,95.75,64.75,35.125,17.25,0.5,0.86602539,0.70710677,0.5,0.5,0.70710677,-2.0394597,-2.0365322,-1.9874307,-7.8066173,-7.7633209,-7.5876374,1.2076167,229.875,287.5,225.625,109.75,50.625,23.25,8.25,2.875,0.43516874,0.21762785,1.1050711,1.0280606,1.1626607,1.5048019,1.7235821,1.3634857,1.9402759,2.0685563,0.6263271,1.1297622,1.3543053,1.4971949,1.7081833,2.2152224,2.6678874,3.3037398,1.2305336,301.5968,371.125,859.75,580.125,327.875,142.375,61.25,25.0,8.25,2.875,629.875,292.625,102.25,32.625,10.625,1.75,0.0,0.0,EXT383
C:/Users/MICROSOFT/Documents/nauval_mrnavac/cycpeptmp_standalone/runs/run_20260102_172000_moe/sdf/monomer.sdf,O=C(N)CC[C@](NC)C=O,10.38333,0.32826734,40,O=C(N)CC[C@](NC)C=O,347.33051,255.42746,91.903053,171.37639,175.95412,791.5697,284.80756,163.5244,506.76212,0.98580509,0.78564161,27.41363,1.453739,6.1176286,7.1500478,0.014172087,-25.226219,0,8.7827425,17.204226,10.012928,1.0324193,0.73540175,0.26459828,0.49341014,0.50658989,2.2790101,0.81999004,0.11321312,0.20795466,0.88177276,1008.5474,200.72678,851.125,965.24304,2.6448722,2.4919116,1.0511322,0.83845747,146.25,184.70908,2.9926465,0.057020742,3.0817602,2.4772387,1.7098001,1.0496001,0.55185443,0.2494195,0.095310889,0.033739466,325.5,186.125,136.125,114.875,96.625,65.5,36.75,17.5,0.70710677,0.86602539,0.5,0.5,0.5,1.0,-2.086575,-2.0571094,-2.0558007,-8.3890848,-8.1677837,-7.7377114,1.2090116,233.5,284.625,229.375,113.375,52.0,22.5,8.5,3.0,0.45638201,0.21001089,1.113484,1.0308632,1.2286142,1.5199845,1.8357073,1.5822574,1.9961789,2.0715575,0.63341385,1.1494455,1.3553483,1.4629674,1.7806953,2.2422869,2.6626906,3.2587166,1.228009,301.4025,370.125,866.5,579.125,331.5,146.25,62.125,24.125,8.5,3.0,633.0,294.5,102.125,32.875,10.125,1.625,0.0,0.0,EXT384
C:/Users/MICROSOFT/Documents/nauval_mrnavac/cycpeptmp_standalone/runs/run_20260102_172000_moe/sdf/monomer.sdf,O=C(N)CC[C@](NC)C=O,10.38333,0.32826734,34,O=C(N)CC[C@](NC)C=O,350.28537,258.61526,91.670128,172.15266,178.13272,801.44867,284.08572,166.94513,517.36298,0.98412287,0.7861464,27.397184,1.4586217,6.1183453,7.1490359,0.013563723,-25.214041,0,8.7646475,17.18778,10.011315,1.030691,0.73829871,0.26170126,0.49146402,0.50853598,2.2879877,0.81101221,0.11320738,0.20789267,0.88184536,1008.5435,200.66516,851.1875,965.23438,2.6448672,2.4920473,1.0510424,0.83848184,146.5,184.62521,2.9730332,0.05905766,3.08779,2.4809813,1.7138739,1.0455484,0.54811037,0.25557229,0.095271766,0.033519126,323.875,186.875,139.25,115.0,96.0,64.75,36.5,16.75,0.86602539,0.70710677,0.5,0.5,0.5,1.0,-2.0786874,-2.0647638,-2.0619314,-8.3592768,-7.8580103,-7.803628,1.2149947,233.25,286.875,230.625,111.5,50.5,22.25,8.5,2.75,0.43716338,0.21413043,1.0972162,1.0419617,1.2245708,1.5677458,1.8354446,1.5742487,2.0447261,2.0786321,0.64026344,1.1226733,1.3849269,1.4915378,1.7699423,2.2123396,2.6933005,3.0393026,1.2185131,301.18674,367.0,865.375,581.25,332.75,144.625,60.875,24.625,8.5,2.75,632.125,294.375,102.125,33.125,10.375,2.375,0.0,0.0,EXT385
C:/Users/MICROSOFT/Documents/nauval_mrnavac/cycpeptmp_standalone/runs/run_20260102_172000_moe/sdf/monomer.sdf,O=C(N)CC[C@](NC)C=O,10.38333,0.32826737,108,O=C(N)CC[C@](NC)C=O,347.95203,256.90292,91.04911,169.70222,178.24982,796.14215,282.16119,165.85382,513.98096,0.98328388,0.78625602,27.43491,1.4698317,6.1227398,7.1553979,0.013450608,-25.226009,0,8.7862091,17.225506,10.010021,1.0326582,0.73832858,0.26167145,0.4877173,0.51228273,2.2880802,0.81091982,0.11323166,0.20790744,0.88185322,1008.4744,200.6635,851.1275,965.15784,2.6447766,2.4920099,1.0509478,0.83855909,146.625,185.18779,2.9721866,0.059007678,3.087894,2.4803822,1.7138131,1.0457878,0.54809749,0.25554189,0.095205396,0.033442877,323.5,186.75,139.125,115.25,96.25,64.75,36.5,16.75,0.86602539,0.70710677,0.5,0.5,0.5,1.0,-2.0786841,-2.0647583,-2.0619168,-8.3570166,-7.85709,-7.8000655,1.2149608,232.75,286.875,230.625,111.625,50.625,22.125,8.5,2.75,0.43845463,0.21258135,1.0963912,1.0433608,1.2251775,1.5557846,1.8328096,1.5743835,2.0450211,2.0790241,0.64205712,1.122828,1.3838295,1.4903507,1.7685134,2.2024248,2.6930001,3.0389078,1.218547,301.17838,367.0,864.875,581.0,332.75,144.75,61.0,24.5,8.5,2.75,632.125,294.125,102.125,33.125,10.375,2.375,0.0,0.0,EXT386
C:/Users/MICROSOFT/Documents/nauval_mrnavac/cycpeptmp_standalone/runs/run_20260102_172000_moe/sdf/monomer.sdf,O=C(N)CC[C@](NC)C=O,10.38333,0.32826737,104,O=C(N)CC[C@](NC)C=O,349.79684,256.67996,93.116898,171.08727,178.70958,795.45117,288.56927,163.56305,506.8819,0.98496324,0.78555399,27.437468,1.4576581,6.1310215,7.1700435,0.014808857,-25.214115,0,8.7826996,17.228064,10.012258,1.0390221,0.73379719,0.26620278,0.48910466,0.51089537,2.2740376,0.82496244,0.11321333,0.20789918,0.88184589,1008.3005,200.62242,850.98004,964.9986,2.6445484,2.4918985,1.0508897,0.83845383,146.375,185.08791,2.8481071,0.058947776,3.082232,2.4778664,1.7129022,1.0517356,0.55113661,0.25111622,0.094935521,0.034518179,326.0,185.25,140.625,114.875,96.125,64.75,35.125,17.25,0.5,0.86602539,0.70710677,0.5,0.5,0.70710677,-2.0400147,-2.0367322,-1.9876994,-7.8085389,-7.7637825,-7.5917897,1.2075486,229.875,288.0,225.75,109.625,50.75,23.125,8.375,2.875,0.43644443,0.21762785,1.1063552,1.0279722,1.1617335,1.5098163,1.7144955,1.3636577,1.9528172,2.0690374,0.62764597,1.1294597,1.3544638,1.4998642,1.7136954,2.2153137,2.6678874,3.3035028,1.230603,301.5798,371.125,859.75,580.375,327.875,142.25,61.375,25.0,8.375,2.875,629.875,292.375,102.125,32.625,10.625,1.875,0.0,0.0,EXT387
C:/Users/MICROSOFT/Documents/nauval_mrnavac/cycpeptmp_standalone/runs/run_20260102_172000_moe/sdf/monomer.sdf,O=C(N)CC[C@](NC)C=O,10.38333,0.32826737,168,O=C(N)CC[C@](NC)C=O,349.26462,257.74979,91.514824,172.02097,177.24365,798.7666,283.60446,166.23497,515.16217,0.98412287,0.78568125,27.454891,1.4485756,6.1202478,7.1546297,0.012895557,-25.21846,0,8.8271646,17.245487,10.011625,1.034382,0.73797852,0.26202145,0.49252331,0.50747669,2.2869954,0.81200451,0.11325066,0.20792162,0.88185722,1008.3891,200.65846,851.052,965.06781,2.6446645,2.4919181,1.0509964,0.83859861,146.5,184.50493,2.9704442,0.059021067,3.0881705,2.4804034,1.714304,1.0455472,0.54845458,0.2555019,0.095197186,0.033515174,323.625,186.625,139.25,114.875,96.125,64.75,36.375,16.625,0.86602539,0.70710677,0.5,0.5,0.5,1.0,-2.0785666,-2.0647695,-2.0618241,-8.3600283,-7.8578296,-7.8050566,1.2149849,233.125,286.75,230.875,111.75,50.75,22.125,8.5,2.75,0.4389587,0.2132753,1.0970627,1.0417836,1.2240074,1.5661757,1.8380975,1.5743302,2.0411828,2.0766244,0.64144814,1.122412,1.3857445,1.4926535,1.7692837,2.2024362,2.6931098,3.0390739,1.2185229,301.18433,367.0,865.125,581.0,332.875,144.875,61.125,24.5,8.5,2.75,632.0,294.25,102.0,33.125,10.375,2.375,0.0,0.0,EXT388
C:/Users/MICROSOFT/Documents/nauval_mrnavac/cycpeptmp_standalone/runs/run_20260102_172000_moe/sdf/monomer.sdf,O=C(N)CC[C@](NC)C=O,10.38333,0.32826737,197,O=C(N)CC[C@](NC)C=O,351.29703,258.40088,92.896141,172.80138,178.49564,800.7843,287.88513,165.50473,512.89917,0.98496324,0.78496432,27.389009,1.4579422,6.124917,7.1597762,0.013073771,-25.21566,0,8.7474947,17.179605,10.010722,1.0348594,0.73556238,0.26443759,0.49189541,0.50810462,2.2795079,0.8194921,0.11322621,0.20785929,0.88187778,1008.4136,200.60719,851.10956,965.11053,2.6446967,2.4919655,1.0509326,0.83852404,146.375,184.299,2.9757648,0.059159949,3.0879269,2.4808629,1.7151638,1.0457373,0.54817522,0.25556505,0.095191807,0.033474326,323.875,186.875,139.5,115.125,96.25,64.75,36.625,16.625,0.86602539,0.70710677,0.5,0.5,0.5,1.0,-2.078706,-2.0648291,-2.0620286,-8.3595667,-7.8577619,-7.8042874,1.2149277,232.875,286.875,230.875,111.75,50.5,22.125,8.5,2.75,0.43637994,0.21281216,1.0943142,1.0449389,1.2282608,1.5708756,1.8330541,1.5746362,2.0490103,2.0775065,0.64255565,1.1216556,1.3825489,1.4924402,1.7696241,2.2021894,2.6928399,3.038816,1.2185802,301.17017,367.0,865.0,581.125,332.875,144.875,60.875,24.5,8.5,2.75,632.125,294.25,102.0,33.125,10.375,2.375,0.0,0.0,EXT389
C:/Users/MICROSOFT/Documents/nauval_mrnavac/cycpeptmp_standalone/runs/run_20260102_172000_moe/sdf/monomer.sdf,O=C(N)CC[C@](NC)C=O,10.38333,0.32826737,148,O=C(N)CC[C@](NC)C=O,346.05237,254.93121,91.12114,170.68748,175.36487,790.03186,282.38443,163.81007,507.64743,0.98496324,0.78546846,27.467785,1.4645795,6.1166201,7.1507783,0.013143138,-25.231035,0,8.827219,17.258381,10.012064,1.0341583,0.73668396,0.26331607,0.49324182,0.50675821,2.2829835,0.81601644,0.11325299,0.20790139,0.88181543,1008.3817,200.6434,851.03064,965.08929,2.6446548,2.4918153,1.0509573,0.83857268,146.375,183.53419,2.9858613,0.059051249,3.0882506,2.4809046,1.7150007,1.0467714,0.54821593,0.25559127,0.095247023,0.033516739,323.875,186.625,139.25,115.25,96.375,65.0,36.25,16.625,0.86602539,0.70710677,0.5,0.5,0.5,1.0,-2.0788174,-2.06511,-2.0623395,-8.3599224,-7.8575239,-7.8043017,1.2148925,233.125,286.875,230.75,111.875,50.625,22.125,8.5,2.875,0.43806103,0.21258135,1.0990044,1.0526884,1.2411045,1.5669985,1.8305968,1.5724015,2.0540414,2.0778339,0.64219588,1.1229355,1.3844013,1.4936705,1.7682607,2.2021937,2.6927669,3.0860882,1.2186155,301.16144,367.0,865.125,581.125,332.875,145.0,61.0,24.5,8.5,2.875,632.0,294.25,102.125,33.125,10.375,2.375,0.0,0.0,EXT390
C:/Users/MICROSOFT/Documents/nauval_mrnavac/cycpeptmp_standalone/runs/run_20260102_172000_moe/sdf/monomer.sdf,O=C(N)CC[C@](NC)C=O,10.38333,0.32826737,41,O=C(N)CC[C@](NC)C=O,349.95065,257.45761,92.493019,172.79118,177.15945,797.86115,286.63586,164.9646,511.22528,0.98580509,0.78702074,27.489567,1.4622403,6.1208963,7.1510811,0.014304278,-25.231636,0,8.8510256,17.280163,10.010916,1.0301846,0.73569697,0.26430306,0.49375874,0.50624126,2.2799249,0.81907517,0.11322863,0.20794246,0.8818292,1008.5344,200.70816,851.15045,965.21008,2.644855,2.4919431,1.0510714,0.83852547,146.25,185.71605,2.9446094,0.058002904,3.0882158,2.4794955,1.7163981,1.0463651,0.54874218,0.25616693,0.097022094,0.035396915,325.25,183.875,137.625,114.875,94.75,64.125,36.5,17.625,0.5,0.70710677,1.118034,0.5,0.70710677,0.5,-2.0167999,-2.0130625,-1.9843183,-7.7822843,-7.7041159,-7.6337385,1.210633,230.125,287.125,225.75,115.75,51.75,23.125,8.5,2.875,0.44595823,0.21762785,1.0787368,1.0443225,1.2022129,1.5142626,1.8002048,1.4765849,1.9623353,2.1797187,0.64144164,1.1437358,1.3869592,1.5052069,1.7578022,2.1690679,2.679584,3.4861543,1.2252588,301.26288,369.125,863.0,581.0,327.75,146.5,61.375,25.0,8.5,2.875,632.875,293.875,102.0,30.75,9.625,1.875,0.0,0.0,EXT391
C:/Users/MICROSOFT/Documents/nauval_mrnavac/cycpeptmp_standalone/runs/run_20260102_172000_moe/sdf/monomer.sdf,O=C(N)CC[C@](NC)C=O,10.416693,0.36162984,126,O=C(N)CC[C@](NC)C=O,349.70404,257.44922,92.254822,169.41908,180.28496,797.83514,285.89767,165.19441,511.93747,0.97250587,2.163054,30.454399,1.4648733,9.0146904,10.063081,0.013977665,-28.831743,0,8.88832,21.398933,10.024147,1.0483905,0.73619175,0.26380828,0.48446417,0.51553583,2.2814581,0.81754184,0.094084539,0.20648943,0.86813128,1012.1313,201.47723,847.05878,975.72662,2.6495674,2.4715159,1.1581755,0.75809306,148.25,183.78229,3.5334642,0.060404096,3.0867422,2.4765918,1.7031323,1.0383482,0.54186654,0.24176694,0.086959265,0.031274907,323.625,186.5,138.0,117.0,96.375,67.125,37.75,17.5,0.70710677,0.5,0.86602539,0.5,1.0,0.5,-2.0667171,-2.044811,-2.0302444,-8.2734365,-8.1594057,-7.7597013,1.210029,223.875,284.5,227.625,105.875,48.5,20.125,7.75,2.75,0.4375,0.18910256,1.3706243,1.3807213,1.5103294,1.8169327,2.0860343,1.930416,2.2443957,2.2219069,0.67725754,1.2364216,1.5935781,1.7937034,2.0537391,2.4167747,2.754293,3.2600915,1.2275287,301.92776,370.625,864.125,578.875,330.625,141.875,60.375,22.125,7.75,2.75,640.25,294.375,103.0,36.0,11.875,2.0,0.0,0.0,EXT392
C:/Users/MICROSOFT/Documents/nauval_mrnavac/cycpeptmp_standalone/runs/run_20260102_172000_moe/sdf/monomer.sdf,O=C(N)CC[C@](NC)C=O,10.416693,0.36162984,70,O=C(N)CC[C@](NC)C=O,348.57578,255.28535,93.290436,168.98035,179.59543,791.12927,289.10706,161.99492,502.02225,0.9716866,2.1621284,30.343935,1.4483547,9.0055046,10.054328,0.016043276,-28.824314,0,8.8001556,21.288467,10.025052,1.0488232,0.73236686,0.26763314,0.48477364,0.51522636,2.2696049,0.82939512,0.094052777,0.20645842,0.86817521,1012.165,201.45241,847.12451,975.75299,2.6496115,2.4714499,1.1580579,0.75794488,148.375,185.74731,3.5561271,0.060387872,3.0858858,2.4763575,1.7029735,1.038537,0.54199815,0.24165346,0.086900793,0.031274837,324.0,186.25,138.0,117.25,96.25,67.125,37.875,17.5,0.70710677,0.5,0.86602539,0.5,1.0,0.5,-2.0670264,-2.0453053,-2.0302248,-8.2754154,-8.1641073,-7.7668624,1.2095164,223.5,283.875,227.0,106.0,48.125,20.125,7.75,2.75,0.43478259,0.18869936,1.3717055,1.3895708,1.5211972,1.8214766,2.0846725,1.9400209,2.2511876,2.2220125,0.67517114,1.2381098,1.5937054,1.7925671,2.0650091,2.4167826,2.7542248,3.260097,1.2283251,301.93555,370.875,863.625,578.375,330.125,142.0,60.0,22.125,7.75,2.75,640.125,294.5,103.125,36.0,11.875,2.0,0.0,0.0,EXT393
C:/Users/MICROSOFT/Documents/nauval_mrnavac/cycpeptmp_standalone/runs/run_20260102_172000_moe/sdf/monomer.sdf,O=C(N)CC[C@](NC)C=O,10.416693,0.36162984,54,O=C(N)CC[C@](NC)C=O,350.25595,257.99045,92.265526,171.02089,179.23508,799.51239,285.93088,165.72491,513.58148,0.97250587,2.1631892,30.308859,1.4553461,8.9889469,10.028405,0.014759662,-28.84222,0,8.7863293,21.253391,10.024018,1.039458,0.73657686,0.26342314,0.48827404,0.51172596,2.2826517,0.81634831,0.094015338,0.20648479,0.86815739,1012.3312,201.51041,847.24274,975.90912,2.6498289,2.4716935,1.1581744,0.75786871,148.25,184.56972,3.5236065,0.060276851,3.0830419,2.4712989,1.702635,1.0399091,0.54185921,0.24090229,0.08934544,0.030143961,324.25,185.25,137.75,115.5,95.875,66.625,38.125,16.5,0.70710677,0.5,0.86602539,0.5,0.5,1.0,-2.0708456,-2.0612037,-2.0056915,-8.272438,-8.2040443,-7.9756236,1.2068779,223.625,284.625,225.75,107.375,49.125,20.25,8.125,2.75,0.4337568,0.18722944,1.344736,1.3556013,1.498871,1.8499064,2.0609233,1.9265355,2.2277973,2.0968931,0.676709,1.2422239,1.6042289,1.7588995,2.0638435,2.4153736,2.6780729,3.5318294,1.2325299,302.02109,372.25,863.625,579.0,330.0,142.875,59.75,21.625,8.125,2.75,640.0,294.375,104.25,35.5,10.625,1.375,0.0,0.0,EXT394
C:/Users/MICROSOFT/Documents/nauval_mrnavac/cycpeptmp_standalone/runs/run_20260102_172000_moe/sdf/monomer.sdf,O=C(N)CC[C@](NC)C=O,10.44545,0.3903864,196,O=C(N)CC[C@](NC)C=O,350.80923,258.90796,91.901283,175.4695,175.33975,802.35577,284.80206,167.00668,517.55371,0.98918694,0.93000895,22.287649,1.3425417,1.1781427,1.9792248,0.013887044,-21.854,0,8.7567425,12.805678,10.195252,0.80108213,0.73803061,0.26196939,0.50018495,0.49981508,2.2871568,0.8118431,0.12591931,0.21085735,0.87962675,1007.5897,203.26172,847.94031,963.97742,2.6436162,2.4920008,1.0105244,0.88428921,145.75,185.00745,2.8551195,0.055224787,3.0791442,2.4859052,1.7204453,1.0730169,0.57179397,0.24971236,0.079105355,0.024304705,313.5,179.125,134.75,111.625,95.75,64.5,36.125,16.875,0.5,0.86602539,0.70710677,0.5,0.5,1.0,-2.0265551,-2.0214601,-2.0206006,-7.3243117,-6.9816623,-6.9521327,1.2153995,235.375,288.5,239.125,120.625,53.25,22.0,7.0,2.125,0.46567717,0.21276596,1.0992142,1.0830816,1.2190709,1.5570018,1.8054662,1.5055619,1.9866513,2.3672152,0.62578899,1.1223881,1.3508459,1.3872807,1.6634358,2.1821661,2.6570258,3.4754908,1.2201781,302.31241,368.875,867.25,584.625,333.75,150.5,62.75,23.75,7.0,2.125,631.875,296.125,94.625,29.875,9.5,1.75,0.0,0.0,EXT395
C:/Users/MICROSOFT/Documents/nauval_mrnavac/cycpeptmp_standalone/runs/run_20260102_172000_moe/sdf/monomer.sdf,O=C(N)CC[C@](NC)C=O,10.44545,0.3903864,158,O=C(N)CC[C@](NC)C=O,348.03308,257.19812,90.834946,172.94292,175.09016,797.05701,281.4975,166.36317,515.55951,0.98918694,0.92902762,22.243486,1.329529,1.1821811,1.9864458,0.012246273,-21.845066,0,8.718504,12.761516,10.19676,0.80426461,0.73900485,0.26099515,0.49691516,0.50308484,2.2901759,0.808824,0.12595597,0.21087638,0.87964469,1007.6044,203.27943,847.95502,963.97443,2.6436355,2.4919989,1.0105166,0.8844173,145.75,184.05405,2.8482885,0.054123338,3.0861826,2.4817562,1.7243626,1.0727861,0.57408166,0.24975516,0.080394998,0.024873948,314.25,179.875,134.625,111.375,95.75,65.5,35.875,15.5,1.118034,0.70710677,0.5,0.5,0.70710677,0.5,-2.0675876,-2.0321753,-2.0024176,-7.1283798,-7.0941839,-7.0460229,1.2144829,237.25,293.75,239.375,120.5,53.875,22.0,7.0,2.375,0.47075209,0.20987654,1.1010913,1.0431814,1.2096053,1.5407414,1.7493906,1.4577086,2.1128051,2.1717539,0.64075851,1.1351186,1.3678058,1.4642913,1.6565002,2.0541413,2.6531796,3.0152259,1.220685,301.87967,368.5,869.0,588.375,334.875,149.625,63.375,23.375,7.0,2.375,631.75,294.625,95.5,29.125,9.5,1.375,0.0,0.0,EXT396
C:/Users/MICROSOFT/Documents/nauval_mrnavac/cycpeptmp_standalone/runs/run_20260102_172000_moe/sdf/monomer.sdf,O=C(N)CC[C@](NC)C=O,10.44545,0.3903864,83,O=C(N)CC[C@](NC)C=O,345.10858,254.95807,90.150513,173.02003,172.08855,790.11505,279.37643,164.80756,510.73865,0.98918694,0.92972618,22.3701,1.3389256,1.1875029,1.9840038,0.013346534,-21.873877,0,8.8388281,12.888129,10.194996,0.79650098,0.73877639,0.26122361,0.50134957,0.49865043,2.2894681,0.80953199,0.12594348,0.21091416,0.87958533,1007.7539,203.34813,848.03229,964.12738,2.6438315,2.4920139,1.0106257,0.88437879,145.75,184.2464,2.8511598,0.054224279,3.0847366,2.4817238,1.7227098,1.0725116,0.57451111,0.24944259,0.079511024,0.02386855,317.0,179.5,134.625,112.75,94.375,64.75,36.25,15.5,0.70710677,0.86602539,0.5,0.5,0.86602539,1.2247449,-2.0771492,-2.033062,-1.9816906,-7.2127852,-7.1507697,-6.9702487,1.2132822,235.75,289.375,238.625,121.125,55.125,20.875,6.875,2.25,0.47446612,0.20066519,1.0869025,1.0499704,1.2008899,1.4973648,1.7460779,1.5736786,2.1425958,2.2740757,0.64383799,1.135779,1.361845,1.4419765,1.6758624,2.1687922,2.6438389,3.5235662,1.2231352,302.1947,369.625,865.375,586.5,334.25,150.5,63.875,22.625,6.875,2.25,629.625,297.125,95.625,29.375,8.75,1.75,0.0,0.0,EXT397
C:/Users/MICROSOFT/Documents/nauval_mrnavac/cycpeptmp_standalone/runs/run_20260102_172000_moe/sdf/monomer.sdf,O=C(N)CC[C@](NC)C=O,10.44545,0.3903864,194,O=C(N)CC[C@](NC)C=O,345.77826,258.15598,87.622253,172.91368,172.86456,800.02539,271.54138,170.53374,528.48407,0.98749316,0.92942554,22.32567,1.3337315,1.1873962,1.9914925,0.013642484,-21.858887,0,8.7915659,12.8437,10.195238,0.8040964,0.74659407,0.25340593,0.50007105,0.49992898,2.313695,0.78530496,0.12592617,0.21091332,0.87960583,1007.6329,203.32097,847.94226,964.0025,2.6436727,2.4919379,1.010641,0.88429099,146.0,184.98828,2.8555062,0.054051235,3.0854869,2.4817848,1.7244449,1.0728159,0.5743205,0.2496559,0.080430493,0.024927096,314.125,179.875,134.5,111.375,95.5,65.375,35.875,15.5,1.118034,0.70710677,0.5,0.5,0.70710677,0.5,-2.0678747,-2.0322471,-2.0024095,-7.1310225,-7.098351,-7.0508375,1.2147433,237.25,293.875,239.375,120.25,53.75,22.0,7.0,2.375,0.47026023,0.20987654,1.1008829,1.0423844,1.2106963,1.5427585,1.759065,1.46567,2.1127584,2.1717005,0.64158523,1.1364084,1.367231,1.4627337,1.6630459,2.0538049,2.6527817,3.0150185,1.2202854,301.8761,368.375,868.875,588.375,334.875,149.5,63.25,23.375,7.0,2.375,631.625,294.5,95.5,29.25,9.5,1.375,0.0,0.0,EXT398
C:/Users/MICROSOFT/Documents/nauval_mrnavac/cycpeptmp_standalone/runs/run_20260102_172000_moe/sdf/monomer.sdf,O=C(N)CC[C@](NC)C=O,10.44545,0.3903864,120,O=C(N)CC[C@](NC)C=O,350.5997,258.61215,91.987541,175.20064,175.39906,801.43909,285.06937,166.62462,516.36969,0.98918694,0.93017322,22.212427,1.343665,1.178635,1.9830097,0.013058433,-21.860245,0,8.6762218,12.730456,10.196472,0.80437469,0.73762804,0.26237199,0.499717,0.500283,2.2859092,0.8130908,0.1259013,0.21080428,0.87967545,1007.5784,203.20871,847.97949,963.96863,2.6436014,2.4920585,1.0104587,0.88424647,145.75,184.53915,2.8514338,0.055162795,3.0787175,2.4855165,1.7201821,1.0730516,0.57235676,0.24987274,0.077854551,0.024347611,313.625,178.875,134.75,111.5,95.625,64.5,35.875,16.875,0.5,0.86602539,0.70710677,0.5,0.5,1.0,-2.0268047,-2.0217593,-2.0204322,-7.3368239,-6.9953942,-6.9615035,1.2158437,235.625,288.5,239.0,120.625,53.375,22.0,7.0,2.125,0.46660483,0.21300448,1.0992119,1.0807464,1.2203826,1.5557601,1.8067397,1.5069197,1.9971043,2.3675706,0.62444866,1.123134,1.3542811,1.3917538,1.6591036,2.1809793,2.6544404,3.474791,1.2195946,302.35458,368.75,867.25,584.25,333.625,150.625,62.875,23.75,7.0,2.125,631.625,295.75,94.625,30.0,9.5,1.75,0.0,0.0,EXT399
C:/Users/MICROSOFT/Documents/nauval_mrnavac/cycpeptmp_standalone/runs/run_20260102_172000_moe/sdf/monomer.sdf,O=C(N)CC[C@](NC)C=O,10.44545,0.3903864,95,O=C(N)CC[C@](NC)C=O,350.03278,260.14993,89.882851,173.94804,176.08473,806.20465,278.54697,170.26709,527.65771,0.98918694,0.93022114,22.345486,1.3479013,1.1896883,1.9858786,0.013258282,-21.86631,0,8.8022499,12.863516,10.196198,0.7961902,0.74321592,0.25678408,0.49694788,0.50305212,2.303226,0.79577386,0.12593356,0.21087615,0.87958604,1007.7555,203.31541,848.0495,964.14612,2.6438336,2.4920413,1.0106514,0.8843537,145.75,186.47639,2.8574622,0.054070625,3.0855243,2.4814219,1.7243589,1.0723991,0.57410288,0.24957925,0.080383696,0.024896171,314.0,179.75,134.5,111.25,95.625,65.375,35.875,15.5,1.118034,0.70710677,0.5,0.5,0.70710677,0.5,-2.067462,-2.0328863,-2.0025475,-7.1236229,-7.0896745,-7.0473161,1.2147679,236.75,293.75,239.375,120.25,53.5,22.0,7.0,2.375,0.46933085,0.21011236,1.1042827,1.0459894,1.2106882,1.5415407,1.753727,1.4653964,2.1124799,2.1715474,0.64090937,1.1370713,1.3646317,1.4642196,1.6646636,2.0539405,2.6527829,3.0149879,1.2202606,301.88223,368.375,868.375,588.125,335.0,149.375,63.125,23.375,7.0,2.375,631.625,294.375,95.625,29.125,9.625,1.375,0.0,0.0,EXT400
C:/Users/MICROSOFT/Documents/nauval_mrnavac/cycpeptmp_standalone/runs/run_20260102_172000_moe/sdf/monomer.sdf,O=C(N)CC[C@](NC)C=O,10.44545,0.3903864,122,O=C(N)CC[C@](NC)C=O,347.7312,256.77988,90.95134,171.96573,175.76546,795.7608,281.85818,165.82852,513.90259,0.98918694,0.93067652,22.354418,1.3634517,1.1727841,1.9753084,0.012954903,-21.869017,0,8.8077211,12.872447,10.194982,0.80252439,0.73844355,0.26155645,0.4945364,0.5054636,2.2884367,0.81056345,0.12595364,0.21085793,0.87965733,1007.6227,203.26591,847.98492,963.99463,2.6436594,2.4919593,1.0105944,0.88439506,145.75,184.10779,2.8505538,0.054121953,3.0857549,2.4815366,1.724502,1.0727419,0.574103,0.24955632,0.080355242,0.024927214,314.0,179.875,134.625,111.375,95.625,65.5,35.875,15.5,1.118034,0.70710677,0.5,0.5,0.70710677,0.5,-2.0675669,-2.0328228,-2.0028243,-7.1280174,-7.0932188,-7.0489454,1.2147436,236.75,293.875,239.375,120.25,53.75,22.0,7.0,2.375,0.47075209,0.20987654,1.1045338,1.0436729,1.210373,1.5415567,1.7501497,1.4580184,2.1125941,2.1714146,0.64223182,1.137097,1.3677623,1.4624258,1.6571034,2.0535595,2.6526453,3.0151954,1.2202852,301.87616,368.375,868.75,588.25,334.875,149.5,63.375,23.375,7.0,2.375,632.0,294.375,95.5,29.25,9.625,1.375,0.0,0.0,EXT401
C:/Users/MICROSOFT/Documents/nauval_mrnavac/cycpeptmp_standalone/runs/run_20260102_172000_moe/sdf/monomer.sdf,O=C(N)CC[C@](NC)C=O,10.44545,0.3903864,91,O=C(N)CC[C@](NC)C=O,347.48904,258.04807,89.440971,172.24466,175.24437,799.69092,277.17758,168.60709,522.51337,0.9883393,0.93073809,22.328669,1.3408428,1.1727779,1.9716538,0.014105723,-21.872873,0,8.8045797,12.846698,10.197487,0.79887593,0.74260777,0.25739223,0.49568373,0.50431627,2.3013415,0.7976585,0.12596621,0.21093099,0.87958854,1007.5978,203.33089,847.89594,963.96881,2.6436267,2.4918389,1.0106095,0.88439643,145.875,185.15753,2.8496537,0.054161761,3.0846357,2.4817562,1.7232257,1.0726393,0.57466096,0.24956653,0.079569623,0.023916587,316.75,179.5,134.5,112.75,94.375,64.75,36.25,15.75,0.70710677,0.86602539,0.5,0.5,0.86602539,1.2247449,-2.0777469,-2.0331805,-1.9814928,-7.21873,-7.1579528,-6.9682164,1.2135121,235.5,289.375,238.625,121.125,55.125,20.875,6.875,2.25,0.47583643,0.20066519,1.0915122,1.0514064,1.2032098,1.4985696,1.7541518,1.5694509,2.1425333,2.2416794,0.64363647,1.1360321,1.3619683,1.4409162,1.673333,2.1678324,2.6429768,3.5236435,1.2227658,302.18381,369.5,865.375,586.375,334.25,150.5,64.0,22.625,6.875,2.25,629.875,297.0,95.625,29.375,8.875,1.75,0.0,0.0,EXT402
C:/Users/MICROSOFT/Documents/nauval_mrnavac/cycpeptmp_standalone/runs/run_20260102_172000_moe/sdf/monomer.sdf,O=C(N)CC[C@](NC)C=O,10.479379,0.42431527,89,O=C(N)CC[C@](NC)C=O,349.67249,257.05173,92.620766,172.98679,176.6857,796.60327,287.03174,164.43095,509.57153,0.99088657,1.6613247,23.62266,1.33863,2.5847661,3.3977833,0.013577457,-23.699648,0,8.6647997,12.519562,10.207869,0.81301713,0.73512137,0.26487863,0.49471089,0.50528908,2.2781413,0.82085884,0.10701193,0.20962842,0.8665272,1011.3472,204.23047,844.21405,974.24994,2.6485407,2.4785354,1.1203527,0.81079531,145.5,186.82437,3.2764585,0.05743137,3.0820663,2.4834538,1.7125067,1.0716279,0.56873655,0.24636962,0.078767419,0.024173504,322.25,183.875,137.5,116.75,97.0,64.875,36.625,15.875,1.118034,0.5,0.70710677,0.5,0.5,0.70710677,-2.0707171,-2.0674958,-2.0361905,-7.72679,-7.6899004,-7.5189033,1.211693,232.5,285.25,229.375,120.375,53.5,21.5,7.125,1.75,0.45909092,0.19807281,1.3256025,1.3496431,1.5244952,1.8103824,1.9863396,1.8481907,2.2662756,2.2697237,0.65276647,1.2077347,1.5236081,1.6303853,1.804647,2.2999187,2.6710532,2.8008783,1.2268069,302.81866,371.5,866.75,584.625,330.875,151.625,63.125,23.125,7.125,1.75,634.25,299.375,101.5,31.25,9.625,1.625,0.0,0.0,EXT403
C:/Users/MICROSOFT/Documents/nauval_mrnavac/cycpeptmp_standalone/runs/run_20260102_172000_moe/sdf/monomer.sdf,O=C(N)CC[C@](NC)C=O,10.479379,0.42431527,39,O=C(N)CC[C@](NC)C=O,352.47726,261.09454,91.382729,174.75522,177.72205,809.13196,283.19507,169.71181,525.93689,0.99088657,1.6612678,23.78006,1.3553039,2.591377,3.4035172,0.01366717,-23.705015,0,8.8009348,12.676962,10.206637,0.81214011,0.74074149,0.25925851,0.49579147,0.50420856,2.295558,0.80344212,0.10702669,0.20960598,0.86652106,1011.3464,204.21126,844.21906,974.26257,2.6485398,2.4784667,1.1204498,0.81082875,145.5,184.12572,3.2747846,0.057489023,3.0827789,2.4832461,1.7121238,1.0713645,0.56867105,0.24637638,0.078803957,0.024169801,322.375,184.0,137.625,116.75,97.25,65.0,36.625,16.0,1.118034,0.5,0.70710677,0.5,0.5,0.70710677,-2.0709453,-2.0678658,-2.0358243,-7.7267914,-7.6862373,-7.5187693,1.2114462,232.75,285.375,229.5,120.375,53.875,21.5,7.125,1.75,0.46139872,0.19807281,1.3247945,1.345253,1.5270047,1.8101172,1.9835908,1.8506258,2.266031,2.2371676,0.6526708,1.2080438,1.5255977,1.6292754,1.7980525,2.3003488,2.6714168,2.8010681,1.2271944,302.82486,371.625,867.125,584.625,331.125,151.625,63.5,23.125,7.125,1.75,634.375,299.25,101.625,31.25,9.625,1.625,0.0,0.0,EXT404
C:/Users/MICROSOFT/Documents/nauval_mrnavac/cycpeptmp_standalone/runs/run_20260102_172000_moe/sdf/monomer.sdf,O=C(N)CC[C@](NC)C=O,10.479379,0.42431527,176,O=C(N)CC[C@](NC)C=O,350.52527,260.82761,89.697655,174.10098,176.42429,808.30475,277.97305,171.12996,530.33173,0.99088657,1.6608541,23.727926,1.3383565,2.5747039,3.3821878,0.014819534,-23.699165,0,8.7836885,12.624828,10.208874,0.80748391,0.74410504,0.25589499,0.49668598,0.50331402,2.3059814,0.79301852,0.10700839,0.20962411,0.86645758,1011.4463,204.25356,844.25897,974.38007,2.6486707,2.4785018,1.1204551,0.81077087,145.5,186.6418,3.2782168,0.057641592,3.0820205,2.4833021,1.7120378,1.0715115,0.56871724,0.2463609,0.078775957,0.024166748,322.375,184.125,138.0,116.875,97.5,65.5,36.75,16.125,1.118034,0.5,0.70710677,0.5,0.5,0.70710677,-2.071233,-2.0681973,-2.0356922,-7.7291555,-7.6857028,-7.5200171,1.2114334,232.5,285.375,229.375,120.375,54.0,21.5,7.125,1.75,0.46105072,0.19786096,1.3236353,1.3518745,1.5285447,1.8221563,1.9938302,1.842088,2.2572315,2.2556581,0.65400934,1.2092403,1.5241846,1.6296595,1.7986963,2.3007181,2.6718459,2.8015394,1.2272074,302.82169,371.625,866.625,584.5,330.75,151.625,63.625,23.125,7.125,1.75,634.125,299.125,101.375,31.25,9.625,1.625,0.0,0.0,EXT405
C:/Users/MICROSOFT/Documents/nauval_mrnavac/cycpeptmp_standalone/runs/run_20260102_172000_moe/sdf/monomer.sdf,O=C(N)CC[C@](NC)C=O,10.479379,0.42431527,37,O=C(N)CC[C@](NC)C=O,347.85571,256.25421,91.601509,171.59784,176.25787,794.13177,283.87308,164.65269,510.2587,0.99088657,1.6613613,23.693607,1.3318908,2.5974977,3.409492,0.014248964,-23.703787,0,8.7319326,12.590509,10.206043,0.81199414,0.73666811,0.26333192,0.49330178,0.50669819,2.2829344,0.81606561,0.10700276,0.20964088,0.86650747,1011.4952,204.27321,844.32135,974.39587,2.6487346,2.4785337,1.1204435,0.81076002,145.5,185.02599,3.2679968,0.057550643,3.0815706,2.483289,1.7116735,1.0701771,0.56854498,0.24632066,0.078768209,0.024160083,322.625,183.875,137.75,116.75,97.25,65.25,36.75,16.0,1.118034,0.5,0.70710677,0.5,0.5,0.70710677,-2.0708461,-2.0675375,-2.0356801,-7.7294326,-7.6858363,-7.5189881,1.2115169,232.125,285.125,229.25,120.25,53.875,21.5,7.125,1.75,0.46098003,0.19807281,1.3223199,1.3492588,1.5233755,1.8100162,1.9860333,1.8377175,2.2578738,2.2880647,0.65452462,1.2101823,1.523903,1.6275637,1.7936229,2.3004477,2.6715531,2.8012466,1.2271229,302.84253,371.625,866.5,584.25,330.75,151.5,63.5,23.125,7.125,1.75,634.375,299.125,101.5,31.25,9.625,1.625,0.0,0.0,EXT406
C:/Users/MICROSOFT/Documents/nauval_mrnavac/cycpeptmp_standalone/runs/run_20260102_172000_moe/sdf/monomer.sdf,O=C(N)CC[C@](NC)C=O,10.479379,0.42431527,175,O=C(N)CC[C@](NC)C=O,350.52261,259.5325,90.990128,172.77591,177.74672,804.2912,281.97842,168.54236,522.31281,0.99088657,1.6627705,23.697313,1.3608408,2.5994818,3.4122341,0.014846648,-23.721769,0,8.7027988,12.594215,10.206593,0.81275237,0.74041581,0.25958419,0.49290943,0.50709057,2.2945485,0.80445141,0.10702435,0.20959929,0.86653286,1011.359,204.20679,844.23895,974.27228,2.6485562,2.4784091,1.1203007,0.81080103,145.5,184.94177,3.2714424,0.057537902,3.0819314,2.4835386,1.7122009,1.0705786,0.56871074,0.24642254,0.078774959,0.024111988,322.625,183.875,137.75,116.625,97.125,65.125,36.625,15.875,1.118034,0.5,0.70710677,0.5,0.5,0.70710677,-2.0712116,-2.0672653,-2.0361488,-7.7306771,-7.6820083,-7.5212917,1.2114319,232.5,285.625,230.375,120.0,53.875,21.5,7.125,1.875,0.46098003,0.1982851,1.3229574,1.3499,1.5239683,1.8146732,1.9904468,1.8385061,2.262006,2.2698853,0.65195537,1.2079638,1.524717,1.6321898,1.797591,2.2998796,2.6709471,2.8584945,1.227209,302.82129,371.625,866.875,584.625,331.625,151.25,63.5,23.125,7.125,1.875,634.375,299.0,101.25,31.25,9.625,1.625,0.0,0.0,EXT407
C:/Users/MICROSOFT/Documents/nauval_mrnavac/cycpeptmp_standalone/runs/run_20260102_172000_moe/sdf/monomer.sdf,O=C(N)CC[C@](NC)C=O,10.479379,0.42431527,45,O=C(N)CC[C@](NC)C=O,347.04492,257.49149,89.553444,172.73616,174.30878,797.96613,277.52612,167.93805,520.44,0.99173862,1.6616338,23.829714,1.3503082,2.5931826,3.4059966,0.013549395,-23.710705,0,8.8523798,12.726616,10.207479,0.812814,0.74195433,0.25804567,0.49773428,0.50226569,2.2993164,0.79968351,0.10704161,0.20963159,0.86649573,1011.4447,204.25604,844.27631,974.35712,2.6486685,2.4785039,1.1204925,0.81089747,145.375,186.0392,3.3044803,0.056938451,3.0847998,2.4835823,1.7140673,1.0708992,0.56814545,0.24355559,0.08040753,0.02308956,319.125,180.25,136.875,114.375,95.625,66.875,35.25,15.375,0.70710677,1.118034,0.5,0.5,0.5,0.70710677,-2.062501,-2.0498006,-2.0366654,-7.760715,-7.6906695,-7.560431,1.2181611,232.0,285.5,232.5,119.375,52.375,21.125,7.25,1.375,0.45662099,0.19890711,1.345055,1.3478751,1.4869549,1.7998401,2.0026751,1.8445517,2.3419931,2.4035079,0.64848834,1.2036431,1.5274472,1.5840201,1.8540242,2.3648455,2.6744766,3.006834,1.217412,302.99933,368.875,869.625,585.0,332.875,149.75,62.5,22.75,7.25,1.375,637.625,299.5,100.375,30.375,10.125,1.625,0.0,0.0,EXT408
C:/Users/MICROSOFT/Documents/nauval_mrnavac/cycpeptmp_standalone/runs/run_20260102_172000_moe/sdf/monomer.sdf,O=C(N)CC[C@](NC)C=O,10.479379,0.42431527,115,O=C(N)CC[C@](NC)C=O,347.15384,257.57843,89.575424,171.23686,175.91699,798.23553,277.59424,168.00301,520.64136,0.99088657,1.66054,23.729757,1.3349959,2.5716341,3.381644,0.013624881,-23.703758,0,8.7907457,12.626659,10.208746,0.81000996,0.74197197,0.25802803,0.49325928,0.50674075,2.2993712,0.79962885,0.10704062,0.20965362,0.86647087,1011.3807,204.26486,844.19977,974.29681,2.6485846,2.4784853,1.1203588,0.81088758,145.5,183.86472,3.28895,0.054426208,3.0863507,2.4779561,1.7146503,1.0711305,0.57187939,0.24493033,0.078299679,0.022435986,317.25,179.375,131.625,109.75,93.875,64.0,36.625,16.25,0.5,0.5,0.70710677,0.5,0.70710677,1.118034,-2.1117842,-2.0196352,-2.0054181,-7.3890324,-7.2140651,-7.0978293,1.2149966,231.875,284.875,233.375,120.0,53.0,21.0,7.0,2.0,0.47863248,0.20387244,1.3401744,1.3592451,1.5546852,1.8664105,2.0286651,1.8183926,2.3000584,2.2156119,0.66457152,1.2279321,1.5399287,1.6552175,1.780643,2.293004,2.6879997,3.4700661,1.2198931,301.87073,368.25,866.625,582.125,334.5,150.25,63.0,22.375,7.0,2.0,634.75,297.25,101.125,30.25,10.0,1.375,0.0,0.0,EXT409
C:/Users/MICROSOFT/Documents/nauval_mrnavac/cycpeptmp_standalone/runs/run_20260102_172000_moe/sdf/monomer.sdf,O=C(N)CC[C@](NC)C=O,10.545953,0.49089,29,O=C(N)CC[C@](NC)C=O,339.78854,253.38895,86.39959,175.94139,163.84714,785.25232,267.75232,166.98935,517.5,0.97745085,1.0907555,18.56863,1.5467649,-2.4442439,-1.7903472,0.0087325322,-19.944954,0,8.812108,14.004991,9.9913721,0.65389675,0.74572539,0.25427458,0.51779675,0.48220327,2.311003,0.78799695,0.2497945,0.32518303,0.82349116,841.05298,254.57201,644.67633,782.8576,2.4152839,1.8791816,1.4181519,0.93920451,147.5,185.62869,1.1295438,0.072523624,3.0687566,2.5375226,1.7476691,0.97632676,0.52005279,0.24633245,0.11284781,0.041590314,331.5,190.125,143.0,119.75,95.375,65.5,33.25,15.375,1.2247449,1.6583124,0.5,0.70710677,0.5,0.5,-2.3105028,-2.270937,-2.2606008,-7.6744995,-7.3768792,-7.1683493,1.1853738,227.625,275.0,209.375,101.875,48.25,23.0,9.375,3.375,0.39860141,0.20563674,0.53189969,0.61810982,0.84891468,0.99495804,1.1363022,1.1497416,1.3421721,2.1175177,0.36804411,0.64215773,0.61474597,0.53004944,0.48578754,1.0394827,1.2467279,2.2452047,1.2438363,291.43704,362.5,815.25,544.375,303.625,129.875,57.0,24.625,9.375,3.375,587.625,269.375,94.25,28.0,8.75,1.625,0.0,0.0,EXT410
C:/Users/MICROSOFT/Documents/nauval_mrnavac/cycpeptmp_standalone/runs/run_20260102_172000_moe/sdf/monomer.sdf,O=C(N)CC[C@](NC)C=O,10.545953,0.49089,80,O=C(N)CC[C@](NC)C=O,336.46344,251.36491,85.098534,175.823,160.64046,778.97986,263.72037,166.26639,515.25952,0.97745085,1.0901296,18.530952,1.5414201,-2.442518,-1.7866871,0.008119164,-19.926805,0,8.774991,13.967312,9.9931087,0.65583074,0.74707943,0.2529206,0.52256197,0.47743806,2.3151991,0.7838009,0.24978465,0.32514086,0.82348371,840.89703,254.4977,644.56586,782.73059,2.41506,1.8791096,1.41798,0.93915004,147.5,184.0448,1.194993,0.073835164,3.0663853,2.5373588,1.7484139,0.97398239,0.51395261,0.24106763,0.11043264,0.037588347,332.75,186.625,144.0,119.625,96.25,66.5,34.5,15.75,0.5,0.5,1.0,0.70710677,0.5,0.5,-2.4193809,-2.4007068,-2.3507121,-7.8744226,-7.8043246,-7.3922811,1.1855586,235.625,276.375,209.375,99.75,47.5,22.125,9.125,2.875,0.38715279,0.19644724,0.53625411,0.61923349,0.8849743,1.0758182,1.2596338,1.2421453,1.3985282,2.0877793,0.38571319,0.63131917,0.60471827,0.48809218,0.53116083,0.89622182,1.2972212,2.3280072,1.2440711,291.68347,362.875,819.5,545.5,305.5,128.0,55.75,23.5,9.125,2.875,583.875,269.125,96.125,28.25,8.25,1.375,0.0,0.0,EXT411
C:/Users/MICROSOFT/Documents/nauval_mrnavac/cycpeptmp_standalone/runs/run_20260102_172000_moe/sdf/monomer.sdf,O=C(N)CC[C@](NC)C=O,10.545953,0.49089,178,O=C(N)CC[C@](NC)C=O,338.33902,251.04482,87.294189,176.32896,162.01004,777.98785,270.52469,163.75063,507.4632,0.97745085,1.0906886,18.484869,1.5277665,-2.4371147,-1.7814286,0.0074825729,-19.916479,0,8.7366791,13.921229,9.9943695,0.65568608,0.74199194,0.25800806,0.5211606,0.47883937,2.299433,0.79956698,0.24984364,0.3252196,0.8234998,840.94019,254.56114,644.58307,782.73615,2.415122,1.8790616,1.4181097,0.93923694,147.5,187.5882,1.1299248,0.07246682,3.0691357,2.5381193,1.7476194,0.97646749,0.52002156,0.24629937,0.11282136,0.041579954,331.5,190.25,142.875,119.875,95.5,65.5,33.25,15.5,1.2247449,1.6583124,0.5,0.70710677,0.5,0.5,-2.3109255,-2.2707222,-2.260483,-7.6691422,-7.3758655,-7.1685162,1.1853371,227.875,274.75,209.375,102.0,48.125,22.875,9.375,3.375,0.39807525,0.20437956,0.5313071,0.61679608,0.84670585,0.99053228,1.1303864,1.1387542,1.3425708,2.1190691,0.3680014,0.64145327,0.61442173,0.52652133,0.48119199,1.0284698,1.2466598,2.244803,1.2438748,291.42804,362.5,815.375,544.25,303.5,129.875,56.875,24.5,9.375,3.375,587.5,269.5,94.125,27.875,8.75,1.625,0.0,0.0,EXT412
C:/Users/MICROSOFT/Documents/nauval_mrnavac/cycpeptmp_standalone/runs/run_20260102_172000_moe/sdf/monomer.sdf,O=C(N)CC[C@](NC)C=O,10.545953,0.49089,76,O=C(N)CC[C@](NC)C=O,335.99661,249.6292,86.367416,174.5976,161.39902,773.60089,267.65262,163.26178,505.94824,0.97745085,1.09124,18.46349,1.5427861,-2.4398289,-1.7776237,0.0079006236,-19.928551,0,8.6945152,13.89985,9.9959106,0.66220522,0.74295151,0.25704849,0.51964092,0.48035908,2.3024068,0.79659325,0.24982181,0.32515669,0.8235448,840.83472,254.48209,644.54279,782.64447,2.4149706,1.8790596,1.417936,0.93919492,147.5,184.90752,1.1298617,0.072591521,3.0693073,2.5383916,1.7475944,0.9763453,0.52006781,0.24617997,0.11286747,0.041567903,331.75,190.375,143.125,120.0,95.625,65.5,33.25,15.5,1.2247449,1.6583124,0.5,0.70710677,0.5,0.5,-2.31074,-2.2713499,-2.2610579,-7.6733594,-7.3719635,-7.1660347,1.185266,227.75,275.25,209.125,101.75,48.25,22.875,9.375,3.375,0.39825326,0.20416667,0.52765471,0.61457247,0.84746677,0.98429382,1.124198,1.1382152,1.3422072,2.1187017,0.36797029,0.64021641,0.61514306,0.52645075,0.48160589,1.0303596,1.2469798,2.2451339,1.2439494,291.41055,362.5,815.375,544.625,303.5,129.625,57.0,24.5,9.375,3.375,587.625,269.375,94.375,27.875,8.75,1.625,0.0,0.0,EXT413
C:/Users/MICROSOFT/Documents/nauval_mrnavac/cycpeptmp_standalone/runs/run_20260102_172000_moe/sdf/monomer.sdf,O=C(N)CC[C@](NC)C=O,10.545953,0.49089,124,O=C(N)CC[C@](NC)C=O,335.29889,250.42842,84.870476,174.59328,160.70561,776.0777,263.01361,165.55795,513.06409,0.97745085,1.0907871,18.540291,1.5520227,-2.4405375,-1.7804668,0.0074377018,-19.929108,0,8.7689724,13.976651,9.9923248,0.6600706,0.74688113,0.25311887,0.5207094,0.47929063,2.3145847,0.78441536,0.24976866,0.3251628,0.82348031,840.90869,254.51619,644.56653,782.73462,2.4150767,1.8790818,1.4180132,0.93910611,147.5,185.15433,1.2400496,0.072759278,3.0637093,2.5320177,1.7444752,0.97141969,0.51594293,0.24654932,0.11066733,0.036136776,333.125,185.875,141.0,117.625,94.0,63.75,33.75,15.875,0.5,0.5,0.70710677,0.5,0.70710677,0.5,-2.3774505,-2.3660128,-2.3596992,-7.7952695,-7.6336193,-7.5370288,1.1892372,229.75,275.5,209.625,100.625,48.0,22.25,9.25,2.5,0.4033688,0.20297556,0.53158367,0.6327666,0.86965245,1.0509272,1.1754129,1.1791719,1.3784987,2.0296845,0.38783523,0.63047576,0.60837454,0.52127981,0.55674022,0.90677172,1.3386465,2.5294728,1.2393677,292.18527,362.125,818.375,545.0,304.875,128.125,56.875,23.875,9.25,2.5,588.625,269.5,95.25,27.5,8.875,1.625,0.0,0.0,EXT414
C:/Users/MICROSOFT/Documents/nauval_mrnavac/cycpeptmp_standalone/runs/run_20260102_172000_moe/sdf/monomer.sdf,O=C(N)CC[C@](NC)C=O,10.545953,0.49089,96,O=C(N)CC[C@](NC)C=O,337.33749,250.67079,86.666718,174.61212,162.72537,776.8288,268.58014,164.00407,508.24863,0.97745085,1.0906506,18.496492,1.5424463,-2.4468007,-1.7879584,0.0078131435,-19.924528,0,8.7408514,13.932852,9.9933395,0.65884221,0.74308604,0.25691396,0.51761848,0.48238152,2.3028235,0.79617637,0.24978742,0.32515854,0.82351923,840.86719,254.49619,644.55481,782.68335,2.4150171,1.8791718,1.417964,0.93918639,147.5,184.75122,1.1268375,0.072462507,3.0692441,2.5376079,1.7474449,0.9764663,0.5200631,0.2461596,0.11281823,0.041582979,331.375,190.375,142.875,119.875,95.625,65.625,33.25,15.375,1.2247449,1.6583124,0.5,0.70710677,0.5,0.5,-2.3108358,-2.2707062,-2.2605102,-7.6766434,-7.3760529,-7.1665077,1.1855855,228.25,275.125,209.625,101.875,48.25,23.0,9.375,3.375,0.39895013,0.20542231,0.53571343,0.61703318,0.84711152,0.99103212,1.1347103,1.1392971,1.3423157,2.1177397,0.36699805,0.64165658,0.61601275,0.52758759,0.48550728,1.0394989,1.24677,2.2451007,1.2434713,291.42212,362.375,815.625,544.25,303.625,129.875,57.0,24.625,9.375,3.375,587.375,269.125,94.0,28.0,8.75,1.625,0.0,0.0,EXT415
C:/Users/MICROSOFT/Documents/nauval_mrnavac/cycpeptmp_standalone/runs/run_20260102_172000_moe/sdf/monomer.sdf,O=C(N)CC[C@](NC)C=O,10.568795,0.51373178,184,O=C(N)CC[C@](NC)C=O,349.89676,258.76627,91.130508,168.0009,181.89586,801.91663,282.41345,167.63574,519.50317,0.96842313,1.3585621,21.07412,1.4623228,0.0033110629,0.71274781,0.014123719,-21.454208,0,8.8492289,12.370481,10.035696,0.70943677,0.73955029,0.26044971,0.4801442,0.5198558,2.2918663,0.80713362,0.15215084,0.22582957,0.88311601,1040.793,222.89986,871.65924,987.02686,2.6868207,2.3444378,1.1569513,0.91448349,148.875,186.11455,1.9647806,0.062471762,3.1036108,2.5564289,1.8890644,1.0556945,0.53994393,0.19844727,0.027324727,0.0019396611,303.75,172.875,132.0,105.875,83.5,53.125,24.875,14.5,0.70710677,0.5,0.5,0.5,0.5,0.70710677,-2.0622058,-2.0237131,-2.0221691,-6.19806,-6.1309276,-5.9977765,1.2240475,264.0,323.375,243.25,104.375,41.375,15.0,2.375,0.25,0.40909091,0.16410862,0.32583958,0.42302656,0.77491248,1.1260378,1.250173,0.46726257,2.1381812,2.4341955,0.50604576,0.7714898,0.79593593,0.95505893,1.3630954,2.5216694,5.5386381,5.9574647,1.2110097,304.18829,368.375,886.0,613.75,347.625,141.5,54.0,17.375,2.375,0.25,622.0,290.375,104.375,37.125,12.625,2.375,0.0,0.0,EXT416
C:/Users/MICROSOFT/Documents/nauval_mrnavac/cycpeptmp_standalone/runs/run_20260102_172000_moe/sdf/monomer.sdf,O=C(N)CC[C@](NC)C=O,10.590409,0.53534639,56,O=C(N)CC[C@](NC)C=O,353.29846,261.38968,91.908775,170.04858,183.24988,810.04663,284.82532,169.48091,525.22131,0.97911036,0.47232988,21.738754,1.465446,0.70796281,1.4210054,0.013887597,-21.70746,0,8.7934208,12.540853,10.044994,0.71304256,0.73985517,0.26014486,0.48131707,0.51868296,2.2928112,0.80618888,0.12275453,0.22351694,0.86406952,1042.2452,223.18546,862.78809,998.51697,2.6886947,2.4096687,1.1498827,0.8442598,147.25,185.94002,1.9164528,0.060088933,3.1041758,2.5441806,1.864168,1.0485381,0.54167807,0.20285472,0.054886777,0.0025195528,310.875,179.875,135.875,109.375,86.25,53.625,26.375,15.0,0.5,0.70710677,0.86602539,6.0621777,0.5,5.8736701,-2.0704327,-2.0261333,-2.0169399,-6.1350384,-6.0978699,-6.0923505,1.2234288,257.125,310.0,236.625,108.25,45.875,16.375,4.5,0.5,0.41766331,0.16914286,0.33604443,0.31145796,0.70560759,1.0425346,1.1749494,0.42950001,1.9723668,2.4176545,0.49867171,0.73069829,0.71449995,0.88540369,1.3634696,2.5963817,4.0127473,4.8908186,1.2136744,305.06534,370.25,886.125,608.5,344.75,142.875,56.75,18.5,4.5,0.5,629.0,298.5,108.125,34.625,10.875,2.125,0.0,0.0,EXT417
C:/Users/MICROSOFT/Documents/nauval_mrnavac/cycpeptmp_standalone/runs/run_20260102_172000_moe/sdf/monomer.sdf,O=C(N)CC[C@](NC)C=O,10.590409,0.53534639,77,O=C(N)CC[C@](NC)C=O,348.27228,258.33295,89.939331,168.10106,180.17123,800.57385,278.72198,168.39363,521.85187,0.97911036,0.47139806,21.754444,1.457617,0.70120418,1.4163196,0.013611874,-21.698637,0,8.8222895,12.556542,10.044606,0.71511543,0.74175572,0.25824428,0.48267135,0.51732868,2.298701,0.80029905,0.12277765,0.22355728,0.86398333,1042.157,223.21173,862.64789,998.45428,2.6885808,2.4094768,1.1500256,0.84427208,147.25,184.86783,1.879818,0.060612224,3.1013789,2.5442793,1.8623978,1.0485897,0.54145807,0.20353578,0.054372352,0.0026543667,308.875,180.125,134.875,108.375,84.625,53.625,25.625,15.0,0.70710677,0.5,0.86602539,5.937171,0.70710677,6.0621777,-2.0702622,-2.0211942,-2.020627,-6.1291027,-6.1073146,-6.0747142,1.2228085,254.125,310.25,234.875,107.375,46.25,16.625,4.375,0.625,0.42354032,0.17301038,0.33112338,0.30239204,0.65768087,0.99650103,1.1444056,0.4241744,2.0746119,2.420294,0.49819207,0.72289646,0.69838029,0.87660575,1.3889798,2.6067011,3.9657879,5.0947709,1.2145633,305.04791,370.5,882.75,608.375,343.125,142.25,57.125,18.75,4.375,0.625,628.625,298.125,108.25,34.875,10.875,2.125,0.0,0.0,EXT418
C:/Users/MICROSOFT/Documents/nauval_mrnavac/cycpeptmp_standalone/runs/run_20260102_172000_moe/sdf/monomer.sdf,O=C(N)CC[C@](NC)C=O,10.590409,0.53534645,31,O=C(N)CC[C@](NC)C=O,354.04459,261.18207,92.862541,169.7509,184.2937,809.4032,287.78101,168.31952,521.62219,0.97911036,0.47153637,21.639071,1.440084,0.68039525,1.3944943,0.013304629,-21.689409,0,8.74716,12.441168,10.044027,0.71409905,0.73770946,0.26229051,0.47946191,0.52053809,2.2861617,0.81283832,0.1227438,0.22358525,0.86395699,1042.1782,223.24403,862.63843,998.47388,2.6886082,2.4094546,1.1499904,0.84414786,147.25,185.00066,1.9271854,0.060166989,3.1040113,2.5442486,1.8645462,1.0496647,0.54290628,0.20149122,0.05664954,0.0025831312,309.25,179.5,136.375,109.375,85.125,52.125,27.375,14.875,0.86602539,0.70710677,0.5,0.5,0.70710677,0.5,-2.0732236,-2.0481586,-2.0384178,-6.1221075,-6.1023622,-6.085206,1.2235636,252.5,306.75,233.875,108.875,45.125,16.75,4.625,0.625,0.41154903,0.17142858,0.31914532,0.30861488,0.67478788,1.0438213,1.1394732,0.41182303,1.9023066,2.2934504,0.49274206,0.73734379,0.7131201,0.84328103,1.4246159,2.5470736,3.8538115,5.1073489,1.2135408,305.09894,370.25,882.375,607.5,341.25,142.375,56.125,18.75,4.625,0.625,629.875,300.75,107.375,33.5,11.0,2.0,0.0,0.0,EXT419
C:/Users/MICROSOFT/Documents/nauval_mrnavac/cycpeptmp_standalone/runs/run_20260102_172000_moe/sdf/monomer.sdf,O=C(N)CC[C@](NC)C=O,10.928153,0.87309021,23,O=C(N)CC[C@](NC)C=O,347.82123,253.61424,94.206985,167.72308,180.09813,785.9505,291.94745,159.40726,494.00308,0.99173862,0.61010742,20.703135,1.5388978,-1.8379492,-0.65167767,0.014345055,-19.672007,0,8.8011045,12.471169,11.000463,1.1862715,0.72915113,0.27084887,0.48221064,0.51778936,2.2596393,0.83936059,0.10443699,0.25846457,0.80042177,966.18628,242.58253,751.23773,938.55231,2.5887313,2.4077144,1.1360273,0.77809411,145.375,186.20721,2.5486493,0.054025758,3.068197,2.4658566,1.8121377,1.0596355,0.56877184,0.22357021,0.058155682,0.0026675386,299.0,169.125,130.875,109.25,89.5,57.125,28.75,14.375,1.4142135,0.70710677,0.70710677,6.1846585,0.5,6.2048368,-1.9698428,-1.9438897,-1.9361473,-6.3274965,-6.202342,-6.0346308,1.2183774,248.875,299.5,237.375,114.0,51.5,17.625,4.625,0.375,0.47564471,0.1819222,0.59415489,0.7576251,1.1564095,1.4698138,1.597556,0.58441186,0.9798764,1.6768986,0.64337867,1.0449346,1.0742127,1.2239565,1.5272765,2.4584596,3.7980344,4.3698397,1.2156816,302.29956,367.5,862.125,591.25,340.25,145.875,62.25,19.875,4.625,0.375,613.25,291.75,102.875,31.875,10.75,2.25,0.0,0.0,EXT420
C:/Users/MICROSOFT/Documents/nauval_mrnavac/cycpeptmp_standalone/runs/run_20260102_172000_moe/sdf/monomer.sdf,O=C[C@@](NC)CCCCN,10.710458,0.0,60,O=C[C@@](NC)CCCCN,377.172,318.88101,58.290977,244.7202,132.45178,937.51013,171.37547,260.59003,766.1347,0.88954818,0.89268631,44.789223,1.0837613,33.207199,34.693207,9.1970005e-06,-15.850932,0,4.8089781,5.6980147,4.2032685,1.4860071,0.84545255,0.15454748,0.64882922,0.35117078,2.4856305,0.45436957,0.078318119,0.15521605,0.89472777,1264.8872,191.5475,1104.1569,1234.0702,2.9615302,2.8278682,1.1797973,0.79138947,162.125,204.91589,2.8774099,0.091984034,2.9856782,2.3373132,1.4908302,0.75772685,0.33548695,0.10633507,0.0368446,0.017417433,332.375,194.25,156.875,136.875,113.375,71.0,30.0,6.125,0.5,1.118034,0.70710677,0.5,0.70710677,0.5,-1.8038439,-1.7962278,-1.7892964,-7.9490657,-7.506391,-7.4941936,1.2357488,231.25,233.0,162.875,61.875,21.875,8.0,4.0,1.75,0.22948207,0.0803653,1.2048074,1.1504798,1.3245244,1.6081724,1.8950567,2.073837,2.6372712,2.9712503,0.92456859,1.5214643,1.6334574,1.5269169,1.8079414,2.8880272,4.0139298,3.8930624,1.2515291,334.29108,418.375,850.75,537.125,276.0,101.125,36.0,11.0,4.0,1.75,619.5,304.125,113.125,39.25,14.125,3.0,0.0,0.0,EXT421
C:/Users/MICROSOFT/Documents/nauval_mrnavac/cycpeptmp_standalone/runs/run_20260102_172000_moe/sdf/monomer.sdf,O=C[C@@](NC)CCCCN,10.710458,8.5000806e-10,121,O=C[C@@](NC)CCCCN,379.61389,321.22571,58.38818,246.91354,132.70033,944.40356,171.66125,262.83752,772.74231,0.89023453,0.89283186,44.757492,1.0712361,33.212036,34.698456,1.9745088e-05,-15.859683,0,4.7846932,5.6662841,4.2030859,1.48642,0.84619063,0.1538094,0.65043342,0.34956658,2.4878004,0.45219961,0.07830631,0.15522933,0.89471132,1264.8829,191.56352,1104.1344,1234.0679,2.9615252,2.827801,1.1798056,0.79131103,162.0,205.94017,2.8928578,0.091932498,2.9861987,2.3368497,1.4908361,0.75744021,0.33575988,0.10657454,0.036865477,0.017430419,332.25,194.125,156.875,136.875,113.5,70.875,30.0,6.125,0.5,1.118034,0.70710677,0.5,0.70710677,0.5,-1.8037682,-1.7962202,-1.7893138,-7.9480591,-7.5055141,-7.4949045,1.2356826,231.75,233.25,163.125,62.0,21.875,8.125,4.0,1.75,0.22948207,0.08127854,1.2083735,1.1600544,1.3239689,1.6076338,1.8954087,2.0846248,2.6371379,2.97118,0.92620254,1.5227046,1.6347026,1.5304533,1.8250448,2.8903923,4.014173,3.8932939,1.2514714,334.2066,418.25,851.125,537.5,276.25,101.25,36.0,11.125,4.0,1.75,619.375,304.25,113.125,39.25,14.125,3.0,0.0,0.0,EXT422
C:/Users/MICROSOFT/Documents/nauval_mrnavac/cycpeptmp_standalone/runs/run_20260102_172000_moe/sdf/monomer.sdf,O=C[C@@](NC)CCCCN,10.710458,1.2584298e-09,89,O=C[C@@](NC)CCCCN,380.00989,321.01895,58.990952,246.57375,133.43616,943.79572,173.4334,262.02798,770.3623,0.88886285,0.89245576,44.802864,1.0788662,33.213829,34.699688,1.2521291e-05,-15.844521,0,4.8239388,5.7116561,4.2003589,1.4858571,0.84476471,0.15523529,0.64886135,0.35113862,2.4836082,0.45639178,0.078336984,0.1552279,0.89472789,1264.7571,191.54129,1104.0369,1233.9359,2.9613779,2.8277814,1.1797388,0.79146057,162.25,206.27666,2.8869941,0.092127554,2.9854445,2.3355794,1.490661,0.75769961,0.33470675,0.10641536,0.036766276,0.017338939,332.375,194.375,156.75,136.75,113.375,70.875,30.0,6.125,0.5,1.118034,0.70710677,0.5,0.70710677,0.5,-1.8037055,-1.7960461,-1.7892746,-7.942184,-7.5032501,-7.4877381,1.2357142,231.125,232.375,162.875,62.0,21.625,8.125,4.0,1.75,0.22807017,0.08135283,1.2067007,1.1520705,1.3258421,1.6122543,1.8951498,2.0838661,2.6373723,2.9713256,0.92537582,1.5237793,1.6328974,1.525596,1.8200965,2.8904843,4.0142527,3.893389,1.251564,334.28174,418.375,850.625,536.75,276.0,101.25,35.75,11.125,4.0,1.75,619.5,304.375,113.125,39.25,14.125,3.0,0.0,0.0,EXT423
C:/Users/MICROSOFT/Documents/nauval_mrnavac/cycpeptmp_standalone/runs/run_20260102_172000_moe/sdf/monomer.sdf,O=C[C@@](NC)CCCCN,10.710458,2.4932536e-09,151,O=C[C@@](NC)CCCCN,378.52817,321.33432,57.193848,246.29161,132.23656,944.7229,168.14992,264.14047,776.573,0.88954818,0.89347678,44.750359,1.0772045,33.218864,34.708355,1.8896251e-05,-15.854036,0,4.7605543,5.6591511,4.2042255,1.4894913,0.84890467,0.15109535,0.65065598,0.34934402,2.4957798,0.44422033,0.078316554,0.15524296,0.89471114,1264.8075,191.56769,1104.0612,1233.9862,2.961437,2.827796,1.1797764,0.79136139,162.125,205.02026,2.8892148,0.092028111,2.9854655,2.3362987,1.4910237,0.75778621,0.33479404,0.10640274,0.036843173,0.017390696,331.75,193.875,156.625,136.75,113.5,70.875,30.0,6.125,0.5,1.118034,0.70710677,0.5,0.70710677,0.5,-1.8037351,-1.7962104,-1.7892921,-7.9457183,-7.502243,-7.4889021,1.2354947,231.0,232.375,162.875,61.75,21.75,8.0,4.0,1.75,0.22905028,0.080438755,1.2110655,1.1619824,1.3223591,1.6045109,1.8955282,2.0710046,2.6373887,2.9714344,0.92597562,1.5234005,1.6313448,1.5272969,1.8276355,2.8881776,4.0140405,3.893163,1.251911,334.28891,418.5,850.625,537.0,276.0,101.125,35.875,11.0,4.0,1.75,619.625,304.625,113.125,39.375,14.125,3.0,0.0,0.0,EXT424
C:/Users/MICROSOFT/Documents/nauval_mrnavac/cycpeptmp_standalone/runs/run_20260102_172000_moe/sdf/monomer.sdf,O=C[C@@](NC)CCCCN,10.711316,0.00085837347,46,O=C[C@@](NC)CCCCN,384.05209,324.25204,59.80006,249.00345,135.04866,953.30103,175.81218,264.452,777.48883,0.88206726,1.2765813,45.062008,1.0747169,33.541679,35.033199,8.7929374e-07,-15.776505,0,4.7498088,5.6916795,4.2042828,1.4915208,0.84429181,0.15570819,0.64835846,0.35164151,2.4822178,0.45778209,0.071975492,0.15475136,0.89362812,1265.3867,191.19536,1104.0779,1235.5004,2.962115,2.8367283,1.1897603,0.76104456,163.5,204.05754,3.2441287,0.090674311,2.989316,2.3313925,1.4853591,0.76034492,0.33777025,0.10426748,0.035522196,0.016533878,331.375,194.75,155.875,135.125,111.0,72.125,31.75,7.125,0.70710677,0.5,0.5,0.70710677,0.5,0.5,-1.8060637,-1.7981925,-1.7863413,-7.6342163,-7.6041889,-7.3744564,1.2359563,230.875,227.25,166.125,61.25,21.125,7.75,3.25,1.25,0.22694467,0.080481037,1.3342111,1.2582911,1.4052733,1.6780901,2.0458908,2.2414138,2.7846715,2.9583294,0.948443,1.5639055,1.7890964,1.7766379,2.0845623,3.3304746,4.1014037,3.8448164,1.2519416,334.68015,419.0,853.375,535.5,278.25,100.75,35.375,10.875,3.375,1.25,622.5,308.25,112.125,39.5,14.25,3.125,0.125,0.0,EXT425
C:/Users/MICROSOFT/Documents/nauval_mrnavac/cycpeptmp_standalone/runs/run_20260102_172000_moe/sdf/monomer.sdf,O=C[C@@](NC)CCCCN,11.049137,0.33867931,84,O=C[C@@](NC)CCCCN,377.61154,313.40619,64.205368,243.56337,134.04819,921.41418,188.76378,249.20081,732.65039,0.88004881,1.2171345,50.734074,1.1559948,39.183563,40.69046,0.00071142969,-19.825731,0,4.7293086,13.300241,4.1575966,1.5068958,0.82996982,0.17003021,0.64501035,0.35498962,2.4401112,0.49988881,0.069975138,0.13160707,0.92979801,1270.4089,162.2144,1146.0375,1232.566,2.9679873,2.9775913,0.99439818,0.78765672,163.875,204.22647,3.1690242,0.080800816,3.0222316,2.3598535,1.5328337,0.7676093,0.35088632,0.11879205,0.057850439,0.034620006,328.875,193.75,150.875,131.625,110.0,72.75,33.875,11.25,0.5,0.86602539,0.70710677,0.5,1.0,0.5,-1.9736691,-1.906285,-1.8279967,-8.9310732,-8.9078817,-8.1065626,1.2244934,242.625,247.5,162.125,61.75,26.125,10.5,5.75,3.0,0.27506214,0.10731244,1.2904948,1.2135608,1.3786261,1.6501307,1.8791853,2.0177386,1.9868933,1.8264419,0.92049891,1.4781064,1.6613728,1.6471863,2.063463,3.5830436,4.1840601,4.1476274,1.2625295,330.98236,417.875,865.375,550.125,280.25,104.0,41.5,14.125,6.0,3.0,622.75,302.625,118.125,42.25,15.375,3.625,0.25,0.0,EXT426
C:/Users/MICROSOFT/Documents/nauval_mrnavac/cycpeptmp_standalone/runs/run_20260102_172000_moe/sdf/monomer.sdf,O=C[C@@](NC)CCCCN,11.050527,0.34006929,50,O=C[C@@](NC)CCCCN,383.75989,316.93542,66.824478,246.51071,137.24919,931.7901,196.46397,250.11093,735.32617,0.88545203,1.7054014,51.103512,1.1552993,39.520885,41.028683,0.00051995675,-20.698097,0,4.7616386,13.624263,4.157372,1.507796,0.82586902,0.17413096,0.64235663,0.3576434,2.428055,0.51194501,0.064696155,0.13152848,0.92815101,1270.8773,162.31319,1145.3879,1234.0535,2.9685345,2.9746158,1.0264729,0.75660658,162.875,203.67509,3.57813,0.080234461,3.035929,2.3520834,1.5189328,0.77446473,0.35679963,0.11426327,0.059011459,0.035481881,325.5,191.375,151.625,131.625,109.875,73.375,33.625,9.25,0.70710677,7.0178342,7.0887237,0.5,0.70710677,1.118034,-1.9510221,-1.9301094,-1.8329023,-8.9156952,-8.4307394,-8.4236689,1.2266676,241.75,241.875,164.875,62.125,26.25,10.5,5.375,3.25,0.27287716,0.10351377,1.4397358,1.3723038,1.5337083,1.7718483,2.1032329,2.1591737,2.1113541,2.2890131,0.94393355,1.567888,1.8090261,1.9368297,2.3355541,3.8850386,4.2155504,4.1779904,1.2565105,329.5834,414.125,868.125,549.25,286.5,105.375,41.375,13.625,5.75,3.25,626.375,307.375,121.625,43.25,15.125,3.125,0.375,0.0,EXT427
C:/Users/MICROSOFT/Documents/nauval_mrnavac/cycpeptmp_standalone/runs/run_20260102_172000_moe/sdf/monomer.sdf,O=C[C@@](NC)CCCCN,11.176493,0.46603557,26,O=C[C@@](NC)CCCCN,379.0033,324.25583,54.747471,251.24663,127.75666,953.31213,160.95757,269.50836,792.35455,0.87603945,0.87299156,46.449795,1.12248,34.514965,36.375412,1.390417e-07,-16.123459,0,4.7171311,5.8199902,4.2347727,1.860446,0.8555488,0.14445117,0.6629141,0.33708587,2.5153136,0.42468646,0.094308205,0.19824882,0.87145877,1148.1654,219.95612,966.87939,1109.4952,2.8215809,2.6645205,1.2835295,0.81826472,164.625,205.58258,2.9509199,0.09542039,2.8917005,2.0847318,1.2498068,0.72206503,0.35897928,0.16418473,0.086309575,0.040544968,350.75,202.25,164.25,149.75,128.75,88.0,33.625,6.75,0.5,0.5,1.0,0.70710677,0.5,0.5,-1.8049202,-1.7772427,-1.7650411,-7.9256511,-7.5872078,-7.337636,1.2285786,166.875,163.75,135.0,64.625,30.0,16.0,8.875,3.5,0.2716895,0.12604341,1.248046,1.1214449,1.089389,1.1785065,1.4103016,2.064265,2.8160789,3.2032447,0.57953209,1.2266238,1.7242197,1.7610737,1.9613358,2.2158966,2.3333244,2.2536457,1.2602108,333.07922,419.75,790.875,465.625,248.125,104.375,44.625,18.875,9.0,3.5,624.0,301.875,113.125,39.75,14.625,2.875,0.125,0.0,EXT428
C:/Users/MICROSOFT/Documents/nauval_mrnavac/cycpeptmp_standalone/runs/run_20260102_172000_moe/sdf/monomer.sdf,O=C[C@@](NC)CCCCN,11.180121,0.4696641,127,O=C[C@@](NC)CCCCN,378.10425,323.46713,54.637115,250.80424,127.30001,950.99341,160.63312,268.83002,790.36029,0.88139343,0.5789355,45.366894,1.1327711,33.391014,35.252647,2.7909527e-06,-15.513434,0,4.7454443,5.6902251,4.2360301,1.8616309,0.85549724,0.14450277,0.66332036,0.33667967,2.5151618,0.42483816,0.10494589,0.18902259,0.89189595,1168.1552,212.22139,1001.3586,1122.7303,2.8460369,2.6983845,1.2160476,0.87415117,163.625,205.60075,1.46482,0.096549831,2.9169793,2.125282,1.3800175,0.75335324,0.34847537,0.1346598,0.044501908,0.020631379,331.75,193.125,160.0,146.0,124.875,79.5,26.5,4.375,0.5,0.70710677,1.118034,0.5,0.70710677,0.5,-1.7956414,-1.7701707,-1.7504359,-7.364296,-7.0479126,-7.0077987,1.2370732,180.375,189.125,148.875,64.375,25.375,11.375,4.25,1.875,0.25078124,0.098458901,0.31948987,0.3291041,0.27634808,0.31525704,0.4290905,0.78711081,2.3434386,3.1144767,0.35927129,0.41554618,0.32177436,0.73659784,1.3916609,2.189647,3.4763865,4.0060387,1.2493169,334.18262,417.5,806.25,494.875,263.75,103.625,40.125,14.375,4.25,1.875,625.875,305.75,114.875,39.25,14.75,3.0,0.0,0.0,EXT429
C:/Users/MICROSOFT/Documents/nauval_mrnavac/cycpeptmp_standalone/runs/run_20260102_172000_moe/sdf/monomer.sdf,O=C[C@@](NC)CCCCN,11.180121,0.4696641,15,O=C[C@@](NC)CCCCN,378.14182,324.10046,54.041348,249.05075,129.09106,952.85541,158.88156,270.05911,793.97382,0.88139343,0.5789969,45.361294,1.1326028,33.391808,35.254387,4.4471089e-06,-15.512699,0,4.7387209,5.6846251,4.2355785,1.862581,0.85708708,0.14291291,0.65861732,0.34138268,2.5198359,0.42016396,0.10490309,0.18899298,0.89186651,1168.1737,212.19754,1001.3699,1122.78,2.8460596,2.6983745,1.216091,0.87396967,163.625,205.88145,1.4727329,0.096454896,2.9174414,2.1256266,1.3801038,0.75374085,0.34857732,0.13465783,0.044514842,0.020642336,331.5,193.125,159.875,146.125,125.0,79.5,26.5,4.375,0.5,0.70710677,1.118034,0.5,0.70710677,0.5,-1.7960405,-1.770349,-1.7504063,-7.3661075,-7.0512466,-7.0059905,1.2369616,179.875,189.125,148.75,64.75,25.5,11.25,4.25,1.875,0.2517592,0.097519249,0.31891647,0.32687038,0.27694184,0.31781831,0.42944205,0.78713781,2.3413904,3.1144969,0.36103147,0.41631839,0.32169503,0.72532183,1.3992337,2.2065344,3.4756601,4.0052981,1.2494297,334.15244,417.5,806.375,495.0,263.75,103.75,40.25,14.25,4.25,1.875,626.5,305.875,115.0,39.0,14.75,3.0,0.0,0.0,EXT430
C:/Users/MICROSOFT/Documents/nauval_mrnavac/cycpeptmp_standalone/runs/run_20260102_172000_moe/sdf/monomer.sdf,O=C[C@@](NC)CCCCN,11.516126,0.80566829,141,O=C[C@@](NC)CCCCN,377.81479,318.13223,59.682571,248.9332,128.88161,935.30878,175.46677,258.44965,759.84198,0.88681322,1.4155481,50.867439,1.2163286,38.763485,40.636662,0.00058490271,-18.127539,0,4.824142,8.5416069,4.1897225,1.8731763,0.84203219,0.15796779,0.65887624,0.34112376,2.4755747,0.46442533,0.076120429,0.16532582,0.9035157,1154.0476,184.44514,1008.0039,1115.6462,2.8287992,2.8565586,1.0828307,0.78812253,162.625,203.79089,3.5996552,0.086066984,2.9226956,2.1237321,1.3929819,0.78303874,0.35341778,0.11400884,0.059254274,0.032767911,322.75,185.875,154.25,138.0,115.5,73.625,25.0,5.625,0.5,0.70710677,0.86602539,0.70710677,0.5,0.5,-1.8475391,-1.791707,-1.7850555,-8.3054647,-8.0571899,-7.9944949,1.2284806,185.0,194.0,150.125,64.375,24.5,9.5,6.875,3.0,0.25688818,0.096920289,1.4004003,1.2985363,1.3518913,1.5314931,1.7874001,1.9198962,2.598382,2.9444952,0.78457552,1.3911232,1.7391326,1.9164355,2.4315734,3.7779317,4.1644363,4.0529919,1.2580553,331.86139,417.5,811.75,500.125,270.875,107.25,39.625,13.375,7.25,3.0,626.75,306.125,120.75,42.875,15.125,3.875,0.375,0.0,EXT431
C:/Users/MICROSOFT/Documents/nauval_mrnavac/cycpeptmp_standalone/runs/run_20260102_172000_moe/sdf/monomer.sdf,O=C[C@@](NC)CCCCN,11.517588,0.8071304,11,O=C[C@@](NC)CCCCN,375.61514,315.73456,59.880581,246.14871,129.46642,928.25958,176.0489,255.85397,752.21069,0.87737185,1.127337,50.144577,1.2142447,37.97604,39.855099,0.00060334807,-17.3368,0,4.884634,8.8352098,4.1899948,1.8790578,0.84057993,0.15942004,0.6553216,0.3446784,2.4713051,0.46869493,0.10252407,0.17101058,0.93570995,1172.809,190.4028,1041.8174,1113.3978,2.8517005,2.8434865,1.0172498,0.91046685,164.375,203.75388,2.2575576,0.090168901,2.9632783,2.1735067,1.4922802,0.76472837,0.33434352,0.11340909,0.058635231,0.035260342,324.75,185.625,152.0,134.0,113.125,68.125,19.625,4.625,0.5,0.86602539,0.70710677,0.70710677,1.118034,0.5,-1.9431541,-1.8899375,-1.8396209,-8.4555969,-8.2449036,-8.0921316,1.2258196,203.375,208.125,154.875,59.75,23.25,9.25,5.875,3.5,0.2524671,0.099813432,0.25991121,0.34803635,0.37362984,0.43450165,0.43245077,0.53558278,0.75868982,1.5593328,0.44237334,0.49242279,0.30506179,0.91989315,2.1027877,3.9028053,4.2478004,4.1999469,1.2585173,329.95175,415.25,827.75,513.125,277.875,101.875,38.375,13.375,6.375,3.5,624.375,305.0,123.0,42.125,15.125,4.125,0.5,0.0,EXT432
C:/Users/MICROSOFT/Documents/nauval_mrnavac/cycpeptmp_standalone/runs/run_20260102_172000_moe/sdf/monomer.sdf,O=C[C@@](NC)CCCCN,11.575579,0.8651216,135,O=C[C@@](NC)CCCCN,371.91415,314.29303,57.621136,246.46185,125.4523,924.02148,169.40614,256.67191,754.61536,0.87670517,0.83139277,44.898888,1.0930531,33.074638,34.720276,3.3732369e-05,-13.684736,0,4.7052193,6.0899568,4.3803029,1.6456395,0.84506875,0.15493128,0.6626848,0.3373152,2.4845021,0.45549795,0.085569695,0.16732596,0.90453368,1153.8372,186.37064,1007.4858,1113.8179,2.8285413,2.8604434,1.042888,0.83674544,164.5,203.70876,2.8541422,0.081600234,2.9379361,2.1363823,1.4426367,0.81358075,0.36474097,0.12246182,0.036626719,0.018711837,315.625,182.5,149.875,133.0,111.25,67.0,21.625,3.875,2.5980761,4.3874822,6.041523,0.86602539,0.70710677,0.5,-1.769578,-1.7538558,-1.7205609,-7.3450408,-7.2683387,-7.2671013,1.2324102,196.25,202.375,163.875,70.5,25.5,8.625,3.125,1.625,0.26522103,0.089285716,1.2772456,1.1788174,1.254896,1.4106245,1.6112862,1.680907,2.498626,2.4273555,0.71922362,1.2327412,1.4323639,1.5916765,1.8356165,2.9293926,4.1083565,4.0558424,1.2520382,331.85886,415.5,822.375,507.625,276.75,110.25,39.75,11.875,3.125,1.625,626.125,305.25,112.875,39.75,14.25,3.25,0.0,0.0,EXT433
C:/Users/MICROSOFT/Documents/nauval_mrnavac/cycpeptmp_standalone/runs/run_20260102_172000_moe/sdf/monomer.sdf,O=C[C@@](NC)CCCCN,11.580292,0.86983448,198,O=C[C@@](NC)CCCCN,380.14035,321.2739,58.866451,252.28027,127.86008,944.54529,173.06737,262.40744,771.47791,0.8874954,0.59094387,44.486977,1.0952615,32.640339,34.27985,1.6059276e-07,-13.302419,0,4.7335644,5.7098441,4.3783026,1.6395113,0.84514546,0.15485452,0.66365033,0.33634967,2.4847276,0.45527229,0.1094917,0.17320861,0.93388408,1173.0449,192.85483,1039.8099,1113.4252,2.8519874,2.8535323,0.97845644,0.94422042,162.5,203.01839,1.6624349,0.084696971,2.9621756,2.1793363,1.5210116,0.79503477,0.3484858,0.12004305,0.041934054,0.017344978,314.625,180.0,148.75,130.625,109.625,64.5,17.125,3.875,0.5,0.70710677,0.86602539,0.5,0.70710677,0.5,-1.9917566,-1.9152142,-1.8243408,-7.5951147,-7.4211965,-7.2835822,1.2340347,209.375,222.375,170.625,65.0,22.625,9.125,4.625,1.25,0.25210086,0.090909094,0.22708468,0.25001758,0.31369787,0.3816388,0.53085774,0.92802757,1.4874727,2.4000163,0.4474442,0.49471423,0.23603973,0.64719164,1.6322551,3.1062701,4.0271368,4.2752786,1.2483807,331.22913,413.5,834.5,525.75,285.875,105.25,37.5,11.875,4.625,1.25,625.125,303.375,115.25,40.25,14.875,2.75,0.0,0.0,EXT434
C:/Users/MICROSOFT/Documents/nauval_mrnavac/cycpeptmp_standalone/runs/run_20260102_172000_moe/sdf/monomer.sdf,O=C[C@@](NC)CCCCN,11.604599,0.89414114,91,O=C[C@@](NC)CCCCN,381.31689,314.22568,67.09124,243.02997,138.28694,923.82349,197.24825,247.13443,726.57526,0.88613206,0.51513654,44.637203,1.1058226,33.290051,34.19463,1.5475044e-06,-13.962276,0,4.7841988,5.7593951,4.5525513,0.90457934,0.82405388,0.17594615,0.63734382,0.36265621,2.4227183,0.51728165,0.077847421,0.13928953,0.90515673,1282.1152,174.70279,1135.2856,1254.2421,2.9816303,2.981813,0.95565087,0.83196008,162.75,204.2666,0.5285061,0.075441524,3.0620842,2.4601059,1.7378525,0.82338208,0.35397059,0.08011885,0.00094406307,0.0,293.75,173.75,138.625,116.375,90.75,53.875,20.0,6.5,0.5,0.5,0.70710677,5.8736701,0.5,5.937171,-1.964674,-1.9135115,-1.8729448,-5.213984,-4.9682803,-4.950491,1.2292839,277.875,295.625,193.75,62.75,19.375,2.625,-0.25,0.0,0.25428313,0.059076261,0.34417766,0.32177556,0.66956949,0.90499693,1.0297753,0.92728192,1.5531085,2.3661733,0.73147315,0.92710412,0.72381216,0.36819893,0.3135657,1.3577528,4.294528,0.0,1.2561029,331.4816,416.375,895.375,597.375,309.375,105.625,35.25,6.875,0.125,0.0,617.5,301.75,115.625,42.875,15.875,4.25,0.375,0.0,EXT435
C:/Users/MICROSOFT/Documents/nauval_mrnavac/cycpeptmp_standalone/runs/run_20260102_172000_moe/sdf/monomer.sdf,O=C[C@@](NC)CCCCN,11.630925,0.92046773,55,O=C[C@@](NC)CCCCN,373.87442,317.15259,56.721832,247.74004,126.13438,932.42859,166.76219,260.43076,765.66638,0.87937802,0.68041348,45.53384,1.2582082,32.91647,34.548122,5.353491e-07,-15.550086,0,4.6832209,6.3608637,5.0442886,1.6316538,0.84828639,0.15171359,0.66262901,0.33737096,2.493962,0.44603798,0.10145219,0.18730716,0.89001244,1171.9731,211.34828,1004.2466,1128.3512,2.8506842,2.6691964,1.24131,0.85018075,164.0,204.50603,1.0530076,0.089430101,2.9276738,2.1617517,1.3978845,0.7700876,0.37065482,0.13542883,0.039198611,0.017242072,329.625,191.625,158.625,140.25,117.5,75.875,27.125,5.125,0.5,0.70710677,1.118034,0.70710677,0.5,0.5,-1.8138603,-1.7933686,-1.7739803,-7.6261559,-7.4970403,-7.4624853,1.2307813,212.0,213.5,154.125,67.25,27.25,10.25,3.625,1.625,0.26162332,0.09536542,0.34931144,0.40973076,0.43022764,0.52324456,0.63446915,0.6873194,2.2580886,2.9331818,0.43398014,0.56574261,0.42425844,0.45985597,0.96858495,1.9512671,4.0388842,4.0009961,1.2570807,333.21252,418.875,813.5,503.0,268.375,108.0,41.5,13.375,3.75,1.625,601.5,289.5,114.25,40.75,14.25,3.125,0.125,0.0,EXT436
C:/Users/MICROSOFT/Documents/nauval_mrnavac/cycpeptmp_standalone/runs/run_20260102_172000_moe/sdf/monomer.sdf,O=C[C@@](NC)CCCCN,11.633946,0.92348891,181,O=C[C@@](NC)CCCCN,378.20038,320.2645,57.935863,248.88542,129.31496,941.57764,170.33144,262.32864,771.24622,0.89092201,1.267149,46.554863,1.2660646,33.903313,35.547012,1.2594664e-05,-16.110872,0,4.6826272,6.8419499,5.0591483,1.6436993,0.84681171,0.15318827,0.65807819,0.34192181,2.4896264,0.45037353,0.084904648,0.19510287,0.86991554,1154.6914,218.1904,972.85718,1118.3352,2.8295882,2.647855,1.3084542,0.77154267,161.875,203.86781,3.1314549,0.083466016,2.9002166,2.1054764,1.2798716,0.74547875,0.39755353,0.16964935,0.062437125,0.018763717,341.375,197.75,159.75,143.375,124.625,84.875,32.125,6.5,0.70710677,0.5,0.5,0.70710677,0.5,0.5,-1.8114454,-1.782981,-1.7728018,-7.8171387,-7.4762907,-7.4399328,1.2334858,200.75,187.125,143.375,69.875,33.0,14.25,6.375,2.125,0.30125195,0.12031386,1.4123279,1.2620549,1.2355274,1.3780652,1.5696479,2.1030247,2.8460505,3.1581471,0.6431039,1.3308766,1.8032646,1.8958646,1.9727526,2.1720021,2.3506095,3.0688977,1.2533255,333.41299,417.875,801.125,481.375,256.25,110.625,48.125,17.25,6.5,2.125,600.375,294.25,112.875,40.75,15.125,3.0,0.125,0.0,EXT437
C:/Users/MICROSOFT/Documents/nauval_mrnavac/cycpeptmp_standalone/runs/run_20260102_172000_moe/sdf/monomer.sdf,O=C[C@@](NC)CCCCN,11.676081,0.96562344,56,O=C[C@@](NC)CCCCN,379.13858,311.20557,67.933029,245.08786,134.05072,914.94434,199.7231,243.27254,715.22125,0.89092201,1.2358894,50.215672,1.0143344,39.035534,40.462734,0.0007442747,-20.661877,0,4.7673779,9.0621462,3.9704809,1.4271982,0.82082272,0.1791773,0.64643341,0.35356656,2.4132187,0.52678126,0.072001398,0.13303973,0.9287011,1266.4886,163.4476,1140.9673,1228.5625,2.9634044,2.9253559,1.0274364,0.78496295,161.875,203.54674,3.0124161,0.08465042,3.0425122,2.4048886,1.5185874,0.78458369,0.34885409,0.11461158,0.057940684,0.033299886,326.5,190.375,152.5,129.25,109.125,73.5,38.0,10.75,0.70710677,0.5,0.86602539,0.5,0.5,1.0,-1.9813669,-1.8921471,-1.8635927,-8.5182276,-8.3487597,-7.8832512,1.2199556,268.0,257.5,163.375,64.125,24.5,10.5,6.75,3.375,0.25491804,0.1073501,1.3049027,1.1549954,1.365773,1.7250503,2.0168097,1.923206,1.837142,1.7910869,1.0038265,1.5514307,1.6798913,1.5949529,1.9394062,3.6112592,4.1933374,4.0540857,1.2672257,329.75577,417.875,873.75,555.375,281.25,106.875,38.875,13.875,6.75,3.375,605.75,297.875,117.875,42.75,14.375,3.375,0.0,0.0,EXT438
C:/Users/MICROSOFT/Documents/nauval_mrnavac/cycpeptmp_standalone/runs/run_20260102_172000_moe/sdf/monomer.sdf,O=C[C@@](NC)CCCCN,11.676081,0.96562344,41,O=C[C@@](NC)CCCCN,373.23944,308.28702,64.952431,241.52573,131.71371,906.36383,190.96013,243.33458,715.40369,0.89023453,1.2367535,50.255558,1.0330741,39.035076,40.461769,0.00063367543,-20.671249,0,4.7893381,9.1020336,3.970742,1.4266945,0.82597649,0.17402348,0.64710665,0.35289335,2.428371,0.51162905,0.07200335,0.13307132,0.92866397,1266.5162,163.49042,1140.9496,1228.5925,2.9634366,2.9253547,1.0274655,0.78497326,162.0,203.15163,3.0124161,0.084624223,3.0420117,2.4049313,1.5185953,0.78608882,0.34894836,0.11459945,0.05793396,0.033285707,326.625,190.5,152.5,129.5,109.0,73.25,38.0,10.875,0.70710677,0.5,0.86602539,0.5,0.5,1.0,-1.9811466,-1.8927572,-1.8632824,-8.5150099,-8.3436432,-7.8815145,1.2202469,267.875,257.625,163.25,64.25,24.375,10.5,6.75,3.375,0.25491804,0.10714286,1.3041625,1.1496602,1.3654276,1.7172723,2.0223944,1.9197328,1.8424885,1.7997408,1.001569,1.5504953,1.6787385,1.5947518,1.9399976,3.6117806,4.1938119,4.054563,1.2667968,329.76874,417.75,873.5,555.25,281.125,107.0,38.875,13.875,6.75,3.375,605.625,297.625,117.875,42.75,14.5,3.375,0.0,0.0,EXT439
C:/Users/MICROSOFT/Documents/nauval_mrnavac/cycpeptmp_standalone/runs/run_20260102_172000_moe/sdf/monomer.sdf,O=C[C@@](NC)CCCCN,11.676081,0.96562344,160,O=C[C@@](NC)CCCCN,375.36783,308.81009,66.557732,243.28964,132.0782,907.90173,195.67973,242.25237,712.22198,0.89023453,1.2362179,50.258461,1.0086668,39.033024,40.463345,0.00045408341,-20.654924,0,4.8166628,9.1049366,3.9693341,1.4303174,0.82268661,0.17731336,0.64813662,0.35186338,2.4186988,0.52130127,0.072016068,0.13304986,0.92870742,1266.48,163.45764,1140.9581,1228.5442,2.9633944,2.9254012,1.0274907,0.78505516,162.0,204.298,3.0513372,0.081484504,3.046989,2.4114523,1.5203542,0.7819351,0.36329007,0.11272414,0.059280854,0.035776265,325.5,193.75,152.75,131.875,109.875,72.5,35.125,10.625,0.70710677,0.5,0.5,0.70710677,0.5,1.118034,-1.9556028,-1.9234489,-1.8680888,-8.7083597,-8.681613,-8.4051743,1.2219942,272.625,261.5,164.75,62.0,25.25,9.625,5.125,3.625,0.27250409,0.10047393,1.3013487,1.2269602,1.4006916,1.6988757,2.0196185,1.9821081,1.8113978,1.733609,1.0026292,1.5332936,1.6725876,1.6126347,1.9930923,3.6516423,4.1020498,4.1531382,1.2619501,328.65799,414.75,879.0,560.25,285.75,106.0,41.625,13.25,5.5,3.625,606.375,298.75,121.0,44.0,16.375,3.625,0.375,0.0,EXT440
C:/Users/MICROSOFT/Documents/nauval_mrnavac/cycpeptmp_standalone/runs/run_20260102_172000_moe/sdf/monomer.sdf,O=C[C@@](NC)CCCCN,11.737105,1.0266479,193,O=C[C@@](NC)CCCCN,380.75714,316.00964,64.74749,249.40327,131.35385,929.06836,190.35762,251.26215,738.71069,0.8874954,0.8167904,44.400326,0.90055001,33.395176,34.592587,4.1870735e-05,-16.333523,0,4.74966,5.1423554,4.1574888,1.1974115,0.82995069,0.17004932,0.65501934,0.34498069,2.4400549,0.49994501,0.081197403,0.13528177,0.92875201,1265.9464,165.94638,1139.2743,1226.6722,2.96277,2.9316859,0.98337835,0.83538854,162.5,205.62843,2.5379665,0.079487376,3.0464091,2.4165118,1.5681909,0.81168449,0.36616981,0.12405804,0.037652072,0.017133586,318.5,186.125,150.125,127.25,105.25,68.5,34.875,9.875,0.5,0.70710677,0.86602539,0.5,0.5,1.0,-1.9569879,-1.9043133,-1.8879241,-7.5128741,-7.3733773,-6.9504623,1.2215686,277.25,267.5,180.125,71.625,26.0,9.25,3.375,1.5,0.25728559,0.097249508,1.2958055,1.1652473,1.314023,1.7090588,2.0557323,2.0053964,2.0898464,2.1009176,0.97741014,1.4939477,1.5602286,1.3757544,1.4730504,2.8575277,3.8938723,4.1068125,1.2649212,329.86243,417.25,882.375,561.875,289.0,111.125,38.625,12.375,3.375,1.5,605.125,294.375,108.875,39.5,12.625,3.125,0.0,0.0,EXT441
C:/Users/MICROSOFT/Documents/nauval_mrnavac/cycpeptmp_standalone/runs/run_20260102_172000_moe/sdf/monomer.sdf,O=C[C@@](NC)CCCCN,11.737105,1.0266479,40,O=C[C@@](NC)CCCCN,382.65637,316.20761,66.448792,250.62828,132.02811,929.65033,195.35944,249.7588,734.29089,0.88613206,0.81648803,44.382484,0.89959633,33.39505,34.58963,1.3206854e-05,-16.349821,0,4.7339754,5.1245136,4.1592689,1.1945795,0.82634866,0.17365132,0.65496951,0.34503046,2.4294651,0.51053488,0.081186056,0.13529819,0.92873979,1266.0353,165.97784,1139.3369,1226.7559,2.9628739,2.9316261,0.98341888,0.83531314,162.75,204.37611,2.6639152,0.07329689,3.0443044,2.4108996,1.5721141,0.80822384,0.38006836,0.12348265,0.037216283,0.018559437,314.75,189.0,147.25,128.5,106.75,70.0,32.75,9.5,0.5,0.5,0.70710677,0.5,0.5,1.0,-1.9598564,-1.9457067,-1.8789423,-7.8007536,-7.5913939,-7.3251276,1.2239316,272.125,273.125,178.125,69.75,26.25,9.125,3.625,1.875,0.27504244,0.098249026,1.2879996,1.1772476,1.4225404,1.6616309,2.005867,2.0412199,2.0151632,2.2551444,0.97798979,1.4755059,1.5922581,1.3546247,1.4537338,2.7918825,4.0809584,4.1642246,1.261596,330.0383,416.375,877.625,566.0,291.125,109.75,40.5,12.625,3.625,1.875,605.5,292.875,113.0,40.0,14.25,3.5,0.0,0.0,EXT442
C:/Users/MICROSOFT/Documents/nauval_mrnavac/cycpeptmp_standalone/runs/run_20260102_172000_moe/sdf/monomer.sdf,O=C[C@@](NC)CCCCN,11.825591,1.1151339,66,O=C[C@@](NC)CCCCN,378.09048,317.93228,60.158203,246.16425,131.92624,934.72089,176.86511,257.77408,757.85577,0.88274217,0.79633296,45.517925,1.426595,33.161278,34.649956,4.2036709e-06,-14.297069,0,4.8352232,5.6230845,4.6061468,1.4886775,0.84088939,0.15911061,0.65107232,0.34892768,2.4722149,0.46778518,0.12216607,0.20166931,0.90584135,1148.1045,219.72601,986.9469,1089.5361,2.821506,2.6868832,1.1098369,0.93912649,163.375,205.38011,2.9319043,0.091521367,2.9873002,2.3516433,1.4867687,0.76613361,0.34293699,0.10760358,0.04054651,0.019915,328.375,189.375,152.0,132.875,110.0,71.875,29.25,6.625,5.5226803,0.5,5.315073,0.5,1.118034,0.70710677,-1.8022381,-1.7834166,-1.7697339,-7.5586953,-7.548543,-7.4019489,1.2299646,237.0,235.375,158.75,62.125,22.75,7.875,3.75,1.75,0.24424343,0.083725303,1.3013312,1.2557111,1.4713175,1.7465998,2.1164494,2.2138121,2.9090505,2.9609449,0.99278039,1.6068841,1.8330499,1.6832881,1.7195922,2.6153245,3.6323242,3.4549153,1.2535205,330.6687,414.5,848.0,535.25,274.75,103.125,37.125,11.125,3.875,1.75,611.0,299.875,116.0,41.0,14.375,3.25,0.125,0.0,EXT443
C:/Users/MICROSOFT/Documents/nauval_mrnavac/cycpeptmp_standalone/runs/run_20260102_172000_moe/sdf/monomer.sdf,O=C[C@@](NC)CCCCN,11.925425,1.2149669,138,O=C[C@@](NC)CCCCN,374.06638,312.63379,61.432583,241.17543,132.89096,919.14337,180.6118,251.20122,738.53162,0.88613206,0.56563365,45.340775,1.4082584,33.369064,34.833401,1.0412106e-06,-16.949137,0,4.7470512,5.6527319,4.3520646,1.4643373,0.83577091,0.16422909,0.64473963,0.35526037,2.4571664,0.48283353,0.13601214,0.20476918,0.90089315,1117.5319,217.35306,956.25659,1061.454,2.7836859,2.5253971,1.2646351,0.93136197,162.75,203.9252,1.4660219,0.094169885,2.9632387,2.2768037,1.4364455,0.76849455,0.35643041,0.12258618,0.039750978,0.016111854,326.375,188.75,154.75,136.25,112.75,79.25,30.125,7.375,0.5,0.70710677,0.5,0.5,0.70710677,0.5,-1.9511013,-1.9043428,-1.8815441,-7.7362423,-7.448144,-7.3995509,1.2267987,214.75,208.625,154.375,64.75,25.875,8.875,4.375,1.375,0.25605816,0.087155961,0.37809768,0.34100193,0.22776535,0.28730938,0.45753616,0.92619407,2.2984324,2.7816765,0.45897186,0.4964706,0.30484793,0.57621944,1.4360718,2.7248068,4.3007054,4.375978,1.2570081,329.95016,414.75,830.125,516.875,268.5,103.875,39.625,11.875,4.375,1.375,615.375,308.25,114.125,39.125,13.75,3.0,0.0,0.0,EXT444
C:/Users/MICROSOFT/Documents/nauval_mrnavac/cycpeptmp_standalone/runs/run_20260102_172000_moe/sdf/monomer.sdf,O=C[C@@](NC)CCCCN,12.030586,1.3201292,111,O=C[C@@](NC)CCCCN,376.41275,314.51721,61.895542,251.11011,125.30264,924.6806,181.9729,252.62166,742.7077,0.88139343,0.79491442,45.902576,1.2402507,33.30896,34.726994,5.5805529e-05,-14.198474,0,4.7477832,6.3673568,5.1874948,1.4180316,0.83556473,0.1644353,0.66711372,0.33288628,2.4565601,0.48343977,0.10697226,0.17111325,0.93683404,1176.7269,191.04231,1045.9443,1116.467,2.8564596,2.8372035,0.98603922,0.92795324,163.625,204.80334,1.3631971,0.078242674,2.9810038,2.2027597,1.5338527,0.81564909,0.37363213,0.13127615,0.038068611,0.017088423,307.125,179.125,146.625,128.5,108.0,68.125,21.5,5.75,0.5,0.5,1.0,0.5,0.5,1.0,-1.8936124,-1.877008,-1.8308311,-7.9137006,-7.3255706,-7.2605767,1.225649,224.875,245.0,174.375,69.875,24.375,10.125,3.875,1.5,0.27280477,0.10700389,0.38418454,0.44185695,0.46751615,0.60212827,0.68565524,0.94122601,1.292311,1.7725489,0.49794254,0.58399892,0.44690347,0.62827897,1.2880025,2.9351468,4.0046921,4.1754503,1.2571751,329.11087,413.75,833.75,531.75,288.75,109.875,40.0,13.75,3.875,1.5,608.875,286.75,114.375,40.0,15.625,3.625,0.0,0.0,EXT445
C:/Users/MICROSOFT/Documents/nauval_mrnavac/cycpeptmp_standalone/runs/run_20260102_172000_moe/sdf/monomer.sdf,O=C[C@@](NC)CCCCN,12.034839,1.3243809,196,O=C[C@@](NC)CCCCN,377.52066,315.23807,62.282581,252.12883,125.39182,926.79993,183.11079,252.95549,743.68915,0.88139343,1.2420352,46.405434,1.2165256,33.858696,35.280079,0.00010709109,-15.058019,0,4.7037683,6.7394547,5.2049541,1.4213823,0.83502203,0.16497794,0.66785443,0.33214557,2.4549649,0.48503515,0.081865154,0.16573517,0.90643692,1160.4116,185.62262,1015.2051,1119.9954,2.8365881,2.8421402,1.0639192,0.81319565,163.625,202.81657,3.2439384,0.075188704,2.9475415,2.1645725,1.465561,0.83650631,0.3846792,0.13073198,0.042734969,0.019374304,307.5,173.875,143.875,125.375,107.625,66.125,22.25,3.75,0.70710677,2.5,2.0615528,0.5,0.70710677,0.86602539,-1.8271611,-1.739943,-1.7385828,-7.4661651,-7.3576608,-7.052906,1.2280629,225.375,236.625,177.0,73.125,27.25,9.5,3.875,1.875,0.29539531,0.10568295,1.3926411,1.3198138,1.470178,1.6797225,1.876099,1.8709644,2.6554692,2.909348,0.77378464,1.3047479,1.5448043,1.7072047,1.9940261,2.9856739,4.0492887,4.0579576,1.2554616,330.15744,414.5,829.375,524.875,289.0,113.25,42.5,13.25,4.0,1.875,604.0,288.25,112.0,40.125,15.25,3.75,0.125,0.0,EXT446
C:/Users/MICROSOFT/Documents/nauval_mrnavac/cycpeptmp_standalone/runs/run_20260102_172000_moe/sdf/monomer.sdf,O=C[C@@](NC)CCCCN,12.236722,1.5262645,64,O=C[C@@](NC)CCCCN,377.05234,310.94656,66.105774,237.34105,139.7113,914.18292,194.35098,244.84081,719.83197,0.87737185,0.99802572,47.754219,1.189712,35.863422,37.074005,0.00024026498,-17.608669,0,4.8165264,7.9848013,4.6737356,1.2105833,0.82467747,0.17532253,0.62946445,0.37053555,2.4245517,0.51544827,0.095861748,0.18774286,0.87420833,1224.0212,222.89687,1037.9,1187.2455,2.9132969,2.7117991,1.2075044,0.83961505,164.375,203.38112,2.9477549,0.080592811,3.0468328,2.4026613,1.5284097,0.8218345,0.38448027,0.12211464,0.032971077,0.013706553,317.375,190.25,149.5,130.25,109.25,70.75,37.875,11.625,6.6708322,0.5,6.8373971,0.5,0.86602539,0.70710677,-2.0132692,-1.9893457,-1.9289569,-7.1319523,-6.9924116,-6.9208446,1.2245165,283.25,269.25,173.0,72.25,25.0,7.875,2.875,1.375,0.27006689,0.089251436,1.281358,1.1700653,1.3548771,1.5114106,1.7161319,1.5909399,1.7030878,1.6059709,0.85167938,1.2486041,1.4461336,1.4836199,1.7992787,3.2902222,3.8684404,3.8360467,1.2609932,330.19604,416.375,884.5,565.875,289.125,112.125,40.375,11.625,3.0,1.375,601.25,296.625,116.125,39.875,15.375,3.75,0.125,0.0,EXT447
C:/Users/MICROSOFT/Documents/nauval_mrnavac/cycpeptmp_standalone/runs/run_20260102_172000_moe/sdf/monomer.sdf,O=C[C@@](NC)CCCCN,12.236722,1.5262645,112,O=C[C@@](NC)CCCCN,378.6373,313.9772,64.66011,239.70857,138.92873,923.09296,190.10071,249.31709,732.99225,0.87737185,0.99751484,47.787762,1.1995672,35.872898,37.074482,0.00011827081,-17.624168,0,4.8394899,8.0183449,4.6741071,1.2015845,0.82922941,0.17077057,0.63308227,0.3669177,2.4379346,0.50206548,0.095845655,0.187665,0.87425637,1224.2241,222.8446,1038.1442,1187.4596,2.9135385,2.711854,1.2075144,0.83956152,164.375,203.8929,2.9516354,0.080735333,3.0466383,2.4026453,1.5281097,0.82187611,0.38445029,0.12202066,0.032921601,0.013678819,317.125,190.375,149.75,130.375,109.625,70.625,38.0,11.625,6.6708322,0.5,6.8373971,0.5,0.86602539,0.70710677,-2.0131862,-1.9890296,-1.9285157,-7.1295457,-6.9882946,-6.9223404,1.2244945,283.125,269.75,173.0,72.5,25.0,8.0,2.875,1.375,0.26961604,0.089165866,1.2853067,1.1775793,1.3616197,1.5231873,1.7223477,1.5987449,1.705253,1.6061672,0.85017341,1.2488927,1.4466256,1.4882621,1.7990339,3.289701,3.8680165,3.8357065,1.261016,330.19009,416.375,884.5,566.375,289.125,112.25,40.375,11.625,3.0,1.375,601.375,296.625,116.125,39.75,15.375,3.625,0.125,0.0,EXT448
C:/Users/MICROSOFT/Documents/nauval_mrnavac/cycpeptmp_standalone/runs/run_20260102_172000_moe/sdf/monomer.sdf,O=C[C@@](NC)CCCCN,12.262722,1.5522646,103,O=C[C@@](NC)CCCCN,376.35019,311.01715,65.333038,243.9637,132.38649,914.39044,192.07913,245.68413,722.31134,0.88139343,0.91133177,45.631229,1.3883276,33.448818,34.695599,8.287941e-07,-13.481791,0,4.7475672,5.5584021,4.7997351,1.2467816,0.82640362,0.1735964,0.64823592,0.35176411,2.4296267,0.51037341,0.11012635,0.17304164,0.93972409,1154.4429,189.10443,1026.9551,1092.8262,2.8292837,2.820255,0.96523845,0.93590987,163.625,203.0545,2.8531482,0.077660136,3.0280151,2.3602855,1.5396223,0.80582297,0.37242451,0.12964489,0.041050885,0.020161405,312.25,181.5,147.25,128.5,107.75,70.875,29.375,5.875,0.5,5.8309517,6.1846585,0.5,0.86602539,0.70710677,-1.7807436,-1.7511414,-1.740878,-7.2376194,-7.1419144,-7.1414456,1.2209463,248.125,249.5,176.5,67.5,26.625,9.375,4.125,2.0,0.27589133,0.0963035,1.4213632,1.2934946,1.4309326,1.7119396,2.091068,2.3113234,2.5824623,2.7740233,0.96559232,1.5843332,1.7469321,1.6141714,1.6766937,2.5447497,3.5488541,3.6614153,1.2618902,327.78207,413.625,864.125,548.0,288.5,107.625,40.625,12.375,4.25,2.0,616.0,298.5,112.0,40.125,14.0,3.0,0.125,0.0,EXT449
C:/Users/MICROSOFT/Documents/nauval_mrnavac/cycpeptmp_standalone/runs/run_20260102_172000_moe/sdf/monomer.sdf,O=C[C@@](NC)CCCCN,12.321192,1.6107346,74,O=C[C@@](NC)CCCCN,375.00873,318.51923,56.489517,245.0558,129.95293,936.44647,166.07918,262.02969,770.36731,0.87737185,1.0567588,50.915855,1.2318745,38.708569,40.817181,0.011818044,-16.746626,0,4.8067679,13.510717,4.0482135,2.1086128,0.84936482,0.15063521,0.65346694,0.34653306,2.4971325,0.44286752,0.10339634,0.17886283,0.94311857,1154.9655,194.70518,1026.6531,1088.5726,2.8299239,2.8070889,1.0624275,0.90262789,164.375,202.86751,2.5947638,0.092350408,2.9730165,2.2947578,1.4463512,0.7489211,0.3369891,0.10647564,0.050629932,0.030178046,329.875,191.875,156.75,137.75,114.875,76.625,30.5,7.375,0.5,0.5,0.70710677,0.70710677,0.5,0.5,-1.9799584,-1.9379789,-1.9292283,-9.0320997,-8.8842106,-8.8544884,1.2300891,214.875,215.5,149.25,56.125,22.25,8.75,5.875,2.875,0.238437,0.088929221,1.2292224,1.1334896,1.2506933,1.6500857,1.9423957,1.942204,2.8647003,2.8827116,1.0297987,1.6794821,1.8239955,1.654832,1.6637129,2.655781,3.2499008,3.1912737,1.2530155,330.50269,414.125,831.25,520.375,269.125,99.125,37.375,12.25,6.125,2.875,616.375,304.875,119.875,43.0,15.125,3.5,0.25,0.0,EXT450
C:/Users/MICROSOFT/Documents/nauval_mrnavac/cycpeptmp_standalone/runs/run_20260102_172000_moe/sdf/monomer.sdf,O=C[C@@](NC)CCCCN,12.322124,1.6116658,140,O=C[C@@](NC)CCCCN,375.12991,319.6915,55.438389,246.71884,128.41106,939.89307,162.98886,264.25311,776.90417,0.88409501,1.1854805,51.00029,1.2411048,38.768299,40.880009,0.011046843,-17.761589,0,4.8222976,13.641757,4.0458317,2.1117115,0.85221547,0.1477845,0.65768909,0.34231091,2.5055134,0.43448645,0.10697412,0.17925702,0.94193262,1154.8755,195.19191,1025.6649,1088.894,2.8298137,2.7950115,1.0710617,0.91416156,163.125,202.88817,2.6353657,0.093984693,2.9818656,2.2968423,1.4667149,0.74679869,0.33480513,0.10928254,0.050709192,0.02989283,332.0,192.875,157.5,138.25,116.875,77.25,28.75,6.0,0.5,0.5,1.0,0.70710677,0.5,0.5,-1.9545057,-1.9224148,-1.8874396,-9.0259647,-8.9875069,-8.2574263,1.2276284,217.0,214.375,151.25,57.5,21.625,9.0,5.75,3.0,0.23809524,0.092224233,1.2309422,1.137241,1.2596332,1.6383522,1.8587775,1.8490331,2.8332384,2.665971,1.0381306,1.7007123,1.850533,1.6208181,1.6336764,2.5430002,3.2907972,3.189214,1.255906,330.04062,414.5,836.5,521.125,272.375,100.625,37.5,12.75,5.75,3.0,619.5,306.75,121.125,43.125,15.875,3.75,0.0,0.0,EXT451
C:/Users/MICROSOFT/Documents/nauval_mrnavac/cycpeptmp_standalone/runs/run_20260102_172000_moe/sdf/monomer.sdf,O=C[C@@](NC)CCCCN,12.353193,1.6427357,148,O=C[C@@](NC)CCCCN,373.52103,309.17856,64.342484,240.97609,132.54494,908.98492,189.1669,244.83606,719.81799,0.88004881,0.83979887,45.692089,1.4090526,33.405098,34.760315,8.2239349e-06,-14.912477,0,4.7207069,5.6719389,4.8020058,1.3552161,0.82774067,0.17225933,0.64514732,0.35485268,2.4335575,0.50644243,0.087567523,0.17080502,0.8975414,1187.6914,196.16023,1030.7772,1148.4453,2.8697369,2.7851388,1.1371554,0.82417297,163.875,205.43631,2.6477356,0.078734763,3.0211558,2.4163077,1.5516782,0.81330401,0.36929247,0.12787676,0.039622594,0.019106736,314.75,184.625,145.375,126.375,103.875,64.625,28.0,5.25,5.5901699,5.1234756,7.3824115,0.5,0.70710677,0.5,-1.8925831,-1.8211926,-1.7968363,-7.8954434,-7.8761811,-7.1660542,1.2230349,247.875,256.375,178.25,70.875,26.875,9.5,3.75,1.875,0.28116938,0.097922847,1.2948335,1.1850028,1.3599484,1.6483004,2.0270786,2.0452716,2.4633088,2.7056923,0.89407873,1.4482181,1.5788815,1.4429423,1.5834392,2.8598492,3.9621689,3.9729123,1.2602427,328.60736,414.125,865.875,554.75,292.75,111.0,40.875,12.375,3.875,1.875,618.0,298.375,114.5,40.125,14.0,2.875,0.125,0.0,EXT452
C:/Users/MICROSOFT/Documents/nauval_mrnavac/cycpeptmp_standalone/runs/run_20260102_172000_moe/sdf/monomer.sdf,O=C[C@@](NC)CCCCN,12.361425,1.6509678,134,O=C[C@@](NC)CCCCN,372.98721,317.15601,55.831219,245.93166,127.05556,932.43866,164.14378,261.32477,768.29486,0.88139343,0.86637247,47.793388,1.5500727,35.192425,37.043461,2.2252822e-05,-16.355755,0,4.7088075,6.2481885,4.4910235,1.8510356,0.85031331,0.14968668,0.65935683,0.3406432,2.4999211,0.44007882,0.1558318,0.27065402,0.91890538,1023.8018,253.10669,859.32996,935.16693,2.6643925,2.5157621,1.1990862,0.99311066,163.625,205.48218,3.3348298,0.10362684,2.8802404,2.0311084,1.2134805,0.70581394,0.35606712,0.17500755,0.092058793,0.03994555,348.25,199.875,165.375,148.375,128.125,87.75,31.5,7.375,0.5,4.9497476,4.7696962,0.5,0.5,1.0,-1.7861458,-1.7850952,-1.7638301,-8.4095821,-7.7253423,-7.6619172,1.2191732,159.75,150.625,121.25,62.25,28.625,16.875,8.625,3.75,0.26001513,0.13479359,1.3488922,1.1636322,1.0951642,1.2558482,1.4706696,2.0751262,2.9460692,2.9946761,0.73376673,1.4802473,2.0198934,2.0635288,2.2969277,2.5623844,2.6294968,2.6960993,1.2684181,329.74142,418.25,772.0,449.125,236.25,102.375,43.0,20.0,8.75,3.75,612.25,298.5,115.0,40.125,14.375,3.125,0.125,0.0,EXT453
C:/Users/MICROSOFT/Documents/nauval_mrnavac/cycpeptmp_standalone/runs/run_20260102_172000_moe/sdf/monomer.sdf,O=C[C@@](NC)CCCCN,12.415555,1.7050978,161,O=C[C@@](NC)CCCCN,372.40857,307.99771,64.410858,243.02443,129.38414,905.51331,189.36794,243.58685,716.14532,0.87803954,1.2627096,46.146114,1.4131566,33.783836,35.126564,3.0306368e-05,-14.492646,0,4.7474928,5.8487668,4.8588724,1.3427272,0.82704246,0.17295751,0.65257478,0.34742525,2.431505,0.50849509,0.079138555,0.16914225,0.89686674,1190.4875,194.92824,1033.5955,1152.4514,2.8731129,2.8130305,1.1347481,0.79134977,164.25,203.87833,3.1648834,0.077904992,3.0142808,2.3682361,1.5363404,0.81309396,0.37268195,0.13361339,0.040782075,0.019163659,314.125,185.25,145.875,127.25,105.625,66.0,29.625,5.5,5.4313903,5.5901699,0.5,0.5,0.5,0.70710677,-1.8895181,-1.8000286,-1.7893625,-7.839951,-7.7265806,-7.4440088,1.227046,242.625,253.5,177.25,71.0,27.0,10.5,4.125,2.0,0.27763495,0.10707269,1.4762077,1.3624443,1.4798205,1.8039347,2.1188815,2.3729484,2.7689607,2.7213826,0.91913575,1.5221117,1.7025698,1.6611238,1.9375733,2.9393623,3.8451586,3.952389,1.2551111,329.15411,413.125,863.125,551.5,291.5,110.75,40.5,13.625,4.125,2.0,620.5,298.0,114.25,39.75,13.5,3.125,0.0,0.0,EXT454
C:/Users/MICROSOFT/Documents/nauval_mrnavac/cycpeptmp_standalone/runs/run_20260102_172000_moe/sdf/monomer.sdf,O=C[C@@](NC)CCCCN,12.415555,1.7050978,68,O=C[C@@](NC)CCCCN,375.35449,310.11346,65.241028,242.12238,133.2321,911.73358,191.80862,244.87242,719.92493,0.87737185,1.2628981,46.162312,1.4124802,33.787491,35.132072,1.8585855e-05,-14.495502,0,4.7587886,5.864965,4.8589535,1.3445805,0.82618821,0.17381178,0.64504993,0.35495007,2.4289935,0.51100665,0.079127468,0.16912384,0.89686823,1190.4993,194.91055,1033.6157,1152.4723,2.8731272,2.8129883,1.1347929,0.79128253,164.375,204.16591,3.1411989,0.078385293,3.0278254,2.3853672,1.5385336,0.81168783,0.37295401,0.12550177,0.042012874,0.017667359,313.375,183.875,146.625,127.5,104.625,69.25,30.125,5.625,0.70710677,5.2440443,4.8476801,0.70710677,0.86602539,0.5,-1.9323113,-1.8523936,-1.7872807,-7.2145419,-7.1719723,-7.1530643,1.2240849,245.125,253.75,177.25,71.375,26.625,9.5,3.75,1.375,0.27621484,0.097058825,1.4787031,1.3286093,1.4542412,1.7478243,2.1173294,2.3017883,2.7787895,2.6637814,0.92691278,1.4970437,1.7158765,1.6501931,1.9394439,2.9574814,3.6446223,4.0272431,1.2578936,328.22729,412.875,865.25,554.25,290.5,110.875,40.5,12.375,3.75,1.375,620.125,300.5,113.25,39.5,13.875,2.875,0.0,0.0,EXT455
C:/Users/MICROSOFT/Documents/nauval_mrnavac/cycpeptmp_standalone/runs/run_20260102_172000_moe/sdf/monomer.sdf,O=C[C@@](NC)CCCCN,12.415555,1.7050978,69,O=C[C@@](NC)CCCCN,373.96497,308.90375,65.061211,241.12247,132.84248,908.177,191.27995,243.84253,716.89703,0.87803954,1.2622081,46.063816,1.3993437,33.781532,35.125546,4.534495e-07,-14.489614,0,4.680531,5.7664704,4.8583961,1.3440158,0.82602322,0.17397676,0.64477289,0.35522708,2.4285083,0.51149166,0.079128765,0.16916619,0.89683467,1190.4749,194.95451,1033.5515,1152.4437,2.8730977,2.8129456,1.1348021,0.79127699,164.25,203.11667,3.1653171,0.077965461,3.0144789,2.3684428,1.5365509,0.81328243,0.37273681,0.13362461,0.040804863,0.019170729,314.25,185.375,146.0,127.375,105.625,66.0,29.625,5.5,5.4313903,5.5901699,0.5,0.5,0.5,0.70710677,-1.8895702,-1.8001117,-1.7894551,-7.8438482,-7.7278824,-7.4475026,1.2274595,242.625,253.875,177.375,71.125,27.125,10.375,4.125,2.0,0.27825344,0.10696761,1.4742131,1.3587029,1.4744287,1.7935866,2.1220794,2.3725624,2.7686663,2.7210381,0.92019397,1.521407,1.7014662,1.6616244,1.9369142,2.9395692,3.845345,3.9526238,1.2544351,329.1322,412.875,863.25,551.75,291.5,110.75,40.625,13.625,4.125,2.0,620.625,297.875,114.125,39.625,13.5,3.25,0.0,0.0,EXT456
C:/Users/MICROSOFT/Documents/nauval_mrnavac/cycpeptmp_standalone/runs/run_20260102_172000_moe/sdf/monomer.sdf,O=C[C@@](NC)CCCCN,12.415555,1.7050978,76,O=C[C@@](NC)CCCCN,375.20059,310.42737,64.773247,244.09613,131.10448,912.65643,190.43335,245.65411,722.22308,0.8787083,1.2625732,46.173603,1.4145464,33.788197,35.13501,1.1761935e-05,-14.488717,0,4.7642865,5.8762555,4.8597479,1.3468128,0.82736367,0.17263632,0.65057498,0.34942502,2.4324493,0.50755078,0.079120539,0.16910809,0.89686507,1190.3892,194.87614,1033.5259,1152.3761,2.8729942,2.81305,1.1346836,0.79126525,164.125,203.38332,3.1337018,0.077356711,3.0137897,2.3768713,1.5340952,0.81093979,0.37434703,0.12862225,0.039323553,0.018858042,311.625,183.0,145.75,127.75,108.0,68.875,30.125,5.625,0.5,4.8476801,5.315073,0.5,0.86602539,0.70710677,-1.8566462,-1.83532,-1.7851717,-7.390738,-7.1516314,-7.1515703,1.2279539,246.625,248.125,173.75,71.0,26.5,9.25,3.75,1.625,0.27444252,0.09589041,1.4811095,1.3659397,1.501853,1.7940791,2.1043541,2.2883329,2.7189646,2.6832149,0.90364766,1.5051646,1.726023,1.637874,1.8845813,2.9594774,3.7823067,3.8866048,1.2548153,329.7298,413.75,861.75,549.0,288.875,110.25,40.0,12.25,3.875,1.625,615.125,300.875,115.125,39.25,13.5,3.0,0.125,0.0,EXT457
C:/Users/MICROSOFT/Documents/nauval_mrnavac/cycpeptmp_standalone/runs/run_20260102_172000_moe/sdf/monomer.sdf,O=C[C@@](NC)CCCCN,12.444285,1.7338276,117,O=C[C@@](NC)CCCCN,376.65485,309.15253,67.502296,243.06248,133.59236,908.90845,198.45676,241.65024,710.45172,0.8874954,1.0848634,50.314468,1.2381382,38.673519,39.961407,0.00084073324,-19.292915,0,4.7482209,13.215112,4.3658619,1.2878888,0.82078475,0.17921527,0.64531887,0.3546811,2.4131072,0.5268929,0.072592348,0.14917801,0.89797109,1282.5962,186.92839,1125.208,1253.0559,2.9821894,2.8140719,1.173246,0.75819445,162.5,204.96921,3.0314102,0.090215258,3.0141814,2.3737476,1.4753066,0.76335233,0.34630957,0.10701849,0.057965998,0.032269452,337.75,202.25,158.625,138.75,115.875,75.375,36.875,8.625,4.6368093,4.7696962,0.5,0.5,0.5,1.0,-1.8895744,-1.8460383,-1.8242019,-8.6031456,-8.5821276,-8.2795448,1.23194,277.75,255.625,161.375,63.625,26.5,9.375,6.5,3.375,0.25374311,0.090090089,1.2311344,1.1426202,1.2855154,1.5865554,1.920017,2.0061586,2.3322535,2.6858017,0.94524217,1.5268769,1.6792431,1.6252288,2.0166805,3.6833339,4.0773306,4.0403981,1.2535201,332.26431,416.5,867.25,544.875,279.375,104.25,40.25,12.5,6.625,3.375,589.5,289.25,118.0,40.625,13.75,3.125,0.125,0.0,EXT458
C:/Users/MICROSOFT/Documents/nauval_mrnavac/cycpeptmp_standalone/runs/run_20260102_172000_moe/sdf/monomer.sdf,O=C[C@@](NC)CCCCN,12.49846,1.7880025,3,O=C[C@@](NC)CCCCN,375.90237,317.54929,58.353096,247.28214,128.62024,933.59491,171.55811,259.1962,762.0368,0.88206726,0.57658958,45.706993,1.5860177,32.904121,34.87851,2.5210513e-06,-14.56076,0,4.7089195,5.9617538,4.5335445,1.9743896,0.84476531,0.15523471,0.65783608,0.34216395,2.4836099,0.45639005,0.12447337,0.22331947,0.89809197,1081.6725,227.7338,915.84442,1019.7668,2.7386603,2.630125,1.1479861,0.92792869,163.5,203.37247,1.7274603,0.098040342,2.9242516,2.1236126,1.4524723,0.75397044,0.32257128,0.10605969,0.037568834,0.017252466,324.625,186.625,150.75,131.75,111.75,67.125,19.125,4.75,0.86602539,0.86602539,1.7320508,0.5,0.5,1.0,-1.7887568,-1.7873389,-1.7819555,-8.0909967,-7.7232361,-7.564847,1.2281885,186.25,194.875,150.5,58.625,20.75,8.25,3.375,1.625,0.23300166,0.084440231,0.18064874,0.26493606,0.3560811,0.44899195,0.48743203,0.61548936,2.2206762,2.9420788,0.47160074,0.55021989,0.36444059,0.79234409,1.6340958,3.1108539,3.9366927,4.0182981,1.2544494,329.72635,413.625,801.875,498.125,265.625,98.75,35.125,11.125,3.5,1.625,615.625,303.25,115.125,40.125,14.375,2.875,0.125,0.0,EXT459
C:/Users/MICROSOFT/Documents/nauval_mrnavac/cycpeptmp_standalone/runs/run_20260102_172000_moe/sdf/monomer.sdf,O=C[C@@](NC)CCCCN,12.506388,1.79593,137,O=C[C@@](NC)CCCCN,377.57834,316.05881,61.519524,252.02376,125.55458,929.21289,180.8674,254.53929,748.34552,0.87937802,0.81767881,44.641693,1.1578699,32.833298,34.291916,3.7043685e-07,-15.084475,0,4.7002525,5.4627714,4.4916563,1.4586159,0.8370682,0.16293181,0.66747409,0.33252591,2.4609804,0.47901955,0.11511187,0.18894395,0.88983345,1167.9839,212.32048,999.92542,1123.7219,2.8458283,2.6188214,1.2170507,0.88851738,164.0,204.77589,1.2928149,0.085677162,2.9418795,2.1944344,1.4163104,0.78158832,0.38069344,0.12721621,0.041471537,0.020317465,327.0,189.125,156.125,139.0,119.625,78.0,29.25,6.0,0.5,0.5,0.70710677,0.70710677,0.5,1.118034,-1.8441877,-1.8196512,-1.8020883,-7.3202877,-7.0679178,-6.9407883,1.2350192,254.25,231.75,158.625,69.375,25.5,9.375,4.125,1.75,0.2610088,0.093525179,0.50385153,0.53458232,0.52396631,0.66264683,0.80313969,1.0514097,2.3132405,3.0873401,0.51812768,0.69622916,0.71253926,0.73297811,1.0938205,2.3592091,3.6495435,3.9954987,1.2492681,332.49472,415.375,827.25,513.0,273.625,109.25,40.75,13.0,4.125,1.75,573.0,281.25,115.0,39.875,15.25,3.625,0.0,0.0,EXT460
C:/Users/MICROSOFT/Documents/nauval_mrnavac/cycpeptmp_standalone/runs/run_20260102_172000_moe/sdf/monomer.sdf,O=C[C@@](NC)CCCCN,12.509206,1.7987486,38,O=C[C@@](NC)CCCCN,378.70001,310.44263,68.257362,240.48767,138.21233,912.70135,200.67665,242.18527,712.02466,0.88072062,1.0064856,43.709988,1.5150007,31.867571,32.827805,0.0012857413,-16.77397,0,4.7184463,6.4871297,4.64745,0.96023357,0.81975871,0.18024126,0.6350348,0.3649652,2.4100907,0.52990931,0.070113592,0.14891909,0.89933634,1311.1295,190.65222,1151.3666,1280.2402,3.0151787,2.8545077,1.1693245,0.7558443,163.75,202.75534,1.8974345,0.080229469,3.0437977,2.4446106,1.6875019,0.8059178,0.33987704,0.0845512,0.0040157083,0.0,304.5,181.375,141.875,119.875,95.75,55.25,21.75,3.875,0.5,4.5,4.472136,0.5,0.70710677,1.118034,-1.8339875,-1.8140647,-1.7965868,-5.3288355,-5.2566218,-5.0188794,1.2434196,290.125,292.625,191.25,65.5,22.5,4.875,0.375,0.0,0.25198239,0.063607924,0.48435259,0.55878085,0.94828117,1.1593604,1.3934196,0.75110269,1.3889065,1.5524373,0.6892693,0.93017864,0.78429621,0.72014695,1.2269733,1.9197075,4.2336125,0.0,1.2399561,334.28604,414.5,894.5,585.875,305.875,106.125,35.75,7.625,0.5,0.0,604.375,293.25,114.625,40.625,13.25,2.75,0.125,0.0,EXT461
C:/Users/MICROSOFT/Documents/nauval_mrnavac/cycpeptmp_standalone/runs/run_20260102_172000_moe/sdf/monomer.sdf,O=C[C@@](NC)CCCCN,12.511227,1.800769,30,O=C[C@@](NC)CCCCN,378.1553,309.98602,68.169266,241.52789,136.6274,911.35889,200.41765,241.81676,710.94122,0.89092201,0.75160635,43.800522,1.5281067,31.896942,32.853874,0.0011019784,-15.878241,0,4.7638946,6.5418925,4.653543,0.95693344,0.81973207,0.18026793,0.63870031,0.36129972,2.4100122,0.52998769,0.063931882,0.14889225,0.8976661,1311.1144,190.77373,1150.168,1281.2871,3.0151613,2.8607624,1.1824741,0.7233367,161.875,203.31564,1.6637846,0.080493972,3.050616,2.4464483,1.6854634,0.81169748,0.33737966,0.081108615,0.0031196277,0.0,305.625,180.5,141.625,122.25,96.75,55.875,22.625,3.875,0.86602539,5.17204,4.472136,0.5,0.70710677,1.118034,-1.8608122,-1.7995316,-1.7825364,-5.368927,-5.2799034,-4.9896975,1.2395633,287.25,290.75,189.25,64.375,20.75,3.75,0.0,0.0,0.24271844,0.056237217,0.4733457,0.48639059,0.85385174,1.0827619,1.3259516,0.99599141,1.9439886,2.3410697,0.69475538,0.93093199,0.7542538,0.66816235,1.0817297,2.0250399,4.2215152,0.0,1.2443136,333.51718,415.0,891.0,583.75,303.75,104.875,34.375,6.875,0.25,0.0,603.75,293.0,114.5,40.5,13.625,3.125,0.25,0.0,EXT462
C:/Users/MICROSOFT/Documents/nauval_mrnavac/cycpeptmp_standalone/runs/run_20260102_172000_moe/sdf/monomer.sdf,O=C[C@@](NC)CCCCN,12.5366,1.8261429,120,O=C[C@@](NC)CCCCN,373.12527,310.76462,62.360661,238.67203,134.45325,913.64795,183.34035,248.40395,730.30762,0.88886285,1.5415564,49.627422,1.5116479,36.192158,37.629612,9.0938418e-05,-17.299755,0,4.7592411,8.9930992,5.726831,1.4374558,0.83286935,0.16713063,0.63965654,0.36034346,2.4486361,0.49136406,0.094519183,0.21365528,0.85134077,1129.547,233.73767,931.362,1093.9944,2.7986102,2.6673417,1.2140489,0.82004684,162.25,204.62527,4.3955965,0.07769309,2.9409523,2.139818,1.4251573,0.8516342,0.38994485,0.13478592,0.033320777,0.010677776,303.25,178.375,147.0,129.875,112.375,69.375,24.25,6.25,0.70710677,0.86602539,0.5,0.5,0.70710677,0.5,-1.9669484,-1.9659898,-1.8460139,-7.278091,-7.0659499,-6.7028046,1.2314749,236.375,238.0,169.75,73.625,28.25,10.0,3.25,0.875,0.29506803,0.1039461,2.0055377,1.9124489,2.0708115,2.3467746,2.5877347,2.6393661,2.7270665,3.1904531,0.94018078,1.74614,2.1104043,2.2495151,2.4828923,3.3074837,3.9322751,3.9956095,1.2538681,332.07242,416.375,834.125,522.875,286.125,115.875,43.375,13.5,3.25,0.875,597.75,284.875,116.375,42.25,15.125,3.5,0.0,0.0,EXT463
C:/Users/MICROSOFT/Documents/nauval_mrnavac/cycpeptmp_standalone/runs/run_20260102_172000_moe/sdf/monomer.sdf,O=C[C@@](NC)CCCCN,12.597795,1.887338,59,O=C[C@@](NC)CCCCN,375.35422,312.53864,62.815586,242.38304,132.97119,918.86365,184.67781,249.72307,734.18579,0.88341808,0.8600145,45.146301,1.2911259,33.163948,34.653088,1.0328295e-05,-14.835283,0,4.7068911,5.1873441,4.4951854,1.4891392,0.83264983,0.16735014,0.6457448,0.3542552,2.4479907,0.49200943,0.087903105,0.17604437,0.8838132,1183.9691,202.3743,1015.9999,1149.5641,2.8652363,2.7432683,1.132961,0.81333673,163.25,204.23436,2.8042591,0.087576933,3.0057242,2.3900211,1.5150144,0.77805865,0.34561157,0.10369909,0.039026611,0.01784566,322.875,189.875,150.75,128.875,105.375,66.375,33.0,9.5,0.5,0.70710677,1.118034,0.70710677,0.5,1.118034,-1.9323931,-1.9267929,-1.8565789,-7.4047198,-7.2577863,-7.0928411,1.2257414,257.375,250.0,166.0,63.125,22.875,7.25,3.25,1.75,0.24212272,0.079534434,1.2577604,1.1760503,1.3803204,1.7206744,2.1144383,2.0529225,2.5651362,2.7631907,0.99843651,1.5328314,1.7089882,1.5934669,1.6323527,3.2016954,3.8696046,3.8907771,1.2580923,329.6658,414.75,854.75,549.625,278.875,103.0,36.5,10.25,3.25,1.75,597.375,299.625,112.875,39.875,13.625,3.0,0.0,0.0,EXT464
C:/Users/MICROSOFT/Documents/nauval_mrnavac/cycpeptmp_standalone/runs/run_20260102_172000_moe/sdf/monomer.sdf,O=C[C@@](NC)CCCCN,12.597795,1.887338,78,O=C[C@@](NC)CCCCN,373.80206,309.76938,64.0327,242.0363,131.76576,910.72198,188.25613,245.73668,722.46582,0.88341808,0.86116016,45.116108,1.29609,33.172409,34.66732,3.2252692e-06,-14.838484,0,4.6571555,5.1571512,4.4955397,1.494912,0.82869893,0.17130108,0.64749855,0.35250142,2.4363749,0.50362515,0.087905981,0.17601731,0.88386023,1183.8967,202.32886,1015.982,1149.4827,2.8651488,2.743186,1.1329329,0.81332564,163.25,204.4686,2.9469593,0.08693964,3.0032916,2.3895943,1.513985,0.78244942,0.347956,0.10273021,0.037266236,0.016930366,323.0,190.625,150.625,129.5,105.5,68.25,31.625,10.125,0.5,0.5,1.0,0.5,0.70710677,1.118034,-1.9173683,-1.8842788,-1.8786865,-7.6907887,-7.6818609,-7.3927794,1.2251441,256.75,251.0,166.875,64.25,21.125,6.75,3.75,1.5,0.24149378,0.077220075,1.2478957,1.2028421,1.4019548,1.6789486,2.1188669,2.0875483,2.431205,2.75915,1.0022748,1.5421629,1.6995525,1.589905,1.8427837,2.7729566,4.0260715,3.9361656,1.258832,329.57138,414.875,858.25,546.75,281.0,104.875,36.375,10.0,3.875,1.5,601.5,295.75,114.125,40.625,15.25,3.25,0.125,0.0,EXT465
C:/Users/MICROSOFT/Documents/nauval_mrnavac/cycpeptmp_standalone/runs/run_20260102_172000_moe/sdf/monomer.sdf,O=C[C@@](NC)CCCCN,12.647429,1.936972,183,O=C[C@@](NC)CCCCN,369.57385,307.12512,62.448719,241.5668,128.00703,902.94788,183.59923,244.67641,719.34863,0.88274217,1.7310301,51.060661,1.5236076,38.732975,40.472252,0.00047644085,-19.442101,0,4.7883101,8.1328583,4.2760172,1.7392784,0.83102506,0.16897495,0.6536361,0.34636387,2.4432137,0.49678633,0.14041157,0.22667208,0.92291397,1039.8651,219.30583,892.92169,967.50262,2.6852131,2.5983295,1.0915564,0.97363389,163.375,202.67877,3.7616224,0.089434765,2.9414747,2.1751323,1.4175543,0.78782666,0.36053675,0.11367422,0.05731535,0.035559841,310.75,180.75,149.5,131.625,109.5,69.625,23.5,6.0,3.0413814,0.70710677,3.5707142,0.70710677,0.5,0.86602539,-1.8606088,-1.855235,-1.8548366,-8.4093113,-8.2588959,-8.2443476,1.2130941,194.875,206.875,150.25,63.875,24.5,9.125,5.75,3.5,0.27341136,0.096866094,1.3609196,1.3140622,1.4508417,1.6519881,1.8933629,2.0673895,2.0089064,2.9831567,0.68814754,1.2485366,1.6201422,1.9484226,2.4697902,4.2038956,4.4665408,4.3712029,1.2691621,325.21457,412.75,803.125,500.0,271.5,108.625,40.875,12.75,5.875,3.5,608.25,293.125,121.25,44.75,16.375,3.625,0.125,0.0,EXT466
C:/Users/MICROSOFT/Documents/nauval_mrnavac/cycpeptmp_standalone/runs/run_20260102_172000_moe/sdf/monomer.sdf,O=C[C@@](NC)CCCCN,12.72008,2.0096226,131,O=C[C@@](NC)CCCCN,371.68362,311.91623,59.767395,246.0262,125.65742,917.03369,175.71614,252.14883,741.31757,0.88613206,0.79991758,47.30125,1.5592711,34.333359,35.902416,7.5704462e-05,-16.074722,0,4.728148,7.088707,5.1113396,1.5690563,0.83919823,0.1608018,0.66192371,0.33807632,2.4672427,0.47275728,0.14162527,0.22313584,0.86913669,1043.0042,222.46777,866.53455,997.00604,2.6892631,2.4145412,1.3184611,0.9086675,162.75,205.14032,2.8873899,0.095888853,2.8973167,2.1274722,1.2797704,0.72831476,0.37846366,0.1668724,0.077554211,0.032657523,335.875,195.25,159.125,144.875,124.75,87.75,32.5,8.5,0.70710677,0.70710677,1.2247449,0.5,5.7879186,5.5,-1.8697681,-1.8676369,-1.8661277,-7.5096045,-7.4861741,-7.4168239,1.2178195,181.875,173.25,133.75,63.75,31.25,15.0,7.875,2.5,0.28043991,0.12510785,1.1688159,1.0643529,1.0177233,1.1191493,1.3043349,1.9600878,2.6025743,3.1780496,0.3971974,0.96559113,1.4815252,1.7097671,1.9228109,2.2004435,2.3539557,2.7045958,1.2666577,327.73257,415.125,780.25,467.125,245.25,102.625,44.625,18.125,7.875,2.5,598.375,293.875,111.5,38.875,13.375,3.125,0.0,0.0,EXT467
C:/Users/MICROSOFT/Documents/nauval_mrnavac/cycpeptmp_standalone/runs/run_20260102_172000_moe/sdf/monomer.sdf,O=C[C@@](NC)CCCCN,12.731815,2.021358,189,O=C[C@@](NC)CCCCN,373.28668,315.24277,58.043907,249.28064,124.00603,926.81372,170.64909,257.19885,756.16461,0.87937802,0.82274956,46.778728,1.5054146,34.3283,35.937313,2.8600973e-05,-15.61255,0,4.7040167,6.7904224,4.631958,1.6090122,0.84450579,0.15549418,0.66779947,0.33220053,2.482847,0.4571529,0.12491081,0.21572022,0.89574641,1027.9923,210.05183,872.20923,973.72345,2.6698396,2.6759214,1.0577227,0.94574356,164.0,204.79871,3.1812913,0.084900968,2.9009104,2.0441792,1.3428886,0.77474648,0.38631126,0.15729107,0.045696478,0.015398849,326.5,190.125,156.5,141.25,121.25,78.625,22.375,4.625,0.5,0.70710677,0.5,0.5,0.5,0.70710677,-1.7525128,-1.7196162,-1.717666,-7.6855688,-7.4777923,-7.420249,1.2214545,167.625,177.125,145.625,67.0,28.0,12.0,4.0,1.5,0.2747604,0.10796461,1.320637,1.2183096,1.2947031,1.4265226,1.6237277,1.7713546,2.6440344,3.140193,0.74717122,1.4040093,1.7284907,1.8825781,2.0428214,2.4550099,3.5897682,3.623276,1.2606024,327.522,412.875,787.25,473.875,259.625,108.375,43.0,15.25,4.125,1.5,619.625,296.75,114.0,41.375,15.0,3.25,0.125,0.0,EXT468
C:/Users/MICROSOFT/Documents/nauval_mrnavac/cycpeptmp_standalone/runs/run_20260102_172000_moe/sdf/monomer.sdf,O=C[C@@](NC)CCCCN,12.764449,2.053992,16,O=C[C@@](NC)CCCCN,369.49396,309.07016,60.423805,247.62086,121.87309,908.66626,177.64598,248.64635,731.02026,0.87803954,0.79789776,47.054893,1.8032514,33.628696,35.213665,7.5847919e-07,-15.50661,0,4.7817912,6.9964666,5.2561822,1.5849708,0.83646876,0.16353124,0.67016214,0.32983786,2.4592183,0.48078185,0.1692488,0.27356121,0.92305678,1018.201,253.60832,855.73126,927.06244,2.6570947,2.472213,1.1733636,1.0170649,164.25,203.76515,3.1376333,0.086733393,2.888695,2.0689845,1.2428758,0.72439933,0.39419991,0.18029432,0.068726704,0.03664653,338.125,196.0,159.75,142.625,122.625,81.25,30.25,7.25,0.5,4.9244289,4.7434163,0.5,0.5,1.0,-1.8106098,-1.7956564,-1.7810675,-8.3620615,-8.1097765,-7.6989317,1.2185621,207.75,198.125,147.875,67.25,29.0,11.125,4.75,3.25,0.29655713,0.12795793,1.4178056,1.2047398,1.1414893,1.3258832,1.5180273,2.0733929,2.9431341,3.0817833,0.72140521,1.4555351,1.9323708,1.9816175,2.0454981,2.4891083,3.131393,3.2066567,1.2655045,327.73492,414.75,776.75,459.25,245.125,106.875,47.375,18.25,6.875,3.375,569.0,261.125,97.25,39.625,18.375,7.125,2.125,0.125,EXT469
C:/Users/MICROSOFT/Documents/nauval_mrnavac/cycpeptmp_standalone/runs/run_20260102_172000_moe/sdf/monomer.sdf,O=C[C@@](NC)CCCCN,12.79027,2.079812,195,O=C[C@@](NC)CCCCN,375.40298,310.80197,64.601028,246.10316,129.29984,913.75781,189.92702,246.20094,723.83075,0.8874954,1.6972092,51.54707,1.5550601,39.041782,40.894417,0.00057388848,-18.873728,0,4.7828407,8.9012871,4.314178,1.8526357,0.82791555,0.17208448,0.65557057,0.34442943,2.4340715,0.50592834,0.12725995,0.18868256,0.93115216,1101.33,196.05469,967.53375,1039.0717,2.7634335,2.6930563,1.0197207,0.96070778,162.5,202.2326,3.7880824,0.092188455,2.9873991,2.2880211,1.5082278,0.75891739,0.335244,0.11966582,0.059642751,0.035249423,314.375,184.875,148.0,129.0,108.125,66.875,26.75,9.625,5.7227616,5.8736701,0.5,0.5,0.70710677,1.118034,-1.9860145,-1.9117012,-1.8924026,-8.5745564,-8.2100658,-8.1088123,1.2158775,208.25,226.75,152.25,59.5,22.0,9.625,5.625,3.0,0.2516892,0.10174418,1.4694777,1.434392,1.5787414,1.8736588,2.2041948,2.3471415,2.5426996,2.6778173,0.67825949,1.2828443,1.5831174,1.7715828,2.6035879,4.0857649,4.4273539,4.4174042,1.2638233,324.70917,410.375,827.0,525.375,275.5,100.875,37.25,13.125,6.125,3.0,618.75,298.625,123.25,41.375,15.25,3.5,0.5,0.0,EXT470
C:/Users/MICROSOFT/Documents/nauval_mrnavac/cycpeptmp_standalone/runs/run_20260102_172000_moe/sdf/monomer.sdf,O=C[C@@](NC)CCCCN,12.79027,2.079812,187,O=C[C@@](NC)CCCCN,372.12491,308.2876,63.837292,242.52403,129.60086,906.36554,187.68164,244.45032,718.68396,0.88681322,1.697379,51.619904,1.5758816,39.045193,40.905556,0.00039750486,-18.875748,0,4.8211584,8.9741182,4.3169079,1.8603649,0.82845199,0.17154802,0.6517275,0.34827247,2.4356489,0.5043512,0.12728329,0.18871342,0.93114102,1101.0806,196.04051,967.29407,1038.8265,2.7631204,2.6929209,1.0195589,0.96074754,162.625,203.62859,3.8402288,0.091505811,2.9885933,2.2874484,1.5110565,0.76648468,0.33474967,0.11230466,0.060838647,0.035591412,313.75,182.0,146.75,127.875,106.125,66.25,28.25,10.0,5.7227616,0.70710677,5.2201533,0.70710677,1.118034,0.5,-1.9793595,-1.9232591,-1.9168462,-8.5986977,-8.3710041,-8.1516819,1.218376,208.875,224.625,153.25,58.75,21.625,9.0,6.125,2.875,0.25212947,0.10068426,1.4715894,1.4427924,1.5805873,1.8683231,2.2268636,2.3821027,2.4965212,2.6918983,0.68186522,1.2837615,1.5962656,1.8201469,2.6426888,4.1705627,4.39008,4.3969345,1.2602063,324.8476,409.375,826.875,523.875,274.875,100.375,37.0,12.875,6.625,2.875,618.0,299.25,121.625,41.625,15.375,3.875,0.5,0.0,EXT471
C:/Users/MICROSOFT/Documents/nauval_mrnavac/cycpeptmp_standalone/runs/run_20260102_172000_moe/sdf/monomer.sdf,O=C[C@@](NC)CCCCN,12.814827,2.1043692,159,O=C[C@@](NC)CCCCN,368.97958,307.55075,61.428848,243.78503,125.19456,904.19922,180.60081,246.1219,723.59839,0.87272614,1.208725,45.140804,1.4265233,33.042103,34.558365,0.00014193293,-14.884624,0,4.6936564,6.1250572,4.4621167,1.5162634,0.83351696,0.16648304,0.66070062,0.33929941,2.4505398,0.48946017,0.1463422,0.22784759,0.92200696,1043.6075,221.20889,895.14288,970.86346,2.6900408,2.6149321,1.0579194,1.0003344,165.25,203.12309,3.2188079,0.084932663,2.9405353,2.1790318,1.4472636,0.81856871,0.37194714,0.12367621,0.039196473,0.017883658,306.25,176.125,146.5,129.625,106.875,66.625,21.375,4.25,0.5,1.0,0.5,0.70710677,0.5,0.86602539,-1.8791438,-1.8379259,-1.8111674,-8.0528126,-7.4254761,-7.1681952,1.2210478,204.875,217.5,161.375,71.125,24.875,10.125,3.875,1.625,0.27133107,0.10318226,1.2506924,1.2671794,1.3745856,1.5428073,1.7459611,1.7272598,1.6240137,2.6526339,0.61080366,1.0817828,1.3575213,1.5905383,2.0863237,3.2831404,4.4050064,4.4314799,1.2584718,326.08994,410.375,814.625,510.125,277.375,111.25,39.75,13.375,3.875,1.625,609.75,292.625,116.0,40.125,14.875,3.25,0.0,0.0,EXT472
C:/Users/MICROSOFT/Documents/nauval_mrnavac/cycpeptmp_standalone/runs/run_20260102_172000_moe/sdf/monomer.sdf,O=C[C@@](NC)CCCCN,12.821314,2.1108565,144,O=C[C@@](NC)CCCCN,372.96054,304.02045,68.940102,237.51436,135.44618,893.82007,202.6839,235.08034,691.13617,0.8874954,1.1943711,45.666595,1.5718286,31.752798,33.432491,0.00039595811,-13.281106,0,4.8596053,7.4270067,5.8022733,1.6796925,0.81515443,0.18484557,0.6368351,0.3631649,2.396554,0.54344594,0.096632615,0.20604782,0.86102992,1142.1404,227.69878,951.50464,1105.0774,2.814168,2.6816151,1.1790571,0.83360124,162.5,203.3768,2.1547377,0.08514145,3.0329452,2.4342637,1.6889218,0.80485523,0.34448239,0.080207013,0.0076362491,0.0,294.625,178.5,141.625,120.125,92.625,49.875,20.875,3.875,0.86602539,6.5764732,6.6708322,0.5,0.5,0.70710677,-1.8226078,-1.8146062,-1.7995535,-5.6057615,-5.4868736,-5.3750014,1.2271426,265.5,276.5,181.0,60.875,18.375,3.0,0.5,0.0,0.24889673,0.055150885,0.93450308,1.0118442,1.3227999,1.6484311,1.9761519,0.78131431,1.4005928,2.5014648,0.86062926,1.2799116,1.2413865,1.1189129,0.97905725,1.5380008,3.5795274,0.0,1.2527298,327.98373,410.875,866.75,572.0,297.875,103.75,35.25,6.625,0.625,0.0,601.25,295.5,116.875,42.875,16.875,3.625,0.125,0.0,EXT473
C:/Users/MICROSOFT/Documents/nauval_mrnavac/cycpeptmp_standalone/runs/run_20260102_172000_moe/sdf/monomer.sdf,O=C[C@@](NC)CCCCN,12.836425,2.1259675,75,O=C[C@@](NC)CCCCN,372.14938,306.46802,65.681366,231.37984,140.76953,901.01599,193.10321,240.78665,707.91272,0.88274217,0.79675835,47.979717,1.6829722,35.444168,36.640274,7.7408895e-06,-16.362381,0,4.7739754,8.0404911,4.8824892,1.1961076,0.82350808,0.17649193,0.62173915,0.37826085,2.4211137,0.51888627,0.14863758,0.25152034,0.86601812,1097.9519,260.82852,898.0675,1037.0077,2.759192,2.5179141,1.2192849,0.97074509,163.375,203.60373,2.3093266,0.082357906,3.0196207,2.3270969,1.56691,0.82063216,0.38719112,0.12953462,0.034954745,0.013583904,301.125,176.875,144.0,127.25,108.375,71.5,28.625,7.0,0.86602539,0.5,0.70710677,0.5,0.70710677,0.5,-1.973737,-1.9408269,-1.9098206,-7.4451694,-6.9314942,-6.8977938,1.2181433,254.875,256.625,176.875,69.375,26.875,9.125,3.375,1.375,0.29166666,0.09823183,0.7415064,0.67016774,0.79811817,0.90420485,1.0179592,1.2655302,1.171276,1.5167174,0.52732909,0.64807731,0.66869503,1.2114375,1.779852,3.2477996,4.380724,4.4047647,1.2646664,326.96371,413.5,861.5,551.25,298.0,111.125,42.0,12.5,3.5,1.375,606.625,294.625,121.125,41.75,15.125,3.375,0.125,0.0,EXT474
C:/Users/MICROSOFT/Documents/nauval_mrnavac/cycpeptmp_standalone/runs/run_20260102_172000_moe/sdf/monomer.sdf,O=C[C@@](NC)CCCCN,12.836425,2.1259675,168,O=C[C@@](NC)CCCCN,369.93506,304.6904,65.244667,230.31964,139.61542,895.78973,191.81934,239.44571,703.9704,0.88274217,0.79570735,47.969501,1.6841189,35.433498,36.627499,1.6171703e-05,-16.361567,0,4.7761803,8.0302734,4.8816857,1.1939998,0.82363212,0.17636791,0.62259477,0.37740523,2.4214783,0.51852167,0.1486322,0.25151616,0.86605805,1097.9648,260.82288,898.10431,1037.0024,2.7592082,2.5178764,1.2192907,0.97071302,163.375,204.63805,2.3176959,0.082364239,3.0194812,2.327266,1.5668058,0.82087839,0.38720259,0.12953641,0.03498514,0.01361384,301.375,177.0,144.0,127.125,108.375,71.375,28.5,7.0,0.86602539,0.5,0.70710677,0.5,0.70710677,0.5,-1.9734026,-1.9410785,-1.9103912,-7.4487329,-6.9351172,-6.9024506,1.2175229,254.875,256.25,176.5,69.375,27.0,9.125,3.375,1.375,0.29253471,0.098328419,0.73882222,0.66936374,0.79560369,0.90412915,1.0180658,1.2701312,1.18155,1.5174075,0.52982932,0.64866889,0.6682058,1.2129213,1.7895432,3.2468207,4.3797717,4.4038348,1.2655658,326.92886,413.75,861.5,551.125,297.625,111.125,42.125,12.5,3.5,1.375,606.625,294.875,121.125,41.75,15.125,3.375,0.125,0.0,EXT475
C:/Users/MICROSOFT/Documents/nauval_mrnavac/cycpeptmp_standalone/runs/run_20260102_172000_moe/sdf/monomer.sdf,O=C[C@@](NC)CCCCN,12.889257,2.1788003,10,O=C[C@@](NC)CCCCN,370.27554,308.08261,62.192913,242.66933,127.6062,905.76288,182.84717,245.88969,722.91571,0.87937802,1.1232229,50.915836,1.654364,38.062206,40.055065,0.00071745465,-18.563148,0,4.7172303,9.016963,4.4884624,1.9928569,0.83203614,0.16796388,0.655375,0.344625,2.4461863,0.49381381,0.10190441,0.21069849,0.87434649,1086.1232,219.51038,910.9137,1041.8223,2.7442887,2.6534457,1.2055,0.84704542,164.0,203.05852,2.0045676,0.092315949,2.9406738,2.131959,1.443023,0.76862973,0.3555803,0.12337487,0.059200112,0.034851551,320.125,185.875,154.5,136.875,114.75,71.625,23.0,4.75,0.5,0.70710677,1.118034,0.5,0.5,0.70710677,-1.8636252,-1.846078,-1.7672471,-8.7974977,-8.6683197,-8.3544798,1.2242182,187.375,198.25,146.875,60.375,24.125,10.125,5.75,3.375,0.26051781,0.10228311,0.38166422,0.34818962,0.27667168,0.29806787,0.34522903,1.0794826,1.8277816,1.8803943,0.33638456,0.37903082,0.48409799,0.93146032,1.8870143,3.6842813,4.1636424,4.0145907,1.2582639,328.52805,413.375,806.125,496.75,269.0,104.75,40.25,14.0,6.125,3.375,618.75,298.5,122.125,44.375,16.125,3.875,0.375,0.0,EXT476
C:/Users/MICROSOFT/Documents/nauval_mrnavac/cycpeptmp_standalone/runs/run_20260102_172000_moe/sdf/monomer.sdf,O=C[C@@](NC)CCCCN,12.905602,2.1951439,178,O=C[C@@](NC)CCCCN,376.0751,310.69763,65.377472,252.10822,123.96689,913.45105,192.20976,245.32016,721.24127,0.88341808,0.72928351,44.728912,1.1257428,33.02597,34.268642,2.7404815e-06,-15.706453,0,4.7004056,5.5121031,4.6341176,1.2426742,0.82615846,0.17384152,0.67036664,0.32963333,2.428906,0.51109409,0.11989083,0.1722981,0.9355827,1172.7559,191.72205,1041.0552,1112.7346,2.8516359,2.7774205,0.97567445,0.96168894,163.25,202.43109,1.3025112,0.078603916,2.9927609,2.2468097,1.5651134,0.81340122,0.37841296,0.12040804,0.041842055,0.01735305,311.0,181.125,145.75,129.375,108.375,66.0,21.375,4.75,0.5,0.70710677,0.5,0.5,0.70710677,0.5,-1.9643165,-1.9148587,-1.8815449,-7.761518,-7.5107641,-7.2008262,1.2238613,275.375,263.375,182.25,69.375,25.5,9.0,4.5,1.625,0.27787307,0.094685987,0.37519416,0.47037596,0.65484786,0.79981875,0.84817916,0.67684251,1.2252164,1.8196858,0.61389363,0.77101958,0.60813266,0.5620662,1.1083038,3.0179996,4.0094728,4.1703062,1.2587577,328.49847,413.5,851.75,538.5,293.75,109.875,40.5,12.25,4.5,1.625,576.375,275.125,111.5,40.5,15.0,3.25,0.0,0.0,EXT477
C:/Users/MICROSOFT/Documents/nauval_mrnavac/cycpeptmp_standalone/runs/run_20260102_172000_moe/sdf/monomer.sdf,O=C[C@@](NC)CCCCN,12.911794,2.2013361,83,O=C[C@@](NC)CCCCN,377.07907,312.26642,64.812668,253.25145,123.82764,918.06323,190.54924,247.45374,727.51398,0.87803954,0.82162178,44.63773,1.1202095,32.99424,34.238979,4.7709483e-07,-15.82786,0,4.6322765,5.444756,4.6462622,1.2447391,0.82811916,0.17188084,0.67161363,0.3283864,2.4346702,0.50532967,0.090943247,0.16717561,0.90685511,1157.6272,186.61925,1012.3284,1116.3066,2.8331831,2.7832904,1.0598758,0.8393513,164.25,204.82761,2.4687369,0.079038762,2.9715452,2.2069306,1.4934137,0.83848518,0.37188917,0.12641872,0.040239051,0.018373748,307.375,174.25,145.375,126.0,104.75,64.875,22.875,3.875,4.2426405,3.082207,6.041523,1.118034,0.70710677,0.5,-1.7464572,-1.7402806,-1.736824,-7.3655415,-7.3150392,-7.1255426,1.2227349,271.0,255.0,181.125,71.5,23.5,9.0,3.75,1.25,0.26913157,0.10218254,1.3112456,1.2193775,1.2959844,1.550759,1.7713909,1.5516351,2.4272726,2.8372056,0.80040729,1.2996831,1.4528806,1.3851539,1.3605781,2.9558878,4.0378761,4.0665092,1.2614391,328.98935,415.0,841.125,530.5,290.75,113.5,39.125,12.875,3.75,1.25,570.125,275.5,109.625,42.0,15.625,3.875,0.0,0.0,EXT478
C:/Users/MICROSOFT/Documents/nauval_mrnavac/cycpeptmp_standalone/runs/run_20260102_172000_moe/sdf/monomer.sdf,O=C[C@@](NC)CCCCN,12.927764,2.2173066,176,O=C[C@@](NC)CCCCN,370.05722,310.24359,59.813618,245.64499,124.41222,912.11615,175.85204,250.42998,736.2641,0.87937802,0.71117294,47.150955,1.8322753,33.592171,35.303154,1.0530433e-05,-15.211006,0,4.7177148,6.7693572,5.297802,1.7109821,0.83836657,0.16163343,0.66380274,0.33619726,2.4647977,0.47520229,0.12833366,0.22539033,0.89572257,1074.8062,228.4187,907.75757,1013.4361,2.729954,2.5856903,1.150383,0.92628956,164.0,203.27625,1.3419684,0.092508852,2.9316697,2.1549199,1.4886571,0.76922745,0.34535724,0.11378688,0.040148936,0.016616067,319.25,185.25,150.75,131.0,108.0,63.625,19.5,4.625,0.86602539,1.5,0.70710677,0.5,0.70710677,1.118034,-1.7846236,-1.7818882,-1.7788732,-7.395514,-7.3690052,-6.7403274,1.2283057,223.375,228.625,161.0,61.25,21.5,6.5,3.625,1.5,0.24046434,0.079198472,0.316401,0.37049979,0.45630792,0.58200711,0.75882715,0.70424461,2.040951,2.2324524,0.4961082,0.63857174,0.48874244,0.62733781,1.1881169,2.6877189,4.0688429,3.9440656,1.2505275,327.76169,409.875,806.875,504.375,273.375,100.875,36.25,10.375,3.625,1.5,583.5,275.75,112.375,39.625,14.75,3.875,0.0,0.0,EXT479
C:/Users/MICROSOFT/Documents/nauval_mrnavac/cycpeptmp_standalone/runs/run_20260102_172000_moe/sdf/monomer.sdf,O=C[C@@](NC)CCCCN,12.94774,2.2372818,150,O=C[C@@](NC)CCCCN,373.83664,315.56165,58.275013,243.85332,129.98332,927.75122,171.32854,257.28662,756.42267,0.88341808,1.6668016,50.560947,1.0902628,38.777046,40.811775,0.011677489,-18.860243,0,4.7872171,13.282391,3.8600149,2.0347311,0.84411639,0.15588363,0.65229911,0.34770086,2.4817021,0.45829788,0.10728379,0.17978221,0.94139093,1151.6705,195.22205,1022.2383,1085.8807,2.8258843,2.7629809,1.0722334,0.90499246,163.25,205.05539,3.2267776,0.092881076,2.9973385,2.3389673,1.4679023,0.76087821,0.33856082,0.10024332,0.049453251,0.030658059,329.5,191.875,156.625,138.375,113.375,76.75,32.125,7.5,0.5,0.5,0.70710677,0.70710677,0.5,1.118034,-1.9543939,-1.9505681,-1.9083688,-9.2583227,-8.8556099,-8.5106697,1.2277893,241.625,228.875,152.0,59.25,20.25,7.375,5.125,3.125,0.22905028,0.084914185,1.3892381,1.2818409,1.3822988,1.7280539,2.1285019,2.1821804,2.6461744,2.7286482,1.1393539,1.8587089,2.0890512,1.9722512,2.0538557,3.0406661,3.2542124,3.1651254,1.2525777,328.42276,411.375,844.375,523.75,269.875,101.625,35.875,11.75,5.25,3.125,602.75,294.875,117.875,42.375,15.625,4.375,0.125,0.0,EXT480
C:/Users/MICROSOFT/Documents/nauval_mrnavac/cycpeptmp_standalone/runs/run_20260102_172000_moe/sdf/monomer.sdf,S(CC[C@](NC)C=O)C,8.5037527,0.0,125,S(CC[C@](NC)C=O)C,358.69818,255.87944,102.81873,251.78314,106.91504,537.34686,215.91933,153.06071,321.42752,0.94841868,1.3434799,36.468864,1.5074296,27.343227,28.083918,2.9842712e-07,-13.103482,0,3.3164372,4.9919672,3.5610816,0.74068928,0.71335584,0.28664413,0.70193595,0.29806408,1.4980474,0.60195267,0.092292771,0.19477858,0.85869014,1062.5304,201.56934,888.6275,1034.8639,2.6863019,2.5341303,1.2498393,0.76986182,155.25,192.53865,4.1141386,0.18959086,2.8514636,1.8908007,0.87797934,0.49947089,0.24468863,0.095852792,0.04576565,0.021322647,474.0,269.125,204.875,185.25,165.75,111.5,57.875,24.75,4.0620193,3.391165,0.70710677,0.5,0.5,0.70710677,-1.8685222,-1.8609363,-1.854345,-7.947844,-7.8472733,-7.5010967,1.2083366,191.75,188.875,133.5,57.875,24.625,9.5,4.5,1.5,0.13727883,0.054655872,1.1329523,1.0685544,1.1133052,1.2200836,1.2678748,1.2600515,1.9880641,2.5379243,0.58184159,1.6949303,2.7513628,2.9780149,3.0585079,3.4582906,3.8032265,3.7354698,1.253769,313.65427,393.25,725.625,365.625,167.625,68.25,28.125,10.125,4.5,1.5,533.875,176.75,34.125,10.375,3.5,0.625,0.0,0.0,EXT481
C:/Users/MICROSOFT/Documents/nauval_mrnavac/cycpeptmp_standalone/runs/run_20260102_172000_moe/sdf/monomer.sdf,S(CC[C@](NC)C=O)C,8.5037527,4.1011106e-10,161,S(CC[C@](NC)C=O)C,361.58121,258.74036,102.84085,253.86154,107.71966,543.35474,215.96579,155.89951,327.38895,0.94841868,1.3422692,36.439251,1.495924,27.343851,28.08075,5.2150019e-05,-13.093885,0,3.3007278,4.9623532,3.5617981,0.73689735,0.71558022,0.2844198,0.70208722,0.29791278,1.5027184,0.59728158,0.092287377,0.19479236,0.85862845,1062.5474,201.59152,888.59857,1034.9047,2.6863234,2.5340538,1.2498519,0.7698161,155.25,192.66574,4.112093,0.18957436,2.851361,1.8907708,0.8773092,0.49886513,0.24470355,0.095925041,0.045815475,0.021356212,474.0,269.0,204.875,185.25,165.75,111.625,58.0,24.75,4.0620193,3.391165,0.70710677,0.5,0.5,0.70710677,-1.8688451,-1.8609297,-1.8545008,-7.9499016,-7.8531747,-7.510098,1.2088804,191.75,188.75,133.375,58.0,24.625,9.5,4.5,1.5,0.13727883,0.054655872,1.1325336,1.0689197,1.1130178,1.2196323,1.2685268,1.2591505,1.9830054,2.5095553,0.58354992,1.6902773,2.7533278,2.9823592,3.0580082,3.4579241,3.8028803,3.7351029,1.2529393,313.66241,393.0,725.625,365.25,167.5,68.375,28.125,10.125,4.5,1.5,533.875,176.5,34.125,10.375,3.5,0.625,0.0,0.0,EXT482
C:/Users/MICROSOFT/Documents/nauval_mrnavac/cycpeptmp_standalone/runs/run_20260102_172000_moe/sdf/monomer.sdf,S(CC[C@](NC)C=O)C,8.5037527,2.3808759e-09,105,S(CC[C@](NC)C=O)C,361.01163,256.79266,104.21898,254.13126,106.88039,539.26459,218.85986,152.57368,320.40472,0.94841868,1.3438654,36.472298,1.5186359,27.356485,28.101757,1.4637018e-06,-13.106533,0,3.2898765,4.9954004,3.5620272,0.74527264,0.71131408,0.28868592,0.703942,0.296058,1.4937595,0.60624045,0.092293538,0.19471478,0.85875255,1062.5518,201.50751,888.71063,1034.8855,2.6863291,2.5341001,1.2497183,0.76985586,155.25,192.41452,4.2345085,0.18921012,2.8534791,1.8931288,0.87502033,0.50012475,0.24602456,0.098687939,0.045118619,0.02154265,473.625,268.25,205.625,186.75,167.0,112.75,60.25,23.0,0.5,0.5,0.70710677,0.70710677,0.5,0.5,-1.8783886,-1.8651386,-1.8512803,-7.9759111,-7.6494384,-7.4797292,1.207834,188.875,188.25,132.0,60.375,24.125,9.75,4.125,1.5,0.1331307,0.055555556,1.1725239,1.1156126,1.1253024,1.2164313,1.2856377,1.2481726,2.0191257,2.513468,0.58610481,1.6807486,2.7584417,2.9937377,3.146904,3.4044068,3.8164604,3.8010132,1.2546892,313.72308,393.625,728.75,367.875,166.5,70.875,27.375,10.375,4.125,1.5,539.875,179.625,34.5,10.5,3.25,0.625,0.0,0.0,EXT483
C:/Users/MICROSOFT/Documents/nauval_mrnavac/cycpeptmp_standalone/runs/run_20260102_172000_moe/sdf/monomer.sdf,S(CC[C@](NC)C=O)C,8.5037527,5.3851252e-08,130,S(CC[C@](NC)C=O)C,362.37247,258.9866,103.38585,254.84055,107.53192,543.87189,217.11029,155.60077,326.7616,0.94841868,1.3435125,36.467777,1.5202698,27.338438,28.082479,3.3880792e-06,-13.105769,0,3.3036523,4.99088,3.5613737,0.74404132,0.7146973,0.28530273,0.70325583,0.29674417,1.5008643,0.5991357,0.09230756,0.19480991,0.85864526,1062.5531,201.60741,888.6059,1034.8929,2.6863306,2.5340488,1.2498083,0.76989871,155.25,193.77002,4.135468,0.1861185,2.85641,1.8978437,0.87850791,0.4956207,0.24535173,0.10074298,0.045254428,0.021691322,473.0,266.0,201.125,182.875,163.25,108.625,59.0,23.375,4.0620193,0.5,4.3301272,0.5,0.70710677,0.5,-1.878858,-1.8667866,-1.860412,-7.9616427,-7.6976838,-7.6918325,1.2053342,188.125,190.875,132.25,57.625,23.625,9.625,4.375,1.5,0.13610938,0.056049213,1.1703725,1.1096311,1.1744214,1.2404928,1.3008369,1.2384454,1.9642445,2.5472655,0.56450373,1.6833444,2.7349715,2.8987663,3.0233674,3.4101257,3.8358142,3.7256639,1.2571583,313.00754,393.5,725.125,367.625,165.25,67.75,27.375,10.25,4.375,1.5,537.0,176.75,33.0,10.125,3.75,0.625,0.0,0.0,EXT484
C:/Users/MICROSOFT/Documents/nauval_mrnavac/cycpeptmp_standalone/runs/run_20260102_172000_moe/sdf/monomer.sdf,S(CC[C@](NC)C=O)C,8.7208261,0.21707354,61,S(CC[C@](NC)C=O)C,360.02322,253.86546,106.15776,244.76624,115.257,533.11749,222.9313,147.7077,310.18616,0.94918293,1.1692169,37.41251,1.6163576,26.844889,27.60095,0.0023355181,-12.217597,0,3.2686381,6.46311,4.9242306,0.75606048,0.70513636,0.29486364,0.67986232,0.32013768,1.4807863,0.61921364,0.086318061,0.21928804,0.82942545,1068.4144,228.71964,865.09912,1043.0101,2.6937296,2.5243914,1.275854,0.74166453,155.125,192.9879,2.8790057,0.19138141,2.8796022,1.9523668,1.0827382,0.5370878,0.22983649,0.045983601,0.0,0.0,448.5,255.0,196.125,174.625,154.375,97.125,46.875,16.625,0.5,0.5,0.70710677,0.5,7.0,7.228416,-1.9226812,-1.8917519,-1.8864502,-4.8443437,-4.7301145,-4.7005134,1.2079611,206.625,223.25,151.0,52.0,17.75,2.875,0.0,0.0,0.11217336,0.022190409,0.98032081,0.85642493,1.033504,1.2355499,1.3555584,1.0797454,1.683062,1.2027814,0.56638914,1.4899654,1.8669015,1.9012446,1.8956993,1.6012406,0.0,0.0,1.2576042,315.28201,396.5,743.875,402.0,191.25,65.0,22.0,3.875,0.0,0.0,537.25,178.75,40.25,13.0,4.25,1.0,0.0,0.0,EXT485
C:/Users/MICROSOFT/Documents/nauval_mrnavac/cycpeptmp_standalone/runs/run_20260102_172000_moe/sdf/monomer.sdf,S(CC[C@](NC)C=O)C,8.83955,0.3357974,184,S(CC[C@](NC)C=O)C,361.1904,251.38525,109.80515,252.36591,108.82451,527.90906,230.59082,141.58009,297.31821,0.9537943,1.6860129,44.242447,1.5946133,34.962379,35.764267,0.00080860587,-18.329554,0,3.3148,13.94416,3.5679605,0.80188555,0.69599092,0.30400905,0.69870597,0.30129403,1.461581,0.63841903,0.080211326,0.16960627,0.91993791,1067.5439,173.30301,939.98883,1021.796,2.6926322,2.7274497,1.0113297,0.77245748,154.375,191.78267,4.5039864,0.16905624,2.8862476,1.9146963,0.91000998,0.49738556,0.25726104,0.10900181,0.057035271,0.030599507,467.5,267.625,206.0,183.5,163.75,110.5,60.125,27.125,0.86602539,0.5,0.70710677,0.5,0.5,1.0,-2.0941489,-2.0562015,-2.049705,-8.2499266,-8.1267824,-7.605454,1.1990331,186.875,202.375,134.5,59.125,26.375,11.125,5.25,2.5,0.14563107,0.065395094,1.2678477,1.1656327,1.1290098,1.2244409,1.3393221,1.4022722,1.6305116,1.8091455,0.49266344,1.6454748,2.8887584,3.2189064,3.3762226,3.7942989,4.0581489,4.0254798,1.263631,311.30527,393.375,738.0,381.5,173.25,69.75,30.0,12.0,5.25,2.5,551.125,179.125,38.75,10.625,3.625,0.875,0.0,0.0,EXT486
C:/Users/MICROSOFT/Documents/nauval_mrnavac/cycpeptmp_standalone/runs/run_20260102_172000_moe/sdf/monomer.sdf,S(CC[C@](NC)C=O)C,8.83955,0.3357974,50,S(CC[C@](NC)C=O)C,359.043,249.53658,109.50642,250.36017,108.68284,524.02679,229.96349,140.03015,294.06332,0.9537943,1.6858741,44.210278,1.587106,34.952061,35.747776,0.00082641828,-18.328844,0,3.3058043,13.911989,3.5687635,0.79571551,0.6950047,0.3049953,0.69729859,0.30270144,1.4595098,0.64049011,0.080212906,0.16964653,0.91991538,1067.5762,173.34792,939.98627,1021.8182,2.6926727,2.7274861,1.0113558,0.77247542,154.375,190.21371,4.5009208,0.16918711,2.8862486,1.9148067,0.91062152,0.49741298,0.25722289,0.1089814,0.057008937,0.030584084,467.5,267.75,206.125,183.625,163.875,110.5,59.875,27.25,0.86602539,0.5,0.70710677,0.5,0.5,1.0,-2.0942764,-2.0564537,-2.0496972,-8.248024,-8.1256704,-7.6023788,1.1992645,187.125,202.5,134.5,59.25,26.375,11.125,5.25,2.5,0.14554276,0.065350577,1.2684542,1.1636187,1.1266313,1.2214404,1.3356409,1.4030012,1.6357077,1.8095971,0.49135104,1.6449045,2.8881977,3.2217836,3.3756714,3.7937508,4.0576253,4.0249577,1.2632533,311.29941,393.25,738.125,381.5,173.25,69.875,30.0,12.0,5.25,2.5,551.0,179.0,38.75,10.625,3.625,0.875,0.0,0.0,EXT487
C:/Users/MICROSOFT/Documents/nauval_mrnavac/cycpeptmp_standalone/runs/run_20260102_172000_moe/sdf/monomer.sdf,S(CC[C@](NC)C=O)C,8.83955,0.3357974,26,S(CC[C@](NC)C=O)C,361.21008,252.12347,109.08662,252.44145,108.76865,529.45929,229.08189,143.03687,300.37741,0.9537943,1.6862462,44.229179,1.5724365,34.954353,35.753696,0.00097274309,-18.332239,0,3.3342144,13.930892,3.5678604,0.79934263,0.69799674,0.30200323,0.69887704,0.30112293,1.4657933,0.63420677,0.080208793,0.16962643,0.91992635,1067.6001,173.33202,940.02271,1021.8456,2.692703,2.7275257,1.01144,0.77246684,154.375,191.2338,4.4977956,0.16880865,2.8889968,1.9127225,0.9114902,0.5072422,0.25719565,0.11117373,0.056784566,0.02969571,467.875,265.5,205.75,182.75,164.0,108.875,58.625,26.25,0.5,1.2247449,1.5,1.118034,0.5,0.70710677,-2.0855398,-2.0511756,-2.031817,-7.6384516,-7.5915847,-7.4473433,1.1941619,195.5,199.875,133.5,57.875,27.0,12.125,5.75,2.625,0.15127581,0.068399452,1.2822083,1.1700463,1.1715883,1.2102704,1.3478582,1.3852704,1.6168619,1.7273083,0.49564576,1.6709452,2.8831091,3.1693742,3.3283467,3.7854633,3.9812794,3.9533656,1.2706643,310.95938,395.125,741.25,378.0,171.25,69.875,31.125,12.5,5.75,2.625,545.75,178.125,37.75,12.0,4.125,0.375,0.0,0.0,EXT488
C:/Users/MICROSOFT/Documents/nauval_mrnavac/cycpeptmp_standalone/runs/run_20260102_172000_moe/sdf/monomer.sdf,S(CC[C@](NC)C=O)C,8.83955,0.3357974,138,S(CC[C@](NC)C=O)C,360.87732,252.71793,108.1594,250.77298,110.10434,530.70764,227.13474,144.55852,303.57291,0.9537943,1.6858879,44.256935,1.5838418,34.948097,35.742702,0.0006824499,-18.333654,0,3.361207,13.95865,3.5685041,0.79460341,0.70028764,0.29971239,0.69489813,0.30510184,1.4706041,0.62939596,0.080212608,0.16968086,0.91986066,1067.7092,173.4063,940.05664,1021.9555,2.6928406,2.7275293,1.0115716,0.77248621,154.375,190.29138,4.5017934,0.16862744,2.8888798,1.9125925,0.91152149,0.50723284,0.25714108,0.11115,0.056759141,0.029649127,467.75,265.125,205.5,182.5,164.0,109.0,58.75,26.25,1.2247449,0.70710677,0.70710677,1.118034,0.5,0.70710677,-2.0858009,-2.032234,-2.0301378,-7.6374016,-7.5831943,-7.44488,1.1939942,195.75,199.875,133.5,58.0,26.875,12.0,5.75,2.625,0.15085158,0.067808218,1.28256,1.1743916,1.1742233,1.2134888,1.3555354,1.399667,1.622718,1.727596,0.49478751,1.6705688,2.8827362,3.1646605,3.3295147,3.7792208,3.9809589,3.9530475,1.2709768,310.98129,395.25,741.25,378.0,171.25,70.0,31.0,12.375,5.75,2.625,545.5,178.125,37.75,12.0,4.125,0.375,0.0,0.0,EXT489
C:/Users/MICROSOFT/Documents/nauval_mrnavac/cycpeptmp_standalone/runs/run_20260102_172000_moe/sdf/monomer.sdf,S(CC[C@](NC)C=O)C,8.9073095,0.40355623,19,S(CC[C@](NC)C=O)C,358.66156,252.72571,105.93586,253.06323,105.59834,530.724,222.4653,146.78986,308.2587,0.96315289,1.4079859,38.608082,1.4682527,29.470861,30.04142,5.1277639e-06,-14.231345,0,3.3432536,5.1433868,3.7551506,0.57055956,0.70463562,0.29536441,0.70557666,0.29442334,1.4797348,0.62026525,0.092066899,0.17235857,0.920708,1067.1644,175.75642,938.8587,1019.7139,2.6921535,2.7338715,0.95842272,0.82952571,152.875,191.41669,4.0270891,0.16262455,2.8898458,1.9246776,0.97182184,0.53353834,0.26312894,0.10259023,0.045580417,0.021415086,458.5,260.875,202.375,180.5,160.375,107.75,54.625,21.0,0.70710677,0.5,0.86602539,0.5,0.5,1.0,-2.1081524,-2.087348,-2.0328877,-7.7157693,-7.4346123,-7.236856,1.2018743,200.75,211.25,150.875,62.25,28.0,10.125,4.25,1.875,0.15379864,0.059556786,1.2285626,1.1353159,1.1087341,1.2016232,1.3885477,1.3366535,1.5850003,1.8852817,0.45258701,1.5083667,2.5087767,2.8172851,2.9209266,3.4915559,4.0266185,4.0469356,1.2602432,311.84457,393.0,743.0,388.25,183.0,71.875,31.125,10.75,4.25,1.875,542.25,177.0,32.125,9.625,3.125,0.625,0.0,0.0,EXT490
C:/Users/MICROSOFT/Documents/nauval_mrnavac/cycpeptmp_standalone/runs/run_20260102_172000_moe/sdf/monomer.sdf,S(CC[C@](NC)C=O)C,8.9073095,0.40355623,38,S(CC[C@](NC)C=O)C,358.07709,251.82719,106.24989,252.88893,105.18816,528.8371,223.12476,145.57732,305.71237,0.96236598,1.4091723,38.578102,1.4917146,29.474815,30.051386,1.568329e-06,-14.242805,0,3.2807143,5.113409,3.7542882,0.5765692,0.70327652,0.29672348,0.70624155,0.29375842,1.4768807,0.62311935,0.092033267,0.17233217,0.92078519,1067.1327,175.72,938.8866,1019.6587,2.6921134,2.7338262,0.95833999,0.82936043,153.0,191.59499,4.0775514,0.15679258,2.889168,1.9226053,0.96625841,0.5337587,0.26618332,0.10024072,0.043993782,0.021416659,461.25,260.25,199.125,178.5,159.625,105.0,55.0,21.875,0.70710677,0.5,0.86602539,0.70710677,1.118034,0.5,-2.1242101,-2.0830061,-2.0129457,-7.428124,-7.1704788,-7.1213479,1.1996557,203.625,210.875,148.75,63.0,27.625,9.375,4.25,1.875,0.15505336,0.055322129,1.2478321,1.151787,1.1305792,1.2008015,1.309561,1.2889984,1.5999533,1.9254844,0.44473517,1.4881922,2.5204551,2.8123517,2.9492202,3.522222,4.0054288,4.0194869,1.2635102,311.73077,393.875,747.75,387.625,181.875,73.0,30.875,9.875,4.25,1.875,544.125,176.75,33.125,10.0,3.25,0.5,0.0,0.0,EXT491
C:/Users/MICROSOFT/Documents/nauval_mrnavac/cycpeptmp_standalone/runs/run_20260102_172000_moe/sdf/monomer.sdf,S(CC[C@](NC)C=O)C,8.9073095,0.40355623,10,S(CC[C@](NC)C=O)C,358.24637,253.19276,105.05361,253.25487,104.99152,531.70483,220.61258,148.13916,311.09222,0.96236598,1.4088644,38.54063,1.468787,29.478645,30.055031,1.9212706e-05,-14.232357,0,3.2613733,5.0759373,3.7554226,0.57638508,0.706756,0.29324403,0.70692933,0.2930707,1.4841876,0.61581248,0.092046358,0.17233704,0.92075485,1067.1542,175.73064,938.88605,1019.6917,2.6921406,2.7337394,0.95846778,0.82939309,153.0,191.48782,4.0738544,0.15700217,2.8891776,1.9222853,0.9664095,0.5335654,0.26616046,0.10033974,0.043977328,0.021387706,461.0,259.75,199.375,178.5,159.75,104.75,54.5,22.0,0.70710677,0.5,0.86602539,0.70710677,1.118034,0.5,-2.1242299,-2.0827723,-2.0129967,-7.4226999,-7.1759825,-7.1268544,1.1999152,203.375,211.125,148.625,62.75,27.625,9.5,4.25,1.875,0.15485893,0.056022409,1.2465374,1.1555089,1.1273402,1.2038286,1.3104843,1.2907785,1.6230506,1.933642,0.4465988,1.4871125,2.5202112,2.8040481,2.9488764,3.5216625,4.0050468,4.019105,1.2631032,311.73224,393.75,747.5,387.875,181.875,72.75,30.875,10.0,4.25,1.875,544.125,176.75,33.25,10.0,3.25,0.5,0.0,0.0,EXT492
C:/Users/MICROSOFT/Documents/nauval_mrnavac/cycpeptmp_standalone/runs/run_20260102_172000_moe/sdf/monomer.sdf,S(CC[C@](NC)C=O)C,9.0165243,0.51277179,183,S(CC[C@](NC)C=O)C,363.54755,255.26263,108.2849,249.83279,113.71475,536.05157,227.3983,146.97774,308.65326,0.95225221,0.73290014,35.705471,1.5830448,26.647945,27.066677,9.2719274e-05,-11.810557,0,3.305238,4.7560711,3.7504187,0.41873318,0.70214379,0.29785624,0.687208,0.31279197,1.474502,0.62549812,0.092326976,0.18808274,0.86974835,1095.2871,200.21527,925.85266,1064.5063,2.7273955,2.5322425,1.2505665,0.76943088,154.625,192.46771,3.312654,0.18149336,2.8983579,1.9936441,1.072387,0.54383016,0.23592299,0.048786197,0.0,0.0,448.5,253.625,192.125,170.0,148.125,93.75,49.875,17.75,6.4031243,0.5,6.3442888,7.0178342,0.70710677,7.0887237,-1.9636298,-1.8816303,-1.8731557,-4.672245,-4.6496186,-4.6253371,1.2071806,215.5,229.375,152.625,55.125,17.0,3.375,0.0,0.0,0.11320755,0.025,1.2404737,1.1156566,1.1374969,1.3837097,1.5359603,1.5092068,2.5025647,2.227005,0.61549783,1.6351477,2.3054817,2.3959613,2.2529893,2.1781752,0.0,0.0,1.2565632,314.15054,394.75,752.375,407.375,192.125,68.0,21.75,4.25,0.0,0.0,536.875,178.0,39.5,12.875,4.75,0.875,0.0,0.0,EXT493
C:/Users/MICROSOFT/Documents/nauval_mrnavac/cycpeptmp_standalone/runs/run_20260102_172000_moe/sdf/monomer.sdf,S(CC[C@](NC)C=O)C,9.37609,0.87233722,156,S(CC[C@](NC)C=O)C,358.78394,258.31021,100.47372,244.17592,114.60802,542.45142,210.99483,157.83647,331.4566,0.94689387,0.49684584,37.795586,1.8320848,26.555475,27.225958,0.0045021651,-11.974024,0,3.3106184,6.8461828,5.4224215,0.67048299,0.71996033,0.28003964,0.68056536,0.31943464,1.5119168,0.58808327,0.083864808,0.16516335,0.87922233,1102.5608,178.149,948.34955,1078.623,2.7364368,2.504107,1.2982776,0.7251749,155.5,193.54803,4.2943444,0.22389816,2.8897002,2.0670879,0.99818903,0.49712452,0.20165616,0.031721938,0.0,0.0,462.375,263.0,199.625,174.25,153.75,101.5,58.5,23.75,0.5,0.5,0.70710677,5.0249376,0.5,4.7434163,-1.9231609,-1.8865963,-1.880957,-4.6799626,-4.6641355,-4.5265093,1.2039287,201.5,218.625,133.875,46.0,13.75,1.625,0.0,0.0,0.091421418,0.014347202,1.4286791,1.2704171,1.3327852,1.6379015,1.8749775,2.0639908,2.3358004,2.2372742,0.64047879,1.9079154,2.9618139,3.0440454,2.9908252,3.0538261,0.0,0.0,1.2578257,312.24515,392.75,739.875,400.75,171.5,58.625,18.25,2.5,0.0,0.0,538.375,182.125,37.625,12.625,4.5,0.875,0.0,0.0,EXT494
C:/Users/MICROSOFT/Documents/nauval_mrnavac/cycpeptmp_standalone/runs/run_20260102_172000_moe/sdf/monomer.sdf,S(CC[C@](NC)C=O)C,9.377286,0.87353265,194,S(CC[C@](NC)C=O)C,356.43985,247.89059,108.54925,247.86992,108.56992,520.57025,227.95343,139.34134,292.61682,0.9639411,1.0378448,36.109932,1.6535659,25.62509,26.45785,0.00048315668,-11.301441,0,3.3180358,5.7841759,4.6799989,0.83275867,0.69546264,0.30453736,0.69540465,0.30459535,1.4604715,0.63952845,0.13879997,0.24791588,0.87922108,1002.0472,233.57538,828.36322,942.15576,2.6087246,2.4937253,1.1226665,0.92905897,152.75,191.17603,2.1749189,0.16766173,2.8847046,1.9357898,1.1145593,0.55287296,0.2468327,0.061645113,9.7808654e-05,0.0,426.875,238.25,188.625,168.625,147.375,92.5,44.875,12.0,0.86602539,1.118034,0.70710677,0.5,5.1234756,5.2440443,-2.0937533,-2.0616872,-2.0442359,-5.0669456,-4.8835273,-4.7763677,1.2040834,211.125,233.125,159.25,55.875,18.875,3.625,0.125,0.0,0.12326044,0.027427724,0.87515169,0.73409736,0.77403677,0.89102376,0.95475203,1.1738471,1.8669732,1.3075597,0.41580039,1.0497916,1.4791307,1.5810355,1.5296823,1.3907218,3.4150019,0.0,1.2580643,312.48404,393.125,740.25,403.125,199.0,68.625,23.25,4.625,0.125,0.0,529.125,170.0,39.75,12.75,4.375,1.0,0.0,0.0,EXT495
C:/Users/MICROSOFT/Documents/nauval_mrnavac/cycpeptmp_standalone/runs/run_20260102_172000_moe/sdf/monomer.sdf,S(CC[C@](NC)C=O)C,9.377286,0.87353265,14,S(CC[C@](NC)C=O)C,352.17108,244.75311,107.41797,244.46104,107.71004,513.98151,225.57774,137.33514,288.40378,0.96236598,1.0379671,36.140083,1.6469047,25.632528,26.466005,0.00054535823,-11.294135,0,3.3476529,5.8143272,4.6789751,0.83347803,0.69498354,0.30501646,0.69415426,0.30584577,1.4594655,0.64053452,0.13879679,0.24783057,0.87924439,1001.8256,233.45016,828.22614,941.97485,2.6084361,2.4936943,1.1225686,0.9290368,153.0,190.87308,2.1866412,0.17213397,2.8836575,1.9420813,1.1182525,0.55363166,0.24576689,0.063011728,0.0,0.0,427.0,240.25,188.25,169.875,148.25,91.125,42.75,11.875,1.118034,0.5,0.70710677,0.5,0.5,0.70710677,-2.1242347,-2.0733974,-2.0446866,-4.9796128,-4.8813782,-4.8115106,1.2055159,210.75,230.375,156.75,55.875,18.75,4.375,0.0,0.0,0.12151395,0.030169243,0.89888012,0.74679148,0.76553893,0.88130671,1.0029242,1.2370423,1.937855,1.4719516,0.39752096,1.0434891,1.4792269,1.581026,1.5300666,1.334254,0.0,0.0,1.2551028,312.12585,391.75,740.0,403.25,198.0,69.0,22.875,5.125,0.0,0.0,529.25,172.875,41.25,13.125,4.125,0.75,0.0,0.0,EXT496
C:/Users/MICROSOFT/Documents/nauval_mrnavac/cycpeptmp_standalone/runs/run_20260102_172000_moe/sdf/monomer.sdf,S(CC[C@](NC)C=O)C,9.4852705,0.98151731,189,S(CC[C@](NC)C=O)C,356.04691,249.47556,106.57135,245.42105,110.62586,523.89868,223.79984,142.90421,300.09885,0.9537943,0.87085372,36.290386,1.3599268,26.581509,27.265924,7.7822641e-08,-12.331111,0,3.2989788,4.8156948,4.3655558,0.6844151,0.70068175,0.29931828,0.68929416,0.31070584,1.4714316,0.62856841,0.15981266,0.24080727,0.90877557,992.99927,222.4817,839.61731,923.89948,2.5969203,2.3286994,1.1963769,0.93093425,154.375,192.47408,3.5110061,0.19049856,2.8402886,1.9177895,0.86775434,0.49083209,0.24644871,0.09748736,0.0483905,0.02339182,467.625,261.625,198.875,178.25,158.875,108.875,53.375,18.5,6.9641943,0.70710677,7.0356236,0.70710677,0.5,1.118034,-1.853531,-1.8520242,-1.8517481,-7.9126582,-7.2765574,-7.2734375,1.200368,187.125,189.625,127.0,58.0,24.75,8.625,4.5,1.75,0.13890634,0.053295933,1.0957702,0.95757949,0.75451177,0.82529682,0.90167135,1.5107962,2.3877156,2.7521002,0.49863535,1.3737119,2.5872014,2.7974467,2.8112409,3.2362561,3.5164142,3.5219102,1.2622257,311.65186,393.375,715.625,359.5,161.125,68.625,27.625,9.5,4.5,1.75,528.5,169.875,34.125,10.625,2.875,0.875,0.0,0.0,EXT497
C:/Users/MICROSOFT/Documents/nauval_mrnavac/cycpeptmp_standalone/runs/run_20260102_172000_moe/sdf/monomer.sdf,S(CC[C@](NC)C=O)C,9.4852705,0.98151731,132,S(CC[C@](NC)C=O)C,354.44177,250.66486,103.77692,246.11488,108.32689,526.39624,217.93152,146.88795,308.46469,0.9537943,0.86974251,36.250122,1.3499975,26.569107,27.248222,2.6650383e-05,-12.329447,0,3.2863166,4.7754302,4.3655581,0.67911571,0.70721024,0.29278973,0.69437325,0.30562675,1.4851415,0.61485845,0.15983377,0.24092892,0.90875018,992.97461,222.57861,839.5354,923.83521,2.5968881,2.328681,1.1964632,0.93098843,154.375,191.85861,3.4343009,0.19143325,2.8475749,1.9067527,0.87146282,0.48918185,0.24727987,0.096812613,0.04576233,0.023677673,467.25,260.0,200.5,178.75,156.0,107.75,51.375,18.375,6.9641943,7.228416,0.5,0.70710677,1.118034,0.5,-1.8776169,-1.8540183,-1.8496364,-7.6405473,-7.409903,-7.3988414,1.2018681,182.5,185.625,128.75,54.5,25.5,9.875,4.375,2.125,0.14214464,0.057342656,1.0471337,0.92446685,0.67523175,0.74092841,0.83815682,1.403815,2.431319,2.765631,0.51761425,1.3880258,2.5691471,2.7706034,2.8198204,3.2576497,3.5966465,3.5157771,1.2585104,310.98273,391.375,712.625,357.0,161.75,66.25,28.5,10.25,4.375,2.125,530.125,171.375,33.0,11.75,3.0,0.375,0.0,0.0,EXT498
C:/Users/MICROSOFT/Documents/nauval_mrnavac/cycpeptmp_standalone/runs/run_20260102_172000_moe/sdf/monomer.sdf,S(CC[C@](NC)C=O)C,9.4879036,0.98415041,95,S(CC[C@](NC)C=O)C,360.82346,250.44505,110.37842,247.47191,113.35156,525.93463,231.79468,140.06664,294.13992,0.96710676,0.4559589,35.472027,1.6952704,26.375551,26.705725,0.0002919184,-10.967871,0,3.3258734,5.173739,3.7448661,0.33017275,0.69409305,0.30590698,0.68585312,0.31414688,1.4575953,0.64240468,0.078954689,0.17624101,0.87320471,1077.5997,185.33525,918.26306,1051.6011,2.7052841,2.7267032,1.0156529,0.76617295,152.25,189.69829,3.2710619,0.15384793,2.9309299,1.9851098,1.1719625,0.5602414,0.25487927,0.064083882,0.0,0.0,434.25,245.75,190.375,168.125,145.125,94.5,44.75,18.75,0.86602539,0.70710677,0.5,6.5192022,6.9641943,1.2247449,-2.0296035,-2.0039051,-2.0005009,-4.6553197,-4.6144075,-4.6007919,1.2004411,225.375,245.375,167.625,59.125,18.75,4.75,0.0,0.0,0.11950099,0.031226765,1.2996879,1.1884401,1.0754052,1.249324,1.4571668,1.7499673,2.228399,1.5811325,0.43492249,1.3294401,2.0479529,2.2424276,2.2267509,2.0925584,0.0,0.0,1.2620152,311.6048,393.25,768.25,425.25,207.0,71.25,22.75,5.25,0.0,0.0,542.875,179.875,39.375,12.125,4.0,0.5,0.0,0.0,EXT499
C:/Users/MICROSOFT/Documents/nauval_mrnavac/cycpeptmp_standalone/runs/run_20260102_172000_moe/sdf/monomer.sdf,S(CC[C@](NC)C=O)C,9.5735245,1.0697713,11,S(CC[C@](NC)C=O)C,358.76633,249.76088,109.00546,248.76593,110.0004,524.49786,228.91145,140.75542,295.5864,0.96790141,1.8294843,44.481518,1.8256143,34.756454,35.482452,0.00064841803,-18.653139,0,3.2939181,13.121874,3.8788881,0.72599608,0.69616586,0.30383414,0.69339263,0.30660737,1.4619483,0.63805169,0.080478527,0.18544011,0.86658305,1081.9415,195.54883,913.8222,1054.512,2.7107286,2.5655408,1.2400194,0.72781152,152.125,189.55846,4.5548677,0.18637148,2.8623478,1.8854481,0.86473382,0.4953196,0.25321767,0.10896134,0.056832053,0.03176846,476.125,273.625,210.0,189.25,169.25,110.125,60.625,24.375,0.70710677,4.7696962,4.2720017,0.5,0.70710677,1.118034,-1.9544307,-1.9229896,-1.8899593,-8.2343197,-7.9285302,-7.8793597,1.2073451,200.75,200.125,130.375,56.25,26.75,11.375,5.5,2.5,0.1452381,0.064729191,1.2540342,1.1529602,1.1809293,1.3119723,1.4018618,1.3249127,1.8950032,2.2182989,0.60970372,1.8586586,3.0911605,3.2834923,3.4167964,3.6344485,3.9703112,3.7507272,1.2565246,314.25967,394.875,728.625,369.5,166.375,67.125,30.5,12.25,5.5,2.5,527.875,169.375,36.0,10.875,3.75,0.875,0.0,0.0,EXT500
C:/Users/MICROSOFT/Documents/nauval_mrnavac/cycpeptmp_standalone/runs/run_20260102_172000_moe/sdf/monomer.sdf,S(CC[C@](NC)C=O)C,9.5735245,1.0697713,62,S(CC[C@](NC)C=O)C,359.67801,252.46547,107.21255,249.88232,109.79568,530.17749,225.14636,145.25291,305.03113,0.96710676,1.8297633,44.546375,1.8319505,34.775398,35.509312,0.00059463381,-18.660456,0,3.3250175,13.18673,3.8795025,0.73391116,0.70192075,0.29807925,0.69473898,0.30526105,1.4740336,0.62596643,0.080479428,0.18540607,0.86662513,1081.7054,195.4695,913.66364,1054.2778,2.7104328,2.5654049,1.2399148,0.72777706,152.25,191.06398,4.5513306,0.18614708,2.8623796,1.8855721,0.86472011,0.4953393,0.25324246,0.10899157,0.05685918,0.03178484,475.625,273.25,209.75,189.0,169.125,109.875,60.5,24.375,0.70710677,4.7696962,4.2720017,0.5,0.70710677,1.118034,-1.954797,-1.9235173,-1.8900008,-8.2336578,-7.9266558,-7.8771148,1.2072432,200.625,200.0,130.25,56.375,26.75,11.375,5.5,2.5,0.14541121,0.064814813,1.2566149,1.1519305,1.176928,1.3078222,1.4023627,1.3269938,1.8929403,2.2175829,0.6091305,1.8542439,3.0911009,3.2839072,3.4172628,3.6350148,3.9708738,3.7512906,1.2566307,314.23315,394.875,728.625,369.25,166.25,67.125,30.5,12.25,5.5,2.5,528.0,169.25,36.0,10.75,3.75,0.875,0.0,0.0,EXT501
C:/Users/MICROSOFT/Documents/nauval_mrnavac/cycpeptmp_standalone/runs/run_20260102_172000_moe/sdf/monomer.sdf,S(CC[C@](NC)C=O)C,9.5735846,1.0698314,134,S(CC[C@](NC)C=O)C,355.86356,251.89091,103.97264,246.01625,109.84731,528.97095,218.34254,147.91827,310.62839,0.95071507,1.4602641,37.971424,1.3571684,28.079166,28.817831,7.1507969e-07,-13.848953,0,3.3741434,5.0955801,4.4222794,0.73866421,0.70783001,0.29216996,0.69132185,0.30867815,1.486443,0.61355692,0.11166129,0.21721251,0.89079309,1021.9037,210.59741,863.66449,969.54553,2.634445,2.472682,1.1493144,0.82626545,154.875,192.70302,4.2343173,0.18838273,2.8592386,1.8945272,0.9371866,0.4970547,0.24252547,0.097248293,0.045676462,0.023318188,465.375,262.625,202.25,181.25,163.125,108.125,51.625,19.875,1.2247449,1.6583124,0.5,0.5,0.5,0.70710677,-1.9418404,-1.9380125,-1.9347798,-7.6868596,-7.3608627,-7.3578777,1.1989208,188.875,192.125,136.0,56.625,24.125,10.5,3.875,2.125,0.13411619,0.062758617,1.1737705,1.0777075,1.0785991,1.1492335,1.2527677,1.2301848,1.5669111,2.1255982,0.54422277,1.6472601,2.6621659,3.0038893,3.162684,3.5188575,3.8483291,3.8635931,1.2637492,311.27612,393.375,722.5,367.125,169.0,66.75,27.125,11.375,3.875,2.125,533.625,175.0,33.0,10.125,3.0,0.875,0.0,0.0,EXT502
C:/Users/MICROSOFT/Documents/nauval_mrnavac/cycpeptmp_standalone/runs/run_20260102_172000_moe/sdf/monomer.sdf,S(CC[C@](NC)C=O)C,9.5735846,1.0698314,152,S(CC[C@](NC)C=O)C,358.83844,254.47629,104.36216,248.08232,110.75614,534.40021,219.16054,150.11414,315.23969,0.95071507,1.4598528,37.877239,1.3493342,28.082621,28.813581,1.5001845e-07,-13.83418,0,3.2922034,5.0013957,4.4221196,0.73096061,0.70916671,0.29083326,0.6913482,0.3086518,1.4892502,0.61074984,0.1116192,0.21716121,0.89078218,1022.0211,210.57809,863.77863,969.68555,2.6345963,2.4728181,1.1493003,0.82615519,154.875,192.59413,4.2202358,0.18589382,2.8616185,1.898363,0.935637,0.49781364,0.24292414,0.096870832,0.045431089,0.023139475,464.5,262.0,202.375,181.625,160.125,110.375,51.625,18.875,0.5,1.118034,1.2247449,0.5,0.70710677,0.5,-1.9382186,-1.9138668,-1.9126041,-7.7584424,-7.5780563,-7.4481082,1.2020563,186.5,195.375,135.75,57.875,24.125,10.75,4.375,1.75,0.13465102,0.063317277,1.1800036,1.0640383,1.0673918,1.1297174,1.2336395,1.1864709,1.5718284,2.1370256,0.5490368,1.6488767,2.6682606,3.0575433,3.1638446,3.5040166,3.8954706,3.7641258,1.2588488,311.29633,391.875,723.875,369.75,168.25,68.0,27.25,11.5,4.375,1.75,537.375,174.375,32.5,10.125,3.125,0.75,0.0,0.0,EXT503
C:/Users/MICROSOFT/Documents/nauval_mrnavac/cycpeptmp_standalone/runs/run_20260102_172000_moe/sdf/monomer.sdf,S(CC[C@](NC)C=O)C,9.5735846,1.0698314,24,S(CC[C@](NC)C=O)C,353.87057,250.27747,103.59311,244.90729,108.96328,525.5827,217.54552,146.68436,308.03714,0.95071507,1.4604656,37.924938,1.3771924,28.097878,28.840826,2.2123624e-05,-13.835709,0,3.2841456,5.0490961,4.4227524,0.74294853,0.70725709,0.29274294,0.69208151,0.30791846,1.4852399,0.61476016,0.11161686,0.21716401,0.89082998,1021.7972,210.52962,863.61499,969.44989,2.6343079,2.4726677,1.149196,0.82609618,154.875,190.87183,4.1869683,0.18871586,2.8569307,1.8854444,0.93446416,0.4959144,0.24315223,0.092106231,0.04606298,0.022879334,461.375,263.375,204.375,182.875,164.875,110.0,51.5,19.25,0.5,0.70710677,0.5,0.5,0.5,1.0,-1.926046,-1.924197,-1.9241785,-7.8721762,-7.5769477,-7.3795881,1.2028611,191.375,189.375,137.0,57.75,23.875,9.375,4.5,1.875,0.13211009,0.055365685,1.1799202,1.0832112,1.0927477,1.153051,1.2352186,1.2701566,1.5306507,2.0952609,0.52998471,1.6470342,2.610455,2.9747462,3.1033874,3.6827385,3.819217,3.7778513,1.258675,311.83585,392.5,723.875,365.75,170.875,68.375,27.0,10.125,4.5,1.875,532.5,176.375,33.875,10.625,3.125,0.75,0.0,0.0,EXT504
C:/Users/MICROSOFT/Documents/nauval_mrnavac/cycpeptmp_standalone/runs/run_20260102_172000_moe/sdf/monomer.sdf,S(CC[C@](NC)C=O)C,9.5735846,1.0698314,113,S(CC[C@](NC)C=O)C,355.09052,250.42627,104.66424,246.00938,109.08112,525.89514,219.79489,145.76204,306.10028,0.95071507,1.4607894,37.89389,1.3552561,28.092224,28.833096,1.0485974e-05,-13.838628,0,3.280144,5.0180459,4.4253821,0.7408722,0.70524633,0.2947537,0.69280756,0.30719244,1.4810172,0.61898273,0.11163153,0.21716264,0.8908084,1021.7975,210.53062,863.6037,969.46063,2.6343081,2.472538,1.1491939,0.82610714,154.875,192.63774,4.1851406,0.18888322,2.8569932,1.8855467,0.93463099,0.49587256,0.24309494,0.092132099,0.046085183,0.022906188,461.125,263.375,204.5,183.0,164.75,110.0,51.5,19.25,0.5,0.70710677,0.5,0.5,0.5,1.0,-1.9260792,-1.9242067,-1.9241052,-7.8745737,-7.5823855,-7.3790827,1.2030692,191.125,189.5,136.875,57.875,23.875,9.375,4.5,1.875,0.13202934,0.05532787,1.1801908,1.0852578,1.0911069,1.1531333,1.2401347,1.2705367,1.5308996,2.09519,0.52908373,1.6451346,2.6112685,2.9782887,3.1030092,3.6823957,3.8189027,3.7775412,1.2583237,311.82358,392.375,723.625,365.875,170.875,68.5,27.0,10.125,4.5,1.875,532.5,176.375,34.0,10.625,3.125,0.75,0.0,0.0,EXT505
C:/Users/MICROSOFT/Documents/nauval_mrnavac/cycpeptmp_standalone/runs/run_20260102_172000_moe/sdf/monomer.sdf,S(CC[C@](NC)C=O)C,9.5735846,1.0698314,160,S(CC[C@](NC)C=O)C,356.26083,252.48158,103.77927,246.01233,110.24852,530.2113,217.93645,148.70232,312.27487,0.95071507,1.4608772,37.866985,1.3527642,28.08709,28.828772,7.5121106e-06,-13.836494,0,3.2633924,4.9911427,4.4220505,0.74168092,0.70869863,0.29130134,0.6905399,0.3094601,1.4882672,0.61173284,0.11163637,0.21720658,0.89077729,1021.789,210.57021,863.5611,969.44666,2.6342971,2.4726782,1.1492159,0.82617199,154.875,193.04869,4.235323,0.18828467,2.860085,1.8949271,0.93759376,0.49735942,0.24252088,0.097256504,0.045678459,0.02330967,465.25,262.625,202.125,181.25,163.25,108.25,51.75,19.75,1.2247449,1.6583124,0.5,0.5,0.5,0.70710677,-1.9412659,-1.9380102,-1.9348464,-7.6868219,-7.3591952,-7.3589725,1.1988267,189.0,192.0,136.25,56.625,24.0,10.5,3.875,2.125,0.1335807,0.062758617,1.1745815,1.077567,1.0802531,1.1520379,1.253414,1.2295097,1.5637816,2.1576324,0.54607373,1.6464059,2.6614735,3.004019,3.1623883,3.5189676,3.8484194,3.8636875,1.2638487,311.25165,393.375,722.625,367.25,169.375,66.75,27.0,11.375,3.875,2.125,533.625,175.25,33.125,10.125,3.0,0.875,0.0,0.0,EXT506
C:/Users/MICROSOFT/Documents/nauval_mrnavac/cycpeptmp_standalone/runs/run_20260102_172000_moe/sdf/monomer.sdf,S(CC[C@](NC)C=O)C,9.6553869,1.151634,47,S(CC[C@](NC)C=O)C,357.24005,246.76132,110.47873,235.72041,121.51964,518.19879,232.00533,136.28259,286.19345,0.94234878,0.93315291,44.810699,1.8790605,33.206387,33.681789,2.5200009e-09,-16.615847,0,3.3608415,13.053878,5.889008,0.4754042,0.69074374,0.30925629,0.6598376,0.34016243,1.4505618,0.6494382,0.095827848,0.21621192,0.84897327,1079.2584,225.98315,887.34082,1045.1929,2.7073655,2.5480587,1.1995779,0.7887789,156.25,191.63628,5.6017594,0.18655106,2.8958426,1.9579926,0.98208171,0.50574625,0.24924639,0.11052079,0.044880103,0.019308977,469.375,275.75,213.5,184.875,162.125,108.875,60.5,31.0,0.70710677,6.7082038,6.8190908,0.70710677,0.5,0.86602539,-2.0126948,-1.989464,-1.988133,-7.4325652,-7.1637125,-6.9573712,1.201829,213.25,217.25,135.5,56.875,23.5,10.625,4.625,1.5,0.12880562,0.062880322,1.6082796,1.4116566,1.4148588,1.6572101,1.8070073,1.8688759,1.6722414,1.1005687,0.77014285,2.2381837,3.6792877,4.1700659,4.2553787,4.6009569,5.0581264,5.0967717,1.266275,314.80127,398.625,752.0,392.875,176.125,67.625,27.5,11.625,4.625,1.5,538.75,175.625,40.625,10.75,4.0,1.0,0.0,0.0,EXT507
C:/Users/MICROSOFT/Documents/nauval_mrnavac/cycpeptmp_standalone/runs/run_20260102_172000_moe/sdf/monomer.sdf,S(CC[C@](NC)C=O)C,9.7657471,1.2619941,28,S(CC[C@](NC)C=O)C,358.87994,249.87564,109.0043,245.24327,113.63666,524.73883,228.90903,140.87134,295.8298,0.94918293,1.6929463,43.799877,1.8051983,33.813873,34.59861,0.0002799255,-17.932711,0,3.2813585,11.781018,4.1144333,0.78473628,0.69626528,0.30373472,0.68335742,0.31664255,1.4621571,0.63784289,0.08532615,0.23457833,0.85002828,1026.2888,230.97414,836.96796,984.63544,2.6400912,2.5744839,1.2074863,0.75202322,155.125,191.10309,5.0094986,0.17282848,2.8865151,1.9091238,0.93753505,0.51228303,0.25962117,0.10611191,0.051274709,0.026686635,460.875,265.375,205.625,183.75,164.75,108.5,60.625,25.875,0.70710677,0.70710677,1.2247449,0.5,0.86602539,0.70710677,-2.0937552,-2.084069,-2.0163701,-7.4032602,-7.2877884,-7.2760167,1.2049237,201.125,204.5,142.75,60.25,27.125,11.125,4.875,2.5,0.14954408,0.06530612,1.5785627,1.4745725,1.4510096,1.6074547,1.7301551,1.77727,1.7837946,1.707054,0.7143203,2.1336584,3.4233749,3.6237462,3.577395,3.7079091,3.7645626,3.6805942,1.2575866,312.90094,393.5,745.875,385.75,177.625,72.125,30.75,12.0,4.875,2.5,544.75,181.25,34.875,11.875,3.625,0.875,0.0,0.0,EXT508
C:/Users/MICROSOFT/Documents/nauval_mrnavac/cycpeptmp_standalone/runs/run_20260102_172000_moe/sdf/monomer.sdf,S(CC[C@](NC)C=O)C,9.7657471,1.2619941,120,S(CC[C@](NC)C=O)C,358.40039,250.69623,107.70415,243.40302,114.99736,526.4621,226.17871,142.99208,300.28339,0.94841868,1.6928205,43.849365,1.8084887,33.806149,34.590248,0.00037227062,-17.937067,0,3.3340013,11.830505,4.1162567,0.78409851,0.69948649,0.30051348,0.67913717,0.32086283,1.4689217,0.6310783,0.085345209,0.23465359,0.85002804,1026.3258,231.04828,836.96783,984.63556,2.6401389,2.5744257,1.207548,0.75209022,155.25,189.55321,5.0117168,0.17271315,2.886693,1.9090588,0.93752497,0.51221335,0.25961971,0.10600378,0.05124338,0.026665339,461.0,265.5,205.5,183.75,164.25,108.5,60.625,26.0,0.70710677,0.70710677,1.2247449,0.5,0.86602539,0.70710677,-2.0941629,-2.0842798,-2.0168438,-7.4011202,-7.2843838,-7.2755065,1.2052574,200.5,204.25,142.75,60.25,27.125,11.125,4.875,2.5,0.14963503,0.06530612,1.5779693,1.4741956,1.4535162,1.6073313,1.7370031,1.7768521,1.7835939,1.7054186,0.71287519,2.1345553,3.4256022,3.6238589,3.5775359,3.7081156,3.7647572,3.6807675,1.2571052,312.9213,393.375,745.625,385.5,177.625,72.125,30.75,12.0,4.875,2.5,545.125,181.25,34.875,11.875,3.625,0.875,0.0,0.0,EXT509
C:/Users/MICROSOFT/Documents/nauval_mrnavac/cycpeptmp_standalone/runs/run_20260102_172000_moe/sdf/monomer.sdf,S(CC[C@](NC)C=O)C,9.7657471,1.2619941,3,S(CC[C@](NC)C=O)C,357.61862,249.10693,108.51168,242.32164,115.29697,523.12457,227.87453,140.59526,295.25003,0.94841868,1.6930968,43.832432,1.8255554,33.810261,34.595081,0.00032748605,-17.938137,0,3.2951112,11.813573,4.1163573,0.78481877,0.69657153,0.3034285,0.67759794,0.32240203,1.4628001,0.63719982,0.085353583,0.23463334,0.85006261,1026.207,231.0,836.89923,984.51483,2.639986,2.5744348,1.2074933,0.75212979,155.25,192.25047,5.007442,0.17327592,2.8864386,1.9090848,0.93759841,0.51230264,0.25957263,0.10601244,0.051230449,0.026656253,461.125,265.875,206.125,184.25,165.25,108.75,60.625,25.75,0.70710677,0.70710677,1.2247449,0.5,0.86602539,0.70710677,-2.0940995,-2.0842509,-2.0165908,-7.401072,-7.2858858,-7.2765598,1.204705,201.125,204.375,142.75,60.25,27.125,11.125,4.875,2.5,0.14918132,0.0651289,1.5798087,1.4727802,1.4492674,1.6049855,1.7287177,1.7846066,1.783968,1.6977057,0.71284831,2.1352024,3.427655,3.623559,3.5772612,3.7079606,3.7646453,3.6806693,1.257948,312.91037,393.625,746.0,385.375,177.625,72.125,30.75,12.0,4.875,2.5,544.875,181.0,34.875,11.875,3.625,0.875,0.0,0.0,EXT510
C:/Users/MICROSOFT/Documents/nauval_mrnavac/cycpeptmp_standalone/runs/run_20260102_172000_moe/sdf/monomer.sdf,S(CC[C@](NC)C=O)C,9.7657471,1.2619941,149,S(CC[C@](NC)C=O)C,360.2662,251.76178,108.50441,246.69456,113.57163,528.69977,227.85925,143.25739,300.84048,0.94841868,1.6934683,43.873833,1.8150616,33.808983,34.592625,0.00046635469,-17.942633,0,3.3477552,11.854971,4.1179252,0.78364193,0.69882154,0.30117843,0.68475634,0.31524366,1.4675252,0.63247472,0.085365154,0.23462023,0.85007185,1026.1637,230.97778,836.87457,984.4751,2.6399305,2.5744913,1.2074194,0.75219727,155.25,191.90074,5.0657034,0.17178424,2.8869989,1.8962923,0.94647586,0.51282436,0.26105785,0.11686359,0.052971598,0.024650622,459.625,266.25,205.0,183.625,162.625,109.875,60.0,25.625,1.118034,0.70710677,0.5,0.5,0.5,0.70710677,-2.0843933,-2.0706079,-2.0172358,-8.0338507,-7.7404337,-7.4706526,1.2034501,200.25,200.375,142.0,59.625,26.0,11.625,5.25,1.75,0.14756097,0.066712052,1.6093026,1.4826869,1.5238891,1.6468521,1.733552,1.7575954,1.7255033,1.6684756,0.72286236,2.1660845,3.3915555,3.5998199,3.5799401,3.6589017,3.8210688,3.7274315,1.2597928,312.84906,394.125,744.625,382.375,177.375,70.75,30.25,12.25,5.25,1.75,544.375,182.0,35.375,11.125,4.25,0.625,0.0,0.0,EXT511
C:/Users/MICROSOFT/Documents/nauval_mrnavac/cycpeptmp_standalone/runs/run_20260102_172000_moe/sdf/monomer.sdf,S(CC[C@](NC)C=O)C,9.7861319,1.2823788,164,S(CC[C@](NC)C=O)C,352.23846,244.62851,107.60996,242.54729,109.69118,513.71985,225.98093,137.01854,287.73895,0.95456725,1.0348027,43.325474,1.4411647,33.491154,34.202316,0.00070984225,-17.000221,0,3.3290157,12.461382,4.3522677,0.71116227,0.69449687,0.30550316,0.68858832,0.31141168,1.4584434,0.64155662,0.11830678,0.19791,0.89323014,997.74298,188.85709,852.37152,954.25739,2.6031158,2.5283115,1.0124466,0.86963171,154.25,191.52403,3.8800468,0.1716377,2.8752415,1.9326761,0.88341075,0.50109017,0.25618547,0.11621909,0.059804287,0.032831863,457.5,258.125,198.375,177.0,158.125,109.5,57.0,19.625,6.1237245,6.9641943,6.4420495,0.5,0.86602539,1.2247449,-1.8688723,-1.8396946,-1.8191944,-8.2638073,-7.4659591,-7.3924365,1.1842581,181.875,200.125,131.125,58.5,25.875,12.0,5.5,3.25,0.14744802,0.072740115,1.1643761,1.0172409,0.72328973,0.73635393,0.91312611,1.716228,2.2926958,2.0334854,0.43445221,1.3635831,2.6969521,2.9853859,3.1655204,3.5101297,3.7129838,3.6997702,1.2802088,307.85992,394.125,723.375,372.5,170.625,70.125,29.25,12.875,5.5,3.25,541.5,172.375,39.5,11.625,3.375,0.875,0.0,0.0,EXT512
C:/Users/MICROSOFT/Documents/nauval_mrnavac/cycpeptmp_standalone/runs/run_20260102_172000_moe/sdf/monomer.sdf,S(CC[C@](NC)C=O)C,9.7861319,1.2823788,173,S(CC[C@](NC)C=O)C,357.49255,246.37862,111.11394,245.04398,112.44857,517.39508,233.33928,135.26468,284.05582,0.95456725,1.0345616,43.324512,1.4487123,33.494045,34.207844,0.00054609653,-16.994328,0,3.3167372,12.46042,4.3506742,0.71379691,0.68918532,0.31081471,0.68545198,0.31454802,1.4472891,0.65271086,0.11832182,0.1979287,0.89323246,997.70319,188.86549,852.33112,954.20978,2.6030638,2.528198,1.0125855,0.86964798,154.25,190.95544,3.8738935,0.17172375,2.8758957,1.9327884,0.88430512,0.50117105,0.25622568,0.11633872,0.059794378,0.032825656,458.375,258.375,198.5,177.25,158.125,109.625,57.125,19.5,6.1237245,5.8523498,0.5,0.5,0.86602539,1.2247449,-1.8685731,-1.8392063,-1.8160577,-8.2584019,-7.4617391,-7.3911219,1.1847259,182.75,200.25,131.125,58.625,25.75,12.0,5.5,3.25,0.14672545,0.072637521,1.1613439,1.0215788,0.72476602,0.74082488,0.91089857,1.7090924,2.2877984,2.0292838,0.43529689,1.3641944,2.6895561,2.9803715,3.1574802,3.5098219,3.7126873,3.6994517,1.2794328,307.85126,393.875,723.875,372.5,170.75,70.25,29.125,12.875,5.5,3.25,541.125,172.25,39.625,11.625,3.375,0.875,0.0,0.0,EXT513
C:/Users/MICROSOFT/Documents/nauval_mrnavac/cycpeptmp_standalone/runs/run_20260102_172000_moe/sdf/monomer.sdf,S(CC[C@](NC)C=O)C,9.7861319,1.2823788,127,S(CC[C@](NC)C=O)C,350.55594,242.86731,107.68864,241.19284,109.36311,510.02133,226.14615,135.17867,283.87521,0.95456725,1.0348078,43.309383,1.4354908,33.483925,34.200695,0.00042263872,-16.987402,0,3.3221054,12.445289,4.350667,0.71677208,0.69280612,0.30719388,0.68802953,0.3119705,1.4548929,0.64510715,0.11830782,0.19796298,0.89318955,997.43817,188.84882,852.06732,953.96021,2.6027181,2.5280859,1.0125825,0.86955804,154.25,192.0753,3.8724806,0.17151418,2.8753324,1.9327443,0.88351011,0.50116134,0.25623116,0.11627058,0.059804253,0.03280367,457.875,258.375,198.25,176.875,157.875,109.5,57.0,19.625,6.1237245,6.9641943,6.4420495,0.5,0.86602539,1.2247449,-1.8686801,-1.8396412,-1.8196516,-8.2622967,-7.4670796,-7.3916774,1.1849048,182.125,200.0,130.875,58.5,25.75,12.0,5.5,3.25,0.14691047,0.072791517,1.1638016,1.0192239,0.72376311,0.74127907,0.91437125,1.7184439,2.2932787,2.0339806,0.4335784,1.364254,2.6948133,2.9847565,3.157279,3.5095632,3.7124252,3.6992044,1.2791042,307.83261,393.75,723.5,372.375,170.5,70.125,29.125,12.875,5.5,3.25,541.375,172.375,39.625,11.625,3.375,0.875,0.0,0.0,EXT514
C:/Users/MICROSOFT/Documents/nauval_mrnavac/cycpeptmp_standalone/runs/run_20260102_172000_moe/sdf/monomer.sdf,S(CC[C@](NC)C=O)C,9.7861319,1.2823788,34,S(CC[C@](NC)C=O)C,355.86932,245.79617,110.07315,247.04655,108.82277,516.17194,231.15361,135.72302,285.01834,0.95456725,1.0350186,43.324577,1.445531,33.486782,34.196186,0.00049764628,-17.005079,0,3.3313673,12.460484,4.3509955,0.709405,0.69069225,0.30930778,0.69420582,0.30579418,1.4504536,0.64954633,0.11831521,0.19797963,0.8931967,997.66687,188.90584,852.25983,954.16809,2.6030164,2.5282054,1.0126222,0.86962628,154.25,191.02609,3.8826551,0.17192002,2.8757138,1.9325528,0.88325167,0.5010013,0.25608268,0.11618518,0.059784506,0.032778356,458.25,258.5,198.625,177.25,158.125,109.75,57.125,19.625,6.1237245,6.9641943,6.4420495,0.5,0.86602539,1.2247449,-1.8685114,-1.8392471,-1.8191166,-8.2620716,-7.4679523,-7.3939586,1.1850305,182.625,200.125,131.125,58.5,26.0,12.0,5.5,3.25,0.14789176,0.072637521,1.1616088,1.0204281,0.72574079,0.74366349,0.91425323,1.7165438,2.2965982,2.0343454,0.43621486,1.3641003,2.6982923,2.9845371,3.1650307,3.5093172,3.7121623,3.6989307,1.2789686,307.86526,393.75,723.875,372.375,170.75,70.125,29.375,12.875,5.5,3.25,541.25,172.25,39.625,11.625,3.375,0.875,0.0,0.0,EXT515
C:/Users/MICROSOFT/Documents/nauval_mrnavac/cycpeptmp_standalone/runs/run_20260102_172000_moe/sdf/monomer.sdf,S(CC[C@](NC)C=O)C,9.7861319,1.2823788,143,S(CC[C@](NC)C=O)C,355.94305,246.15984,109.78322,243.80681,112.13624,516.93567,230.54475,136.37662,286.3909,0.95456725,1.0343252,43.328217,1.4476653,33.48222,34.189186,0.00088309526,-17.008013,0,3.3381693,12.464123,4.3523116,0.70696652,0.69157082,0.30842915,0.68496019,0.31503984,1.4522988,0.64770126,0.11829975,0.19800168,0.8931495,997.68237,188.93211,852.23822,954.19446,2.6030366,2.5281985,1.0126745,0.8695671,154.25,189.04663,3.8811984,0.17178574,2.8754215,1.9325017,0.88312268,0.50104475,0.25611797,0.11630598,0.059814643,0.03286203,458.125,258.5,198.5,177.25,158.25,110.0,57.125,19.625,6.1237245,6.9641943,6.4420495,0.5,0.86602539,1.2247449,-1.8683323,-1.8394049,-1.8190088,-8.2613935,-7.463665,-7.3964667,1.185298,182.5,200.125,131.0,58.625,25.875,12.0,5.5,3.25,0.14735517,0.072637521,1.1619433,1.0215268,0.72523123,0.74546188,0.91617537,1.7110777,2.2895477,2.0344515,0.43605721,1.3649546,2.6986666,2.9798996,3.1645875,3.5092304,3.7120728,3.6988375,1.2785445,307.8696,393.625,723.75,372.375,170.625,70.25,29.25,12.875,5.5,3.25,541.25,172.25,39.625,11.625,3.375,0.875,0.0,0.0,EXT516
C:/Users/MICROSOFT/Documents/nauval_mrnavac/cycpeptmp_standalone/runs/run_20260102_172000_moe/sdf/monomer.sdf,S(CC[C@](NC)C=O)C,9.7861319,1.2823788,9,S(CC[C@](NC)C=O)C,351.64911,242.97017,108.67893,242.33539,109.31371,510.23734,228.22577,134.29123,282.0116,0.95456725,1.0353973,43.329971,1.4480009,33.485699,34.199459,0.00039380151,-17.007334,0,3.3306296,12.465879,4.3514915,0.71375877,0.69094491,0.30905506,0.68913978,0.31086022,1.4509844,0.64901561,0.11832117,0.19799823,0.89315665,997.65771,188.92378,852.22247,954.16913,2.6030045,2.5282021,1.0126045,0.86964709,154.25,192.35052,3.867614,0.17143811,2.8757343,1.9325293,0.88328248,0.50103742,0.25615335,0.11622315,0.059788179,0.032790568,457.75,258.25,198.125,176.875,158.0,109.5,57.0,19.625,6.1237245,6.9641943,6.4420495,0.5,0.86602539,1.2247449,-1.8686197,-1.8394843,-1.8192347,-8.2622128,-7.4678001,-7.392076,1.1847923,182.25,199.875,130.875,58.5,25.75,12.0,5.5,3.25,0.14700316,0.072791517,1.162186,1.0168264,0.7183398,0.73671275,0.91253251,1.7128481,2.2931504,2.033989,0.43534297,1.3659031,2.6949897,2.9849315,3.157419,3.5096583,3.7125049,3.699286,1.2793611,307.86853,393.875,723.625,372.25,170.5,70.125,29.125,12.875,5.5,3.25,541.375,172.375,39.625,11.625,3.375,0.875,0.0,0.0,EXT517
C:/Users/MICROSOFT/Documents/nauval_mrnavac/cycpeptmp_standalone/runs/run_20260102_172000_moe/sdf/monomer.sdf,S(CC[C@](NC)C=O)C,9.7861319,1.2823788,23,S(CC[C@](NC)C=O)C,352.9238,245.47527,107.44853,241.92711,110.9967,515.49805,225.64192,138.02673,289.85614,0.95456725,1.0346848,43.327824,1.4490894,33.494923,34.206814,0.00047043883,-16.998552,0,3.3186638,12.463728,4.3527832,0.71189249,0.69554752,0.30445251,0.68549389,0.31450611,1.4606497,0.63935024,0.11830835,0.19793314,0.89320678,997.67896,188.86707,852.29462,954.19629,2.6030324,2.5282927,1.0125614,0.86963105,154.25,190.24489,3.8789449,0.17145924,2.8751979,1.9326274,0.88329828,0.5010792,0.25613087,0.11618578,0.059800368,0.032804687,457.875,258.25,198.125,177.0,157.875,109.5,57.0,19.5,6.1237245,6.9641943,6.4420495,0.5,0.86602539,1.2247449,-1.8685338,-1.8396333,-1.8192344,-8.2629566,-7.4677606,-7.3945165,1.1850008,182.375,200.0,130.75,58.5,26.0,12.0,5.5,3.25,0.14826499,0.072740115,1.1619467,1.0195442,0.72210586,0.738585,0.91429681,1.7129718,2.2932911,2.0234656,0.43540543,1.3643229,2.6940994,2.9847653,3.165246,3.5095098,3.7123513,3.6991241,1.2790006,307.85757,393.75,723.625,372.375,170.375,70.125,29.375,12.875,5.5,3.25,541.25,172.375,39.625,11.625,3.375,0.875,0.0,0.0,EXT518
C:/Users/MICROSOFT/Documents/nauval_mrnavac/cycpeptmp_standalone/runs/run_20260102_172000_moe/sdf/monomer.sdf,S(CC[C@](NC)C=O)C,9.8544865,1.3507335,165,S(CC[C@](NC)C=O)C,351.78159,246.23743,105.54417,244.37549,107.40611,517.09857,221.64276,140.69325,295.45581,0.94994837,0.93993568,37.988537,1.3324624,28.336864,28.824198,7.7296369e-05,-13.318836,0,3.283294,5.3770509,4.5485077,0.48733231,0.69997245,0.30002755,0.69467956,0.30532044,1.4699421,0.63005787,0.13310573,0.20049033,0.89142245,996.56543,191.02299,849.32874,952.77911,2.6015792,2.5236897,0.962892,0.92073429,155.0,191.05447,3.43309,0.15732461,2.878607,1.9518362,0.93851668,0.53760105,0.2692309,0.11377387,0.045716446,0.021823252,450.875,254.25,192.5,174.375,155.875,105.125,53.25,14.0,0.70710677,6.7268119,6.4226165,0.5,0.5,1.0,-1.9273731,-1.8882166,-1.8735085,-8.0719395,-7.6237154,-7.6007676,1.1914332,194.75,205.375,143.5,62.0,26.0,10.625,4.25,1.5,0.15194805,0.064516127,1.1453978,0.98591924,0.68135053,0.68129987,0.81081432,1.6026844,2.2879517,2.2185867,0.39279062,1.2398455,2.3409543,2.6018333,2.7541866,3.1494601,3.805383,3.7201884,1.2707479,308.8732,392.5,730.75,377.0,176.875,72.0,29.25,11.25,4.25,1.5,536.0,171.625,33.375,10.0,3.25,0.625,0.0,0.0,EXT519
C:/Users/MICROSOFT/Documents/nauval_mrnavac/cycpeptmp_standalone/runs/run_20260102_172000_moe/sdf/monomer.sdf,S(CC[C@](NC)C=O)C,9.8544865,1.3507335,39,S(CC[C@](NC)C=O)C,351.62454,245.42529,106.19924,244.01208,107.61245,515.39313,223.0184,139.22604,292.37469,0.94994837,0.94018453,37.983467,1.3198618,28.33972,28.827446,3.7245485e-05,-13.330706,0,3.2859566,5.3719792,4.5501652,0.4877252,0.69797546,0.30202454,0.69395638,0.30604365,1.4657484,0.63425153,0.13309473,0.2005074,0.8914271,996.53333,191.03113,849.297,952.73853,2.6015372,2.5236795,0.9627412,0.92069256,155.0,190.24759,3.404624,0.1586464,2.8783352,1.9545287,0.93587023,0.53765988,0.26943699,0.11636093,0.045720074,0.021916507,452.25,254.5,193.25,175.375,155.875,107.25,53.875,14.5,0.70710677,6.7268119,6.4226165,0.5,0.5,1.0,-1.8904608,-1.8607908,-1.8586264,-8.0674152,-7.8210773,-7.5205073,1.1900218,194.625,204.5,143.5,63.0,26.25,11.0,4.25,1.5,0.15200518,0.065573767,1.1448807,0.97808951,0.65052807,0.67584616,0.84999609,1.6279888,2.3805864,2.1986356,0.38055724,1.234189,2.3493693,2.5977304,2.7563417,3.108175,3.8374114,3.7031846,1.2722552,308.50729,392.5,730.625,376.75,176.75,73.125,29.375,11.5,4.25,1.5,536.0,172.25,33.25,10.125,3.125,0.5,0.0,0.0,EXT520
C:/Users/MICROSOFT/Documents/nauval_mrnavac/cycpeptmp_standalone/runs/run_20260102_172000_moe/sdf/monomer.sdf,S(CC[C@](NC)C=O)C,9.8544865,1.3507335,148,S(CC[C@](NC)C=O)C,356.09268,246.79584,109.29685,247.21098,108.88171,518.27124,229.52339,137.49898,288.74786,0.95071507,0.93995094,38.034405,1.3391799,28.340832,28.829941,7.8426543e-05,-13.319729,0,3.3164186,5.4229178,4.5487885,0.48910841,0.6930663,0.30693373,0.69423211,0.30576786,1.4554392,0.64456081,0.13310412,0.20051284,0.89136189,996.52197,191.0396,849.24945,952.75494,2.6015224,2.5235453,0.9629401,0.92067599,154.875,191.51573,3.3428583,0.15876323,2.8801,1.9510821,0.93774146,0.53663671,0.26741278,0.11249769,0.047158949,0.024270369,448.75,252.125,192.625,174.25,155.5,108.5,52.25,15.25,6.3639612,0.70710677,6.745369,0.5,0.5,0.70710677,-1.9758435,-1.8537091,-1.8506625,-7.431982,-7.3495984,-6.9492559,1.1896886,194.875,211.25,145.375,62.75,26.375,11.25,4.0,2.25,0.15249838,0.066714488,1.1425675,1.0242546,0.6687609,0.68905789,0.87260854,1.5353963,2.3227103,2.1987357,0.39728516,1.2404057,2.3370099,2.5885053,2.677196,3.1739883,3.7423689,3.7114968,1.2724763,308.35547,392.375,733.125,380.125,179.0,72.625,29.375,11.625,4.0,2.25,538.25,168.875,33.625,9.875,3.0,0.375,0.0,0.0,EXT521
C:/Users/MICROSOFT/Documents/nauval_mrnavac/cycpeptmp_standalone/runs/run_20260102_172000_moe/sdf/monomer.sdf,S(CC[C@](NC)C=O)C,9.9217024,1.4179498,186,S(CC[C@](NC)C=O)C,356.43893,244.963,111.47592,245.17763,111.2613,514.4223,234.09944,133.48708,280.32288,0.95456725,1.8520596,45.267052,1.4578327,35.222473,36.011444,0.00067416212,-19.132578,0,3.338501,14.017202,4.4586034,0.78896964,0.68725097,0.31274903,0.6878531,0.3121469,1.4432271,0.65677291,0.096146256,0.19695367,0.87171322,1026.1301,195.39163,864.79968,992.06897,2.6398871,2.4822545,1.1961114,0.76968408,154.25,191.39128,4.3503518,0.17257917,2.8742244,1.9163039,0.91405284,0.51316947,0.26462761,0.11653854,0.058127824,0.031942084,464.125,263.875,202.5,186.125,168.5,112.875,59.0,19.125,6.8007355,6.7268119,0.70710677,0.5,0.5,0.70710677,-2.0212941,-2.0059817,-1.9893532,-8.0656376,-8.0512419,-7.5424018,1.2007283,195.125,202.5,134.0,58.0,26.0,12.5,5.75,2.375,0.15000001,0.070517123,1.2435492,1.1404722,1.1369634,1.2436638,1.3491715,1.5282804,1.9901695,1.592761,0.51524282,1.6829019,2.8363433,3.1457508,3.2766504,3.6697133,3.9426973,3.8297594,1.2603751,311.01852,392.0,734.75,377.5,173.875,70.125,30.375,13.125,5.75,2.375,539.625,175.0,39.875,12.125,4.375,0.625,0.0,0.0,EXT522
C:/Users/MICROSOFT/Documents/nauval_mrnavac/cycpeptmp_standalone/runs/run_20260102_172000_moe/sdf/monomer.sdf,S(CC[C@](NC)C=O)C,9.9217024,1.4179498,99,S(CC[C@](NC)C=O)C,354.19293,243.78485,110.40807,244.59926,109.59367,511.94818,231.85696,133.37677,280.09122,0.95456725,1.8512447,45.266197,1.4374152,35.219654,36.010746,0.00047830958,-19.1129,0,3.3587296,14.016347,4.458828,0.79109442,0.68828267,0.31171733,0.69058204,0.30941799,1.4453936,0.6546064,0.096156143,0.19691882,0.87173271,1026.0142,195.33644,864.72772,991.96429,2.6397381,2.4823513,1.1960863,0.76975369,154.25,191.6373,4.429451,0.17352675,2.8772724,1.9169211,0.90839797,0.50956386,0.26333007,0.11327695,0.055676039,0.029557468,463.5,265.25,203.75,182.875,165.625,114.375,60.75,19.375,6.8007355,0.5,6.8190908,0.5,0.5,1.0,-2.0141199,-1.9945437,-1.9762776,-8.3548927,-8.3134975,-7.78795,1.1950954,199.5,203.625,134.75,56.875,26.75,11.5,5.25,2.75,0.15092024,0.068352699,1.2546215,1.1193578,1.1310166,1.2495781,1.3160356,1.4763969,1.9077859,1.7802624,0.51777089,1.6948811,2.8684561,3.1469784,3.3585641,3.7004094,4.0604692,3.9889505,1.2681973,310.48007,393.75,733.875,377.125,174.5,68.875,30.75,12.5,5.25,2.75,534.375,173.5,39.75,12.0,4.0,1.0,0.0,0.0,EXT523
C:/Users/MICROSOFT/Documents/nauval_mrnavac/cycpeptmp_standalone/runs/run_20260102_172000_moe/sdf/monomer.sdf,S(CC[C@](NC)C=O)C,9.9217024,1.4179498,82,S(CC[C@](NC)C=O)C,354.65533,244.67635,109.979,244.75694,109.8984,513.82031,230.95589,134.69736,282.86444,0.95456725,1.8511367,45.236614,1.438251,35.208549,35.998173,0.00069533044,-19.118673,0,3.34079,13.986762,4.4587035,0.78962415,0.68989897,0.31010106,0.69012618,0.30987382,1.4487878,0.65121222,0.096153364,0.19692974,0.87174177,1026.1597,195.37306,864.85089,992.09528,2.639925,2.4822545,1.1961786,0.76971251,154.25,190.07417,4.3440948,0.17281282,2.8742456,1.9162904,0.91404861,0.51314008,0.26460353,0.11653516,0.058134623,0.031950682,464.125,264.125,202.75,186.25,168.625,112.75,59.125,19.125,6.8007355,6.7268119,0.70710677,0.5,0.5,0.70710677,-2.0211287,-2.0061181,-1.9896171,-8.0641623,-8.050209,-7.5418983,1.2004392,195.25,202.875,134.0,58.0,25.875,12.625,5.75,2.375,0.14919852,0.071140938,1.2434992,1.1362972,1.1352427,1.2401781,1.3450382,1.5218453,1.9870644,1.5923092,0.51509351,1.6828408,2.8363986,3.1458023,3.2733347,3.6421156,3.9428895,3.8299735,1.2608126,311.00974,392.125,735.0,377.5,173.875,70.125,30.25,13.25,5.75,2.375,539.75,174.625,39.875,12.125,4.375,0.625,0.0,0.0,EXT524
C:/Users/MICROSOFT/Documents/nauval_mrnavac/cycpeptmp_standalone/runs/run_20260102_172000_moe/sdf/monomer.sdf,S(CC[C@](NC)C=O)C,9.9217024,1.4179498,2,S(CC[C@](NC)C=O)C,353.57565,242.96095,110.61469,243.59892,109.97672,510.21802,232.29083,132.34628,277.92719,0.95456725,1.8515265,45.240753,1.4436455,35.219292,36.006786,0.00058455049,-19.128414,0,3.3302498,13.990904,4.4594879,0.78749371,0.68715411,0.31284589,0.68895847,0.31104156,1.4430237,0.65697634,0.096170351,0.19696259,0.8717292,1026.1414,195.40027,864.81458,992.06793,2.6399016,2.4822421,1.1960983,0.76977664,154.25,190.63646,4.4333916,0.17341524,2.8777165,1.9171065,0.90854883,0.50947624,0.26332131,0.11326689,0.055679902,0.029584361,463.375,265.0,203.625,182.625,165.5,114.5,60.75,19.375,6.8007355,0.5,6.8190908,0.5,0.5,1.0,-2.013926,-1.995165,-1.9759312,-8.3576336,-8.3140287,-7.7939377,1.1949172,199.5,203.5,134.5,56.625,26.875,11.375,5.25,2.75,0.15162677,0.067761809,1.2560143,1.1190231,1.1275213,1.2485059,1.3126733,1.4818823,1.90826,1.7806722,0.5178526,1.6983697,2.87608,3.1488209,3.3655043,3.7002463,4.0599594,3.9884405,1.2685207,310.49948,393.875,733.875,377.125,174.375,68.75,30.875,12.375,5.25,2.75,534.375,173.625,39.875,12.125,4.0,1.0,0.0,0.0,EXT525
C:/Users/MICROSOFT/Documents/nauval_mrnavac/cycpeptmp_standalone/runs/run_20260102_172000_moe/sdf/monomer.sdf,S(CC[C@](NC)C=O)C,9.9217024,1.4179498,37,S(CC[C@](NC)C=O)C,356.32959,244.95741,111.37218,245.59964,110.72994,514.41058,233.88158,133.58524,280.52899,0.95456725,1.8520256,45.189968,1.4507883,35.217243,36.011852,0.00083627715,-19.127819,0,3.2670219,13.940117,4.4594707,0.79460764,0.68744618,0.31255382,0.68924856,0.31075147,1.443637,0.65636307,0.096157074,0.19699347,0.87171698,1025.8472,195.37311,864.54669,991.77454,2.6395233,2.4820976,1.1960682,0.76967871,154.25,191.09973,4.4254346,0.17342956,2.8777974,1.9172393,0.90863961,0.50947636,0.26332077,0.11327358,0.055688776,0.029596791,463.375,265.0,203.625,182.625,165.5,114.75,60.875,19.375,6.8007355,0.5,6.8190908,0.5,0.5,1.0,-2.0138142,-1.9948632,-1.9756562,-8.3575983,-8.3143663,-7.7934189,1.1948208,199.625,203.875,134.375,56.75,26.75,11.5,5.25,2.75,0.1510129,0.068446271,1.2551965,1.1187671,1.1267722,1.2459719,1.3130677,1.4840456,1.9081358,1.780322,0.51874685,1.6968424,2.8679206,3.1489983,3.3582537,3.7001355,4.060204,3.9886906,1.268623,310.47443,393.875,734.0,377.25,174.25,68.75,30.75,12.5,5.25,2.75,534.375,173.375,39.875,12.0,4.0,1.0,0.0,0.0,EXT526
C:/Users/MICROSOFT/Documents/nauval_mrnavac/cycpeptmp_standalone/runs/run_20260102_172000_moe/sdf/monomer.sdf,S(CC[C@](NC)C=O)C,9.9217024,1.4179498,167,S(CC[C@](NC)C=O)C,353.89877,242.96347,110.9353,243.31854,110.58022,510.22327,232.96414,132.02817,277.25916,0.95456725,1.8516849,45.198807,1.4297194,35.213562,36.004063,0.00051110331,-19.120628,0,3.3068557,13.948956,4.4576569,0.79050213,0.68653381,0.31346619,0.68753713,0.31246287,1.441721,0.658279,0.096171118,0.19695428,0.87171412,1026.021,195.37131,864.70795,991.96277,2.6397467,2.482213,1.1961305,0.76977068,154.25,190.27011,4.3465252,0.17257465,2.8742578,1.9162927,0.9140929,0.51317513,0.26463994,0.11649658,0.058120638,0.031938963,464.25,264.0,202.5,186.125,168.5,112.875,59.0,19.0,6.8007355,6.7268119,0.70710677,0.5,0.5,0.70710677,-2.0215003,-2.0060179,-1.9895599,-8.0657454,-8.0516939,-7.5430212,1.200959,195.125,202.625,134.0,58.0,25.875,12.5,5.75,2.375,0.14938271,0.070517123,1.2432636,1.1391634,1.1369873,1.2436916,1.3492165,1.528458,1.9903672,1.6102322,0.51518321,1.6822697,2.8362386,3.1500618,3.2731061,3.6696208,3.9426208,3.8296795,1.2599992,311.01212,391.875,734.75,377.625,173.875,70.125,30.25,13.125,5.75,2.375,539.625,175.0,39.875,12.125,4.375,0.625,0.0,0.0,EXT527
C:/Users/MICROSOFT/Documents/nauval_mrnavac/cycpeptmp_standalone/runs/run_20260102_172000_moe/sdf/monomer.sdf,S(CC[C@](NC)C=O)C,9.9833841,1.4796317,17,S(CC[C@](NC)C=O)C,353.33356,245.38435,107.9492,245.87047,107.46309,515.30713,226.69333,137.43513,288.6138,0.95923126,1.407972,38.979393,1.3416318,29.143576,29.70863,1.8483215e-06,-14.380689,0,3.3021986,5.158741,4.6269326,0.56505454,0.69448358,0.30551642,0.69585937,0.30414063,1.4584155,0.64158452,0.10774749,0.20029949,0.86998075,1025.1899,198.37413,861.61816,990.38763,2.6386776,2.4943783,1.1610382,0.8187775,153.5,190.8326,3.8406487,0.1625609,2.8797543,1.9388509,0.94486576,0.53844315,0.27029133,0.11200132,0.045720782,0.023241851,453.375,257.375,195.375,179.5,160.625,108.0,56.0,18.25,6.8007355,0.5,6.5192022,0.5,0.5,0.70710677,-1.9974928,-1.9751261,-1.9077253,-7.5775471,-7.3977752,-7.3327684,1.2016962,196.625,208.375,146.5,63.0,27.125,11.625,3.875,1.875,0.15355086,0.067548744,1.2187097,1.0608623,1.0411495,1.0947256,1.2155706,1.4749135,1.9696561,1.8055677,0.46108627,1.5173905,2.5457442,2.7595131,2.8744771,3.2882957,3.9463847,3.9558134,1.2586904,310.93826,391.375,736.25,383.0,178.375,72.75,30.0,12.125,3.875,1.875,539.625,174.625,31.875,9.75,2.875,0.5,0.0,0.0,EXT528
C:/Users/MICROSOFT/Documents/nauval_mrnavac/cycpeptmp_standalone/runs/run_20260102_172000_moe/sdf/monomer.sdf,S(CC[C@](NC)C=O)C,9.9833841,1.4796317,44,S(CC[C@](NC)C=O)C,355.52661,246.82964,108.69698,247.18022,108.3464,518.34222,228.26366,138.13266,290.07858,0.95845079,1.4081458,38.923592,1.3360182,29.143974,29.714842,5.824691e-06,-14.373223,0,3.2441475,5.1029391,4.6285791,0.57086653,0.69426489,0.30573514,0.69525099,0.30474904,1.4579562,0.64204377,0.10772376,0.20035197,0.86996764,1025.0334,198.39203,861.45721,990.21753,2.6384761,2.4942462,1.1611152,0.81864399,153.625,191.06081,3.8401453,0.16248365,2.8795958,1.9385695,0.94468611,0.53844136,0.27024445,0.11198152,0.045688454,0.023210891,453.25,257.125,195.25,179.0,160.375,107.875,55.625,18.25,6.8007355,0.5,6.5192022,0.5,0.5,0.70710677,-1.9972899,-1.9753208,-1.9067669,-7.5742707,-7.3936639,-7.3289709,1.2017065,197.25,208.375,146.375,63.25,27.125,11.625,3.875,1.875,0.15364917,0.06773743,1.2189851,1.0609344,1.0409715,1.0923941,1.2106375,1.4693356,1.9481537,1.8055434,0.45904866,1.5210106,2.5448632,2.7615075,2.8745291,3.2883508,3.9464498,3.9558811,1.2586794,310.94098,391.375,736.25,383.125,178.25,72.875,30.0,12.125,3.875,1.875,539.0,174.75,31.875,9.625,2.875,0.5,0.0,0.0,EXT529
C:/Users/MICROSOFT/Documents/nauval_mrnavac/cycpeptmp_standalone/runs/run_20260102_172000_moe/sdf/monomer.sdf,S(CC[C@](NC)C=O)C,9.9833841,1.4796317,20,S(CC[C@](NC)C=O)C,356.58432,246.49605,110.08827,248.34496,108.23936,517.64166,231.18538,136.40776,286.4563,0.95767152,1.4080516,38.965111,1.3302526,29.139601,29.70838,5.3814847e-06,-14.384485,0,3.3000703,5.1444564,4.6264019,0.56877875,0.69126999,0.30873001,0.69645506,0.30354491,1.451667,0.64833301,0.10774304,0.20033394,0.869991,1025.0741,198.38155,861.51233,990.25427,2.6385283,2.494226,1.1610298,0.81871063,153.75,191.14687,3.836462,0.16268528,2.8796294,1.9385692,0.9458186,0.53844285,0.27024516,0.11196464,0.045698509,0.023215244,453.125,257.25,195.5,179.25,160.5,107.75,55.625,18.25,6.8007355,0.5,6.5192022,0.5,0.5,0.70710677,-1.9974402,-1.9751431,-1.907169,-7.5763907,-7.3958955,-7.3317323,1.2017508,197.125,208.125,146.75,63.0,27.125,11.625,3.875,1.875,0.15345268,0.067642957,1.2189655,1.061094,1.0376382,1.0886672,1.2076323,1.4716913,1.9484248,1.8056742,0.46060127,1.5184902,2.542536,2.7591579,2.8741298,3.287993,3.9460835,3.9555106,1.2586331,310.95242,391.375,736.25,382.75,178.625,72.75,30.0,12.125,3.875,1.875,539.125,174.625,31.875,9.75,2.875,0.5,0.0,0.0,EXT530
C:/Users/MICROSOFT/Documents/nauval_mrnavac/cycpeptmp_standalone/runs/run_20260102_172000_moe/sdf/monomer.sdf,S(CC[C@](NC)C=O)C,9.9833841,1.4796317,137,S(CC[C@](NC)C=O)C,355.5322,246.09023,109.44198,247.88799,107.64423,516.78949,229.82816,136.64825,286.96133,0.95845079,1.4080759,38.94915,1.3289186,29.135853,29.702705,2.8154196e-05,-14.38296,0,3.2917249,5.1650381,4.6257725,0.56685323,0.6921742,0.30782577,0.69723076,0.30276927,1.4535658,0.64643413,0.10775308,0.20032287,0.86999524,1025.1178,198.3797,861.55615,990.2998,2.6385846,2.4943104,1.1609708,0.81877643,153.625,191.46523,3.8393159,0.16259831,2.8799016,1.9378452,0.94460893,0.53860033,0.27023935,0.11191133,0.045629814,0.023184814,453.375,257.375,195.375,179.125,160.5,107.75,55.75,18.25,6.8007355,0.5,6.5192022,0.5,0.5,0.70710677,-1.9972863,-1.9751418,-1.9075764,-7.5725269,-7.3960714,-7.3310409,1.2016506,197.25,208.375,146.75,63.5,27.125,11.625,3.875,1.875,0.15355086,0.067690164,1.2184266,1.0611787,1.0392905,1.0940849,1.2128502,1.4720069,1.955882,1.8055437,0.46045408,1.5195283,2.5454333,2.7651985,2.8745172,3.2883508,3.9464622,3.9558964,1.258738,310.92648,391.375,736.375,383.0,178.625,73.25,30.0,12.125,3.875,1.875,539.125,174.625,31.875,9.75,2.875,0.5,0.0,0.0,EXT531
C:/Users/MICROSOFT/Documents/nauval_mrnavac/cycpeptmp_standalone/runs/run_20260102_172000_moe/sdf/monomer.sdf,S(CC[C@](NC)C=O)C,9.9833841,1.4796317,25,S(CC[C@](NC)C=O)C,353.75888,245.45018,108.30871,246.4875,107.27139,515.44537,227.44829,137.14146,287.99707,0.95767152,1.4074913,38.931198,1.3250921,29.137796,29.704039,2.1684073e-08,-14.371838,0,3.2750762,5.1105433,4.6269889,0.56624323,0.69383466,0.30616534,0.69676697,0.30323306,1.4570528,0.6429472,0.10770045,0.20028082,0.86997163,1025.1512,198.3508,861.58813,990.36346,2.6386278,2.4943411,1.161057,0.81858659,153.75,191.23529,3.8417058,0.16280016,2.8796413,1.9391068,0.94484252,0.53850532,0.27024642,0.11198125,0.045697622,0.023216233,453.25,257.375,195.625,179.25,160.5,108.0,55.75,18.25,6.8007355,0.5,6.5192022,0.5,0.5,0.70710677,-1.9973134,-1.9750799,-1.907187,-7.5768504,-7.3978372,-7.3323717,1.201921,197.125,208.5,146.875,63.125,27.125,11.625,3.875,1.875,0.15335463,0.067642957,1.2177211,1.0650005,1.0416337,1.0949004,1.2134181,1.463621,1.9545835,1.8061193,0.45929998,1.5182419,2.5451219,2.7585509,2.8741672,3.2879164,3.9460239,3.9554625,1.2583209,310.93021,391.25,736.25,383.0,178.75,72.875,30.0,12.125,3.875,1.875,539.125,174.5,31.875,9.75,2.875,0.5,0.0,0.0,EXT532
C:/Users/MICROSOFT/Documents/nauval_mrnavac/cycpeptmp_standalone/runs/run_20260102_172000_moe/sdf/monomer.sdf,S(CC[C@](NC)C=O)C,9.9833841,1.4796317,21,S(CC[C@](NC)C=O)C,353.69165,245.51294,108.17871,247.02774,106.66392,515.57715,227.17529,137.33423,288.40186,0.95845079,1.4076989,38.910408,1.3239864,29.139759,29.707134,2.3378366e-06,-14.377321,0,3.2528024,5.0897536,4.626483,0.56737405,0.69414401,0.30585599,0.69842684,0.30157319,1.4577024,0.64229763,0.10772318,0.20030807,0.86997825,1025.2375,198.39127,861.65314,990.43066,2.6387389,2.4941938,1.1610535,0.81862456,153.625,192.00385,3.8369696,0.16282007,2.8797395,1.9385754,0.94471717,0.53841823,0.27019274,0.11193912,0.045688268,0.023215396,453.375,257.375,195.625,179.25,160.375,107.875,55.625,18.25,6.8007355,0.5,6.5192022,0.5,0.5,0.70710677,-1.9972844,-1.9750129,-1.9065374,-7.5779896,-7.3990889,-7.3325529,1.2020128,197.125,208.25,146.75,63.0,27.125,11.625,3.75,1.875,0.15335463,0.067642957,1.2165198,1.061965,1.0381761,1.0907936,1.211509,1.4701626,1.9488777,1.8061912,0.46149802,1.5190908,2.5469856,2.7586691,2.8736322,3.2874646,3.9683988,3.9549918,1.2582248,310.95395,391.25,736.375,382.875,178.625,72.75,30.0,12.125,3.75,1.875,539.25,174.625,31.875,9.75,2.875,0.5,0.0,0.0,EXT533
C:/Users/MICROSOFT/Documents/nauval_mrnavac/cycpeptmp_standalone/runs/run_20260102_172000_moe/sdf/monomer.sdf,S(CC[C@](NC)C=O)C,9.9833841,1.4796317,35,S(CC[C@](NC)C=O)C,356.46988,248.17213,108.29775,248.66563,107.80426,521.1615,227.42529,139.87437,293.73621,0.95845079,1.4073181,38.900146,1.3182999,29.144629,29.709732,9.4848592e-06,-14.365586,0,3.2437489,5.1160345,4.6283565,0.56510341,0.69619381,0.30380619,0.69757819,0.30242178,1.462007,0.63799298,0.10771306,0.20025674,0.87001032,1025.2507,198.3448,861.70398,990.45258,2.6387558,2.4943688,1.1610937,0.81864351,153.625,191.59729,3.8369696,0.16280517,2.8795762,1.9384571,0.94467288,0.53857911,0.27022398,0.11196011,0.045718994,0.0232464,453.25,257.25,195.625,179.625,160.875,108.0,56.0,18.25,6.8007355,0.5,6.5192022,0.5,0.5,0.70710677,-1.9974105,-1.9750192,-1.9069459,-7.5800915,-7.3974142,-7.3337307,1.2019838,196.75,208.25,146.625,63.125,27.125,11.625,3.75,1.875,0.15335463,0.067501739,1.2196958,1.0618589,1.0376546,1.0924282,1.2112565,1.4751025,1.9698194,1.8057456,0.45910692,1.5173634,2.5473218,2.7584267,2.8742557,3.2880692,3.9689925,3.9555821,1.2582551,310.94647,391.25,736.25,382.875,178.5,72.875,30.0,12.125,3.75,1.875,539.5,174.625,31.875,9.75,2.875,0.5,0.0,0.0,EXT534
C:/Users/MICROSOFT/Documents/nauval_mrnavac/cycpeptmp_standalone/runs/run_20260102_172000_moe/sdf/monomer.sdf,S(CC[C@](NC)C=O)C,10.043997,1.5402436,150,S(CC[C@](NC)C=O)C,351.1955,261.00037,90.195129,259.54147,91.65403,548.10077,189.40976,170.80524,358.69101,0.94689387,1.3955086,44.749088,1.4920523,34.453514,35.741867,5.4469101e-06,-15.630702,0,3.3777208,12.722301,4.1374421,1.2883536,0.74317688,0.25682312,0.73902279,0.26097724,1.5606714,0.53932858,0.11382323,0.25003663,0.86193216,885.4715,209.66248,722.75348,838.5271,2.4522879,2.3166463,1.3902328,0.78158319,155.5,189.69595,4.7206593,0.23281418,2.834558,1.8681482,0.84872305,0.45109782,0.20637079,0.090754203,0.04885748,0.024316741,480.625,263.25,201.375,183.25,161.625,110.625,56.25,13.125,0.5,0.5,0.70710677,0.70710677,0.5,0.5,-2.0083911,-1.9603896,-1.905445,-8.0739374,-7.9932675,-7.466598,1.1923912,178.0,164.125,113.375,49.875,20.875,8.75,4.875,1.75,0.12290503,0.051159617,1.1201639,1.0661167,1.1571835,1.2812554,1.344398,1.1734527,1.8133427,2.1768177,0.62910813,1.9496105,2.8962593,3.2454829,3.5799286,3.578269,3.6153162,3.4778886,1.2639043,306.29297,387.125,693.875,331.75,151.0,60.75,24.75,9.375,4.875,1.75,515.875,167.625,37.625,10.875,3.875,0.625,0.0,0.0,EXT535
C:/Users/MICROSOFT/Documents/nauval_mrnavac/cycpeptmp_standalone/runs/run_20260102_172000_moe/sdf/monomer.sdf,S(CC[C@](NC)C=O)C,10.084605,1.5808526,182,S(CC[C@](NC)C=O)C,358.3269,247.43974,110.88715,238.67952,119.64738,519.62347,232.86302,136.55258,286.76044,0.95302266,0.51670289,38.045383,1.8491788,28.267487,28.417837,1.4434809e-05,-12.766676,0,3.3439178,6.2885628,4.4344354,0.15035112,0.69054192,0.30945808,0.66609436,0.33390567,1.450138,0.64986199,0.10182124,0.24594714,0.82364023,1041.7946,247.61108,829.21259,1006.7655,2.6599605,2.5438471,1.1887561,0.81172734,154.5,190.55972,4.9491878,0.16069269,2.9155025,1.9678317,1.1137297,0.57027948,0.26792419,0.053671844,0.0,0.0,438.625,251.625,197.75,176.375,155.375,101.125,52.375,21.625,0.70710677,6.6708322,6.7082038,4.8218255,0.5,4.4158802,-2.0416777,-2.0337172,-1.9990678,-4.7777567,-4.7468848,-4.7104874,1.2084464,235.375,238.75,159.375,62.0,22.0,4.25,0.0,0.0,0.12958281,0.02551382,1.7385911,1.5547795,1.5213574,1.676856,1.8209964,2.1852944,2.1905637,1.3154805,0.74376726,2.0506146,3.0676587,3.3885148,3.4655516,3.3991456,0.0,0.0,1.254982,314.34714,394.5,772.625,418.25,201.375,74.875,25.625,4.5,0.0,0.0,537.25,179.5,42.0,12.875,3.625,0.25,0.0,0.0,EXT536
C:/Users/MICROSOFT/Documents/nauval_mrnavac/cycpeptmp_standalone/runs/run_20260102_172000_moe/sdf/monomer.sdf,S(CC[C@](NC)C=O)C,10.089342,1.5855894,166,S(CC[C@](NC)C=O)C,355.32138,253.85771,101.46365,251.64098,103.6804,533.1012,213.07367,152.39406,320.02753,0.95302266,0.90406358,40.3172,1.6885092,30.744944,31.877472,0.011539038,-15.019116,0,3.3263266,9.9914446,3.4133546,1.1325284,0.71444541,0.28555462,0.70820665,0.29179332,1.5003353,0.59966469,0.1374284,0.23216741,0.94247103,965.69812,206.19853,837.05182,888.14587,2.560972,2.5021625,1.1149224,0.92758501,154.5,192.09401,3.0013266,0.1883852,2.8392444,1.8728366,0.86534917,0.48158845,0.24435081,0.10512987,0.049442992,0.027680868,465.75,265.0,203.125,186.5,165.5,112.25,57.75,15.0,0.5,0.86602539,0.70710677,0.5,0.70710677,0.5,-2.0815063,-2.0441749,-2.0290096,-8.5789452,-7.9048705,-7.8373752,1.1982536,167.875,176.0,122.125,52.5,23.25,10.5,4.875,2.5,0.13476923,0.060991958,0.93246162,0.80497283,0.4969368,0.55735785,0.685655,1.3340834,2.2216353,2.4388144,0.3171072,1.0055972,2.0814357,2.3645077,2.5823109,2.8427014,3.2466552,3.1627104,1.2612305,309.51917,390.375,703.625,348.75,161.625,65.875,27.375,11.375,4.875,2.5,535.75,172.75,39.5,13.375,4.125,0.875,0.0,0.0,EXT537
C:/Users/MICROSOFT/Documents/nauval_mrnavac/cycpeptmp_standalone/runs/run_20260102_172000_moe/sdf/monomer.sdf,S(CC[C@](NC)C=O)C,10.089342,1.5855894,40,S(CC[C@](NC)C=O)C,358.23352,257.73654,100.49696,254.68704,103.54648,541.24677,211.04362,157.23958,330.20313,0.95302266,0.90429908,40.397961,1.707046,30.748245,31.883396,0.012427338,-15.027533,0,3.3800998,10.072206,3.4149928,1.135151,0.7194652,0.2805348,0.71095258,0.28904742,1.5108769,0.58912307,0.13744505,0.23221327,0.94244719,965.46362,206.1871,836.81891,887.92126,2.5606611,2.5019095,1.1150699,0.9275474,154.5,190.47646,2.9538195,0.18777847,2.8433018,1.8731462,0.86645967,0.48501921,0.24472359,0.10315865,0.047881819,0.026382169,464.75,261.5,201.625,183.375,164.625,109.75,55.5,15.5,0.86602539,0.5,1.2247449,0.5,0.70710677,1.118034,-2.0678921,-2.0603788,-2.0592976,-8.4745798,-8.1047468,-7.695385,1.1965482,167.0,176.375,118.625,52.375,23.5,10.25,4.625,2.5,0.13825171,0.060668029,0.91098398,0.80113322,0.47198626,0.54578739,0.65121645,1.3213081,2.1657898,2.3806777,0.33958918,0.99490613,2.0925252,2.3695631,2.5504639,2.8435311,3.2851763,3.2271209,1.2638364,309.4744,391.125,701.875,349.75,158.375,65.625,27.875,11.125,4.625,2.5,534.875,173.375,39.75,13.25,4.375,0.875,0.0,0.0,EXT538
C:/Users/MICROSOFT/Documents/nauval_mrnavac/cycpeptmp_standalone/runs/run_20260102_172000_moe/sdf/monomer.sdf,S(CC[C@](NC)C=O)C,10.089342,1.5855894,147,S(CC[C@](NC)C=O)C,360.54279,256.80576,103.73705,255.02257,105.52023,539.29205,217.84781,153.0687,321.44424,0.9537943,0.90423596,40.28315,1.7087623,30.738619,31.875977,0.011577039,-15.017217,0,3.2747552,9.9573946,3.4120798,1.1373587,0.71227533,0.28772464,0.70732951,0.29267046,1.4957782,0.60422176,0.13742781,0.23221005,0.94239527,965.48578,206.1942,836.81323,887.96411,2.5606904,2.5018537,1.1149956,0.9274686,154.375,190.41476,3.0023751,0.18850967,2.8391011,1.8728211,0.86529696,0.4816283,0.2443464,0.10512971,0.04944063,0.027680553,465.75,264.875,203.25,186.75,166.0,112.375,57.875,15.0,0.5,0.86602539,0.70710677,0.5,0.70710677,0.5,-2.0812771,-2.0440691,-2.0291007,-8.5787964,-7.9032979,-7.8377681,1.198221,168.25,176.125,121.875,52.5,23.25,10.5,4.875,2.5,0.13468635,0.060910307,0.93401891,0.80507416,0.49771786,0.55736631,0.68369263,1.3297154,2.225692,2.4386601,0.31793985,1.0060393,2.0805211,2.3652651,2.5830355,2.8433743,3.2473569,3.1634297,1.2612649,309.51071,390.375,703.625,348.625,161.375,65.875,27.375,11.375,4.875,2.5,535.375,172.5,39.5,13.375,4.125,0.875,0.0,0.0,EXT539
C:/Users/MICROSOFT/Documents/nauval_mrnavac/cycpeptmp_standalone/runs/run_20260102_172000_moe/sdf/monomer.sdf,S(CC[C@](NC)C=O)C,10.223837,1.7200843,89,S(CC[C@](NC)C=O)C,351.50131,243.75351,107.7478,230.59778,120.90352,511.88239,226.27036,136.00572,285.61203,0.95456725,0.4040783,37.58466,1.9454085,26.120468,27.059202,0.0067874785,-11.781044,0,3.3407331,6.2830377,5.2325282,0.93873495,0.69346404,0.30653596,0.65603679,0.34396324,1.4562745,0.64372551,0.14245823,0.2593973,0.87217855,993.95746,241.91481,813.39667,932.60339,2.5981729,2.2896574,1.3355616,0.86420006,154.25,190.50133,5.2046552,0.19267562,2.8672478,1.9606678,0.94595295,0.49115965,0.24674301,0.096574932,0.042474706,0.019275837,473.25,267.625,203.0,181.5,159.25,110.375,61.25,22.0,0.5,0.5,1.0,0.5,0.70710677,1.118034,-2.0400498,-2.0299587,-2.0112424,-7.5842185,-7.2295952,-6.9062519,1.2046459,201.375,197.625,136.5,58.625,24.125,9.5,4.125,1.75,0.13485222,0.055096418,1.4607502,1.2860093,1.3005279,1.4683028,1.6634991,1.911212,2.3382943,1.7961811,0.74466956,2.1794114,3.5554552,3.8909752,3.9546025,4.4796543,5.0662422,4.9712043,1.2558756,311.83423,391.625,733.625,375.125,169.25,67.375,27.375,10.0,4.125,1.75,532.25,177.5,32.75,8.75,3.25,0.5,0.0,0.0,EXT540
C:/Users/MICROSOFT/Documents/nauval_mrnavac/cycpeptmp_standalone/runs/run_20260102_172000_moe/sdf/monomer.sdf,O=C[C@@](NC)Cc1nc[nH]c1,44.295132,0.0,54,O=C[C@@](NC)Cc1nc[nH]c1,352.81088,286.11307,66.697815,226.27615,126.53473,668.36011,155.87279,219.41525,512.48737,0.98988688,0.72391146,47.941341,19.604958,19.761036,19.650013,0.0092882123,-22.119307,0,4.6591787,6.5435481,4.0179052,-0.11102169,0.81095308,0.18904692,0.64135253,0.35864747,1.8943864,0.44180268,0.17814285,0.25446832,0.89696205,968.54187,229.11569,807.5979,900.37018,2.5144968,2.2520196,1.2950401,0.95050925,154.75,189.88875,2.1975842,0.11935603,3.0015953,2.3382773,1.4628389,0.76839197,0.36115918,0.12465196,0.049495816,0.02293786,407.0,221.25,167.75,144.5,123.125,89.5,44.125,14.25,0.86602539,0.5,0.70710677,0.5,0.5,0.70710677,-2.03631,-2.0122254,-1.9899378,-8.0050249,-7.7383399,-7.6874862,1.1884904,208.375,238.75,180.75,76.125,31.0,11.5,4.25,1.75,0.22578241,0.08650519,0.73381174,0.6465084,0.68536228,0.78855377,0.83812219,0.83228993,1.5345867,2.2953722,0.24867141,0.56016088,0.70139515,1.0987436,1.548178,2.3277946,3.8973954,3.8488505,1.26367,303.18439,383.125,812.625,492.75,255.625,96.625,37.875,12.5,4.25,1.75,604.25,254.0,74.875,20.5,6.875,1.0,0.0,0.0,EXT541
C:/Users/MICROSOFT/Documents/nauval_mrnavac/cycpeptmp_standalone/runs/run_20260102_172000_moe/sdf/monomer.sdf,O=C[C@@](NC)Cc1nc[nH]c1,44.295132,6.9420736e-09,28,O=C[C@@](NC)Cc1nc[nH]c1,355.79428,289.66794,66.126335,229.13628,126.658,676.66431,154.53725,223.54161,522.12708,0.98988688,0.72286844,47.977505,19.598253,19.750759,19.63784,0.0097032897,-22.126175,0,4.7128367,6.579711,4.0188723,-0.11291841,0.81414443,0.18585554,0.6440134,0.35598662,1.9018414,0.43434441,0.17804469,0.2543484,0.89694488,968.69226,229.05788,807.75928,900.56732,2.5146921,2.2522099,1.2950206,0.95032763,154.75,189.63782,2.1892927,0.11919877,3.001704,2.3381455,1.4617244,0.76833731,0.36191621,0.12464242,0.049456481,0.022890478,406.75,220.875,167.875,144.5,123.375,89.625,44.125,14.25,0.86602539,0.5,0.70710677,0.5,0.5,0.70710677,-2.0360544,-2.011904,-1.9896429,-8.004015,-7.7351036,-7.6841516,1.188454,208.5,238.5,180.75,76.0,31.0,11.5,4.25,1.75,0.22561429,0.08650519,0.73109037,0.64786923,0.67669058,0.78906721,0.83899206,0.83115625,1.538052,2.2956264,0.24917078,0.56089967,0.70839638,1.0985973,1.5473413,2.3275902,3.8971648,3.8486125,1.2637087,303.17508,383.125,812.625,492.25,255.625,96.625,37.875,12.5,4.25,1.75,604.125,253.75,74.875,20.625,6.875,1.0,0.0,0.0,EXT542
C:/Users/MICROSOFT/Documents/nauval_mrnavac/cycpeptmp_standalone/runs/run_20260102_172000_moe/sdf/monomer.sdf,O=C[C@@](NC)Cc1nc[nH]c1,44.295132,7.0783841e-09,89,O=C[C@@](NC)Cc1nc[nH]c1,356.68445,290.2117,66.472755,228.73373,127.95071,677.93451,155.34683,223.73894,522.58771,0.98988688,0.72222984,47.955879,19.59198,19.747259,19.636572,0.0095301801,-22.110716,0,4.6990552,6.5580845,4.018744,-0.11068832,0.81363708,0.18636292,0.64127755,0.35872245,1.9006562,0.43553016,0.17806491,0.25436887,0.89693981,968.51514,229.03279,807.60126,900.39624,2.514462,2.2521002,1.2950172,0.95033538,154.75,189.37872,2.1890228,0.11751333,3.0122325,2.3376739,1.464865,0.76961201,0.36741799,0.1233658,0.047351893,0.024643891,402.375,219.125,166.875,142.875,122.25,89.25,41.125,14.25,0.86602539,0.5,0.70710677,0.86602539,0.5,1.2247449,-2.0367362,-2.0131733,-1.9932829,-7.4797935,-7.1370268,-7.1013627,1.1924117,208.5,235.75,181.5,78.0,31.0,11.5,4.0,2.0,0.22322097,0.087489061,0.71124035,0.59809369,0.66832536,0.75937378,0.82092005,0.84492016,1.5780463,2.5471184,0.25300074,0.56952721,0.71602899,1.0348791,1.5540514,2.2792084,3.8371069,3.9337041,1.2555295,302.26291,379.5,813.125,492.5,253.0,98.125,37.25,12.5,4.0,2.0,604.625,256.75,71.5,20.125,6.25,1.0,0.0,0.0,EXT543
C:/Users/MICROSOFT/Documents/nauval_mrnavac/cycpeptmp_standalone/runs/run_20260102_172000_moe/sdf/monomer.sdf,O=C[C@@](NC)Cc1nc[nH]c1,44.295132,7.2123854e-09,134,O=C[C@@](NC)Cc1nc[nH]c1,355.96097,289.24988,66.711113,228.15028,127.81069,675.68768,155.90387,222.53876,519.78381,0.98988688,0.72274756,47.916374,19.608116,19.75412,19.645374,0.009539458,-22.108057,0,4.6345668,6.5185804,4.0187802,-0.10874604,0.81258869,0.18741129,0.64094186,0.35905814,1.8982072,0.4379802,0.17804413,0.25433391,0.89694345,968.47021,228.994,807.5788,900.36761,2.5144038,2.2521319,1.295012,0.9502933,154.75,189.24431,1.9439445,0.11704434,3.0066335,2.3363695,1.4682062,0.76987952,0.37108889,0.11701892,0.049305614,0.023119042,404.625,226.0,168.0,144.75,123.625,89.875,42.125,14.25,0.86602539,0.5,0.70710677,0.70710677,0.5,0.5,-2.0239141,-2.0071254,-2.0032198,-8.0757236,-7.768918,-7.6423273,1.191246,211.25,235.125,184.25,76.5,31.125,10.25,4.875,1.75,0.22470239,0.07772021,0.7135579,0.64416409,0.62786269,0.7969895,0.84336573,0.88515013,1.4760636,2.5800042,0.23989274,0.54986256,0.72007626,1.0788141,1.3441079,2.4441626,3.9435086,3.9142685,1.257861,302.49765,380.5,812.375,491.875,257.375,97.125,37.75,11.25,4.875,1.75,601.125,256.75,73.125,20.625,6.625,1.0,0.0,0.0,EXT544
C:/Users/MICROSOFT/Documents/nauval_mrnavac/cycpeptmp_standalone/runs/run_20260102_172000_moe/sdf/monomer.sdf,O=C[C@@](NC)Cc1nc[nH]c1,44.295132,1.134994e-08,160,O=C[C@@](NC)Cc1nc[nH]c1,355.04849,289.62952,65.418976,229.60802,125.44047,676.57452,152.88414,224.21054,523.69043,0.98988688,0.72320199,47.968731,19.598236,19.76837,19.656582,0.0095509104,-22.111044,0,4.6854563,6.5709367,4.0189052,-0.11178788,0.81574637,0.18425363,0.64669484,0.35330519,1.9055835,0.43060073,0.17813253,0.25436124,0.89695531,968.6543,229.05797,807.72827,900.52228,2.5146427,2.252126,1.2950087,0.95052671,154.75,189.56831,2.2046092,0.11931853,3.0018196,2.3381937,1.4646889,0.76847857,0.36129823,0.12470043,0.049495261,0.022922926,406.875,221.0,167.75,144.375,123.375,89.5,44.25,14.25,0.86602539,0.5,0.70710677,0.5,0.5,0.70710677,-2.0361128,-2.0120502,-1.9903162,-8.0043774,-7.7373128,-7.68607,1.1884063,208.0,238.0,181.125,76.25,30.875,11.5,4.25,1.75,0.22503726,0.08658009,0.72888309,0.65137374,0.67502171,0.78741211,0.8394987,0.83262712,1.5194023,2.2958875,0.24962531,0.56210864,0.70187163,1.093038,1.5642952,2.3274682,3.8970702,3.8485045,1.2637594,303.16293,383.125,812.5,492.125,256.0,96.75,37.75,12.5,4.25,1.75,604.5,254.125,74.875,20.5,6.875,1.0,0.0,0.0,EXT545
C:/Users/MICROSOFT/Documents/nauval_mrnavac/cycpeptmp_standalone/runs/run_20260102_172000_moe/sdf/monomer.sdf,O=C[C@@](NC)Cc1nc[nH]c1,44.295132,1.4688446e-08,48,O=C[C@@](NC)Cc1nc[nH]c1,352.74066,285.42365,67.317009,225.43045,127.31021,666.74969,157.31984,218.10664,509.42981,0.98988688,0.72363931,47.87162,19.589851,19.761957,19.652113,0.0096081505,-22.104492,0,4.5991983,6.473824,4.0208488,-0.10984506,0.80916005,0.19083995,0.63908267,0.3609173,1.8901979,0.44599295,0.17810673,0.25440264,0.89694214,968.5517,229.06799,807.62024,900.4151,2.5145094,2.2520843,1.2950126,0.95044017,154.75,189.08324,2.2037654,0.11937201,3.0016692,2.3378851,1.4631127,0.7682476,0.36112112,0.12462007,0.049492281,0.022930019,407.0,221.0,167.75,144.375,123.5,89.625,44.25,14.25,0.86602539,0.5,0.70710677,0.5,0.5,0.70710677,-2.03618,-2.0119624,-1.9906832,-8.0043259,-7.7403264,-7.6887994,1.1884565,208.0,237.5,180.625,76.5,30.875,11.5,4.25,1.75,0.22503726,0.08658009,0.7331028,0.65355998,0.67411107,0.78663445,0.83959138,0.83114767,1.5195283,2.2960286,0.24887404,0.55917066,0.70259517,1.090001,1.5643806,2.3275731,3.8971791,3.8486042,1.2637061,303.17572,383.125,812.5,491.75,255.75,97.0,37.75,12.5,4.25,1.75,604.5,254.25,75.125,20.5,6.875,1.0,0.0,0.0,EXT546
C:/Users/MICROSOFT/Documents/nauval_mrnavac/cycpeptmp_standalone/runs/run_20260102_172000_moe/sdf/monomer.sdf,O=C[C@@](NC)Cc1nc[nH]c1,44.295132,1.7308913e-08,0,O=C[C@@](NC)Cc1nc[nH]c1,355.84082,288.77328,67.067535,230.30031,125.5405,674.57434,156.73682,221.70573,517.83752,0.98988688,0.72392052,47.947598,19.597225,19.753145,19.636595,0.009774806,-22.115553,0,4.6834693,6.5498023,4.0205312,-0.11655026,0.8115238,0.18847622,0.64720035,0.35279962,1.8957195,0.44046894,0.17807077,0.25440845,0.89691538,968.62671,229.09319,807.66663,900.49365,2.514607,2.2521393,1.2951455,0.95036751,154.75,189.83342,2.1834276,0.11748449,3.0120695,2.3376157,1.4649036,0.76967096,0.36747709,0.12340659,0.047375463,0.024653338,402.5,219.25,166.875,142.875,122.25,89.25,41.125,14.25,0.86602539,0.5,0.70710677,0.86602539,0.5,1.2247449,-2.0366881,-2.0133922,-1.9933432,-7.4810839,-7.1326113,-7.103579,1.1925125,208.625,236.0,181.625,78.25,30.875,11.75,4.0,1.875,0.22247191,0.088363953,0.70978487,0.59537864,0.66672158,0.75938779,0.82092577,0.8450228,1.5781922,2.5472708,0.25342506,0.56934458,0.71593952,1.0361938,1.5491428,2.3047559,3.8370111,3.9356909,1.2554233,302.28848,379.5,813.25,492.625,253.0,98.375,37.125,12.625,4.0,1.875,604.625,256.625,71.375,20.125,6.25,0.875,0.0,0.0,EXT547
C:/Users/MICROSOFT/Documents/nauval_mrnavac/cycpeptmp_standalone/runs/run_20260102_172000_moe/sdf/monomer.sdf,O=C[C@@](NC)Cc1nc[nH]c1,44.295132,2.7831589e-08,42,O=C[C@@](NC)Cc1nc[nH]c1,354.44669,288.24533,66.201363,228.49455,125.95215,673.34113,154.71257,222.04398,518.62854,0.98988688,0.72350931,48.012249,19.612467,19.763422,19.653337,0.0097284876,-22.119436,0,4.7175736,6.6144533,4.0191422,-0.11008363,0.81322616,0.18677381,0.64465135,0.35534865,1.8996964,0.43649039,0.17805126,0.25441915,0.89692676,968.47974,229.0657,807.54596,900.34772,2.514416,2.2521548,1.2951028,0.95032203,154.75,190.3436,2.1883588,0.11929347,3.0015519,2.3383565,1.4616747,0.7682758,0.36189374,0.12628818,0.049451653,0.02289761,406.875,220.875,168.0,144.5,122.875,89.5,44.0,14.25,0.86602539,0.5,0.70710677,0.5,0.5,0.70710677,-2.0360162,-2.0118837,-1.9884577,-8.0023842,-7.7338376,-7.681447,1.1882101,208.125,238.25,180.875,76.0,31.0,11.625,4.25,1.75,0.22544643,0.087370239,0.72645509,0.64339143,0.67537594,0.79032964,0.8427372,0.83283091,1.5532008,2.2949078,0.247629,0.56149215,0.70209271,1.0983837,1.5471257,2.284677,3.8968377,3.8483291,1.2641056,303.17877,383.25,812.375,492.25,255.5,96.625,37.875,12.625,4.25,1.75,604.25,254.0,74.625,20.625,6.875,1.0,0.0,0.0,EXT548
C:/Users/MICROSOFT/Documents/nauval_mrnavac/cycpeptmp_standalone/runs/run_20260102_172000_moe/sdf/monomer.sdf,O=C[C@@](NC)Cc1nc[nH]c1,44.295132,3.2050245e-08,175,O=C[C@@](NC)Cc1nc[nH]c1,352.19904,286.13376,66.065262,226.25052,125.94852,668.40851,154.39452,220.06851,514.01398,0.98988688,0.72345006,47.939983,19.610943,19.756273,19.642265,0.0094358688,-22.116375,0,4.6589537,6.5421882,4.018384,-0.11400775,0.81242067,0.18757935,0.64239395,0.35760608,1.8978146,0.43837291,0.1780673,0.25439841,0.89691824,968.6333,229.08646,807.67737,900.50275,2.5146155,2.2520342,1.2951458,0.95031387,154.75,189.13423,2.1878023,0.11748292,3.0120823,2.3376422,1.4649605,0.76980722,0.36749703,0.12341115,0.04738491,0.024670579,402.25,219.375,166.875,142.875,122.125,89.25,41.0,14.25,0.86602539,0.5,0.70710677,0.86602539,0.5,1.2247449,-2.0367982,-2.0133908,-1.9932957,-7.4805193,-7.1431813,-7.0998125,1.1927258,208.5,235.875,181.625,78.375,31.0,11.5,4.0,2.0,0.22322097,0.087489061,0.70999521,0.59655428,0.66527605,0.7555033,0.81711739,0.84458411,1.587293,2.5472617,0.25253153,0.56964761,0.7130155,1.0331947,1.5543779,2.2795632,3.8374531,3.9340365,1.255061,302.27615,379.375,813.375,493.0,253.125,98.5,37.25,12.5,4.0,2.0,604.875,257.125,71.5,20.125,6.25,1.0,0.0,0.0,EXT549
C:/Users/MICROSOFT/Documents/nauval_mrnavac/cycpeptmp_standalone/runs/run_20260102_172000_moe/sdf/monomer.sdf,O=C[C@@](NC)Cc1nc[nH]c1,44.295132,3.670479e-08,75,O=C[C@@](NC)Cc1nc[nH]c1,355.62509,290.29822,65.326889,230.14511,125.48,678.13666,152.66895,224.97133,525.46771,0.98988688,0.72318876,47.959476,19.596832,19.759029,19.651455,0.0097073968,-22.114594,0,4.6814237,6.5616789,4.0200562,-0.1075758,0.81630403,0.18369594,0.64715654,0.35284346,1.9068862,0.42929742,0.17810379,0.25438055,0.89699012,968.50366,229.03397,807.61371,900.35962,2.5144472,2.2521091,1.2949537,0.95044279,154.75,190.43375,2.2049472,0.11946052,3.0016029,2.3382914,1.4615351,0.76824862,0.36112425,0.12467868,0.049463879,0.022888448,407.125,221.125,167.875,144.5,123.25,89.625,44.0,14.25,0.86602539,0.5,0.70710677,0.5,0.5,0.70710677,-2.0360513,-2.011905,-1.9896866,-8.0035791,-7.7348623,-7.6859961,1.1884506,208.0,238.5,180.5,76.25,30.875,11.5,4.25,1.75,0.2248697,0.08650519,0.7311061,0.64824021,0.67606628,0.78791195,0.8408761,0.83073705,1.5533911,2.2951856,0.24855967,0.56244022,0.70347297,1.0935067,1.5647906,2.3279638,3.8975735,3.8490348,1.2637124,303.17422,383.125,812.25,492.375,255.375,96.75,37.75,12.5,4.25,1.75,604.25,253.875,74.875,20.5,6.875,1.0,0.0,0.0,EXT550
C:/Users/MICROSOFT/Documents/nauval_mrnavac/cycpeptmp_standalone/runs/run_20260102_172000_moe/sdf/monomer.sdf,O=C[C@@](NC)Cc1nc[nH]c1,44.295132,3.6975095e-08,173,O=C[C@@](NC)Cc1nc[nH]c1,359.14893,291.5061,67.642822,230.41386,128.73506,680.95825,158.08128,223.86328,522.87695,0.98988688,0.72329646,47.944923,19.59605,19.755333,19.645485,0.0094877025,-22.119371,0,4.6752615,6.5471272,4.0186386,-0.109847,0.81165802,0.18834199,0.64155525,0.35844478,1.896033,0.44015524,0.1780685,0.25441125,0.89690405,968.58179,229.086,807.62213,900.45544,2.5145485,2.2521179,1.2950692,0.95035237,154.75,189.64999,2.184587,0.11759458,3.0119779,2.33781,1.4649397,0.76963043,0.36743012,0.12338449,0.047352936,0.024632679,402.375,219.375,167.0,142.75,122.125,89.125,41.0,14.0,0.86602539,0.5,0.70710677,0.86602539,0.5,1.2247449,-2.0367105,-2.0134699,-1.9932494,-7.4783592,-7.139276,-7.0983419,1.1927029,208.5,236.375,181.625,78.375,31.0,11.625,4.0,2.0,0.22305389,0.088441335,0.70866114,0.59429866,0.66337705,0.7646752,0.82820249,0.84676647,1.5530728,2.5123301,0.25325325,0.56945789,0.71716863,1.033005,1.5541866,2.3050146,3.8372726,3.9338598,1.2550851,302.27032,379.375,813.125,493.125,253.125,98.5,37.25,12.625,4.0,2.0,604.625,256.75,71.5,20.125,6.25,1.0,0.0,0.0,EXT551
C:/Users/MICROSOFT/Documents/nauval_mrnavac/cycpeptmp_standalone/runs/run_20260102_172000_moe/sdf/monomer.sdf,O=C[C@@](NC)Cc1nc[nH]c1,44.295132,4.0890946e-08,14,O=C[C@@](NC)Cc1nc[nH]c1,354.77316,287.76382,67.009315,228.4969,126.27625,672.21631,156.60077,220.75452,515.61554,0.98988688,0.72271824,47.883053,19.600309,19.756666,19.646267,0.0090821777,-22.116642,0,4.6136093,6.4852557,4.013783,-0.11039786,0.81112069,0.18887933,0.64406478,0.35593522,1.8947779,0.44141099,0.17805251,0.25437087,0.89695787,968.62921,229.05942,807.70508,900.4939,2.5146101,2.2521069,1.294993,0.95030504,154.75,188.86139,2.186667,0.11941981,3.0017071,2.3381793,1.4644275,0.76826972,0.36124814,0.1246589,0.049464267,0.022928368,406.875,221.0,167.875,144.625,123.25,89.625,44.125,14.25,0.86602539,0.5,0.70710677,0.5,0.5,0.70710677,-2.0362725,-2.0121803,-1.9906678,-8.0044994,-7.7375469,-7.6859341,1.188448,208.0,238.125,181.0,76.125,31.0,11.5,4.25,1.75,0.22561429,0.086430423,0.72921473,0.64655012,0.67397881,0.78956866,0.83960396,0.83180201,1.5385193,2.2960622,0.24950986,0.56330311,0.70694232,1.0956191,1.5463095,2.3269639,3.8965249,3.8479617,1.2637151,303.17352,383.125,812.625,491.875,255.875,96.75,37.875,12.5,4.25,1.75,604.625,253.75,74.875,20.625,6.875,1.0,0.0,0.0,EXT552
C:/Users/MICROSOFT/Documents/nauval_mrnavac/cycpeptmp_standalone/runs/run_20260102_172000_moe/sdf/monomer.sdf,O=C[C@@](NC)Cc1nc[nH]c1,44.31506,0.019927572,22,O=C[C@@](NC)Cc1nc[nH]c1,356.15652,287.70218,68.454369,224.67796,131.47858,672.07227,159.97786,219.2478,512.09442,0.98908794,1.6380945,54.089767,19.560663,25.825655,25.756607,0.0092762765,-26.446552,0,4.7450585,12.691971,4.0181613,-0.069048099,0.80779696,0.19220304,0.63084048,0.36915952,1.8870137,0.44917852,0.16993104,0.25389346,0.90019095,968.81219,228.38017,809.73236,899.51178,2.5148475,2.2629979,1.313439,0.9328686,154.875,188.92442,3.5778241,0.11447488,2.9903917,2.3209507,1.2862277,0.70402789,0.38837573,0.18518297,0.091127113,0.041961446,427.125,239.75,176.875,152.75,132.75,99.25,56.625,23.25,6.8007355,6.6895442,0.70710677,0.70710677,0.5,0.5,-2.1127841,-2.0142412,-2.004616,-7.8897605,-7.7608929,-7.719275,1.1859449,199.25,212.25,160.5,78.75,39.375,19.625,8.25,3.5,0.25724381,0.13502455,1.1335561,1.1369621,0.97027546,1.031116,1.0937638,1.3518177,2.2568247,2.3998725,0.28335762,0.83141655,1.5814294,2.2357314,2.6483614,3.2530155,3.5633695,3.6316662,1.2676207,303.12695,384.25,801.5,469.875,231.5,99.125,45.5,20.625,8.25,3.5,602.25,257.625,71.0,20.375,6.125,1.0,0.0,0.0,EXT553
C:/Users/MICROSOFT/Documents/nauval_mrnavac/cycpeptmp_standalone/runs/run_20260102_172000_moe/sdf/monomer.sdf,O=C[C@@](NC)Cc1nc[nH]c1,44.31506,0.019927576,36,O=C[C@@](NC)Cc1nc[nH]c1,355.15704,289.85406,65.302986,227.23813,127.91891,677.09906,152.61308,224.55107,524.48602,0.98908794,1.6384149,54.023602,19.574419,25.816139,25.746315,0.0093488917,-26.46673,0,4.6766677,12.625805,4.016849,-0.069823332,0.81612927,0.18387073,0.63982439,0.36017564,1.9064779,0.42970592,0.16995987,0.2539041,0.9002372,968.90607,228.40585,809.83105,899.5752,2.5149696,2.2629094,1.3133891,0.93291134,154.875,189.34741,3.5778241,0.11447752,2.9905012,2.3206518,1.2863703,0.704041,0.38833439,0.18513106,0.09106721,0.041923132,427.0,239.75,176.875,152.875,132.875,99.5,56.875,23.375,6.8007355,6.6895442,0.70710677,0.70710677,0.5,0.5,-2.1133864,-2.0136294,-2.0048296,-7.8908453,-7.7615991,-7.720233,1.1863011,199.625,212.25,160.375,78.75,39.375,19.625,8.25,3.5,0.25724381,0.13491414,1.1340667,1.1372281,0.97071129,1.0325723,1.0951447,1.3530518,2.2593939,2.3950222,0.28455064,0.8330726,1.5807046,2.2354112,2.6480408,3.2526925,3.5630379,3.6313424,1.2671026,303.15225,384.125,801.5,469.875,231.5,99.125,45.5,20.625,8.25,3.5,601.875,257.625,71.125,20.375,6.125,1.0,0.0,0.0,EXT554
C:/Users/MICROSOFT/Documents/nauval_mrnavac/cycpeptmp_standalone/runs/run_20260102_172000_moe/sdf/monomer.sdf,O=C[C@@](NC)Cc1nc[nH]c1,44.31506,0.01992758,117,O=C[C@@](NC)Cc1nc[nH]c1,352.41425,286.44571,65.968544,225.15709,127.25716,669.13721,154.16849,220.47717,514.96869,0.98908794,1.63785,54.012676,19.57205,25.822363,25.756035,0.009560558,-26.45295,0,4.6558375,12.61488,4.0191922,-0.066327117,0.81280965,0.18719032,0.63889891,0.36110106,1.8987234,0.43746379,0.16992524,0.25385681,0.90023357,968.87372,228.36107,809.81989,899.56641,2.5149274,2.2630045,1.3133792,0.93285543,154.875,189.55368,3.5706577,0.12090058,2.9953589,2.3140099,1.2882291,0.70004636,0.38663369,0.18343697,0.092297882,0.040531293,428.75,242.5,181.5,155.625,132.625,103.0,55.0,22.875,0.5,7.0356236,6.8007355,0.5,0.5,0.70710677,-2.1832485,-2.0634232,-2.0238097,-8.000844,-7.577559,-7.5546374,1.1886821,205.25,215.5,159.875,78.25,39.0,19.125,8.75,3.625,0.25344354,0.12931727,1.1717458,1.1225679,1.0056736,1.0055796,1.1125352,1.3521931,2.2758152,2.4350986,0.29786846,0.83214229,1.6032698,2.1003213,2.5963955,3.2930417,3.5746017,3.6960297,1.261953,302.50729,381.75,804.75,471.375,231.5,99.375,46.0,20.125,8.75,3.625,599.5,255.875,71.625,21.125,7.0,1.0,0.0,0.0,EXT555
C:/Users/MICROSOFT/Documents/nauval_mrnavac/cycpeptmp_standalone/runs/run_20260102_172000_moe/sdf/monomer.sdf,O=C[C@@](NC)Cc1nc[nH]c1,44.31506,0.019927582,17,O=C[C@@](NC)Cc1nc[nH]c1,356.89191,289.03281,67.8591,227.19513,129.69676,675.1806,158.58672,221.17369,516.59387,0.98908794,1.6388564,54.087059,19.572773,25.819263,25.747875,0.0099612232,-26.460133,0,4.7336335,12.689264,4.0228171,-0.071389452,0.80986094,0.19013909,0.6365937,0.3634063,1.8918351,0.44435504,0.16997299,0.25391978,0.9002226,968.82373,228.40042,809.74872,899.49835,2.5148625,2.2629554,1.3133959,0.93296623,154.875,190.56561,3.6159203,0.1198615,2.992928,2.3156857,1.2883031,0.69979066,0.38372588,0.18476127,0.094212793,0.041860603,427.375,241.0,180.25,156.5,136.0,102.625,55.875,23.375,0.5,6.8007355,7.0356236,0.5,0.5,0.70710677,-2.1746297,-2.1277852,-2.0522795,-8.1283407,-8.0071535,-7.8148341,1.1909029,201.75,216.75,161.375,80.75,38.5,18.875,8.375,3.375,0.24965326,0.1269968,1.1530485,1.1439241,1.0075923,1.0348934,1.1405207,1.3257891,2.2564437,2.3828859,0.27581945,0.85083252,1.5994748,2.1573031,2.648751,3.2243204,3.5641789,3.5977938,1.2590494,302.8078,381.25,805.75,474.0,234.375,101.625,45.0,19.875,8.375,3.375,604.0,257.25,73.0,20.875,6.5,1.0,0.0,0.0,EXT556
C:/Users/MICROSOFT/Documents/nauval_mrnavac/cycpeptmp_standalone/runs/run_20260102_172000_moe/sdf/monomer.sdf,O=C[C@@](NC)Cc1nc[nH]c1,44.31506,0.019927585,182,O=C[C@@](NC)Cc1nc[nH]c1,358.12939,292.22632,65.903084,229.88831,128.24109,682.64069,154.01552,226.32323,528.62512,0.98908794,1.63773,54.064274,19.569448,25.826782,25.757372,0.0099091353,-26.45118,0,4.7055788,12.666477,4.0219646,-0.06940975,0.81597966,0.18402033,0.64191407,0.3580859,1.9061285,0.4300555,0.16992815,0.2538484,0.90022677,968.92419,228.36702,809.86169,899.61963,2.514993,2.263057,1.3134103,0.93288511,154.875,192.21906,3.617013,0.12011061,2.99335,2.3155539,1.2889634,0.69971454,0.3837193,0.18473363,0.094025075,0.041806448,427.625,241.125,180.625,156.625,135.875,102.5,55.875,23.25,0.5,6.8007355,7.0356236,0.5,0.5,0.70710677,-2.1749563,-2.1274788,-2.0524774,-8.1248169,-8.0009813,-7.8099833,1.190926,202.0,216.25,161.125,80.25,38.625,19.0,8.25,3.375,0.24913494,0.12689546,1.1522435,1.1444728,1.0081059,1.0366988,1.1375504,1.3273505,2.2535274,2.3885493,0.27611986,0.84861392,1.5976188,2.1577418,2.6491265,3.2246959,3.5766373,3.5981069,1.2590251,302.81366,381.25,806.25,473.625,234.25,101.375,45.0,19.875,8.25,3.375,604.25,257.375,73.125,21.125,6.375,0.875,0.0,0.0,EXT557
C:/Users/MICROSOFT/Documents/nauval_mrnavac/cycpeptmp_standalone/runs/run_20260102_172000_moe/sdf/monomer.sdf,O=C[C@@](NC)Cc1nc[nH]c1,44.31506,0.019927585,164,O=C[C@@](NC)Cc1nc[nH]c1,356.96274,289.41296,67.549751,228.5126,128.45013,676.06873,157.86377,221.86322,518.20496,0.98908794,1.6376941,54.041149,19.583368,25.814049,25.74354,0.0092234984,-26.448896,0,4.6874261,12.643352,4.0175891,-0.070508778,0.81076527,0.18923475,0.64015812,0.35984185,1.8939476,0.44224161,0.16993031,0.2538535,0.90020555,968.82776,228.35059,809.76807,899.53687,2.5148678,2.2629578,1.3134389,0.93285012,154.875,191.62323,3.5709226,0.12108417,2.9956481,2.3126719,1.2883302,0.70004648,0.38659608,0.18344428,0.092312373,0.040583692,428.875,242.5,181.75,155.875,132.875,103.0,55.0,22.875,0.5,7.0356236,6.8007355,0.5,0.5,0.70710677,-2.1843553,-2.0655618,-2.0239818,-8.0044422,-7.5796366,-7.5557384,1.1886302,205.25,215.125,159.875,78.375,39.0,19.125,8.75,3.625,0.25309491,0.12910986,1.1700112,1.1252115,1.0060226,1.0050032,1.1125686,1.3528932,2.2763431,2.4355798,0.29840925,0.83639371,1.6046826,2.1027734,2.5956674,3.2923167,3.5738642,3.6952748,1.2620081,302.49411,381.75,804.875,470.875,231.625,99.5,46.0,20.125,8.75,3.625,599.625,255.75,71.75,21.125,7.0,1.0,0.0,0.0,EXT558
C:/Users/MICROSOFT/Documents/nauval_mrnavac/cycpeptmp_standalone/runs/run_20260102_172000_moe/sdf/monomer.sdf,O=C[C@@](NC)Cc1nc[nH]c1,44.31506,0.019927589,193,O=C[C@@](NC)Cc1nc[nH]c1,353.74756,286.66507,67.082497,225.55585,128.19173,669.6496,156.77179,219.58258,512.87781,0.98988688,1.6378939,54.030392,19.576385,25.818981,25.746515,0.0096382527,-26.441103,0,4.679347,12.632597,4.0185065,-0.072466105,0.81036621,0.18963379,0.63761806,0.36238194,1.8930155,0.44317418,0.16992919,0.25389197,0.90015221,968.86285,228.39505,809.755,899.57562,2.5149133,2.2628911,1.3135052,0.9328196,154.75,188.97939,3.5706577,0.12091678,2.9952898,2.3140368,1.2881519,0.69996762,0.38657567,0.18343908,0.092338711,0.040594041,428.75,242.0,181.5,155.625,132.875,103.0,55.0,22.875,0.5,7.0356236,6.8007355,0.5,0.5,0.70710677,-2.1833639,-2.0634503,-2.0235898,-8.0020638,-7.5781441,-7.5582943,1.1887012,204.75,215.125,159.875,78.375,39.0,19.125,8.75,3.625,0.25344354,0.12931727,1.1686411,1.123085,1.0056338,1.005486,1.1118163,1.3522532,2.2760184,2.4353218,0.29839176,0.83223152,1.603238,2.1034663,2.596355,3.2930005,3.5745664,3.6960051,1.2619327,302.51215,381.75,804.625,471.375,231.5,99.5,46.0,20.125,8.75,3.625,599.875,256.25,71.625,21.125,7.0,1.0,0.0,0.0,EXT559
C:/Users/MICROSOFT/Documents/nauval_mrnavac/cycpeptmp_standalone/runs/run_20260102_172000_moe/sdf/monomer.sdf,O=C[C@@](NC)Cc1nc[nH]c1,44.31506,0.019927591,87,O=C[C@@](NC)Cc1nc[nH]c1,357.65591,290.42072,67.235176,229.2005,128.4554,678.42285,157.1286,223.18556,521.29425,0.98908794,1.6378028,54.025642,19.574316,25.813717,25.740829,0.0096548516,-26.452061,0,4.6826825,12.627847,4.0181584,-0.072887689,0.81201154,0.18798845,0.64084083,0.35915917,1.896859,0.43932897,0.16994363,0.25387299,0.90018463,968.94794,228.39659,809.85022,899.64899,2.5150237,2.2630255,1.3134602,0.93291461,154.875,190.04506,3.5687952,0.1210026,2.9953685,2.3141699,1.2884526,0.70005834,0.38657528,0.18339218,0.092265382,0.040564492,428.875,242.5,181.625,155.75,132.875,103.0,55.0,22.875,0.5,7.0356236,6.8007355,0.5,0.5,0.70710677,-2.1835918,-2.0646913,-2.0239623,-8.0018196,-7.5758309,-7.5539193,1.1886773,205.125,215.5,160.0,78.5,39.0,19.125,8.75,3.625,0.25326911,0.12921348,1.168332,1.1246789,1.0038667,1.0028856,1.112348,1.352577,2.2849336,2.4352505,0.29795498,0.83281684,1.6049919,2.0945857,2.5959811,3.29263,3.574178,3.6955869,1.261958,302.5061,381.75,804.75,471.25,231.625,99.625,46.0,20.125,8.75,3.625,599.625,255.75,71.625,21.125,7.0,1.0,0.0,0.0,EXT560
C:/Users/MICROSOFT/Documents/nauval_mrnavac/cycpeptmp_standalone/runs/run_20260102_172000_moe/sdf/monomer.sdf,O=C[C@@](NC)Cc1nc[nH]c1,44.31506,0.019927593,51,O=C[C@@](NC)Cc1nc[nH]c1,353.94226,286.13559,67.806656,224.60855,129.33371,668.41272,158.46416,218.32893,509.94858,0.98908794,1.6383272,54.08279,19.576475,25.825731,25.758823,0.0094177788,-26.456242,0,4.7200241,12.684994,4.0180488,-0.066908024,0.80842453,0.19157548,0.63459092,0.36540905,1.8884797,0.44771188,0.16993867,0.25383356,0.90024531,968.85693,228.33742,809.82074,899.55566,2.5149057,2.2630594,1.3134048,0.93291497,154.875,189.43025,3.5687952,0.12098078,2.9954143,2.3141625,1.2882997,0.70005918,0.38665524,0.18344709,0.092295684,0.040553398,428.75,242.5,181.625,155.625,132.75,103.0,54.875,22.875,0.5,7.0356236,6.8007355,0.5,0.5,0.70710677,-2.1833401,-2.0644269,-2.0239251,-7.9994888,-7.5758314,-7.5530419,1.1886457,204.875,215.625,159.875,78.25,39.0,19.125,8.75,3.625,0.25326911,0.12931727,1.1716571,1.1235111,1.0033655,1.005555,1.1148053,1.3521154,2.2693677,2.4350047,0.29833284,0.83270419,1.6033312,2.1003819,2.5964592,3.293107,3.5746593,3.6960688,1.2619915,302.49808,381.75,804.625,471.25,231.5,99.375,46.0,20.125,8.75,3.625,599.75,255.625,71.625,21.125,7.0,1.0,0.0,0.0,EXT561
C:/Users/MICROSOFT/Documents/nauval_mrnavac/cycpeptmp_standalone/runs/run_20260102_172000_moe/sdf/monomer.sdf,O=C[C@@](NC)Cc1nc[nH]c1,44.31506,0.019927604,150,O=C[C@@](NC)Cc1nc[nH]c1,357.19617,289.31009,67.88607,226.94754,130.24861,675.82837,158.64975,221.42403,517.17865,0.98908794,1.6387086,54.018452,19.569717,25.820789,25.749817,0.0091757085,-26.464508,0,4.6725879,12.620657,4.0171552,-0.070973411,0.80994737,0.19005263,0.63535827,0.3646417,1.892037,0.44415298,0.16994321,0.25387454,0.90020651,968.9292,228.39108,809.84546,899.62189,2.5149996,2.2630394,1.3134968,0.9329192,154.875,190.45619,3.6161814,0.1200271,2.9929769,2.3160536,1.2884473,0.69969654,0.38372013,0.18470512,0.094113365,0.041788749,427.625,241.125,180.5,156.625,135.875,102.5,55.875,23.375,0.5,6.8007355,7.0356236,0.5,0.5,0.70710677,-2.1750231,-2.1283207,-2.0526519,-8.1246967,-8.0058603,-7.8115482,1.1909273,202.0,216.5,161.375,80.375,38.5,18.875,8.375,3.375,0.24930748,0.12689546,1.1544955,1.1479318,1.007635,1.0370581,1.1378998,1.3293713,2.2564719,2.3829451,0.27479246,0.85032707,1.6010793,2.1601806,2.6487017,3.2242708,3.5641093,3.597676,1.2590238,302.814,381.25,806.0,473.625,234.125,101.375,45.0,19.875,8.375,3.375,604.0,257.125,72.75,21.0,6.5,1.0,0.0,0.0,EXT562
C:/Users/MICROSOFT/Documents/nauval_mrnavac/cycpeptmp_standalone/runs/run_20260102_172000_moe/sdf/monomer.sdf,O=C[C@@](NC)Cc1nc[nH]c1,44.31506,0.019927621,185,O=C[C@@](NC)Cc1nc[nH]c1,354.96735,287.74301,67.224358,227.04875,127.91861,672.16766,157.10333,220.51865,515.06433,0.98908794,1.6378512,54.037395,19.56679,25.823608,25.755413,0.0093604866,-26.450735,0,4.6883125,12.639602,4.01752,-0.068195552,0.81061822,0.18938181,0.63963276,0.36036724,1.8936042,0.44258529,0.16992126,0.25390115,0.90018433,968.90149,228.40802,809.80066,899.59424,2.5149636,2.2629919,1.3135191,0.93283939,154.875,190.63481,3.5728409,0.12082678,2.9952326,2.3122928,1.2882205,0.70000792,0.38658217,0.1833653,0.09226501,0.04055772,428.75,242.125,181.375,155.625,132.875,103.0,54.875,22.875,0.5,7.0356236,6.8007355,0.5,0.5,0.70710677,-2.1838524,-2.063925,-2.0234427,-8.0013475,-7.5774994,-7.5550036,1.1884878,205.0,215.375,159.875,78.5,39.0,19.125,8.75,3.625,0.25361818,0.12931727,1.1690837,1.1219833,1.0074991,1.0056969,1.1120343,1.3527228,2.2702947,2.4359639,0.29809988,0.83534867,1.6027879,2.094491,2.5958917,3.2925396,3.5741005,3.6955285,1.262297,302.5239,381.875,804.875,471.0,231.5,99.625,46.0,20.125,8.75,3.625,599.875,255.625,71.625,21.125,7.0,1.0,0.0,0.0,EXT563
C:/Users/MICROSOFT/Documents/nauval_mrnavac/cycpeptmp_standalone/runs/run_20260102_172000_moe/sdf/monomer.sdf,O=C[C@@](NC)Cc1nc[nH]c1,44.31506,0.01992763,61,O=C[C@@](NC)Cc1nc[nH]c1,356.91006,288.21313,68.696953,228.31491,128.59517,673.26587,160.54478,219.51617,512.72107,0.98908794,1.6383524,53.974331,19.597258,25.819248,25.744997,0.0093870312,-26.452545,0,4.6042604,12.576535,4.0184298,-0.074252322,0.80752307,0.19247693,0.63969868,0.36030132,1.8863739,0.44981858,0.16992539,0.25390872,0.90017617,968.91162,228.41728,809.802,899.60394,2.5149767,2.2630539,1.3135751,0.93287623,154.875,189.24702,3.6153264,0.12003035,2.9932847,2.315794,1.2883809,0.69975644,0.38370898,0.18469922,0.094176717,0.041838661,427.625,241.0,180.5,156.75,136.125,102.75,56.125,23.375,0.5,6.8007355,7.0356236,0.5,0.5,0.70710677,-2.1754093,-2.1273248,-2.0523531,-8.1281328,-8.0073795,-7.8128123,1.1909295,202.125,216.625,161.125,80.625,38.5,18.875,8.5,3.375,0.24930748,0.12679426,1.1532145,1.1447338,1.0073724,1.0353138,1.1372285,1.323463,2.2497234,2.3825502,0.27634218,0.85224211,1.5975617,2.1591735,2.6486809,3.2242503,3.5722847,3.5976439,1.2590214,302.81454,381.25,806.25,473.75,234.25,101.5,45.0,19.875,8.5,3.375,604.125,257.125,73.125,20.875,6.5,1.0,0.0,0.0,EXT564
C:/Users/MICROSOFT/Documents/nauval_mrnavac/cycpeptmp_standalone/runs/run_20260102_172000_moe/sdf/monomer.sdf,O=C[C@@](NC)Cc1nc[nH]c1,44.31506,0.01992763,133,O=C[C@@](NC)Cc1nc[nH]c1,355.33917,287.85825,67.480911,225.89586,129.44331,672.43689,157.7029,220.37733,514.73401,0.98908794,1.6384073,54.063347,19.575726,25.829014,25.763176,0.0094370255,-26.449944,0,4.6952882,12.665551,4.0197201,-0.065837838,0.81009436,0.18990564,0.635719,0.364281,1.8923805,0.44380948,0.16993679,0.25385046,0.90020072,968.83258,228.34981,809.77069,899.54462,2.5148742,2.2629848,1.3134204,0.93287897,154.875,190.04558,3.6164057,0.11995039,2.9930437,2.3157315,1.2873851,0.69971442,0.38371703,0.18475455,0.094181187,0.041841108,427.375,240.875,180.375,156.5,136.0,102.25,55.875,23.25,0.5,6.8007355,7.0356236,0.5,0.5,0.70710677,-2.1751943,-2.1271489,-2.0524232,-8.1286163,-8.0075474,-7.8151388,1.190613,202.125,216.875,161.125,80.625,38.5,18.875,8.5,3.375,0.24948025,0.1269968,1.1539751,1.1439313,1.0087446,1.0389222,1.1410357,1.3341731,2.2567186,2.375855,0.27516046,0.85032094,1.6011653,2.1555436,2.6482882,3.2238576,3.5719416,3.5973768,1.2594937,302.80023,381.375,806.125,474.0,234.25,101.625,45.0,19.875,8.5,3.375,604.0,257.125,73.125,21.0,6.5,1.0,0.0,0.0,EXT565
C:/Users/MICROSOFT/Documents/nauval_mrnavac/cycpeptmp_standalone/runs/run_20260102_172000_moe/sdf/monomer.sdf,O=C[C@@](NC)Cc1nc[nH]c1,44.31506,0.019927651,132,O=C[C@@](NC)Cc1nc[nH]c1,351.44742,284.50977,66.937653,224.16895,127.27845,664.61481,156.43329,217.57211,508.18152,0.98908794,1.638298,53.968559,19.572638,25.820465,25.746986,0.0094658192,-26.451094,0,4.6203861,12.570765,4.0190845,-0.073479287,0.80953723,0.19046278,0.63784492,0.36215505,1.8910789,0.44511151,0.1699232,0.25393584,0.90018398,969.00421,228.45981,809.87329,899.67529,2.5150969,2.2631185,1.3135201,0.93289685,154.875,190.21388,3.5670338,0.12108139,2.9957304,2.3142407,1.2881203,0.70005572,0.38657504,0.18342513,0.092312515,0.040603086,428.375,242.375,181.75,155.75,133.0,103.125,54.875,22.875,0.5,7.0356236,6.8007355,0.5,0.5,0.70710677,-2.1838059,-2.0640955,-2.0237434,-8.0067673,-7.5800033,-7.5561461,1.1887221,204.875,215.375,160.0,78.5,39.0,19.125,8.75,3.625,0.25309491,0.12921348,1.1707453,1.1234567,1.0021832,1.0039234,1.1093043,1.3481948,2.2698557,2.4354668,0.29725781,0.83275062,1.605118,2.1041121,2.5960584,3.2926979,3.5742881,3.6957927,1.2619104,302.51752,381.75,804.75,471.125,231.75,99.625,46.0,20.125,8.75,3.625,599.875,255.75,71.75,21.125,7.0,1.0,0.0,0.0,EXT566
C:/Users/MICROSOFT/Documents/nauval_mrnavac/cycpeptmp_standalone/runs/run_20260102_172000_moe/sdf/monomer.sdf,O=C[C@@](NC)Cc1nc[nH]c1,44.31506,0.019927658,123,O=C[C@@](NC)Cc1nc[nH]c1,356.06693,288.24774,67.819199,226.47484,129.5921,673.34674,158.49347,220.42854,514.85327,0.98908794,1.6378164,53.985825,19.579184,25.809198,25.734047,0.0099262036,-26.447346,0,4.6409197,12.588028,4.0217485,-0.075152084,0.80953246,0.19046755,0.63604563,0.36395434,1.8910679,0.44512266,0.16996296,0.25390556,0.90019035,968.91907,228.41502,809.81689,899.60626,2.5149863,2.2629466,1.3134557,0.93293512,154.875,189.87244,3.6159203,0.11985252,2.9932408,2.3157606,1.2884395,0.69977683,0.38374627,0.18481506,0.094218194,0.04181635,427.5,241.125,180.25,156.5,136.0,102.625,56.0,23.375,0.5,6.8007355,7.0356236,0.5,0.5,0.70710677,-2.1748018,-2.1281519,-2.0522685,-8.1274023,-8.0074053,-7.8136945,1.1909289,202.0,216.5,161.25,80.5,38.5,18.875,8.375,3.375,0.24965326,0.1269968,1.1540624,1.1432258,1.0078342,1.0350902,1.1406966,1.3260365,2.252275,2.3831594,0.27668583,0.84827912,1.597418,2.1589987,2.6484869,3.224056,3.5639095,3.5975039,1.259022,302.81439,381.25,806.0,473.75,234.25,101.5,45.0,19.875,8.375,3.375,604.0,257.25,73.0,21.0,6.5,1.0,0.0,0.0,EXT567
C:/Users/MICROSOFT/Documents/nauval_mrnavac/cycpeptmp_standalone/runs/run_20260102_172000_moe/sdf/monomer.sdf,O=C[C@@](NC)Cc1nc[nH]c1,44.31506,0.019927662,129,O=C[C@@](NC)Cc1nc[nH]c1,355.19409,288.4581,66.735992,226.79997,128.39412,673.83813,155.96202,221.72211,517.8761,0.98908794,1.6386743,53.999485,19.56414,25.821056,25.754166,0.0092490138,-26.454264,0,4.6538706,12.60169,4.0180602,-0.066891164,0.812114,0.18788598,0.63852406,0.36147594,1.8970983,0.43908957,0.169936,0.25385603,0.90026498,968.92334,228.36882,809.87811,899.59973,2.5149918,2.2629914,1.3134068,0.93287963,154.875,190.58858,3.5706577,0.12089273,2.9953415,2.3140349,1.2880858,0.6999954,0.3866556,0.1834309,0.092307851,0.040583245,428.625,242.0,181.5,155.625,132.875,102.875,55.0,22.875,0.5,7.0356236,6.8007355,0.5,0.5,0.70710677,-2.1829457,-2.0632417,-2.0236936,-8.0052586,-7.5835223,-7.555582,1.1886919,204.875,215.5,160.0,78.375,39.0,19.125,8.75,3.625,0.25344354,0.12931727,1.1682101,1.1233983,1.0059073,1.0057003,1.1119745,1.3513662,2.2762017,2.4355104,0.29890996,0.83260357,1.6051357,2.1032031,2.5961099,3.2927637,3.574296,3.6956568,1.2619426,302.5098,381.75,804.625,471.25,231.625,99.5,46.0,20.125,8.75,3.625,599.75,255.75,71.625,21.125,7.0,1.0,0.0,0.0,EXT568
C:/Users/MICROSOFT/Documents/nauval_mrnavac/cycpeptmp_standalone/runs/run_20260102_172000_moe/sdf/monomer.sdf,O=C[C@@](NC)Cc1nc[nH]c1,44.31506,0.019927692,109,O=C[C@@](NC)Cc1nc[nH]c1,359.20276,290.18652,69.016258,228.30099,130.90178,677.87567,161.291,221.17024,516.58472,0.98908794,1.6385355,54.108074,19.575504,25.820955,25.75481,0.0092250509,-26.459846,0,4.7520399,12.710278,4.0164938,-0.066145323,0.8078627,0.19213733,0.6355769,0.3644231,1.8871672,0.44902495,0.16994433,0.25387284,0.90019554,968.78644,228.35727,809.72107,899.49463,2.5148141,2.2630475,1.3133457,0.93292558,154.875,190.31897,3.5691607,0.12117204,2.9953668,2.3140724,1.2884133,0.70000917,0.38657093,0.18344374,0.092304558,0.040560257,428.75,242.625,181.875,156.125,133.125,103.125,55.0,22.75,0.5,7.0356236,6.8007355,0.5,0.5,0.70710677,-2.1837251,-2.0658875,-2.0241387,-8.0027103,-7.5771837,-7.555294,1.1886624,204.875,215.25,160.0,78.375,39.0,19.125,8.75,3.625,0.25292096,0.12890312,1.1714591,1.1260716,1.004261,0.9997893,1.1074945,1.3481358,2.2847426,2.449764,0.29762924,0.83409792,1.6050615,2.1031792,2.5960574,3.292701,3.5742679,3.6957252,1.261974,302.50229,381.75,804.625,471.0,231.625,99.5,46.0,20.125,8.75,3.625,599.75,255.75,71.625,21.125,7.0,1.0,0.0,0.0,EXT569
C:/Users/MICROSOFT/Documents/nauval_mrnavac/cycpeptmp_standalone/runs/run_20260102_172000_moe/sdf/monomer.sdf,O=C[C@@](NC)Cc1nc[nH]c1,44.31506,0.019927768,140,O=C[C@@](NC)Cc1nc[nH]c1,354.31061,287.18848,67.122139,226.27678,128.03384,670.87225,156.86444,220.06633,514.00781,0.98908794,1.6386179,53.999516,19.565676,25.821333,25.756039,0.0092873359,-26.458162,0,4.6509848,12.601722,4.0175295,-0.065293498,0.81055564,0.18944435,0.63863957,0.36136043,1.893458,0.44273144,0.16995148,0.25391492,0.9002223,968.86969,228.40744,809.78882,899.54315,2.5149224,2.2629867,1.3133999,0.9329201,154.875,190.20625,3.6151056,0.12012096,2.9931245,2.31547,1.2882005,0.69962811,0.38366911,0.18474667,0.094155721,0.041806746,427.5,241.125,180.625,156.875,136.25,102.5,56.0,23.375,0.5,6.8007355,7.0356236,0.5,0.5,0.70710677,-2.1749258,-2.1274674,-2.0526464,-8.1277637,-8.0074654,-7.813724,1.1909791,201.875,216.875,161.5,80.5,38.5,18.875,8.5,3.375,0.24913494,0.12669323,1.1558698,1.1451142,1.0069133,1.0341427,1.1360222,1.329123,2.254281,2.3827231,0.27561724,0.85153717,1.5991056,2.1589212,2.6484375,3.2240067,3.5720322,3.5973761,1.2589689,302.82715,381.25,806.125,473.875,234.375,101.5,45.0,19.875,8.5,3.375,604.25,257.0,72.875,21.0,6.5,1.0,0.0,0.0,EXT570
C:/Users/MICROSOFT/Documents/nauval_mrnavac/cycpeptmp_standalone/runs/run_20260102_172000_moe/sdf/monomer.sdf,O=C[C@@](NC)Cc1nc[nH]c1,44.491814,0.19668169,35,O=C[C@@](NC)Cc1nc[nH]c1,353.37833,283.6283,69.750023,220.42548,132.95284,662.55566,163.0058,213.87827,499.5499,0.98195511,1.3877066,51.208393,19.713362,21.397003,21.274704,0.011573804,-23.354654,0,4.7333822,8.0454035,5.4753733,-0.12229934,0.8026194,0.19738059,0.6237663,0.3762337,1.8749189,0.46127844,0.17099437,0.27962673,0.84979004,972.14502,255.31662,775.91119,913.06226,2.5191696,2.241344,1.3215429,0.92682862,156.0,190.09773,2.3965914,0.11293109,3.0132413,2.365716,1.4909515,0.77271998,0.36783236,0.12261558,0.042699985,0.0084015671,398.125,221.875,165.75,139.25,116.5,84.0,42.875,16.125,0.5,0.70710677,0.86602539,0.70710677,0.5,0.5,-2.031244,-2.0237052,-2.0176649,-6.734375,-6.2630587,-6.2445831,1.1902362,218.375,250.875,183.0,75.375,30.125,11.5,4.0,0.625,0.22926094,0.092459604,0.73002493,0.61871797,0.70232141,0.8279897,0.83373529,0.78728849,1.6775191,2.2899513,0.2842181,0.57779574,0.7700479,1.2799258,1.7832911,2.5201354,3.5701141,3.5457635,1.2626394,304.02582,383.875,821.75,508.0,261.125,98.25,38.0,12.875,4.0,0.625,603.375,257.125,78.125,22.875,7.875,1.375,0.0,0.0,EXT571
C:/Users/MICROSOFT/Documents/nauval_mrnavac/cycpeptmp_standalone/runs/run_20260102_172000_moe/sdf/monomer.sdf,O=C[C@@](NC)Cc1nc[nH]c1,44.499016,0.20388667,107,O=C[C@@](NC)Cc1nc[nH]c1,354.64532,284.58929,70.056015,220.14893,134.49638,664.8006,163.7209,214.53328,501.07968,0.98988688,0.74162716,54.149685,19.685333,24.345427,24.266191,0.011662716,-24.180441,0,4.7057014,10.986695,5.4807987,-0.079236768,0.80246174,0.19753824,0.62075806,0.37924197,1.8745507,0.46164688,0.1617993,0.28157574,0.85478693,971.59454,256.11517,777.49561,909.57831,2.5184562,2.2509043,1.3401195,0.90541011,154.75,189.42662,1.8996911,0.10879205,3.0150032,2.3672924,1.4898027,0.75963664,0.38779119,0.14487213,0.022730676,0.0,402.0,225.625,166.75,140.625,116.375,84.375,43.125,16.375,0.5,0.5,0.70710677,0.5,1.118034,0.70710677,-2.0630379,-2.0388265,-2.0279469,-5.8496118,-5.7602854,-5.5652995,1.1925651,226.625,250.375,180.125,76.125,31.25,11.25,1.75,0.0,0.23388305,0.088,0.74530262,0.6939289,0.72760671,0.86274856,0.96982563,0.97774279,1.6037474,1.8883458,0.26530239,0.61036992,0.73131812,1.0046535,1.3573768,2.2466316,3.7786973,0.0,1.2599001,304.48843,383.625,826.625,508.375,259.375,99.625,39.0,12.375,1.75,0.0,600.0,258.0,79.25,23.5,7.75,1.125,0.0,0.0,EXT572
C:/Users/MICROSOFT/Documents/nauval_mrnavac/cycpeptmp_standalone/runs/run_20260102_172000_moe/sdf/monomer.sdf,O=C[C@@](NC)Cc1nc[nH]c1,44.499016,0.2038867,183,O=C[C@@](NC)Cc1nc[nH]c1,355.78168,284.73279,71.048904,218.94489,136.83681,665.1358,166.04129,213.68388,499.09448,0.98988688,0.7416451,54.086834,19.695616,24.340906,24.261896,0.011428241,-24.182858,0,4.6408286,10.923843,5.4770646,-0.079010665,0.80030197,0.19969803,0.61539114,0.38460889,1.8695054,0.46669433,0.16188569,0.2816931,0.85476965,971.72565,256.24448,777.5484,909.65839,2.5186262,2.250859,1.3401659,0.90563363,154.75,190.08173,1.9190129,0.10826989,3.0234792,2.3808444,1.4944943,0.75964725,0.38970381,0.14572005,0.023851117,0.0,400.375,223.125,165.75,140.75,118.125,81.875,42.75,15.5,6.8007355,0.70710677,6.98212,0.5,0.70710677,1.118034,-2.1452379,-2.0209086,-2.0074201,-5.9184365,-5.7142329,-5.5691533,1.1929671,223.875,247.75,181.375,76.125,31.375,11.0,1.875,0.0,0.23303168,0.087033749,0.7448929,0.64423925,0.71443945,0.87404639,1.006973,0.99510199,1.6864847,1.8732275,0.26240209,0.60699016,0.70988554,0.93476373,1.3695219,1.7893909,3.7165699,0.0,1.257283,303.53152,381.625,825.5,505.5,260.0,100.75,38.625,12.25,1.875,0.0,601.625,257.75,78.625,24.625,7.25,1.25,0.0,0.0,EXT573
C:/Users/MICROSOFT/Documents/nauval_mrnavac/cycpeptmp_standalone/runs/run_20260102_172000_moe/sdf/monomer.sdf,O=C[C@@](NC)Cc1nc[nH]c1,44.582882,0.28775078,34,O=C[C@@](NC)Cc1nc[nH]c1,353.79407,283.9884,69.805664,228.27237,125.5217,663.39691,163.13583,214.18275,500.26108,0.99470776,0.96387088,47.449612,19.692797,19.446877,19.344213,0.0078818323,-23.48744,0,4.635736,7.6818609,3.7689819,-0.10266209,0.80269408,0.19730592,0.64521253,0.35478744,1.8750933,0.46110392,0.12908015,0.22467574,0.88497776,974.0542,207.47137,817.21124,923.42578,2.521642,2.519536,1.0539684,0.90521199,154.0,187.95573,2.2380166,0.092274554,3.0547137,2.3689029,1.5245874,0.82203686,0.42911449,0.16046301,0.060311414,0.033376481,380.5,218.875,167.125,144.875,124.375,88.0,47.5,20.125,0.5,0.70710677,1.118034,1.2247449,0.5,0.86602539,-2.3501046,-2.3218405,-2.2627106,-7.9366474,-7.9084311,-7.6141229,1.1752001,209.5,259.0,194.375,85.875,35.875,14.75,5.75,2.875,0.25729245,0.10871441,0.85909641,0.76151037,0.75519502,0.8290419,0.85297424,1.3000441,1.6859385,1.7517025,0.24434213,0.52351868,0.77504188,1.157655,1.5833012,2.8302596,4.2217326,4.2050085,1.2762909,299.01099,381.625,830.25,520.0,271.375,107.625,43.0,15.75,5.75,2.875,620.75,261.0,77.0,21.75,7.125,1.0,0.0,0.0,EXT574
C:/Users/MICROSOFT/Documents/nauval_mrnavac/cycpeptmp_standalone/runs/run_20260102_172000_moe/sdf/monomer.sdf,O=C[C@@](NC)Cc1nc[nH]c1,44.582882,0.28775078,174,O=C[C@@](NC)Cc1nc[nH]c1,352.74435,282.47437,70.269981,225.02069,127.72367,659.86017,164.22095,212.20439,495.63919,0.99551582,0.96273661,47.519287,19.6796,19.455935,19.353649,0.0072022812,-23.478136,0,4.7138858,7.7515368,3.7649496,-0.10228392,0.80079061,0.19920938,0.63791436,0.36208564,1.870647,0.4655523,0.12912863,0.22472602,0.88496166,974.00043,207.50298,817.138,923.3598,2.5215724,2.5194337,1.0541002,0.9053452,153.875,187.61324,2.3227835,0.090240091,3.0550146,2.372474,1.5227048,0.82316142,0.43218952,0.16258642,0.0596621,0.03292558,382.0,216.5,164.625,142.625,121.5,85.875,47.375,20.5,0.5,1.8708287,2.2912879,0.5,0.5,0.70710677,-2.2903407,-2.2893696,-2.2799127,-7.9203768,-7.7357635,-7.5802984,1.17968,212.25,258.625,192.0,87.0,36.75,14.625,5.5,2.875,0.2649962,0.1086766,0.87823349,0.72068214,0.75194031,0.86597681,0.89066941,1.3388557,1.6678309,1.75041,0.25022772,0.51062584,0.80975854,1.183808,1.6638182,2.7297845,4.2805457,4.1980348,1.2690798,299.03558,379.5,832.625,519.25,271.25,109.75,43.625,15.5,5.5,2.875,620.375,260.625,79.25,22.75,6.875,0.875,0.0,0.0,EXT575
C:/Users/MICROSOFT/Documents/nauval_mrnavac/cycpeptmp_standalone/runs/run_20260102_172000_moe/sdf/monomer.sdf,O=C[C@@](NC)Cc1nc[nH]c1,44.582882,0.28775078,68,O=C[C@@](NC)Cc1nc[nH]c1,355.44739,284.41571,71.031685,228.99284,126.45454,664.39508,166.00105,213.38402,498.39404,0.99470776,0.96328473,47.490013,19.673689,19.447514,19.345079,0.0076494021,-23.475929,0,4.6962833,7.7222643,3.7673135,-0.10243439,0.80016261,0.1998374,0.64423835,0.35576165,1.8691798,0.46702,0.12909384,0.2247273,0.88497472,973.93341,207.48848,817.08838,923.29004,2.5214858,2.5194962,1.0540059,0.90524572,154.0,189.38884,2.3069968,0.090046108,3.0518451,2.3709049,1.5218058,0.8233996,0.43125486,0.16472897,0.059904344,0.032766484,380.5,215.75,165.5,145.0,121.75,86.75,47.625,21.375,1.6583124,2.2912879,0.70710677,0.5,0.86602539,0.70710677,-2.299068,-2.286638,-2.286437,-8.100461,-7.5437331,-7.414927,1.1762049,212.25,256.5,192.375,88.75,37.625,14.75,5.25,2.875,0.26812688,0.10862069,0.88857424,0.72266412,0.74543488,0.82121426,0.87766635,1.3499811,1.6631145,1.7338942,0.24461789,0.50991756,0.79843265,1.2472538,1.6664062,2.6844492,4.2356534,4.132987,1.2745041,298.93982,381.0,831.0,518.875,269.75,110.625,44.375,15.75,5.25,2.875,618.75,262.375,77.375,21.875,6.75,1.0,0.0,0.0,EXT576
C:/Users/MICROSOFT/Documents/nauval_mrnavac/cycpeptmp_standalone/runs/run_20260102_172000_moe/sdf/monomer.sdf,O=C[C@@](NC)Cc1nc[nH]c1,44.582882,0.28775078,180,O=C[C@@](NC)Cc1nc[nH]c1,354.17789,284.1091,70.068787,227.14909,127.02879,663.67883,163.75075,214.04031,499.9281,0.99470776,0.96298188,47.535038,19.686901,19.457092,19.354467,0.0075366017,-23.48171,0,4.7192159,7.7672877,3.7669151,-0.10262348,0.80216497,0.19783501,0.64134187,0.35865816,1.8738574,0.46234044,0.12907363,0.22472289,0.88489038,974.03949,207.51575,817.13385,923.42944,2.5216231,2.5195148,1.0540187,0.90518147,154.0,188.10988,2.2083299,0.090805024,3.0540969,2.3626001,1.5250981,0.82372081,0.42727312,0.16069859,0.060212642,0.033424702,380.875,217.25,165.5,143.625,122.5,86.125,47.875,20.75,0.70710677,1.118034,1.8027756,0.86602539,1.2247449,0.5,-2.3577561,-2.3324869,-2.2512293,-7.935895,-7.7712035,-7.6235547,1.1746762,211.5,255.125,196.375,86.625,35.875,14.5,5.75,2.875,0.25830814,0.10879026,0.85650009,0.75216621,0.72272003,0.79930425,0.84888178,1.3202343,1.7444485,1.8724016,0.25425872,0.53169036,0.78713465,1.1772414,1.5756112,2.6982551,4.231266,4.1772103,1.2775568,299.20392,382.25,831.75,516.125,272.75,108.625,42.75,15.625,5.75,2.875,620.25,261.0,76.375,22.0,6.875,1.125,0.0,0.0,EXT577
C:/Users/MICROSOFT/Documents/nauval_mrnavac/cycpeptmp_standalone/runs/run_20260102_172000_moe/sdf/monomer.sdf,O=C[C@@](NC)Cc1nc[nH]c1,44.582882,0.28775078,152,O=C[C@@](NC)Cc1nc[nH]c1,353.27802,283.61401,69.664001,227.77454,125.50346,662.52234,162.80476,213.95,499.71753,0.99470776,0.9633984,47.499603,19.676071,19.447647,19.341293,0.0073456042,-23.489109,0,4.7091823,7.731853,3.7657106,-0.10635395,0.80280685,0.19719315,0.64474589,0.35525411,1.8753568,0.46084037,0.12906571,0.22469029,0.88496304,974.14288,207.50371,817.27216,923.50989,2.5217569,2.5196097,1.0540271,0.90518779,154.0,189.19012,2.2252288,0.09229514,3.054992,2.3689518,1.5251111,0.82185024,0.42903939,0.1604588,0.060274694,0.033331681,380.5,218.875,167.125,145.0,124.375,87.875,47.25,20.0,0.5,0.70710677,1.118034,1.2247449,0.5,0.86602539,-2.3504591,-2.3216252,-2.2627578,-7.9360394,-7.9015851,-7.6101618,1.1748869,209.875,259.625,194.625,86.125,36.0,14.75,5.75,2.875,0.2580404,0.10862069,0.85574526,0.76362103,0.75275218,0.82595682,0.84848404,1.3060451,1.6865246,1.7457689,0.24606222,0.52491713,0.77358353,1.1483819,1.5718279,2.830795,4.2222562,4.2055326,1.2767704,298.99661,381.75,830.5,520.5,271.625,107.875,43.125,15.75,5.75,2.875,620.625,260.875,77.0,21.75,7.125,1.0,0.0,0.0,EXT578
C:/Users/MICROSOFT/Documents/nauval_mrnavac/cycpeptmp_standalone/runs/run_20260102_172000_moe/sdf/monomer.sdf,O=C[C@@](NC)Cc1nc[nH]c1,44.582882,0.28775078,56,O=C[C@@](NC)Cc1nc[nH]c1,353.60889,283.15121,70.45768,227.23402,126.37487,661.44122,164.65961,212.69354,496.78165,0.99470776,0.96331918,47.523228,19.667112,19.453753,19.350807,0.0079825623,-23.485573,0,4.7279005,7.7554789,3.7694268,-0.10294628,0.80074686,0.19925313,0.64261401,0.35738602,1.8705447,0.46565458,0.12910329,0.22474834,0.88494986,973.97821,207.51782,817.10443,923.33417,2.5215437,2.5194519,1.0540817,0.90526289,154.0,187.94016,2.210104,0.090956561,3.0537994,2.3624842,1.5248642,0.82366556,0.42721379,0.16061088,0.060230382,0.033424132,380.625,217.5,165.75,143.5,122.625,86.375,47.75,20.875,0.70710677,1.118034,1.8027756,0.86602539,1.2247449,0.5,-2.3578184,-2.3318093,-2.251549,-7.937367,-7.7696762,-7.6291552,1.1749098,210.875,255.25,196.25,86.5,36.125,14.5,5.75,2.875,0.25942686,0.10888502,0.85543388,0.75680482,0.72349805,0.80254656,0.8447026,1.3103809,1.7413695,1.8823383,0.25367764,0.53177351,0.79142869,1.1746091,1.5737193,2.6970136,4.2299414,4.1758947,1.2771635,299.19818,382.125,831.25,516.0,272.625,108.5,43.0,15.625,5.75,2.875,620.375,260.75,76.375,22.0,6.875,1.125,0.0,0.0,EXT579
C:/Users/MICROSOFT/Documents/nauval_mrnavac/cycpeptmp_standalone/runs/run_20260102_172000_moe/sdf/monomer.sdf,O=C[C@@](NC)Cc1nc[nH]c1,44.582882,0.28775081,172,O=C[C@@](NC)Cc1nc[nH]c1,356.76358,285.33844,71.425156,228.93233,127.83126,666.55054,166.92059,213.91327,499.62997,0.99551582,0.96354425,47.59346,19.686018,19.455629,19.356951,0.0074072327,-23.481546,0,4.7766094,7.8257098,3.766474,-0.09867724,0.79979694,0.20020305,0.64169198,0.35830805,1.8683257,0.46787453,0.12910508,0.22471823,0.88493311,973.91193,207.48051,817.05151,923.29181,2.5214579,2.5193288,1.0540589,0.90522498,153.875,186.69441,2.228384,0.092281103,3.055572,2.3694463,1.5251812,0.82176358,0.42892671,0.16025211,0.060204428,0.033359602,380.375,218.625,167.0,144.875,124.125,87.75,47.375,20.125,0.5,0.70710677,1.118034,1.2247449,0.5,0.86602539,-2.3504882,-2.3217533,-2.2633257,-7.9363465,-7.9072533,-7.6123061,1.1747518,209.5,259.375,194.5,85.875,35.75,14.75,5.75,2.875,0.25673652,0.10871441,0.85423839,0.76560843,0.7502411,0.82344812,0.85429054,1.2999681,1.6881561,1.7513181,0.24621034,0.52545917,0.77106553,1.151122,1.5785596,2.8302166,4.2216711,4.2049479,1.276778,298.89691,381.625,830.0,520.0,271.5,107.625,42.875,15.75,5.75,2.875,620.5,260.625,77.0,21.75,7.125,1.0,0.0,0.0,EXT580
C:/Users/MICROSOFT/Documents/nauval_mrnavac/cycpeptmp_standalone/runs/run_20260102_172000_moe/sdf/monomer.sdf,O=C[C@@](NC)Cc1nc[nH]c1,44.582882,0.28775084,113,O=C[C@@](NC)Cc1nc[nH]c1,352.68875,282.5361,70.152649,226.92078,125.76796,660.00433,163.94673,212.38344,496.05756,0.99470776,0.96304011,47.522594,19.701401,19.458866,19.356123,0.0079724994,-23.479086,0,4.6875925,7.7548456,3.769506,-0.1027423,0.80109191,0.19890811,0.6434024,0.3565976,1.8713506,0.46484822,0.12910451,0.22473583,0.88494384,974.01172,207.51523,817.13416,923.37402,2.5215871,2.5194283,1.054109,0.90525866,154.0,187.8806,2.2160192,0.090949319,3.0538409,2.3625207,1.5248759,0.82365388,0.42724419,0.1606414,0.060230438,0.033433184,380.625,217.375,165.75,143.5,122.625,86.125,47.875,21.0,0.70710677,1.118034,1.8027756,0.86602539,1.2247449,0.5,-2.3582075,-2.3323386,-2.2515075,-7.9375429,-7.7712407,-7.6281819,1.1746637,211.0,255.375,196.0,86.75,36.0,14.5,5.75,2.875,0.25867271,0.10888502,0.85666448,0.7509892,0.71962142,0.80003107,0.8444286,1.3188108,1.7445521,1.898303,0.25483051,0.53125507,0.79034078,1.1725374,1.5846697,2.6976762,4.2306128,4.1765652,1.2775704,299.20074,382.25,831.25,516.125,272.5,108.75,42.875,15.625,5.75,2.875,620.25,260.75,76.5,22.0,6.875,1.125,0.0,0.0,EXT581
C:/Users/MICROSOFT/Documents/nauval_mrnavac/cycpeptmp_standalone/runs/run_20260102_172000_moe/sdf/monomer.sdf,O=C[C@@](NC)Cc1nc[nH]c1,44.582882,0.28775108,96,O=C[C@@](NC)Cc1nc[nH]c1,353.28418,282.25546,71.028732,226.66275,126.62144,659.34875,165.99414,211.22672,493.35458,0.99470776,0.96311164,47.505543,19.686449,19.448563,19.347252,0.0075947167,-23.472797,0,4.6977572,7.7377939,3.7664893,-0.10131055,0.79894733,0.20105268,0.64158762,0.35841241,1.866341,0.46986011,0.12905782,0.22466385,0.88496894,973.95581,207.44148,817.1286,923.34155,2.5215147,2.5195458,1.0540496,0.90513724,154.0,188.33517,2.3032892,0.089988813,3.0521154,2.3712873,1.5216564,0.82302278,0.43119818,0.1646734,0.059921939,0.032787889,380.5,215.75,165.375,144.875,121.625,86.875,47.625,21.5,1.6583124,2.2912879,0.70710677,0.5,0.86602539,0.70710677,-2.298965,-2.286608,-2.2859507,-8.1022215,-7.5383968,-7.418015,1.1764768,211.625,257.0,192.375,88.5,37.75,14.75,5.25,2.75,0.26832956,0.10871441,0.88677943,0.72052175,0.74595863,0.82522517,0.87373334,1.345988,1.6430278,1.7286357,0.24514234,0.51028836,0.79869276,1.2500223,1.6658268,2.6838663,4.2349896,4.1621838,1.2740701,298.94351,380.875,830.75,519.375,269.75,110.5,44.375,15.75,5.25,2.75,619.125,262.375,77.375,22.0,6.625,1.0,0.0,0.0,EXT582
C:/Users/MICROSOFT/Documents/nauval_mrnavac/cycpeptmp_standalone/runs/run_20260102_172000_moe/sdf/monomer.sdf,O=C[C@@](NC)Cc1nc[nH]c1,44.59322,0.29808861,102,O=C[C@@](NC)Cc1nc[nH]c1,355.34537,283.68942,71.655952,226.6315,128.71387,662.69849,167.45995,212.03346,495.23853,0.98829031,2.1425683,52.491692,19.666019,24.424458,24.346617,0.0079728095,-28.813801,0,4.7055464,12.90159,3.7655349,-0.077839851,0.79834843,0.20165157,0.6377781,0.36222187,1.864942,0.47125971,0.12499357,0.22582689,0.88709521,974.02448,208.20543,817.87439,921.96918,2.5216036,2.5012984,1.0898747,0.88431978,155.0,190.47327,3.7538531,0.093299143,3.0282705,2.348346,1.4226526,0.76453632,0.43230841,0.19046865,0.069542028,0.032940753,406.875,234.375,175.25,151.875,128.625,94.0,54.5,26.375,0.5,0.70710677,1.118034,0.5,0.5,0.70710677,-2.3179893,-2.3103306,-2.2415528,-8.1374664,-7.6704335,-7.5689435,1.1826011,201.125,241.375,177.25,84.5,40.75,17.75,6.25,2.5,0.26961485,0.12510288,1.2852145,1.2042537,1.1846153,1.229636,1.290585,1.5871041,1.9611633,1.8508009,0.3001174,0.79993463,1.5717002,2.2264736,2.6061809,3.3025529,3.9788229,4.2089972,1.2671947,300.36819,380.625,820.375,500.625,254.5,106.375,47.25,19.0,6.25,2.5,619.25,259.25,77.25,21.875,6.5,1.25,0.0,0.0,EXT583
C:/Users/MICROSOFT/Documents/nauval_mrnavac/cycpeptmp_standalone/runs/run_20260102_172000_moe/sdf/monomer.sdf,O=C[C@@](NC)Cc1nc[nH]c1,44.59322,0.29808861,110,O=C[C@@](NC)Cc1nc[nH]c1,354.33536,281.37299,72.962372,224.70563,129.62973,657.28729,170.51306,208.4106,486.7742,0.98829031,2.1411052,52.466385,19.66382,24.424229,24.346828,0.0076258397,-28.789808,0,4.6853428,12.876283,3.7627659,-0.077399582,0.79408669,0.20591332,0.63416088,0.36583909,1.8549864,0.48121944,0.1250129,0.225813,0.88709855,973.98706,208.18567,817.85016,921.93829,2.5215552,2.5012648,1.0898207,0.88437629,155.0,189.08473,3.7088349,0.093318477,3.0288436,2.3456342,1.4195148,0.76199687,0.43070692,0.19134694,0.071443878,0.032985501,405.625,231.875,174.0,149.625,127.625,95.0,55.125,27.25,0.5,0.70710677,0.5,1.118034,0.70710677,0.5,-2.3732862,-2.2856817,-2.2461851,-8.1867085,-7.5549846,-7.5129805,1.1818902,198.25,240.75,176.875,84.125,39.5,17.875,6.125,2.375,0.26436782,0.12698413,1.2673508,1.2312487,1.177574,1.2502086,1.3302172,1.5518125,1.8696872,1.8059449,0.29658705,0.80210638,1.5625882,2.2283721,2.5620115,3.2449541,3.9848633,4.1729946,1.2690663,300.7132,381.625,820.375,501.5,254.125,105.75,46.0,19.0,6.125,2.375,622.125,260.75,77.25,21.625,6.5,1.125,0.0,0.0,EXT584
C:/Users/MICROSOFT/Documents/nauval_mrnavac/cycpeptmp_standalone/runs/run_20260102_172000_moe/sdf/monomer.sdf,O=C[C@@](NC)Cc1nc[nH]c1,44.59322,0.29808861,85,O=C[C@@](NC)Cc1nc[nH]c1,354.52014,283.13586,71.384293,225.25089,129.26926,661.40533,166.8251,211.75156,494.58026,0.98908794,2.1416965,52.534042,19.677275,24.430183,24.358002,0.0081319269,-28.796516,0,4.7242804,12.943943,3.7663548,-0.072182752,0.79864532,0.2013547,0.63536841,0.36463162,1.8656354,0.47056592,0.12502532,0.2257802,0.88715136,973.78668,208.11063,817.72284,921.73993,2.5212958,2.5011394,1.0897958,0.88437581,154.875,188.96199,3.8121285,0.092110835,3.0301249,2.3401945,1.4173441,0.76456511,0.43033418,0.19664893,0.069981016,0.033517662,405.125,232.25,174.75,149.5,130.375,97.125,54.125,25.625,1.2247449,0.5,0.86602539,0.5,0.70710677,1.118034,-2.3421712,-2.2543736,-2.2480774,-8.2150469,-7.8359313,-7.4384718,1.1786951,203.0,238.5,176.25,85.125,39.125,18.125,6.625,2.75,0.26108727,0.12709031,1.2882053,1.2274637,1.1980326,1.2395822,1.3409419,1.5399793,1.9204416,1.8579568,0.30356577,0.78668511,1.5350701,2.2181103,2.6394045,3.1982496,3.9488783,4.1526728,1.2737558,300.48932,382.75,821.125,500.625,255.375,106.5,45.625,19.0,6.625,2.75,618.125,262.125,79.125,21.375,6.5,0.875,0.0,0.0,EXT585
C:/Users/MICROSOFT/Documents/nauval_mrnavac/cycpeptmp_standalone/runs/run_20260102_172000_moe/sdf/monomer.sdf,O=C[C@@](NC)Cc1nc[nH]c1,44.59322,0.29808861,47,O=C[C@@](NC)Cc1nc[nH]c1,352.9252,281.46725,71.457962,225.54396,127.38125,657.50751,166.99727,210.00928,490.51022,0.98908794,2.141515,52.476768,19.655731,24.411955,24.33403,0.008121918,-28.79541,0,4.7133179,12.886669,3.765568,-0.077925764,0.7975266,0.20247339,0.63907015,0.36092988,1.8630222,0.47318032,0.12498329,0.22583841,0.8870644,974.00092,208.21289,817.83368,921.95526,2.5215731,2.5012894,1.0899278,0.8842802,154.875,188.60582,3.7475348,0.093358584,3.0284975,2.3479211,1.422745,0.76456058,0.43233639,0.19045949,0.069505699,0.033019647,406.875,234.5,175.375,151.75,128.375,94.25,54.875,26.375,0.5,0.70710677,1.118034,0.5,0.5,0.70710677,-2.3183291,-2.3102934,-2.2416074,-8.1388426,-7.6718388,-7.5696573,1.183392,201.0,241.25,177.5,84.625,40.75,17.75,6.25,2.5,0.26942268,0.12520593,1.28299,1.2024324,1.1794969,1.2268757,1.290911,1.5752354,1.9653609,1.8513014,0.29988408,0.80233157,1.5722128,2.2224002,2.6055369,3.3020017,3.9783394,4.2085495,1.2659317,300.37164,380.25,820.375,500.5,254.625,106.5,47.25,19.0,6.25,2.5,619.375,259.25,77.125,21.875,6.5,1.25,0.0,0.0,EXT586
C:/Users/MICROSOFT/Documents/nauval_mrnavac/cycpeptmp_standalone/runs/run_20260102_172000_moe/sdf/monomer.sdf,O=C[C@@](NC)Cc1nc[nH]c1,44.59322,0.29808861,88,O=C[C@@](NC)Cc1nc[nH]c1,357.09015,285.25134,71.838829,229.7401,127.35006,666.34711,167.88734,213.41249,498.45975,0.98908794,2.1411848,52.507751,19.655087,24.417645,24.343079,0.0077161295,-28.791138,0,4.7372026,12.917653,3.764668,-0.074565805,0.79882157,0.20117842,0.64336723,0.35663277,1.8660473,0.47015396,0.12501043,0.22581927,0.88711232,973.83813,208.15764,817.73004,921.78864,2.5213623,2.5011277,1.0898067,0.88431913,154.875,189.51222,3.7506628,0.093304083,3.028296,2.3477802,1.4228618,0.76482177,0.43229711,0.19041893,0.06955374,0.032778852,406.875,234.375,175.25,151.625,128.5,93.875,54.75,26.375,0.5,0.70710677,1.118034,0.5,0.5,0.70710677,-2.318022,-2.3107352,-2.2421303,-8.1367836,-7.6635056,-7.5682697,1.1833469,201.25,241.625,177.5,84.625,40.75,17.75,6.25,2.5,0.26961485,0.12530915,1.2851293,1.2039562,1.1809483,1.2281516,1.2924331,1.5858586,1.9727541,1.8505725,0.30044374,0.80402064,1.5723904,2.2196698,2.606478,3.302887,3.9791541,4.2093258,1.2659801,300.36017,380.25,820.375,500.875,254.625,106.5,47.25,19.0,6.25,2.5,619.125,259.25,77.125,21.875,6.5,1.25,0.0,0.0,EXT587
C:/Users/MICROSOFT/Documents/nauval_mrnavac/cycpeptmp_standalone/runs/run_20260102_172000_moe/sdf/monomer.sdf,O=C[C@@](NC)Cc1nc[nH]c1,44.59322,0.29808864,197,O=C[C@@](NC)Cc1nc[nH]c1,355.04391,284.82321,70.220688,227.30971,127.73421,665.34705,164.10574,214.60254,501.2413,0.98908794,2.1414719,52.497646,19.677919,24.420965,24.346951,0.0079985578,-28.795818,0,4.6998377,12.907547,3.7649403,-0.074013464,0.80221969,0.19778028,0.64022982,0.35977018,1.8739853,0.46221253,0.12499164,0.22579016,0.88712859,973.86273,208.13731,817.77063,921.8175,2.5213943,2.5012748,1.0897878,0.88430458,154.875,187.93785,3.7477453,0.093297206,3.0287671,2.3479087,1.4228349,0.76464194,0.43234721,0.19041066,0.069552407,0.032954808,407.0,234.5,175.25,151.875,128.375,94.125,54.875,26.375,0.5,0.70710677,1.118034,0.5,0.5,0.70710677,-2.3173535,-2.31024,-2.2421045,-8.1369658,-7.6726651,-7.5724907,1.1830378,201.25,241.0,177.375,84.5,40.625,17.75,6.25,2.375,0.26890156,0.12510288,1.2837062,1.2019308,1.1799746,1.2246078,1.2903776,1.5746545,1.9649042,1.8508234,0.30132407,0.8021425,1.572118,2.2211759,2.6041002,3.302587,3.9789376,4.2487311,1.2664497,300.3475,380.375,820.375,500.5,254.5,106.375,47.125,19.0,6.25,2.375,619.125,259.5,77.125,21.875,6.5,1.25,0.0,0.0,EXT588
C:/Users/MICROSOFT/Documents/nauval_mrnavac/cycpeptmp_standalone/runs/run_20260102_172000_moe/sdf/monomer.sdf,O=C[C@@](NC)Cc1nc[nH]c1,44.685238,0.39010805,69,O=C[C@@](NC)Cc1nc[nH]c1,352.10568,284.25879,67.846901,229.02643,123.07926,664.0285,158.55821,216.41188,505.47031,0.98749393,0.90671492,42.825775,19.541481,14.972268,14.655537,0.0073854816,-20.366026,0,4.6728048,7.7070012,3.9485681,-0.31673199,0.807311,0.19268903,0.65044796,0.34955204,1.8858784,0.45031425,0.12732457,0.22656898,0.88146514,975.10107,209.60538,815.46838,925.1283,2.5229967,2.5225537,1.051468,0.90011191,155.125,187.32352,2.0881443,0.087661289,3.0583813,2.3812227,1.540525,0.84079438,0.4407303,0.17936869,0.046716861,0.023100648,379.125,216.375,164.625,141.875,120.625,86.0,48.0,22.75,0.70710677,1.118034,0.5,0.5,0.70710677,0.5,-2.3855522,-2.3736885,-2.3332419,-8.0395336,-7.3823361,-7.2183175,1.1799604,217.125,268.125,205.5,92.0,40.5,14.75,4.25,1.875,0.28094155,0.11189427,0.82416719,0.70220786,0.73117173,0.85475409,0.90505332,1.3067516,1.8519082,1.8971473,0.21357009,0.46811536,0.71238434,1.1363177,1.5259486,2.1946759,4.1221485,4.2175956,1.2694744,299.43497,380.125,836.0,524.25,276.75,112.375,46.25,15.875,4.25,1.875,618.875,256.125,71.25,20.375,5.75,1.125,0.0,0.0,EXT589
C:/Users/MICROSOFT/Documents/nauval_mrnavac/cycpeptmp_standalone/runs/run_20260102_172000_moe/sdf/monomer.sdf,O=C[C@@](NC)Cc1nc[nH]c1,44.685238,0.39010805,143,O=C[C@@](NC)Cc1nc[nH]c1,351.52591,283.69058,67.835335,227.76149,123.76443,662.70117,158.53117,215.85524,504.17001,0.98749393,0.90662497,42.872696,19.561451,14.966774,14.653646,0.0077345558,-20.369751,0,4.6975379,7.7539191,3.9523253,-0.31312788,0.80702609,0.19297393,0.64792234,0.35207769,1.8852129,0.45098004,0.12726815,0.22653268,0.88146663,975.01288,209.5563,815.40948,925.05994,2.5228827,2.5226445,1.05153,0.89994496,155.125,187.18738,2.0087142,0.089217454,3.0529218,2.3694944,1.5360662,0.84058142,0.43714422,0.17738937,0.046634551,0.022632347,377.875,216.875,165.25,142.875,123.0,86.75,48.0,22.375,0.5,1.118034,0.70710677,0.5,0.70710677,0.5,-2.4043233,-2.344136,-2.3267503,-7.8000855,-7.6498442,-7.3205838,1.1768072,218.375,265.125,206.375,92.625,40.0,15.5,4.375,1.75,0.27987897,0.11373578,0.84035671,0.71769738,0.69902605,0.83023793,0.85293323,1.3828683,1.7814643,1.9543496,0.20961711,0.46743578,0.68292946,1.0819116,1.4782397,2.2005508,4.1027403,4.2207985,1.2745479,299.41989,381.625,834.0,525.5,277.75,113.0,46.25,16.25,4.375,1.75,615.625,260.375,71.375,20.375,6.25,0.75,0.0,0.0,EXT590
C:/Users/MICROSOFT/Documents/nauval_mrnavac/cycpeptmp_standalone/runs/run_20260102_172000_moe/sdf/monomer.sdf,O=C[C@@](NC)Cc1nc[nH]c1,44.685238,0.39010805,74,O=C[C@@](NC)Cc1nc[nH]c1,352.32117,284.2963,68.024872,229.47878,122.84239,664.11615,158.97412,216.27142,505.142,0.98829031,0.90683693,42.863701,19.558197,14.972069,14.658249,0.007609325,-20.372005,0,4.6898193,7.7449245,3.9498253,-0.31381902,0.80692369,0.19307631,0.65133405,0.34866592,1.8849738,0.45121935,0.1273258,0.22653228,0.88149869,975.08356,209.56799,815.48602,925.11316,2.5229743,2.522681,1.0515019,0.9001618,155.0,188.11575,2.0135586,0.088683069,3.0627058,2.3754857,1.5382935,0.83955979,0.43898383,0.17667258,0.04917001,0.02278717,381.375,217.25,164.75,141.75,119.5,84.75,46.25,21.625,0.5,0.70710677,0.5,0.5,0.70710677,0.5,-2.38324,-2.331656,-2.321022,-7.9171267,-7.408618,-7.3997207,1.1800127,221.625,262.375,200.5,92.125,40.125,14.625,4.875,2.0,0.27921093,0.11022928,0.86121297,0.70122212,0.69715929,0.81496662,0.80215216,1.2757615,1.7758553,1.8434856,0.21394628,0.46386522,0.75447971,1.1135273,1.457963,2.0896282,3.7917755,4.2074685,1.2685827,299.0542,379.375,839.5,521.875,273.875,111.625,46.0,15.625,4.875,2.0,617.875,259.5,73.375,19.5,5.875,1.0,0.0,0.0,EXT591
C:/Users/MICROSOFT/Documents/nauval_mrnavac/cycpeptmp_standalone/runs/run_20260102_172000_moe/sdf/monomer.sdf,O=C[C@@](NC)Cc1nc[nH]c1,44.685238,0.39010805,7,O=C[C@@](NC)Cc1nc[nH]c1,350.73367,283.29517,67.438515,229.57751,121.15616,661.77747,157.60382,215.85664,504.17368,0.98829031,0.90608215,42.891266,19.559599,14.964748,14.645608,0.0076855649,-20.372875,0,4.7284007,7.7724891,3.9499719,-0.31913996,0.80772156,0.19227841,0.65456367,0.34543633,1.8868376,0.44935468,0.12733087,0.22656403,0.88150603,975.03638,209.58334,815.43823,925.05127,2.5229132,2.5225685,1.0515316,0.90013951,155.0,188.38728,2.0079083,0.089286886,3.0529006,2.3690703,1.535549,0.84055835,0.43713331,0.17746469,0.046615798,0.022615047,378.25,216.5,165.375,143.0,123.125,86.75,48.125,22.375,0.5,1.118034,0.70710677,0.5,0.70710677,0.5,-2.4043863,-2.3436935,-2.3257999,-7.7998819,-7.6494837,-7.3191876,1.176811,218.625,265.25,206.25,92.875,40.0,15.5,4.375,1.75,0.27966744,0.11363637,0.83845973,0.71984863,0.69952673,0.83146274,0.8533904,1.3819699,1.7801031,1.9546664,0.20803151,0.46826223,0.68328297,1.0851324,1.4783411,2.2006433,4.1024709,4.22051,1.2745439,299.42084,381.625,834.25,525.625,277.625,113.25,46.25,16.25,4.375,1.75,615.625,260.375,71.375,20.375,6.25,0.75,0.0,0.0,EXT592
C:/Users/MICROSOFT/Documents/nauval_mrnavac/cycpeptmp_standalone/runs/run_20260102_172000_moe/sdf/monomer.sdf,O=C[C@@](NC)Cc1nc[nH]c1,44.685238,0.39010805,81,O=C[C@@](NC)Cc1nc[nH]c1,355.60333,285.94266,69.66066,230.4906,125.11271,667.96204,162.79697,216.282,505.1651,0.98749393,0.90581554,42.832119,19.564123,14.967758,14.652284,0.0080806985,-20.363615,0,4.6534657,7.7133451,3.9541676,-0.31547454,0.8041057,0.19589429,0.64816779,0.35183224,1.8783909,0.45780495,0.12733246,0.22657169,0.88146913,974.96301,209.57758,815.35406,924.99445,2.5228183,2.5224745,1.0515194,0.90011162,155.125,188.88292,2.0098777,0.089148194,3.0529237,2.3694532,1.5360166,0.84067684,0.43715024,0.17743041,0.046633746,0.022638319,377.625,216.375,165.125,142.75,123.0,86.75,48.0,22.375,0.5,1.118034,0.70710677,0.5,0.70710677,0.5,-2.40453,-2.3434334,-2.3257217,-7.7994537,-7.6531634,-7.3216624,1.1765575,218.25,265.125,206.375,92.75,40.0,15.5,4.375,1.75,0.28009084,0.11383538,0.8419807,0.71803528,0.70077515,0.83305174,0.85777617,1.3862367,1.7813548,1.9543459,0.20850125,0.46778953,0.68329287,1.0864795,1.4785906,2.200906,4.1029754,4.2210217,1.2749575,299.42172,381.75,834.0,525.5,277.75,113.125,46.25,16.25,4.375,1.75,615.75,260.375,71.375,20.375,6.25,0.75,0.0,0.0,EXT593
C:/Users/MICROSOFT/Documents/nauval_mrnavac/cycpeptmp_standalone/runs/run_20260102_172000_moe/sdf/monomer.sdf,O=C[C@@](NC)Cc1nc[nH]c1,44.685238,0.39010805,169,O=C[C@@](NC)Cc1nc[nH]c1,351.70657,283.33844,68.368149,228.26851,123.43809,661.8786,159.77635,214.97029,502.10223,0.98829031,0.90614957,42.840706,19.544758,14.970324,14.655123,0.0076696966,-20.372561,0,4.6824861,7.7219324,3.950671,-0.31520081,0.8056103,0.19438973,0.64903104,0.35096893,1.8819056,0.45428878,0.12735699,0.22659215,0.8814705,974.99084,209.60028,815.37012,925.01123,2.5228541,2.5224307,1.0514674,0.90018266,155.0,187.21066,2.0118463,0.089218877,3.0529957,2.3696363,1.5360007,0.84063649,0.43714985,0.17744622,0.046645351,0.022665445,378.0,216.5,165.25,143.0,122.875,87.0,48.0,22.375,0.5,1.118034,0.70710677,0.5,0.70710677,0.5,-2.404516,-2.3435001,-2.3252203,-7.8000536,-7.6570439,-7.3252296,1.1767732,218.375,265.125,206.75,93.0,40.0,15.375,4.375,1.75,0.27987897,0.11276224,0.8404991,0.72030288,0.70263124,0.83200502,0.85715699,1.3804055,1.7820072,1.9550959,0.20798209,0.46540758,0.68364829,1.0878328,1.4782463,2.2225611,4.1025963,4.2206297,1.2745847,299.41125,381.625,834.125,525.5,278.125,113.375,46.25,16.125,4.375,1.75,615.75,260.375,71.375,20.375,6.25,0.75,0.0,0.0,EXT594
C:/Users/MICROSOFT/Documents/nauval_mrnavac/cycpeptmp_standalone/runs/run_20260102_172000_moe/sdf/monomer.sdf,O=C[C@@](NC)Cc1nc[nH]c1,44.685238,0.39010808,194,O=C[C@@](NC)Cc1nc[nH]c1,351.50134,283.31561,68.185745,229.02396,122.4774,661.82526,159.35008,215.12987,502.47519,0.98749393,0.90597612,42.826485,19.571287,14.968739,14.648249,0.008033256,-20.369907,0,4.6459241,7.7077079,3.9529908,-0.32049027,0.80601567,0.1939843,0.65155923,0.34844077,1.8828527,0.45334131,0.1273583,0.22659115,0.88148421,975.08344,209.61801,815.45532,925.09351,2.522974,2.5226173,1.0514686,0.90025383,155.125,187.2888,2.0071816,0.089224257,3.0529013,2.3695731,1.535373,0.84055036,0.4370994,0.17734164,0.046582393,0.022585314,378.0,216.625,165.25,143.0,123.125,86.625,48.125,22.25,0.5,1.118034,0.70710677,0.5,0.70710677,0.5,-2.404176,-2.3442881,-2.3258564,-7.7987404,-7.6498551,-7.3160987,1.1773524,218.375,264.875,206.375,92.75,40.0,15.5,4.375,1.75,0.27987897,0.11363637,0.8396402,0.71819508,0.70098698,0.83117253,0.85312355,1.3804132,1.7805157,1.9486759,0.20775481,0.46781465,0.6829229,1.0860063,1.478092,2.2004128,4.1025209,4.2205648,1.2736795,299.42776,381.375,834.125,525.5,277.75,113.125,46.25,16.25,4.375,1.75,615.75,260.625,71.375,20.375,6.25,0.75,0.0,0.0,EXT595
C:/Users/MICROSOFT/Documents/nauval_mrnavac/cycpeptmp_standalone/runs/run_20260102_172000_moe/sdf/monomer.sdf,O=C[C@@](NC)Cc1nc[nH]c1,44.685238,0.39010808,23,O=C[C@@](NC)Cc1nc[nH]c1,354.15912,284.99274,69.166359,228.96223,125.19688,665.74304,161.64178,215.82639,504.10129,0.98749393,0.90615481,42.833118,19.552574,14.9611,14.647141,0.0076135173,-20.362778,0,4.6762753,7.7143431,3.9495139,-0.3139585,0.80470258,0.19529742,0.6464954,0.3535046,1.8797852,0.45641008,0.12732042,0.22652088,0.88151145,974.98584,209.5363,815.41553,925.01984,2.5228477,2.5225325,1.0513979,0.90008968,155.125,188.51581,2.0429232,0.087740563,3.0549364,2.3772185,1.5408565,0.83886623,0.43952051,0.1812443,0.047296088,0.021659456,377.625,213.875,163.375,140.625,119.625,85.625,47.75,22.625,0.5,1.2247449,1.6583124,0.5,0.5,1.0,-2.3993211,-2.3146212,-2.278213,-7.980957,-7.3823266,-7.3160892,1.1761653,214.875,264.625,204.0,92.5,40.0,16.625,4.75,1.625,0.28079572,0.12444445,0.83474106,0.71496016,0.69213921,0.82584697,0.84036857,1.2412033,1.852685,1.8451077,0.218859,0.46668717,0.70524764,1.0728192,1.4979258,2.3133457,4.1046982,4.2667246,1.2751043,299.19122,381.5,833.625,525.125,274.375,112.5,45.875,17.5,4.75,1.625,618.75,260.5,70.375,20.0,5.875,0.875,0.0,0.0,EXT596
C:/Users/MICROSOFT/Documents/nauval_mrnavac/cycpeptmp_standalone/runs/run_20260102_172000_moe/sdf/monomer.sdf,O=C[C@@](NC)Cc1nc[nH]c1,44.707378,0.41224572,59,O=C[C@@](NC)Cc1nc[nH]c1,356.86172,282.53549,74.32621,225.92842,130.93329,660.00293,173.70036,208.20929,486.30255,0.99957585,2.1232018,52.99485,19.819561,24.575607,24.478134,0.003639685,-27.337532,0,4.7541385,14.786449,3.9393766,-0.097472787,0.79172266,0.20827736,0.63309795,0.36690205,1.8494641,0.48674417,0.16055813,0.24688169,0.90868205,987.43158,226.18564,832.50739,916.17017,2.5388987,2.2791476,1.2965584,0.91324782,153.25,188.62891,3.747757,0.11139867,2.9960654,2.3255234,1.305297,0.72005904,0.40267485,0.17887516,0.074981406,0.034313489,419.875,241.75,180.125,154.375,135.0,101.25,57.0,26.375,1.2247449,0.5,1.5,0.5,0.5,0.70710677,-2.2177036,-2.1541889,-2.0992525,-8.048502,-7.9474998,-7.80162,1.1891763,226.5,241.375,173.5,83.375,40.875,17.625,7.0,2.875,0.26023594,0.11902834,1.2401398,1.2016003,1.1220928,1.1884782,1.2942117,1.4949253,2.1822491,2.2977166,0.30159158,0.88241005,1.686202,2.3006833,2.6559935,3.3873098,3.7785101,3.8731475,1.2651349,304.41415,385.125,811.75,478.375,237.375,101.125,46.875,18.375,7.0,2.875,585.25,237.0,63.875,17.75,6.0,0.75,0.0,0.0,EXT597
C:/Users/MICROSOFT/Documents/nauval_mrnavac/cycpeptmp_standalone/runs/run_20260102_172000_moe/sdf/monomer.sdf,O=C[C@@](NC)Cc1nc[nH]c1,44.707378,0.41224572,124,O=C[C@@](NC)Cc1nc[nH]c1,352.13208,278.08301,74.049072,223.70992,128.42216,649.60193,173.05267,204.03395,476.54926,0.99957585,2.1224384,52.935585,19.826172,24.586164,24.489611,0.0037566645,-27.330898,0,4.6772542,14.727184,3.9387884,-0.096553542,0.78971225,0.21028776,0.63530111,0.36469886,1.8447678,0.4914425,0.1605038,0.24683249,0.90865743,987.38336,226.13727,832.47266,916.1568,2.5388367,2.2792113,1.2964407,0.91311878,153.25,187.67625,3.7601616,0.11260943,2.9924748,2.3256528,1.2971151,0.7182591,0.39863741,0.18286404,0.074334301,0.031776287,423.0,241.25,180.0,154.25,133.125,101.75,59.0,27.0,0.5,1.2247449,1.5,0.70710677,0.5,1.118034,-2.1866372,-2.1525905,-2.1230764,-8.365696,-8.0969915,-8.0585175,1.1856852,228.0,244.875,174.625,82.75,39.25,17.125,6.125,2.375,0.24791667,0.11588331,1.2409352,1.1913098,1.0631098,1.1676526,1.2428421,1.4888783,2.2388563,2.2627513,0.29425406,0.86474383,1.7464637,2.2573509,2.7246249,3.3056557,3.8906794,3.9389751,1.2698202,303.98004,386.0,813.0,479.5,239.25,101.75,44.625,17.875,6.125,2.375,585.0,234.625,64.625,19.0,5.375,0.75,0.0,0.0,EXT598
C:/Users/MICROSOFT/Documents/nauval_mrnavac/cycpeptmp_standalone/runs/run_20260102_172000_moe/sdf/monomer.sdf,O=C[C@@](NC)Cc1nc[nH]c1,44.707378,0.41224572,58,O=C[C@@](NC)Cc1nc[nH]c1,353.54776,278.06326,75.484497,223.76598,129.78178,649.55579,176.40726,202.57877,473.14853,0.99957585,2.1232705,52.981293,19.834549,24.584532,24.488209,0.0037025718,-27.339317,0,4.7167706,14.772893,3.9380603,-0.096322112,0.7864942,0.21350579,0.63291585,0.36708418,1.8372505,0.49896303,0.16056858,0.24692236,0.90865052,987.44659,226.22537,832.48761,916.18018,2.538918,2.2791471,1.2965502,0.91327727,153.25,188.2682,3.7633493,0.11277109,2.9924035,2.3255308,1.2966998,0.71818727,0.39858794,0.18284209,0.074375831,0.031778764,423.125,241.0,180.25,154.375,133.0,101.875,59.125,26.875,0.5,1.2247449,1.5,0.70710677,0.5,1.118034,-2.186676,-2.1517236,-2.1228864,-8.3658361,-8.0971375,-8.0594749,1.1857771,227.875,244.875,174.5,82.75,39.375,17.125,6.125,2.375,0.24826629,0.11578947,1.2410986,1.1921693,1.0629042,1.1649095,1.2412487,1.4930388,2.2452371,2.2661922,0.29536965,0.86611956,1.7488813,2.2575324,2.7284253,3.3058171,3.8908932,3.9392025,1.2697217,304.0036,386.0,813.0,479.375,239.125,101.75,44.75,17.875,6.125,2.375,585.125,234.5,64.625,19.0,5.375,0.75,0.0,0.0,EXT599
C:/Users/MICROSOFT/Documents/nauval_mrnavac/cycpeptmp_standalone/runs/run_20260102_172000_moe/sdf/monomer.sdf,O=C[C@@](NC)Cc1nc[nH]c1,44.707378,0.41224572,27,O=C[C@@](NC)Cc1nc[nH]c1,351.43759,278.245,73.192589,225.96594,125.47165,649.98029,171.05109,205.05241,478.92923,0.99957585,2.1235418,52.938019,19.837706,24.584454,24.491562,0.0033263438,-27.345791,0,4.6663561,14.72962,3.9390697,-0.092892453,0.79173374,0.20826626,0.64297599,0.35702398,1.84949,0.48671824,0.16050309,0.24686126,0.90868926,987.51013,226.18631,832.58533,916.24872,2.5389998,2.2792768,1.2965008,0.91314298,153.25,187.21631,3.7588737,0.11273502,2.9923267,2.3253307,1.2968621,0.71805876,0.39841956,0.18279053,0.074287407,0.031715035,423.0,241.375,180.125,154.25,133.0,101.75,59.0,26.875,0.5,1.2247449,1.5,0.70710677,0.5,1.118034,-2.1864934,-2.1513333,-2.1230407,-8.3613663,-8.0969143,-8.0528049,1.1860909,227.75,244.75,174.5,82.625,39.25,17.125,6.125,2.375,0.24774462,0.11588331,1.2397773,1.1917038,1.0617619,1.1672702,1.2411221,1.4883622,2.2383451,2.2656627,0.29440761,0.86712009,1.7492012,2.2573659,2.7251604,3.3061814,3.8912749,3.939604,1.2692487,304.0184,385.875,812.75,479.25,239.125,101.75,44.625,17.875,6.125,2.375,585.0,234.5,64.625,19.125,5.375,0.75,0.0,0.0,EXT600
C:/Users/MICROSOFT/Documents/nauval_mrnavac/cycpeptmp_standalone/runs/run_20260102_172000_moe/sdf/monomer.sdf,O=C[C@@](NC)Cc1ccccc1,19.540398,0.0,137,O=C[C@@](NC)Cc1ccccc1,382.06473,260.62665,121.43806,321.59799,60.466717,620.29144,289.02258,139.18858,331.26883,0.91184354,0.81241691,44.007843,0.86649346,33.178539,36.893181,0.0018596257,-13.976295,0,2.5572081,4.5279827,3.6891,3.7146409,0.68215317,0.31784683,0.84173697,0.15826303,1.6235245,0.75647551,0.19950064,0.25030228,0.93334186,1172.4543,268.78738,1002.2703,1073.8512,2.6801636,2.4121461,1.3138303,1.077397,179.0,209.77654,4.7373376,0.24097644,2.8412929,2.1601062,0.88654852,0.43661469,0.21598545,0.083919093,0.044699468,0.022491479,582.75,324.375,234.125,206.25,181.625,147.625,82.375,29.875,0.5,7.0887237,6.9641943,0.86602539,0.5,0.70710677,-2.2425952,-2.204246,-2.1718924,-7.9407554,-7.4833412,-7.4529061,1.1916597,193.625,183.5,116.625,51.125,22.25,9.25,4.125,1.75,0.10945008,0.047878787,1.3626077,1.2529917,1.058579,1.1538357,1.2676674,1.6069371,1.9987912,2.3365529,0.38526845,1.5565556,3.1237915,3.6167655,3.6876557,3.8355901,4.1265364,4.0934129,1.3118981,329.38916,432.125,798.375,393.875,161.125,62.0,25.625,9.875,4.125,1.75,604.75,210.375,44.5,10.875,3.375,0.625,0.0,0.0,EXT601
C:/Users/MICROSOFT/Documents/nauval_mrnavac/cycpeptmp_standalone/runs/run_20260102_172000_moe/sdf/monomer.sdf,O=C[C@@](NC)Cc1ccccc1,19.540398,4.2972914e-10,143,O=C[C@@](NC)Cc1ccccc1,380.32214,261.58109,118.74106,318.1745,62.147644,622.56299,282.60373,142.84003,339.95926,0.91184354,0.81196088,44.051128,0.8683306,33.176971,36.889614,0.0020888408,-13.976397,0,2.5980322,4.5712695,3.693064,3.712642,0.68778819,0.31221181,0.83659208,0.16340791,1.6369359,0.74306411,0.19951139,0.25033224,0.93339306,1172.4304,268.80408,1002.2675,1073.7893,2.6801362,2.4121413,1.3138558,1.0774239,179.0,208.90919,4.7749052,0.24387802,2.8427927,2.160476,0.88247383,0.43338281,0.21547939,0.084028088,0.044665471,0.022396261,583.625,324.25,235.375,206.5,181.375,148.125,81.25,27.75,0.5,6.8190908,6.98212,0.5,0.86602539,0.70710677,-2.2252662,-2.2221854,-2.1763086,-7.8575606,-7.6666594,-7.4852204,1.1907774,192.5,189.125,116.375,51.125,22.625,9.375,4.5,1.75,0.10939989,0.048426151,1.3791382,1.2601309,1.1051509,1.1849116,1.2967322,1.6024898,1.899413,2.3330324,0.38216302,1.5352943,3.1309166,3.5794995,3.6905954,3.9795268,4.0875535,4.0711994,1.3136292,329.52603,432.875,797.0,395.625,160.375,62.125,25.75,10.0,4.5,1.75,604.5,206.5,44.0,11.0,3.125,0.625,0.0,0.0,EXT602
C:/Users/MICROSOFT/Documents/nauval_mrnavac/cycpeptmp_standalone/runs/run_20260102_172000_moe/sdf/monomer.sdf,O=C[C@@](NC)Cc1ccccc1,19.540398,6.2761529e-10,187,O=C[C@@](NC)Cc1ccccc1,384.13348,261.65817,122.4753,321.76535,62.368141,622.74646,291.49121,139.18288,331.25525,0.91184354,0.81248587,44.067329,0.86760646,33.180954,36.902828,0.0019615195,-13.979752,0,2.6032085,4.5874724,3.6917264,3.7218742,0.68116474,0.31883526,0.83763939,0.16236059,1.6211721,0.75882792,0.19952118,0.25033137,0.93335479,1172.2632,268.76962,1002.1014,1073.6554,2.679945,2.4120474,1.3138839,1.0774084,179.0,207.23615,4.7387505,0.24063849,2.8426344,2.1665816,0.88149637,0.43331945,0.21591803,0.083258726,0.044809904,0.021130566,580.5,322.375,233.0,203.5,182.125,147.75,79.25,28.5,0.5,6.8190908,6.98212,0.86602539,0.70710677,0.5,-2.2445891,-2.2294433,-2.1726224,-7.7421417,-7.656899,-7.4803514,1.1919744,191.5,189.25,117.375,51.25,23.0,9.25,4.75,1.875,0.1137339,0.048525799,1.3697404,1.2717984,1.1064806,1.1828392,1.2887586,1.6237515,1.9245573,2.3469636,0.39309782,1.5405993,3.1380186,3.5824137,3.652565,3.8708251,4.0871105,4.0370388,1.3124363,329.92078,433.0,799.0,397.5,161.125,62.125,26.5,9.875,4.75,1.875,607.5,208.25,43.75,10.875,3.5,0.625,0.0,0.0,EXT603
C:/Users/MICROSOFT/Documents/nauval_mrnavac/cycpeptmp_standalone/runs/run_20260102_172000_moe/sdf/monomer.sdf,O=C[C@@](NC)Cc1ccccc1,19.540398,1.2381065e-09,0,O=C[C@@](NC)Cc1ccccc1,385.1218,264.17856,120.94323,323.43069,61.691101,628.745,287.84488,143.23534,340.90009,0.91184354,0.81285006,44.017273,0.86819053,33.19577,36.910645,0.0020626001,-13.972766,0,2.5420325,4.5374136,3.6943431,3.7148736,0.68596107,0.3140389,0.83981407,0.16018595,1.6325874,0.74741262,0.19951358,0.25037396,0.93342775,1172.3082,268.81143,1002.1652,1073.6398,2.6799965,2.4120741,1.31381,1.0773998,179.0,208.79494,4.7406087,0.24123995,2.8425148,2.1619663,0.88162285,0.43697572,0.2167294,0.083331749,0.044840306,0.021781243,581.875,324.875,234.75,206.75,183.5,148.875,83.125,29.125,0.5,7.0887237,6.9641943,0.86602539,0.70710677,0.5,-2.2677934,-2.2125387,-2.1675832,-7.810823,-7.7634678,-7.4329009,1.1924105,190.875,185.5,117.5,52.25,22.5,9.125,4.25,1.875,0.11075612,0.047158405,1.3596565,1.2589753,1.062825,1.1598543,1.2721362,1.6103721,1.9764674,2.3508406,0.39258063,1.5458057,3.1266246,3.6082363,3.6886358,3.7762053,4.098752,4.0580273,1.3111985,329.66025,432.25,797.625,395.0,161.375,63.125,26.0,9.75,4.25,1.875,606.75,209.5,43.875,10.875,3.5,0.625,0.0,0.0,EXT604
C:/Users/MICROSOFT/Documents/nauval_mrnavac/cycpeptmp_standalone/runs/run_20260102_172000_moe/sdf/monomer.sdf,O=C[C@@](NC)Cc1ccccc1,19.540398,1.5926709e-09,46,O=C[C@@](NC)Cc1ccccc1,382.43176,262.24133,120.19042,322.48441,59.94735,624.1344,286.05319,142.05092,338.08118,0.91184354,0.81178731,44.017361,0.86931258,33.187431,36.899483,0.0019625193,-13.958707,0,2.5537672,4.5375004,3.6928346,3.7120514,0.68572062,0.31427941,0.84324694,0.15675306,1.632015,0.74798495,0.19951776,0.25035402,0.93338025,1172.3145,268.79977,1002.1505,1073.6787,2.6800036,2.4120371,1.3138301,1.0773946,179.0,209.96393,4.7346864,0.2412385,2.8413427,2.1598525,0.88653922,0.43658605,0.21575476,0.083909273,0.044699125,0.022473285,582.5,324.125,234.125,205.875,181.375,147.625,82.25,30.0,0.5,7.0887237,6.9641943,0.86602539,0.5,0.70710677,-2.2427125,-2.2039986,-2.1720591,-7.9366169,-7.4825501,-7.4537506,1.1914082,193.75,183.875,116.75,51.25,22.25,9.25,4.125,1.75,0.10945008,0.047966,1.363166,1.2533135,1.055361,1.1533327,1.2712561,1.6065799,1.9995736,2.3351128,0.38461921,1.5553533,3.1275952,3.6165142,3.6880848,3.8360507,4.126997,4.0938711,1.3123015,329.38315,432.25,798.625,393.875,161.25,62.125,25.625,9.875,4.125,1.75,604.875,210.0,44.5,10.875,3.375,0.625,0.0,0.0,EXT605
C:/Users/MICROSOFT/Documents/nauval_mrnavac/cycpeptmp_standalone/runs/run_20260102_172000_moe/sdf/monomer.sdf,O=C[C@@](NC)Cc1ccccc1,19.540398,1.6204638e-09,63,O=C[C@@](NC)Cc1ccccc1,380.48294,262.21063,118.27231,320.56485,59.918102,624.06134,281.4881,143.93834,342.57324,0.91184354,0.81248963,44.022629,0.86862665,33.188034,36.897839,0.0019168223,-13.970223,0,2.5631354,4.5427713,3.6911116,3.7098074,0.68915212,0.31084785,0.84252095,0.15747906,1.6401821,0.73981786,0.1995104,0.25032437,0.93341476,1172.4163,268.79065,1002.2723,1073.7695,2.68012,2.4120886,1.3136804,1.0773977,179.0,211.14973,4.7333198,0.24079628,2.841315,2.1594429,0.88661927,0.43662715,0.21579315,0.083915897,0.044701725,0.022471221,582.375,323.5,233.75,205.75,181.625,147.5,82.0,29.875,0.5,7.0887237,6.9641943,0.86602539,0.5,0.70710677,-2.2425115,-2.204319,-2.1720366,-7.9351592,-7.487,-7.4542103,1.191932,194.125,184.0,117.0,51.375,22.25,9.125,4.125,1.75,0.10962567,0.047387607,1.3627031,1.2538769,1.0542146,1.1510779,1.2671595,1.6103547,1.9973364,2.3361516,0.38538924,1.5576347,3.1256642,3.6056721,3.6882257,3.8301694,4.1271791,4.0940561,1.3114718,329.40091,432.0,798.75,394.0,161.375,62.25,25.625,9.75,4.125,1.75,604.625,210.0,44.375,10.875,3.375,0.625,0.0,0.0,EXT606
C:/Users/MICROSOFT/Documents/nauval_mrnavac/cycpeptmp_standalone/runs/run_20260102_172000_moe/sdf/monomer.sdf,O=C[C@@](NC)Cc1ccccc1,19.540398,1.6262476e-09,155,O=C[C@@](NC)Cc1ccccc1,380.65704,262.33542,118.32163,319.62723,61.029808,624.35828,281.60547,144.01378,342.75281,0.91184354,0.81146646,44.023926,0.87361258,33.186382,36.904667,0.0019574142,-13.964364,0,2.5516913,4.544066,3.6919949,3.718287,0.68916476,0.31083524,0.83967245,0.16032754,1.6402121,0.73978794,0.1995178,0.25029147,0.93336403,1172.4435,268.77188,1002.2795,1073.8356,2.680151,2.4121318,1.3138009,1.0774369,179.0,211.47758,4.7778444,0.24372071,2.8428249,2.1605575,0.88247943,0.43346635,0.21550702,0.084050931,0.04466816,0.022386609,583.5,324.375,235.25,206.5,181.375,147.875,81.125,27.75,0.5,6.8190908,6.98212,0.5,0.86602539,0.70710677,-2.2254927,-2.2221785,-2.1762679,-7.8526969,-7.6672225,-7.4828138,1.1907605,192.375,189.125,116.125,51.0,22.75,9.375,4.5,1.75,0.10998937,0.048426151,1.3796097,1.2598466,1.1043453,1.1847987,1.2979448,1.600335,1.9036175,2.3328056,0.38126674,1.5353705,3.1327808,3.5796671,3.6946075,3.9797015,4.0877314,4.071372,1.3136479,329.52136,432.875,796.875,395.75,160.25,62.125,25.875,10.0,4.5,1.75,604.5,206.625,44.125,11.125,3.125,0.625,0.0,0.0,EXT607
C:/Users/MICROSOFT/Documents/nauval_mrnavac/cycpeptmp_standalone/runs/run_20260102_172000_moe/sdf/monomer.sdf,O=C[C@@](NC)Cc1ccccc1,19.540398,1.8423592e-09,29,O=C[C@@](NC)Cc1ccccc1,379.45724,262.5036,116.95362,318.77621,60.681007,624.75861,278.34961,145.55,346.409,0.91184354,0.81222868,44.033722,0.88280165,33.184738,36.905933,0.0019218248,-13.974464,0,2.5521328,4.5538611,3.6909313,3.7211943,0.69178706,0.30821291,0.84008473,0.15991528,1.6464533,0.73354673,0.19954568,0.25034359,0.93335462,1172.2646,268.78159,1002.0969,1073.6508,2.6799467,2.4119241,1.3138429,1.0774194,179.0,209.69693,4.7324266,0.24115692,2.8413751,2.1602459,0.88678885,0.43667826,0.21582931,0.083928742,0.044686478,0.022455342,582.75,324.0,234.125,206.125,181.5,147.5,82.25,29.875,0.5,7.0887237,6.9641943,0.86602539,0.5,0.70710677,-2.2426653,-2.2042594,-2.1718543,-7.934617,-7.4817348,-7.4521394,1.1918591,193.875,183.875,117.0,51.375,22.25,9.25,4.125,1.75,0.10945008,0.047907822,1.3617473,1.2534038,1.0535711,1.1505857,1.2653204,1.6044722,1.9994755,2.336127,0.38591212,1.5548776,3.1252847,3.6053009,3.6878576,3.8359001,4.1268697,4.0937486,1.311552,329.38074,432.0,798.75,394.125,161.375,62.25,25.625,9.875,4.125,1.75,604.875,210.25,44.375,10.875,3.375,0.625,0.0,0.0,EXT608
C:/Users/MICROSOFT/Documents/nauval_mrnavac/cycpeptmp_standalone/runs/run_20260102_172000_moe/sdf/monomer.sdf,O=C[C@@](NC)Cc1ccccc1,19.540398,1.9786626e-09,73,O=C[C@@](NC)Cc1ccccc1,386.17209,263.13361,123.03848,325.32651,60.845592,626.258,292.83157,140.09512,333.42639,0.91184354,0.81257093,43.991558,0.85658032,33.183258,36.89777,0.0019275817,-13.972251,0,2.5439942,4.5116992,3.6912854,3.714514,0.68138951,0.31861049,0.84243917,0.15756083,1.6217071,0.75829297,0.19955181,0.25039488,0.93336958,1172.3727,268.8533,1002.1749,1073.7172,2.6800702,2.4120529,1.313844,1.0774935,179.0,209.4471,4.7352381,0.24090494,2.8410864,2.159601,0.88650233,0.43665606,0.21566798,0.083820999,0.044668403,0.022459587,582.375,323.75,233.75,205.875,181.375,147.625,82.25,30.0,0.5,7.0887237,6.9641943,0.86602539,0.5,0.70710677,-2.2426798,-2.2038572,-2.1721668,-7.9374642,-7.4824891,-7.4481063,1.1918559,194.0,183.625,116.875,51.375,22.25,9.125,4.125,1.75,0.10962567,0.047358833,1.3618528,1.2529047,1.0556339,1.1490515,1.2709745,1.6063039,1.999359,2.3350868,0.38624313,1.5563222,3.1266561,3.6057887,3.6883242,3.8205354,4.1271439,4.094018,1.3116821,329.44339,432.125,798.75,393.75,161.25,62.25,25.625,9.75,4.125,1.75,604.75,210.125,44.375,10.875,3.375,0.625,0.0,0.0,EXT609
C:/Users/MICROSOFT/Documents/nauval_mrnavac/cycpeptmp_standalone/runs/run_20260102_172000_moe/sdf/monomer.sdf,O=C[C@@](NC)Cc1ccccc1,19.540398,2.0173303e-09,85,O=C[C@@](NC)Cc1ccccc1,376.98822,261.89337,115.09485,316.03735,60.950859,623.30621,273.92575,146.79852,349.38049,0.91184354,0.81298923,43.983742,0.86359018,33.192101,36.908344,0.0019145617,-13.974262,0,2.5188808,4.5038843,3.6910119,3.7162457,0.69469911,0.30530092,0.83832157,0.16167842,1.6533839,0.7266162,0.19952868,0.25033653,0.93340009,1172.3929,268.79871,1002.2377,1073.7494,2.6800933,2.4120669,1.3138069,1.0774373,179.0,210.97897,4.7860899,0.2437011,2.842819,2.1603825,0.88261783,0.433465,0.21552269,0.084060565,0.044675499,0.022400787,583.375,324.375,235.25,206.5,181.375,148.375,81.25,27.625,0.5,6.8190908,6.98212,0.5,0.86602539,0.70710677,-2.2256613,-2.2230833,-2.1764092,-7.8542571,-7.6679688,-7.4797711,1.1907698,192.25,189.125,116.5,51.125,22.875,9.375,4.5,1.75,0.11052072,0.048426151,1.3790287,1.2613397,1.1071541,1.1839222,1.2986261,1.6016331,1.8993181,2.3451991,0.38131762,1.5375863,3.1316411,3.5839527,3.6997497,3.9799242,4.0879631,4.07162,1.3136376,329.5239,432.875,796.75,395.625,160.5,62.25,26.0,10.0,4.5,1.75,604.5,206.5,44.0,11.125,3.125,0.625,0.0,0.0,EXT610
C:/Users/MICROSOFT/Documents/nauval_mrnavac/cycpeptmp_standalone/runs/run_20260102_172000_moe/sdf/monomer.sdf,O=C[C@@](NC)Cc1ccccc1,19.540398,2.2156215e-09,33,O=C[C@@](NC)Cc1ccccc1,381.36536,261.82059,119.54475,319.63623,61.729111,623.133,284.51651,142.27585,338.61652,0.91184354,0.81230396,44.042175,0.86369419,33.184589,36.904625,0.0019687321,-13.981009,0,2.5798399,4.5623174,3.69205,3.7200351,0.68653482,0.31346518,0.83813655,0.16186345,1.6339529,0.74604708,0.19954619,0.25037211,0.93340695,1172.2865,268.80728,1002.1346,1073.631,2.6799717,2.4120388,1.3137902,1.0774721,179.0,210.17061,4.7387505,0.24060114,2.8426664,2.1677611,0.88140678,0.43332002,0.21594626,0.083288863,0.044815674,0.021145677,580.75,322.375,233.0,203.5,182.0,147.75,79.25,28.625,0.5,6.8190908,6.98212,0.86602539,0.70710677,0.5,-2.2445955,-2.2292914,-2.1725101,-7.7441945,-7.6579962,-7.4788408,1.1915452,191.375,189.125,117.25,51.375,23.0,9.25,4.75,1.875,0.1137339,0.048525799,1.3693104,1.2709513,1.1055671,1.1819108,1.2884803,1.6228964,1.924049,2.349369,0.39310202,1.5433722,3.1423054,3.5832784,3.6534111,3.8716035,4.0878868,4.0377975,1.3131617,329.92889,433.25,799.125,397.375,161.0,62.125,26.5,9.875,4.75,1.875,607.75,208.25,43.75,10.75,3.5,0.625,0.0,0.0,EXT611
C:/Users/MICROSOFT/Documents/nauval_mrnavac/cycpeptmp_standalone/runs/run_20260102_172000_moe/sdf/monomer.sdf,O=C[C@@](NC)Cc1ccccc1,19.540398,2.639883e-09,24,O=C[C@@](NC)Cc1ccccc1,381.21255,264.01608,117.19647,319.91656,61.29599,628.35834,278.92761,146.81963,349.43069,0.91184354,0.81236112,44.08289,0.86450571,33.187176,36.907047,0.0018708938,-13.979556,0,2.6175148,4.6030302,3.6919494,3.7198725,0.69256926,0.30743077,0.83920783,0.16079216,1.6483148,0.73168522,0.19958352,0.25037268,0.93336791,1172.2363,268.80112,1002.0675,1073.604,2.6799142,2.4119532,1.3138667,1.0775347,179.0,209.35161,4.7826772,0.24373439,2.8428361,2.1607223,0.88272744,0.43353796,0.21550235,0.084033012,0.044646028,0.022359433,583.5,324.5,235.25,206.625,181.25,147.875,81.125,27.75,0.5,6.8190908,6.98212,0.5,0.86602539,0.70710677,-2.2255728,-2.2223907,-2.1763613,-7.8513408,-7.6652737,-7.4764724,1.1911781,192.375,189.0,116.375,51.0,22.75,9.375,4.5,1.75,0.10998937,0.048396856,1.3812784,1.2616853,1.1098692,1.1875882,1.2998554,1.6005623,1.9038268,2.332967,0.38098577,1.5370657,3.1293273,3.5794239,3.6943567,3.9794374,4.0874658,4.0711064,1.3129344,329.50998,432.625,796.75,395.5,160.5,62.125,25.875,10.0,4.5,1.75,604.375,206.5,44.125,11.125,3.125,0.625,0.0,0.0,EXT612
C:/Users/MICROSOFT/Documents/nauval_mrnavac/cycpeptmp_standalone/runs/run_20260102_172000_moe/sdf/monomer.sdf,O=C[C@@](NC)Cc1ccccc1,19.540398,2.8239455e-09,50,O=C[C@@](NC)Cc1ccccc1,378.95392,261.9823,116.97163,318.40295,60.550968,623.51788,278.39246,145.01068,345.12543,0.91184354,0.81207764,43.970932,0.86600244,33.178604,36.890079,0.0019873511,-13.973351,0,2.5206366,4.4910712,3.692225,3.7114749,0.69133025,0.30866978,0.8402155,0.15978451,1.645366,0.73463404,0.19952981,0.25041965,0.93332356,1172.3901,268.88651,1002.1501,1073.7435,2.68009,2.4120722,1.3138911,1.0774428,179.0,209.22981,4.7302008,0.24099922,2.8413658,2.1607013,0.88654888,0.43660161,0.21572746,0.083885126,0.044678379,0.022451349,582.375,323.625,233.875,205.5,181.5,147.5,82.125,30.0,0.5,7.0887237,6.9641943,0.86602539,0.5,0.70710677,-2.2430282,-2.2040958,-2.1721604,-7.9342027,-7.4840941,-7.4548359,1.1916981,193.875,184.375,116.625,51.375,22.25,9.125,4.125,1.75,0.10956708,0.047445256,1.3619065,1.251838,1.0507052,1.1499074,1.267171,1.6100856,2.0009334,2.3347776,0.38566846,1.5548615,3.1269717,3.6059861,3.6885507,3.8305099,4.1275163,4.0943904,1.3118558,329.39978,432.125,798.875,394.375,161.125,62.25,25.625,9.75,4.125,1.75,605.0,210.0,44.5,10.875,3.375,0.625,0.0,0.0,EXT613
C:/Users/MICROSOFT/Documents/nauval_mrnavac/cycpeptmp_standalone/runs/run_20260102_172000_moe/sdf/monomer.sdf,O=C[C@@](NC)Cc1ccccc1,19.540398,2.8610572e-09,3,O=C[C@@](NC)Cc1ccccc1,383.46915,263.48502,119.98415,321.97046,61.498692,627.0943,285.56229,143.50085,341.53201,0.91120726,0.8131305,44.040016,0.8755036,33.188812,36.911869,0.0019288373,-13.977873,0,2.55864,4.5601563,3.6920729,3.7230589,0.6871087,0.31289127,0.83962548,0.16037455,1.6353188,0.74468124,0.19952001,0.2503657,0.93345106,1172.2389,268.78482,1002.124,1073.5688,2.6799171,2.4120607,1.3138068,1.0774112,179.125,209.59746,4.7818594,0.24396768,2.8431025,2.1604686,0.88243794,0.43344083,0.21552086,0.084033147,0.04467364,0.022382585,583.5,324.5,235.5,206.75,181.625,148.5,81.25,27.75,0.5,6.8190908,6.98212,0.5,0.86602539,0.70710677,-2.2253318,-2.2229316,-2.1765139,-7.8535013,-7.66675,-7.4840431,1.1909721,192.375,189.0,116.25,51.0,22.75,9.375,4.5,1.75,0.10987261,0.048367593,1.3792028,1.2620391,1.1082779,1.1859933,1.2938128,1.60588,1.8998234,2.3333127,0.3832213,1.5351793,3.1307714,3.5791526,3.6941102,3.9792607,4.0872922,4.0709491,1.3132881,329.51642,432.75,797.0,395.5,160.25,62.125,25.875,10.0,4.5,1.75,604.625,206.5,44.0,11.125,3.125,0.625,0.0,0.0,EXT614
C:/Users/MICROSOFT/Documents/nauval_mrnavac/cycpeptmp_standalone/runs/run_20260102_172000_moe/sdf/monomer.sdf,O=C[C@@](NC)Cc1ccccc1,19.540398,2.9551401e-09,66,O=C[C@@](NC)Cc1ccccc1,383.55417,262.73431,120.81985,322.97357,60.580597,625.30768,287.55124,141.91446,337.75641,0.91248077,0.81278521,43.992653,0.87242717,33.184258,36.902218,0.001934576,-13.976232,0,2.5249522,4.5127945,3.6911216,3.7179618,0.68499923,0.31500077,0.84205467,0.15794535,1.6302981,0.7497018,0.19950916,0.25034907,0.93338394,1172.3263,268.79733,1002.1652,1073.6902,2.6800172,2.4120562,1.3138213,1.0773798,178.875,211.64635,4.7402411,0.24095933,2.8414152,2.1596973,0.88668805,0.43663386,0.21577896,0.083933249,0.044680618,0.022457585,582.625,324.0,233.875,206.125,181.5,147.625,82.125,29.875,0.5,7.0887237,6.9641943,0.86602539,0.5,0.70710677,-2.2426074,-2.2042441,-2.1719568,-7.9362493,-7.4792776,-7.4505463,1.1918408,194.125,183.5,117.0,51.375,22.25,9.25,4.125,1.75,0.10956708,0.047907822,1.3628664,1.2548761,1.0612371,1.1556151,1.2710463,1.6065649,2.0010819,2.3361204,0.38708517,1.5535628,3.125479,3.6054823,3.6880214,3.8359869,4.1269407,4.0938196,1.3115722,329.37567,432.0,798.875,393.875,161.375,62.25,25.625,9.875,4.125,1.75,604.75,210.375,44.375,10.875,3.375,0.625,0.0,0.0,EXT615
C:/Users/MICROSOFT/Documents/nauval_mrnavac/cycpeptmp_standalone/runs/run_20260102_172000_moe/sdf/monomer.sdf,O=C[C@@](NC)Cc1ccccc1,19.540398,3.7793768e-09,186,O=C[C@@](NC)Cc1ccccc1,380.20285,261.37024,118.83263,320.39597,59.806911,622.06116,282.82166,142.53761,339.23953,0.91184354,0.81117254,44.034279,0.87171638,33.185562,36.899521,0.0020460514,-13.960733,0,2.568737,4.5544186,3.6922591,3.7139556,0.6874494,0.31255057,0.84269738,0.15730263,1.6361296,0.74387038,0.19952284,0.25034067,0.93335432,1172.2714,268.7804,1002.1038,1073.6586,2.6799543,2.4119675,1.3138607,1.0773771,179.0,209.11751,4.7341251,0.24108398,2.8413439,2.1603777,0.88664705,0.43660069,0.21578351,0.083883248,0.044690557,0.022471709,582.5,323.875,234.0,205.875,181.5,147.5,82.375,30.0,0.5,7.0887237,6.9641943,0.86602539,0.5,0.70710677,-2.2430761,-2.2041202,-2.1719184,-7.9365268,-7.4843006,-7.4530692,1.1918361,194.0,183.625,116.875,51.25,22.25,9.25,4.125,1.75,0.10950854,0.047966,1.363682,1.2546504,1.0554991,1.1536119,1.2633171,1.6050044,1.9894735,2.3354967,0.38530767,1.5544167,3.1237817,3.6055176,3.6874435,3.8355267,4.1264954,4.0933685,1.3115773,329.37439,432.0,798.625,393.75,161.25,62.125,25.625,9.875,4.125,1.75,604.625,210.125,44.375,10.875,3.375,0.625,0.0,0.0,EXT616
C:/Users/MICROSOFT/Documents/nauval_mrnavac/cycpeptmp_standalone/runs/run_20260102_172000_moe/sdf/monomer.sdf,O=C[C@@](NC)Cc1ccccc1,19.540398,3.7949484e-09,118,O=C[C@@](NC)Cc1ccccc1,384.02051,264.3945,119.62601,322.51263,61.507893,629.25897,284.7099,144.76851,344.54904,0.91184354,0.81275815,44.028397,0.86879867,33.183426,36.897549,0.0020378886,-13.982358,0,2.5688069,4.5485363,3.6912045,3.7141235,0.68849057,0.3115094,0.83983177,0.16016825,1.6386076,0.74139237,0.19957097,0.25037199,0.93343437,1172.4703,268.84595,1002.3087,1073.786,2.6801817,2.412086,1.3137946,1.0775601,179.0,212.75493,4.7379651,0.24168757,2.8418689,2.160373,0.88648558,0.43630698,0.21552682,0.08382567,0.044688158,0.022467816,582.75,324.375,234.25,206.375,181.75,147.75,82.375,29.875,0.5,7.0887237,6.9641943,0.86602539,0.5,0.70710677,-2.2422259,-2.2038791,-2.1720214,-7.9369469,-7.4810505,-7.4481211,1.1913174,193.875,183.5,116.75,51.25,22.25,9.25,4.125,1.75,0.10939167,0.047849789,1.3630234,1.2528847,1.0593673,1.1548615,1.2664224,1.6075654,1.9960966,2.3368323,0.38525441,1.5542102,3.1250761,3.6064136,3.6877453,3.8356056,4.1265321,4.0934062,1.3122749,329.29456,432.125,798.625,393.625,161.125,62.125,25.625,9.875,4.125,1.75,604.75,210.125,44.375,10.875,3.375,0.625,0.0,0.0,EXT617
C:/Users/MICROSOFT/Documents/nauval_mrnavac/cycpeptmp_standalone/runs/run_20260102_172000_moe/sdf/monomer.sdf,O=C[C@@](NC)Cc1ccccc1,19.540398,4.3329713e-09,23,O=C[C@@](NC)Cc1ccccc1,378.30191,261.2753,117.02663,317.42886,60.873062,621.83521,278.52338,144.24866,343.3118,0.91184354,0.81283826,44.026035,0.87339032,33.190636,36.904114,0.0018318321,-13.974646,0,2.5552154,4.5461783,3.6914876,3.7134778,0.69065285,0.30934718,0.83908868,0.16091132,1.6437538,0.73624629,0.1995368,0.25039351,0.93341941,1172.3138,268.83234,1002.1559,1073.6394,2.6800029,2.4120669,1.3138033,1.0774592,179.0,209.17126,4.7807956,0.24346593,2.8430691,2.1603179,0.88263559,0.43352565,0.21550198,0.084041223,0.044644687,0.022360643,583.375,324.375,235.0,206.5,181.125,148.125,81.125,27.75,0.5,6.8190908,6.98212,0.5,0.86602539,0.70710677,-2.2251441,-2.2221541,-2.1763444,-7.8514805,-7.6660848,-7.4756265,1.190997,192.25,188.75,116.25,51.0,22.75,9.375,4.5,1.75,0.11010639,0.048426151,1.3797474,1.2603128,1.1074641,1.1851358,1.2986926,1.6049608,1.9042311,2.3334544,0.38149285,1.5366894,3.1300428,3.579175,3.6940868,3.9791198,4.0871367,4.070787,1.3132606,329.52335,432.75,796.875,395.375,160.375,62.125,25.875,10.0,4.5,1.75,604.625,206.625,44.125,11.125,3.125,0.625,0.0,0.0,EXT618
C:/Users/MICROSOFT/Documents/nauval_mrnavac/cycpeptmp_standalone/runs/run_20260102_172000_moe/sdf/monomer.sdf,O=C[C@@](NC)Cc1ccccc1,19.540398,4.8367461e-09,43,O=C[C@@](NC)Cc1ccccc1,380.5433,261.41791,119.12542,320.38058,60.162731,622.17456,283.51849,142.29248,338.6561,0.91184354,0.81284785,43.975155,0.86721069,33.182709,36.90118,0.0019304778,-13.975515,0,2.5134494,4.495297,3.6913855,3.7184701,0.68695962,0.31304038,0.84190309,0.15809692,1.6349639,0.74503607,0.1995188,0.25032926,0.93340075,1172.4014,268.79364,1002.2487,1073.7604,2.6801028,2.4120531,1.3138115,1.0774045,179.0,208.13385,4.7289562,0.2413363,2.8425305,2.1620712,0.88164097,0.43695316,0.2166391,0.083327599,0.044826817,0.021758612,581.875,324.875,234.75,207.0,183.75,148.875,83.375,29.125,0.5,7.0887237,6.9641943,0.86602539,0.70710677,0.5,-2.2671974,-2.2130904,-2.1677094,-7.8137074,-7.7606235,-7.4315381,1.1924312,190.75,185.125,117.25,52.375,22.375,9.125,4.25,1.875,0.11022364,0.047101449,1.3618956,1.2617322,1.0621741,1.1600931,1.2680273,1.6112908,1.9762505,2.3502104,0.39171207,1.5484399,3.1254637,3.6012609,3.6781566,3.7768342,4.0993671,4.058651,1.3111756,329.66599,432.25,797.5,394.75,161.125,63.25,25.875,9.75,4.25,1.875,606.75,209.625,43.875,10.875,3.5,0.625,0.0,0.0,EXT619
C:/Users/MICROSOFT/Documents/nauval_mrnavac/cycpeptmp_standalone/runs/run_20260102_172000_moe/sdf/monomer.sdf,O=C[C@@](NC)Cc1ccccc1,19.540398,5.7589418e-09,57,O=C[C@@](NC)Cc1ccccc1,380.70941,261.25021,119.45921,318.57568,62.133751,621.77551,284.3129,141.79102,337.46262,0.91184354,0.81294996,44.011665,0.86308336,33.18314,36.893707,0.0019856116,-13.975621,0,2.5609443,4.5318074,3.6919446,3.7105677,0.68621945,0.31378055,0.83679479,0.16320518,1.6332023,0.74679768,0.19955496,0.25037912,0.93337625,1172.4066,268.84525,1002.2152,1073.7527,2.6801088,2.4119794,1.3138502,1.0774692,179.0,209.72348,4.784833,0.24373841,2.8427324,2.159961,0.8826111,0.43346399,0.21547933,0.084058136,0.044663392,0.022390952,583.5,324.5,235.25,206.625,181.25,147.875,81.125,27.75,0.5,6.8190908,6.98212,0.5,0.86602539,0.70710677,-2.2253745,-2.222213,-2.1764116,-7.8547006,-7.6686282,-7.4778752,1.190827,192.25,188.5,116.25,51.125,22.875,9.375,4.5,1.75,0.11052072,0.048396856,1.3796719,1.2607929,1.1058903,1.1831321,1.3005153,1.5952599,1.9035964,2.332732,0.38111642,1.5386231,3.1324856,3.5795882,3.6995609,3.9796131,4.0876451,4.0712805,1.3135744,329.53976,432.875,796.875,395.375,160.375,62.125,26.0,10.0,4.5,1.75,604.625,206.875,44.125,11.0,3.125,0.625,0.0,0.0,EXT620
C:/Users/MICROSOFT/Documents/nauval_mrnavac/cycpeptmp_standalone/runs/run_20260102_172000_moe/sdf/monomer.sdf,O=C[C@@](NC)Cc1ccccc1,19.540398,5.8252319e-09,153,O=C[C@@](NC)Cc1ccccc1,380.06656,259.32043,120.74614,319.48312,60.583454,617.18262,287.37582,138.57428,329.80679,0.91184354,0.81216449,44.012577,0.8660475,33.186768,36.898518,0.0020037408,-13.973241,0,2.5539603,4.5327182,3.6920485,3.7117488,0.68230265,0.31769735,0.84059781,0.15940221,1.6238803,0.75611967,0.19948548,0.25035575,0.93330789,1172.3877,268.82712,1002.1678,1073.7804,2.6800873,2.4121404,1.3138672,1.0773535,179.0,209.84309,4.7387505,0.24032657,2.8425858,2.1664972,0.88148576,0.4336766,0.2161788,0.083262466,0.044812292,0.021109788,580.625,322.375,233.0,203.5,182.0,147.625,79.25,28.375,0.5,6.8190908,6.98212,0.86602539,0.70710677,0.5,-2.2441936,-2.2284925,-2.1727588,-7.7384939,-7.6546078,-7.4797659,1.1920818,191.875,189.125,117.375,51.375,23.0,9.25,4.75,1.875,0.1137339,0.048525799,1.372108,1.2707592,1.1054981,1.1819023,1.2887887,1.6187567,1.9281707,2.3426886,0.3943176,1.5440028,3.1329331,3.5748093,3.6535888,3.8718128,4.0880919,4.0380211,1.3123181,329.9505,433.0,799.375,397.375,161.125,62.25,26.5,9.875,4.75,1.875,607.5,208.25,43.75,10.875,3.5,0.625,0.0,0.0,EXT621
C:/Users/MICROSOFT/Documents/nauval_mrnavac/cycpeptmp_standalone/runs/run_20260102_172000_moe/sdf/monomer.sdf,O=C[C@@](NC)Cc1ccccc1,19.540398,5.8765295e-09,16,O=C[C@@](NC)Cc1ccccc1,383.12167,264.56396,118.55771,320.93854,62.183151,629.66223,282.16736,146.00627,347.4949,0.91184354,0.81192935,44.018448,0.87463927,33.179943,36.892658,0.0019644296,-13.967255,0,2.5572801,4.5385871,3.6919038,3.7127156,0.69054818,0.30945185,0.83769345,0.16230653,1.6435046,0.73649538,0.19948131,0.25032365,0.93329567,1172.3331,268.78558,1002.1284,1073.7523,2.6800249,2.412113,1.3138524,1.07733,179.0,210.48354,4.7339668,0.24133727,2.8413601,2.160718,0.88675076,0.43668142,0.21578363,0.083902717,0.044686601,0.022457501,582.375,323.875,234.25,205.875,181.5,147.5,82.375,30.0,0.5,7.0887237,6.9641943,0.86602539,0.5,0.70710677,-2.2433383,-2.2041714,-2.1720369,-7.9338369,-7.4855151,-7.4526567,1.1918566,193.625,183.875,116.875,51.375,22.25,9.125,4.125,1.75,0.10939167,0.047358833,1.362927,1.2540131,1.0550065,1.1546702,1.2636254,1.6106205,1.9891801,2.3355658,0.38547942,1.5559442,3.1255116,3.6055069,3.688076,3.8300087,4.1270003,4.0938692,1.3115548,329.38007,432.0,798.375,394.0,161.375,62.25,25.625,9.75,4.125,1.75,604.75,210.125,44.5,10.875,3.375,0.625,0.0,0.0,EXT622
C:/Users/MICROSOFT/Documents/nauval_mrnavac/cycpeptmp_standalone/runs/run_20260102_172000_moe/sdf/monomer.sdf,O=C[C@@](NC)Cc1ccccc1,19.540398,6.4101719e-09,69,O=C[C@@](NC)Cc1ccccc1,382.97174,263.04517,119.9266,321.89688,61.074875,626.04749,285.42529,143.11856,340.62216,0.91184354,0.81206542,44.007801,0.8719191,33.184124,36.895603,0.0019499501,-13.965904,0,2.5469265,4.5279412,3.691402,3.7114806,0.68685263,0.31314737,0.84052384,0.15947618,1.6347092,0.74529076,0.19953813,0.25038496,0.93338108,1172.3528,268.83786,1002.1696,1073.6981,2.6800475,2.4120252,1.3137944,1.0774442,179.0,208.99217,4.735877,0.24096465,2.8411329,2.1599219,0.88672388,0.43672523,0.21573332,0.083799593,0.044662774,0.022450622,582.625,323.875,233.875,206.25,181.5,147.625,82.25,29.875,0.5,7.0887237,6.9641943,0.86602539,0.5,0.70710677,-2.242481,-2.2044766,-2.1719027,-7.935761,-7.4819045,-7.4485683,1.1922966,193.75,183.75,117.0,51.125,22.375,9.125,4.125,1.75,0.11010155,0.047272727,1.3630517,1.2558602,1.0613697,1.1549265,1.2678616,1.6067225,1.9994676,2.3361669,0.3874464,1.554234,3.1241393,3.6170006,3.6838419,3.8202572,4.1268983,4.0937762,1.3109443,329.43811,431.875,798.875,394.0,161.375,62.0,25.75,9.75,4.125,1.75,605.125,210.25,44.375,10.875,3.375,0.625,0.0,0.0,EXT623
C:/Users/MICROSOFT/Documents/nauval_mrnavac/cycpeptmp_standalone/runs/run_20260102_172000_moe/sdf/monomer.sdf,O=C[C@@](NC)Cc1ccccc1,19.540398,6.8675696e-09,113,O=C[C@@](NC)Cc1ccccc1,378.69055,261.62997,117.0606,317.94449,60.746059,622.67932,278.60422,144.56937,344.0751,0.91184354,0.81239444,44.013947,0.87109786,33.173748,36.892426,0.0020679585,-13.985182,0,2.555522,4.5340862,3.6928344,3.7186749,0.6908806,0.3091194,0.83958918,0.16041081,1.6442958,0.73570418,0.19952896,0.25033587,0.93337852,1172.3615,268.79352,1002.1979,1073.7314,2.6800573,2.4120982,1.3138024,1.0774521,179.0,209.71463,4.7730417,0.24399826,2.8428574,2.1606233,0.88255239,0.43347403,0.21550606,0.084061094,0.044672631,0.022397581,583.375,324.375,235.5,206.75,181.75,148.375,81.125,27.625,0.5,6.8190908,6.98212,0.5,0.86602539,0.70710677,-2.2249994,-2.2227082,-2.1764123,-7.8546977,-7.6692128,-7.4847736,1.1911339,192.125,188.875,116.25,51.0,22.625,9.375,4.5,1.75,0.10934182,0.048367593,1.3797009,1.2622696,1.1060673,1.1860143,1.2921503,1.6058894,1.9044939,2.3459256,0.38174573,1.5382705,3.1306725,3.5790491,3.6881945,3.9791424,4.0871682,4.0708337,1.3129832,329.49774,432.625,796.625,395.375,160.25,62.125,25.75,10.0,4.5,1.75,604.5,206.5,44.0,11.125,3.125,0.625,0.0,0.0,EXT624
C:/Users/MICROSOFT/Documents/nauval_mrnavac/cycpeptmp_standalone/runs/run_20260102_172000_moe/sdf/monomer.sdf,O=C[C@@](NC)Cc1ccccc1,19.540398,8.3508098e-09,58,O=C[C@@](NC)Cc1ccccc1,381.8519,263.95438,117.89754,320.50485,61.347054,628.21136,280.59613,146.05682,347.61526,0.91184354,0.81278062,43.998413,0.87062979,33.180073,36.889629,0.0020185676,-13.976817,0,2.5439959,4.5185542,3.692138,3.7095573,0.691248,0.308752,0.83934331,0.16065666,1.6451702,0.73482972,0.19952738,0.25038105,0.93337202,1172.5001,268.86905,1002.2917,1073.8395,2.6802158,2.4121654,1.3138607,1.0774778,179.0,209.69209,4.7392297,0.24066854,2.8412802,2.1583347,0.88636863,0.43653429,0.2157913,0.083952032,0.044722199,0.022502065,582.25,324.0,233.625,205.75,181.25,147.625,82.125,29.875,0.5,7.0887237,6.9641943,0.86602539,0.5,0.70710677,-2.242141,-2.2041519,-2.1720128,-7.9399881,-7.4857502,-7.4536071,1.1919372,193.625,183.5,116.625,51.25,22.25,9.25,4.125,1.75,0.10968433,0.047995139,1.3634206,1.2538897,1.0598203,1.1538681,1.2728975,1.606295,2.0008445,2.3359814,0.38593233,1.5557126,3.1285021,3.616715,3.6882656,3.8361928,4.1271391,4.0940185,1.3114661,329.40231,432.0,798.75,393.75,161.125,62.125,25.625,9.875,4.125,1.75,605.125,210.25,44.5,10.875,3.375,0.625,0.0,0.0,EXT625
C:/Users/MICROSOFT/Documents/nauval_mrnavac/cycpeptmp_standalone/runs/run_20260102_172000_moe/sdf/monomer.sdf,O=C[C@@](NC)Cc1ccccc1,19.540398,8.8670618e-09,166,O=C[C@@](NC)Cc1ccccc1,381.74414,259.64185,122.1023,320.8808,60.86335,617.94763,290.60349,137.53955,327.34412,0.91184354,0.81211358,44.018387,0.86248428,33.178543,36.891693,0.0021133143,-13.972657,0,2.5678439,4.538527,3.6942499,3.7131519,0.68014622,0.31985375,0.84056509,0.15943491,1.6187481,0.76125193,0.19951615,0.2504015,0.93338746,1172.3864,268.8605,1002.1946,1073.7177,2.6800859,2.4121232,1.3138292,1.0774287,179.0,209.18195,4.7378521,0.24135341,2.8417277,2.1585875,0.88652503,0.43641943,0.2154593,0.083730258,0.044667982,0.022458859,582.75,324.25,233.875,205.875,181.375,147.625,82.125,30.0,0.5,7.0887237,6.9641943,0.86602539,0.5,0.70710677,-2.2425046,-2.2043545,-2.1720796,-7.936451,-7.4838324,-7.4449577,1.1916602,194.125,183.625,117.0,51.0,22.25,9.125,4.125,1.75,0.10956708,0.047358833,1.3622469,1.2509899,1.05844,1.1535541,1.2710986,1.6063353,2.0010235,2.3348794,0.38632277,1.5576831,3.1272748,3.6029034,3.688251,3.8204725,4.1270871,4.0939636,1.311771,329.32574,432.0,798.875,393.875,161.375,61.875,25.625,9.75,4.125,1.75,604.75,210.25,44.375,10.875,3.375,0.625,0.0,0.0,EXT626
C:/Users/MICROSOFT/Documents/nauval_mrnavac/cycpeptmp_standalone/runs/run_20260102_172000_moe/sdf/monomer.sdf,O=C[C@@](NC)Cc1ccccc1,19.540398,1.3148231e-08,26,O=C[C@@](NC)Cc1ccccc1,378.52484,260.79471,117.73013,317.98447,60.540379,620.69141,280.19769,143.06458,340.49371,0.91184354,0.81215042,44.038692,0.87355715,33.184963,36.903618,0.0019262065,-13.976483,0,2.5680773,4.5588346,3.6915138,3.7186577,0.68897647,0.31102353,0.84006232,0.15993766,1.6397641,0.74023598,0.19949137,0.25034842,0.93340278,1172.3196,268.79288,1002.1713,1073.675,2.6800096,2.412097,1.3138362,1.07735,179.0,207.55762,4.7361431,0.24112847,2.8413124,2.1601505,0.88646108,0.43653283,0.21573038,0.083787113,0.044661622,0.022440406,582.375,323.75,234.0,205.875,181.625,147.625,82.25,30.0,0.5,7.0887237,6.9641943,0.86602539,0.5,0.70710677,-2.2427821,-2.204329,-2.172128,-7.9321289,-7.4863448,-7.4457188,1.1919097,193.75,184.0,116.625,51.25,22.25,9.125,4.125,1.75,0.10950854,0.047358833,1.362886,1.2543124,1.0565537,1.1546587,1.2646015,1.6063057,1.9903682,2.3350194,0.3849676,1.5540861,3.1276336,3.6064944,3.6884024,3.8207116,4.127336,4.0942087,1.3114965,329.39471,432.0,798.625,393.875,161.125,62.125,25.625,9.75,4.125,1.75,604.875,209.875,44.5,10.875,3.375,0.625,0.0,0.0,EXT627
C:/Users/MICROSOFT/Documents/nauval_mrnavac/cycpeptmp_standalone/runs/run_20260102_172000_moe/sdf/monomer.sdf,O=C[C@@](NC)Cc1ccccc1,19.540398,1.3522854e-08,150,O=C[C@@](NC)Cc1ccccc1,378.93024,261.36395,117.56629,318.39447,60.535767,622.0462,279.80777,143.79767,342.23846,0.91184354,0.81242067,44.031021,0.86467546,33.186832,36.906239,0.001896917,-13.972095,0,2.5683548,4.5511642,3.6898563,3.7194059,0.68974161,0.31025839,0.8402456,0.15975438,1.641585,0.73841494,0.19953822,0.25035596,0.93337739,1172.3127,268.80157,1002.1464,1073.6776,2.6800017,2.4121003,1.3137437,1.0774781,179.0,210.9402,4.7356386,0.24142988,2.8413987,2.1601179,0.88648933,0.43654364,0.21570112,0.083882369,0.044668593,0.022453537,582.75,324.25,234.25,206.25,181.625,147.625,82.125,29.875,0.5,7.0887237,6.9641943,0.86602539,0.5,0.70710677,-2.2426891,-2.2042696,-2.1720164,-7.935811,-7.4813695,-7.4505682,1.1916254,193.625,183.625,116.625,51.125,22.25,9.125,4.125,1.75,0.10939167,0.047272727,1.362532,1.2534913,1.0565286,1.1533679,1.2648821,1.6064876,2.0011652,2.3363106,0.38541681,1.5524049,3.1242647,3.6172457,3.6881454,3.8300495,4.1270499,4.093926,1.3119359,329.37967,432.125,798.5,393.75,161.125,62.0,25.625,9.75,4.125,1.75,604.875,210.125,44.5,10.875,3.375,0.625,0.0,0.0,EXT628
C:/Users/MICROSOFT/Documents/nauval_mrnavac/cycpeptmp_standalone/runs/run_20260102_172000_moe/sdf/monomer.sdf,O=C[C@@](NC)Cc1ccccc1,19.540398,1.7948317e-08,34,O=C[C@@](NC)Cc1ccccc1,381.13651,262.52332,118.6132,320.14444,60.992069,624.80548,282.29944,143.91011,342.50607,0.91184354,0.81211704,43.987602,0.86047661,33.177074,36.889378,0.0019758891,-13.970325,0,2.5442896,4.5077415,3.6914823,3.712301,0.68879074,0.31120923,0.83997315,0.16002683,1.639322,0.74067795,0.19952437,0.25037256,0.93337947,1172.3428,268.82397,1002.1657,1073.6958,2.6800358,2.4120293,1.3138797,1.0774089,179.0,209.33263,4.7728767,0.24416289,2.8427927,2.1603041,0.88234687,0.43339574,0.21546066,0.084040254,0.044671208,0.022407517,583.5,324.375,235.625,206.75,181.25,148.125,81.25,27.875,0.5,6.8190908,6.98212,0.5,0.86602539,0.70710677,-2.225435,-2.2224011,-2.1765041,-7.8556538,-7.669539,-7.4840851,1.1907549,192.0,189.0,116.125,51.125,22.625,9.375,4.5,1.75,0.10928382,0.048367593,1.3788549,1.2618735,1.1062621,1.1860565,1.3008876,1.5979185,1.8994282,2.3342402,0.38160527,1.5384816,3.1308758,3.5792899,3.6884947,3.979573,4.0876293,4.0712748,1.3136541,329.51978,432.875,796.75,395.5,160.25,62.125,25.75,10.0,4.5,1.75,604.75,206.5,44.125,11.0,3.125,0.625,0.0,0.0,EXT629
C:/Users/MICROSOFT/Documents/nauval_mrnavac/cycpeptmp_standalone/runs/run_20260102_172000_moe/sdf/monomer.sdf,O=C[C@@](NC)Cc1ccccc1,19.540398,2.021175e-08,176,O=C[C@@](NC)Cc1ccccc1,383.50858,264.42514,119.08343,321.63736,61.871208,629.33185,283.41855,145.34172,345.91327,0.91184354,0.81212133,44.043568,0.87329495,33.185879,36.900246,0.0020324953,-13.9747,0,2.5754781,4.5637093,3.6925173,3.7143672,0.68948954,0.31051049,0.83867061,0.1613294,1.640985,0.73901492,0.19949734,0.25032783,0.93336958,1172.394,268.79443,1002.2239,1073.7697,2.6800945,2.4120762,1.3137945,1.0773569,179.0,210.50949,4.7326379,0.2409243,2.8413529,2.1598153,0.88662195,0.43658644,0.21580663,0.083904557,0.044709042,0.022481479,582.375,323.625,233.875,205.875,181.25,147.5,82.375,30.0,0.5,7.0887237,6.9641943,0.86602539,0.5,0.70710677,-2.2432368,-2.2044294,-2.1719344,-7.9351106,-7.490869,-7.4497175,1.1918613,193.875,183.875,116.875,51.25,22.375,9.25,4.125,1.75,0.11010155,0.047966,1.3660941,1.2583914,1.0579253,1.1554825,1.2693199,1.6046727,1.9892155,2.3353655,0.38425642,1.5534769,3.1249182,3.605844,3.683697,3.8358109,4.126771,4.0936437,1.3115497,329.38135,432.0,798.625,393.875,161.25,62.125,25.75,9.875,4.125,1.75,604.75,210.0,44.375,10.875,3.375,0.625,0.0,0.0,EXT630
C:/Users/MICROSOFT/Documents/nauval_mrnavac/cycpeptmp_standalone/runs/run_20260102_172000_moe/sdf/monomer.sdf,O=C[C@@](NC)Cc1ccccc1,19.838469,0.29806986,189,O=C[C@@](NC)Cc1ccccc1,380.21838,259.70468,120.51373,318.23672,61.981659,618.09711,286.82266,139.19095,331.27444,0.91825598,1.2416885,44.53978,0.9566704,33.638954,37.325443,0.0015951869,-15.298749,0,2.5974672,5.3084226,3.6586013,3.6864896,0.6830408,0.3169592,0.83698404,0.16301595,1.6256371,0.75436294,0.113103,0.22307456,0.88272518,1179.2592,249.8459,988.66168,1120.0107,2.6879299,2.6523774,1.2279735,0.89201546,177.75,209.16666,4.8361282,0.18234937,2.8909345,2.2142196,0.99503118,0.49793279,0.25147879,0.11022541,0.05371245,0.028764667,551.125,314.25,226.625,201.875,179.125,144.5,84.0,35.75,1.118034,0.5,0.70710677,0.5,0.86602539,1.2247449,-2.4560778,-2.4517889,-2.4171531,-8.0254574,-7.7139659,-7.5402684,1.1811905,197.875,222.875,139.375,59.0,27.25,12.0,5.5,2.625,0.13678986,0.063157894,1.5226499,1.3476038,1.0973672,1.1585888,1.2962047,1.9295567,1.9535105,1.5471948,0.29233384,1.312663,2.8735685,3.4916549,3.7465692,4.1694727,4.4289727,4.3666196,1.3222483,325.86542,430.875,822.375,434.625,187.0,70.75,31.0,12.75,5.5,2.625,624.5,211.75,47.625,11.75,3.75,0.75,0.0,0.0,EXT631
C:/Users/MICROSOFT/Documents/nauval_mrnavac/cycpeptmp_standalone/runs/run_20260102_172000_moe/sdf/monomer.sdf,O=C[C@@](NC)Cc1ccccc1,19.838469,0.29806986,197,O=C[C@@](NC)Cc1ccccc1,379.2359,257.13773,122.09818,317.99506,61.240826,611.98773,290.59369,135.03954,321.39407,0.91825598,1.2414886,44.482796,0.94350284,33.62339,37.302101,0.0016946236,-15.292582,0,2.5752771,5.2514396,3.6602182,3.6787138,0.67804158,0.32195839,0.83851522,0.16148478,1.613739,0.76626098,0.11308554,0.22307555,0.88272154,1179.3718,249.8712,988.7533,1120.1191,2.6880584,2.6523907,1.227946,0.89195114,177.75,207.04413,4.8482904,0.18110991,2.8924825,2.2097812,0.99498999,0.49846995,0.25402245,0.10831247,0.054031346,0.029554697,545.875,311.625,225.625,200.75,178.625,144.0,87.375,35.375,0.5,0.70710677,0.5,0.5,0.70710677,1.118034,-2.5321794,-2.3689229,-2.349967,-8.1924963,-7.8824444,-7.6966052,1.1791095,190.875,222.5,137.875,57.75,26.125,11.375,5.75,2.75,0.13296399,0.05977584,1.5393609,1.3474551,1.1089797,1.1600449,1.2645459,1.8868595,1.9833165,1.580606,0.2971999,1.3101602,2.8907731,3.4964948,3.7449036,4.1599207,4.4402428,4.4243665,1.3261174,326.04581,432.375,814.375,433.25,185.25,70.5,30.0,12.0,5.75,2.75,623.5,210.75,47.375,12.75,3.875,0.625,0.0,0.0,EXT632
C:/Users/MICROSOFT/Documents/nauval_mrnavac/cycpeptmp_standalone/runs/run_20260102_172000_moe/sdf/monomer.sdf,O=C[C@@](NC)Cc1ccccc1,19.838469,0.29806986,123,O=C[C@@](NC)Cc1ccccc1,376.09985,255.29323,120.80662,315.46295,60.636906,607.5979,287.51974,134.48662,320.07816,0.91825598,1.241273,44.435505,0.93529981,33.613224,37.297058,0.0020404421,-15.284734,0,2.5402403,5.2041488,3.6608651,3.6838331,0.67879111,0.32120889,0.83877444,0.16122554,1.6155229,0.76447719,0.11307982,0.22313875,0.88269705,1179.2258,249.90645,988.58527,1119.9598,2.687892,2.6523304,1.2279581,0.89190823,177.75,209.52585,4.8391552,0.18201791,2.8907881,2.2141905,0.99514383,0.49797142,0.2516391,0.11021115,0.053748582,0.028816018,550.875,314.25,226.375,201.75,179.125,144.25,83.875,35.75,1.118034,0.5,0.70710677,0.5,0.86602539,1.2247449,-2.4573541,-2.452116,-2.4175432,-8.0301352,-7.7196951,-7.5410986,1.1812831,198.0,222.75,139.375,59.125,27.375,12.0,5.5,2.625,0.1374931,0.063197024,1.5209887,1.3498622,1.0975642,1.1602689,1.3000885,1.9342054,1.9559398,1.5473155,0.29216036,1.3114625,2.8703213,3.4909554,3.749373,4.168942,4.4284062,4.3660274,1.3221447,325.89096,430.875,822.625,434.625,187.0,70.75,31.125,12.75,5.5,2.625,624.625,211.875,47.625,11.625,3.75,0.75,0.0,0.0,EXT633
C:/Users/MICROSOFT/Documents/nauval_mrnavac/cycpeptmp_standalone/runs/run_20260102_172000_moe/sdf/monomer.sdf,O=C[C@@](NC)Cc1ccccc1,19.838469,0.29806986,9,O=C[C@@](NC)Cc1ccccc1,376.37601,255.98524,120.39076,315.54111,60.834904,609.24487,286.53003,135.59448,322.71487,0.91825598,1.2410885,44.446819,0.93750685,33.615467,37.295254,0.0020914578,-15.288244,0,2.5519271,5.2154617,3.6600385,3.6797879,0.68013167,0.31986833,0.83836669,0.16163333,1.6187134,0.76128662,0.11307173,0.22309993,0.88269091,1179.2798,249.87975,988.64484,1120.0352,2.6879535,2.6523106,1.2279321,0.89186972,177.75,207.45644,4.8403635,0.18218714,2.8908944,2.2140038,0.99517334,0.49802092,0.25156581,0.11027254,0.053746831,0.028805783,551.0,313.875,226.5,201.625,179.125,144.25,83.875,35.75,1.118034,0.5,0.70710677,0.5,0.86602539,1.2247449,-2.4555373,-2.4514782,-2.4175458,-8.0252647,-7.7185431,-7.5407171,1.1818674,198.0,222.75,139.375,59.125,27.375,12.0,5.5,2.625,0.13741721,0.063236207,1.5236591,1.3499302,1.0988293,1.1600521,1.2973077,1.9338428,1.9598213,1.5479206,0.29106823,1.3118407,2.8728311,3.490849,3.7490358,4.1686516,4.4281497,4.3657942,1.3211076,325.86295,430.5,822.625,434.625,186.875,70.75,31.125,12.75,5.5,2.625,624.625,211.875,47.5,11.625,3.75,0.75,0.0,0.0,EXT634
C:/Users/MICROSOFT/Documents/nauval_mrnavac/cycpeptmp_standalone/runs/run_20260102_172000_moe/sdf/monomer.sdf,O=C[C@@](NC)Cc1ccccc1,19.838469,0.29806986,39,O=C[C@@](NC)Cc1ccccc1,378.51019,258.12531,120.38491,317.25946,61.250732,614.3382,286.51608,137.74039,327.82211,0.91761065,1.2410508,44.469017,0.94311213,33.62677,37.303398,0.0016969328,-15.29044,0,2.5626926,5.2376609,3.658118,3.6766286,0.68195069,0.31804931,0.83817947,0.16182056,1.6230426,0.75695735,0.11307588,0.22309482,0.88268757,1179.3477,249.8894,988.70184,1120.104,2.6880307,2.652307,1.2279631,0.8918848,177.875,209.66512,4.8395929,0.18201059,2.8908656,2.2141674,0.99504972,0.49797288,0.25152615,0.11024124,0.053731337,0.028773366,550.875,313.75,226.25,201.375,179.0,144.25,83.875,35.625,1.118034,0.5,0.70710677,0.5,0.86602539,1.2247449,-2.4571002,-2.4520345,-2.4182146,-8.0229378,-7.717206,-7.5414934,1.181437,197.625,222.75,139.375,59.0,27.375,12.0,5.5,2.625,0.13756905,0.063314714,1.520848,1.3485711,1.0975958,1.1585313,1.2992479,1.9371201,1.9595931,1.5613829,0.29211867,1.3131412,2.8730023,3.4946842,3.7492304,4.1687531,4.428236,4.3658962,1.3218446,325.87036,430.75,822.5,434.75,187.0,70.625,31.125,12.75,5.5,2.625,624.875,212.0,47.625,11.625,3.75,0.75,0.0,0.0,EXT635
C:/Users/MICROSOFT/Documents/nauval_mrnavac/cycpeptmp_standalone/runs/run_20260102_172000_moe/sdf/monomer.sdf,O=C[C@@](NC)Cc1ccccc1,19.838469,0.29806986,198,O=C[C@@](NC)Cc1ccccc1,380.20035,256.59772,123.60265,318.75055,61.449818,610.70251,294.17432,132.99506,316.52823,0.91761065,1.2413142,44.504185,0.94464833,33.625889,37.319923,0.0017729991,-15.289932,0,2.5782294,5.2728276,3.6596112,3.6940312,0.67490125,0.32509872,0.83837515,0.16162482,1.6062651,0.77373499,0.11308276,0.22305521,0.88272935,1179.1364,249.80002,988.57056,1119.9022,2.6877902,2.652271,1.2278727,0.89189988,177.875,209.70186,4.8403635,0.1821989,2.8910027,2.2143059,0.99530464,0.4980478,0.25157052,0.11028624,0.053741403,0.028793158,550.625,314.0,226.5,201.75,179.25,144.5,84.0,35.75,1.118034,0.5,0.70710677,0.5,0.86602539,1.2247449,-2.4562218,-2.4518647,-2.4183099,-8.0276928,-7.7165585,-7.5395241,1.1815403,197.625,222.875,139.5,59.125,27.375,12.0,5.5,2.625,0.13741721,0.063197024,1.5206692,1.3495125,1.0986528,1.1598507,1.3031938,1.9302371,1.9540924,1.5477475,0.29315016,1.3116158,2.8709626,3.491009,3.7491789,4.1687593,4.4282546,4.3659091,1.3216013,325.83582,430.625,822.25,434.75,187.125,70.75,31.125,12.75,5.5,2.625,624.625,211.875,47.625,11.625,3.75,0.75,0.0,0.0,EXT636
C:/Users/MICROSOFT/Documents/nauval_mrnavac/cycpeptmp_standalone/runs/run_20260102_172000_moe/sdf/monomer.sdf,O=C[C@@](NC)Cc1ccccc1,19.838469,0.29806986,165,O=C[C@@](NC)Cc1ccccc1,382.71378,258.3129,124.40089,319.95865,62.755138,614.78467,296.0741,133.912,318.71057,0.91825598,1.2408795,44.50563,0.94180673,33.629047,37.308174,0.0017691597,-15.281548,0,2.5944779,5.2742739,3.6594012,3.6791275,0.6749506,0.3250494,0.83602589,0.16397408,1.6063824,0.77361757,0.11307669,0.22310299,0.88268721,1179.2373,249.87425,988.60535,1119.9951,2.6879051,2.6522973,1.2279689,0.89188474,177.75,208.33173,4.8464751,0.18098626,2.8922658,2.2100909,0.99516058,0.49853352,0.25406849,0.10834464,0.054068971,0.029582316,545.75,311.5,225.5,200.625,178.375,143.875,87.5,35.375,0.5,0.70710677,0.5,0.5,0.70710677,1.118034,-2.5327704,-2.3693483,-2.351361,-8.1936493,-7.8900995,-7.6990757,1.1788204,190.375,222.625,137.875,57.875,26.125,11.375,5.75,2.75,0.1330377,0.059813086,1.5398411,1.347245,1.10744,1.1581498,1.2635007,1.8836073,1.9826798,1.580495,0.29656065,1.3087327,2.8883963,3.4928803,3.7448766,4.1598434,4.4401617,4.4242887,1.3265703,326.02872,432.5,814.375,433.5,185.375,70.625,30.0,12.0,5.75,2.75,624.0,210.875,47.5,12.75,3.875,0.625,0.0,0.0,EXT637
C:/Users/MICROSOFT/Documents/nauval_mrnavac/cycpeptmp_standalone/runs/run_20260102_172000_moe/sdf/monomer.sdf,O=C[C@@](NC)Cc1ccccc1,19.838469,0.29806986,71,O=C[C@@](NC)Cc1ccccc1,380.26758,258.34161,121.92599,318.45212,61.81546,614.85303,290.18387,136.4156,324.66916,0.91825598,1.2411458,44.48275,0.93911046,33.616154,37.296135,0.0018190659,-15.286079,0,2.5854468,5.2513924,3.6602364,3.6799834,0.6793679,0.32063207,0.83744222,0.1625578,1.6168957,0.76310438,0.11311151,0.22310254,0.88271993,1179.3243,249.88837,988.69983,1120.0605,2.6880043,2.6524379,1.2279654,0.8920694,177.75,207.49704,4.8406014,0.18244098,2.890985,2.2142801,0.9951846,0.49785137,0.2514933,0.11025432,0.053724151,0.028772544,551.0,314.25,226.75,202.0,179.25,144.375,83.875,35.75,1.118034,0.5,0.70710677,0.5,0.86602539,1.2247449,-2.455318,-2.4512351,-2.4172926,-8.0303898,-7.7119393,-7.5348172,1.1816375,198.0,222.875,139.625,58.875,27.125,11.875,5.5,2.625,0.13616318,0.0625,1.5207533,1.3454747,1.0949061,1.155834,1.2951117,1.9358532,1.9560404,1.5474648,0.29167894,1.3139541,2.8714941,3.4896591,3.7541351,4.1762257,4.4289355,4.36655,1.3214926,325.86261,430.625,822.625,434.5,187.0,70.625,30.875,12.625,5.5,2.625,624.625,211.625,47.375,11.75,3.75,0.75,0.0,0.0,EXT638
C:/Users/MICROSOFT/Documents/nauval_mrnavac/cycpeptmp_standalone/runs/run_20260102_172000_moe/sdf/monomer.sdf,O=C[C@@](NC)Cc1ccccc1,19.838469,0.29806986,41,O=C[C@@](NC)Cc1ccccc1,376.17957,255.23079,120.94877,315.11594,61.063629,607.44928,287.85806,134.28203,319.59122,0.91761065,1.2415177,44.491089,0.94036126,33.628292,37.315002,0.0017997919,-15.293066,0,2.5734997,5.2597313,3.6604238,3.6867089,0.67848128,0.32151872,0.83767426,0.16232574,1.6147854,0.76521456,0.11304426,0.22309823,0.88266122,1179.3134,249.88869,988.65436,1120.0836,2.6879916,2.6523902,1.2279959,0.89178807,177.875,206.53943,4.8403635,0.1821733,2.8909371,2.2144802,0.99530917,0.49785376,0.25158972,0.11026686,0.053748287,0.028781865,551.0,314.125,226.5,201.75,179.25,144.5,84.0,35.75,1.118034,0.5,0.70710677,0.5,0.86602539,1.2247449,-2.456943,-2.4519382,-2.4199209,-8.0229139,-7.7175994,-7.540339,1.1816161,197.75,223.0,139.375,59.0,27.375,12.0,5.5,2.625,0.13741721,0.063197024,1.5221533,1.3494563,1.0986856,1.1598938,1.2968957,1.93022,1.9540434,1.5477161,0.29195887,1.3130697,2.8729126,3.4945586,3.7491591,4.1687288,4.4282188,4.3658705,1.3215164,325.85672,430.625,822.375,434.75,187.0,70.625,31.125,12.75,5.5,2.625,624.625,211.75,47.625,11.625,3.75,0.75,0.0,0.0,EXT639
C:/Users/MICROSOFT/Documents/nauval_mrnavac/cycpeptmp_standalone/runs/run_20260102_172000_moe/sdf/monomer.sdf,O=C[C@@](NC)Cc1ccccc1,19.838469,0.29806986,109,O=C[C@@](NC)Cc1ccccc1,379.56882,257.19531,122.37349,317.1329,62.435905,612.12482,291.2489,134.82182,320.87595,0.91761065,1.2420677,44.528393,0.94242126,33.627422,37.304146,0.0020460596,-15.301986,0,2.6172097,5.2970376,3.6625698,3.6767256,0.67759866,0.32240134,0.83550835,0.16449167,1.6126848,0.76731521,0.11307041,0.22311534,0.88266659,1179.2739,249.89682,988.61682,1120.0343,2.6879468,2.6523683,1.2280363,0.89188385,177.875,208.0063,4.8420296,0.18303482,2.8872349,2.2066405,1.0012493,0.49351588,0.25214666,0.10518466,0.054249108,0.029312171,550.0,311.375,227.5,200.125,177.875,142.375,84.75,34.75,0.5,0.70710677,0.5,0.70710677,0.5,0.5,-2.4312301,-2.4109316,-2.4004962,-8.228116,-7.7439651,-7.544292,1.1806355,195.625,217.5,137.875,59.125,25.875,11.875,5.375,3.0,0.13131869,0.061836351,1.5336961,1.3616552,1.1294383,1.1778805,1.2874025,1.9695934,2.0652544,1.6055632,0.29489222,1.3203415,2.8500621,3.4811957,3.7172124,4.2562833,4.426537,4.373085,1.3240204,326.27899,432.0,819.125,431.875,185.0,71.125,29.875,12.375,5.375,3.0,623.5,214.375,47.125,12.0,4.0,0.5,0.0,0.0,EXT640
C:/Users/MICROSOFT/Documents/nauval_mrnavac/cycpeptmp_standalone/runs/run_20260102_172000_moe/sdf/monomer.sdf,O=C[C@@](NC)Cc1ccccc1,19.838469,0.29806986,62,O=C[C@@](NC)Cc1ccccc1,377.16672,255.66016,121.50656,316.71979,60.446945,608.47119,289.18561,134.15359,319.28555,0.91890216,1.2416379,44.514843,0.94631124,33.62579,37.313541,0.0017928488,-15.299927,0,2.5937684,5.2834854,3.6594265,3.687752,0.67784387,0.3221561,0.83973414,0.16026585,1.6132685,0.76673156,0.1130861,0.22305642,0.8827315,1179.2662,249.82849,988.68024,1120.0238,2.687938,2.6524038,1.2278922,0.89195776,177.625,207.76337,4.8485761,0.18334949,2.8871727,2.2065785,1.0014598,0.49347913,0.25212792,0.10517316,0.054222412,0.029315038,550.25,312.0,227.875,200.625,178.0,142.5,84.625,34.75,0.5,0.70710677,0.5,0.70710677,0.5,0.5,-2.4313302,-2.4110389,-2.4004581,-8.2310295,-7.7395978,-7.5475025,1.1804119,195.25,217.0,138.0,59.125,25.875,11.875,5.375,3.0,0.13110258,0.061682243,1.5349127,1.3621143,1.1366478,1.1827066,1.2871411,1.9682602,2.0649736,1.6060864,0.29454046,1.3173759,2.8478491,3.4806094,3.7166464,4.255743,4.4259849,4.3725471,1.3243988,326.28015,432.125,818.75,431.75,185.0,71.125,29.875,12.375,5.375,3.0,623.5,214.75,47.0,12.0,4.0,0.5,0.0,0.0,EXT641
C:/Users/MICROSOFT/Documents/nauval_mrnavac/cycpeptmp_standalone/runs/run_20260102_172000_moe/sdf/monomer.sdf,O=C[C@@](NC)Cc1ccccc1,19.838469,0.29806986,19,O=C[C@@](NC)Cc1ccccc1,378.92346,255.41588,123.50758,317.56403,61.35944,607.88977,293.94806,131.90829,313.94174,0.91825598,1.2417784,44.521931,0.94647223,33.622711,37.305141,0.0019837723,-15.301164,0,2.6076012,5.290575,3.6607325,3.6824322,0.67405665,0.32594335,0.83806902,0.16193096,1.6042548,0.77574521,0.11311268,0.22311363,0.88273466,1179.3009,249.89275,988.68451,1120.0247,2.6879776,2.6523254,1.2279253,0.89203614,177.75,206.94243,4.845295,0.18305033,2.8872192,2.2064197,1.001464,0.49346727,0.2521154,0.10516147,0.054232322,0.029304471,549.875,311.375,227.5,200.125,177.875,142.5,84.75,34.75,0.5,0.70710677,0.5,0.70710677,0.5,0.5,-2.4314675,-2.4110115,-2.4006045,-8.2289982,-7.745214,-7.5432363,1.1806816,195.5,217.375,137.875,59.125,25.875,11.875,5.375,3.0,0.13131869,0.061836351,1.5334409,1.3614175,1.1323189,1.1820762,1.2920865,1.9726694,2.0649168,1.6053783,0.29542091,1.3205132,2.8491433,3.4813936,3.7174265,4.2565141,4.4267573,4.3733153,1.3239685,326.29175,432.0,819.125,431.875,184.875,71.125,29.875,12.375,5.375,3.0,623.625,214.5,47.0,12.0,4.0,0.5,0.0,0.0,EXT642
C:/Users/MICROSOFT/Documents/nauval_mrnavac/cycpeptmp_standalone/runs/run_20260102_172000_moe/sdf/monomer.sdf,O=C[C@@](NC)Cc1ccccc1,19.838469,0.29806986,171,O=C[C@@](NC)Cc1ccccc1,379.07468,256.89923,122.17545,318.35965,60.715038,611.42017,290.77756,134.7238,320.64264,0.91761065,1.2414832,44.491123,0.94094706,33.614063,37.29863,0.002038108,-15.29658,0,2.5893724,5.2597666,3.6601367,3.6845665,0.67770088,0.32229915,0.83983356,0.16016643,1.612928,0.76707196,0.11309505,0.22306779,0.88274258,1179.3115,249.84816,988.72009,1120.0548,2.6879897,2.6523948,1.2279295,0.89198995,177.875,208.89893,4.8394241,0.18219326,2.8908627,2.2144158,0.99523437,0.49813017,0.25168291,0.11023208,0.053744879,0.028813833,551.0,314.125,226.625,201.875,179.125,144.5,84.0,35.75,1.118034,0.5,0.70710677,0.5,0.86602539,1.2247449,-2.4552362,-2.4516523,-2.4179866,-8.0270348,-7.7200198,-7.5412602,1.1817008,197.875,222.75,139.25,59.125,27.375,12.0,5.5,2.625,0.13734142,0.063157894,1.5234741,1.3484735,1.0979608,1.1591568,1.2967833,1.934467,1.9540673,1.5478077,0.29035458,1.3112431,2.8721156,3.4910529,3.749263,4.1689162,4.4284234,4.366066,1.3214216,325.8801,430.625,822.625,434.5,186.75,70.75,31.125,12.75,5.5,2.625,624.75,211.75,47.5,11.625,3.75,0.75,0.0,0.0,EXT643
C:/Users/MICROSOFT/Documents/nauval_mrnavac/cycpeptmp_standalone/runs/run_20260102_172000_moe/sdf/monomer.sdf,O=C[C@@](NC)Cc1ccccc1,19.838469,0.29806986,181,O=C[C@@](NC)Cc1ccccc1,382.37198,257.84113,124.53088,320.53278,61.839199,613.66187,296.38348,133.31024,317.27838,0.91890216,1.2414722,44.536453,0.94388616,33.625153,37.309669,0.0020971047,-15.294087,0,2.6193058,5.3050966,3.6614928,3.6845183,0.6743201,0.3256799,0.83827478,0.16172524,1.6048818,0.77511817,0.11309833,0.22309642,0.88271064,1179.1963,249.8562,988.58923,1119.9471,2.6878583,2.6523225,1.2279426,0.89197862,177.625,209.47125,4.8379064,0.18262336,2.8871224,2.2065015,1.0011351,0.4935827,0.25326234,0.10518077,0.05426795,0.029344719,550.0,311.75,228.0,200.75,178.0,142.5,84.75,34.75,0.5,0.70710677,0.5,0.70710677,0.5,0.5,-2.4312236,-2.4107893,-2.4003322,-8.2320414,-7.7514892,-7.5454149,1.1806719,195.5,216.875,137.875,59.125,26.0,12.0,5.375,3.0,0.13157895,0.062266499,1.5369375,1.3640049,1.1370704,1.1851956,1.2902684,1.9729137,2.0651057,1.6055765,0.29436812,1.3182486,2.8524315,3.4810653,3.7054777,4.2275033,4.4263883,4.3729463,1.3239794,326.28909,432.0,819.0,431.875,184.875,71.125,30.0,12.5,5.375,3.0,623.5,215.0,47.0,12.0,4.0,0.5,0.0,0.0,EXT644
C:/Users/MICROSOFT/Documents/nauval_mrnavac/cycpeptmp_standalone/runs/run_20260102_172000_moe/sdf/monomer.sdf,O=C[C@@](NC)Cc1ccccc1,19.838469,0.29806986,108,O=C[C@@](NC)Cc1ccccc1,379.54367,259.45105,120.09261,317.81891,61.724762,617.49353,285.82043,139.35844,331.6731,0.91825598,1.2411692,44.47575,0.94479001,33.613571,37.294868,0.0018557027,-15.290721,0,2.5746992,5.2443948,3.6595385,3.6812963,0.68358684,0.31641316,0.83737111,0.16262887,1.6269367,0.75306332,0.11309221,0.22310805,0.88269579,1179.2856,249.88852,988.64899,1120.0337,2.6879601,2.6523972,1.2278928,0.89197952,177.75,209.38213,4.8372998,0.18232933,2.8909111,2.2117867,0.99503589,0.49780601,0.25150281,0.11027106,0.053749867,0.028814932,551.0,314.25,226.625,201.75,179.125,144.375,83.875,35.75,1.118034,0.5,0.70710677,0.5,0.86602539,1.2247449,-2.4558895,-2.4515102,-2.417269,-8.0327005,-7.7159758,-7.533978,1.1812074,198.125,222.75,139.875,58.875,27.25,11.875,5.5,2.625,0.13678986,0.062577449,1.5230621,1.3489336,1.0987859,1.1594428,1.2968963,1.930766,1.9561238,1.547443,0.29132199,1.3141084,2.8727834,3.4896107,3.7463257,4.176074,4.4287753,4.366405,1.3222294,325.87009,430.875,822.625,434.5,187.25,70.625,31.0,12.625,5.5,2.625,624.5,211.75,47.375,11.75,3.75,0.75,0.0,0.0,EXT645
C:/Users/MICROSOFT/Documents/nauval_mrnavac/cycpeptmp_standalone/runs/run_20260102_172000_moe/sdf/monomer.sdf,O=C[C@@](NC)Cc1ccccc1,19.946238,0.40583959,163,O=C[C@@](NC)Cc1ccccc1,377.33859,256.39688,120.94173,320.18411,57.15448,610.22455,287.84134,135.45514,322.38321,0.91311884,0.77262658,38.521374,0.82598746,27.87071,31.340683,0.0014446538,-10.878277,0,2.5100091,3.3549173,3.8432508,3.4699724,0.67948753,0.32051247,0.84853268,0.15146735,1.6171802,0.76281971,0.1076461,0.22431663,0.8788203,1180.7548,251.87415,986.78424,1122.8511,2.6896338,2.6587508,1.2381643,0.8723219,178.75,208.89026,4.4309554,0.17182712,2.8896034,2.2148411,1.0298529,0.52495271,0.263895,0.10417202,0.043292366,0.021715989,543.5,306.875,224.375,198.875,177.625,140.875,83.875,33.125,1.118034,0.70710677,0.5,0.70710677,0.70710677,0.70710677,-2.5114245,-2.3684604,-2.359159,-7.6575522,-7.4376483,-7.3071475,1.1830176,205.375,232.375,153.0,64.375,26.625,10.5,4.625,1.625,0.13314763,0.055311125,1.516225,1.3398225,1.096019,1.1741465,1.2790108,2.0482073,2.041697,1.6569954,0.25139639,1.2121767,2.6296964,3.1384964,3.343869,3.8579838,4.4658322,4.4624796,1.3210993,326.81119,431.75,826.75,443.125,194.75,74.125,29.875,11.0,4.625,1.625,621.375,210.75,41.75,9.75,3.25,0.5,0.0,0.0,EXT646
C:/Users/MICROSOFT/Documents/nauval_mrnavac/cycpeptmp_standalone/runs/run_20260102_172000_moe/sdf/monomer.sdf,O=C[C@@](NC)Cc1ccccc1,19.946238,0.40583959,148,O=C[C@@](NC)Cc1ccccc1,383.10547,259.71841,123.38704,325.1116,57.99387,618.12982,293.66116,136.33138,324.46869,0.91375786,0.77229953,38.550999,0.83323067,27.874254,31.346027,0.0013416129,-10.874269,0,2.5278642,3.3845425,3.8425357,3.4717724,0.67792928,0.32207069,0.84862167,0.15137833,1.6134717,0.76652825,0.10764287,0.22432694,0.87880296,1180.7534,251.88629,986.76697,1122.8535,2.6896324,2.6587312,1.2382232,0.87230241,178.625,210.50549,4.4425087,0.17193361,2.8897455,2.2162933,1.0300002,0.52508831,0.26390067,0.10420685,0.043318342,0.021749116,543.5,307.125,224.5,199.125,177.625,141.125,83.875,33.0,1.118034,0.70710677,0.5,0.70710677,0.70710677,0.70710677,-2.5122705,-2.3684864,-2.3604643,-7.6548972,-7.4407392,-7.3148527,1.1829183,205.75,232.5,152.75,64.375,26.75,10.5,4.625,1.625,0.13363029,0.055241682,1.5178154,1.3397872,1.0987568,1.1744163,1.2812312,2.0520787,2.044714,1.6637924,0.25122449,1.2115862,2.6278641,3.1373765,3.352061,3.8571413,4.4649792,4.4616346,1.3212101,326.78372,431.75,827.0,443.25,194.5,74.125,30.0,11.0,4.625,1.625,621.25,210.75,41.75,9.75,3.25,0.5,0.0,0.0,EXT647
C:/Users/MICROSOFT/Documents/nauval_mrnavac/cycpeptmp_standalone/runs/run_20260102_172000_moe/sdf/monomer.sdf,O=C[C@@](NC)Cc1ccccc1,19.946238,0.40583959,36,O=C[C@@](NC)Cc1ccccc1,378.83017,258.00293,120.82723,322.70938,56.120796,614.047,287.56882,137.1757,326.47815,0.91311884,0.77286774,38.527279,0.82026154,27.877068,31.348804,0.0014715835,-10.873372,0,2.5122693,3.3608217,3.8444726,3.4717369,0.68105173,0.3189483,0.85185766,0.14814237,1.620903,0.75909692,0.10764582,0.22432217,0.87880212,1180.7549,251.88193,986.7699,1122.8579,2.6896341,2.6586816,1.2381778,0.87229806,178.75,208.73889,4.4123678,0.17150688,2.8935492,2.2211664,1.0310081,0.52179778,0.26591322,0.10422081,0.043611757,0.021108987,541.625,305.125,224.375,199.625,176.375,139.875,80.625,33.5,0.5,1.118034,0.70710677,1.118034,0.70710677,0.5,-2.483166,-2.4625814,-2.426455,-7.7560463,-7.6906757,-7.558763,1.1839477,197.375,230.875,151.75,64.875,28.5,10.0,4.75,1.875,0.14038998,0.053224798,1.5380155,1.3246243,1.1072203,1.1525555,1.2659099,1.9572424,2.1205471,1.6610905,0.25162446,1.2192963,2.6522226,3.1947737,3.3179066,3.9121237,4.4248967,4.5360208,1.3182756,326.18372,430.0,823.125,441.25,194.5,74.375,31.5,10.625,4.75,1.875,625.75,210.375,42.75,9.5,3.0,0.625,0.0,0.0,EXT648
C:/Users/MICROSOFT/Documents/nauval_mrnavac/cycpeptmp_standalone/runs/run_20260102_172000_moe/sdf/monomer.sdf,O=C[C@@](NC)Cc1ccccc1,19.946238,0.40583959,72,O=C[C@@](NC)Cc1ccccc1,377.27014,259.11502,118.15514,319.64804,57.622108,616.69373,281.20923,140.95987,335.4845,0.91375786,0.77244163,38.521358,0.81638962,27.855021,31.316782,0.0013411613,-10.877809,0,2.5449862,3.3549025,3.8418608,3.461762,0.68681556,0.31318444,0.84726566,0.15273434,1.634621,0.74537897,0.10764314,0.22434834,0.87878406,1180.8687,251.9346,986.84088,1122.9618,2.6897635,2.6587708,1.238307,0.87231648,178.625,209.87621,4.4141006,0.17149554,2.893898,2.2207539,1.0307493,0.52165526,0.26577845,0.10414872,0.043579582,0.021091871,541.5,304.875,224.25,199.375,176.25,139.625,80.375,33.5,0.5,1.118034,0.70710677,1.118034,0.70710677,0.5,-2.4811888,-2.4621487,-2.4259102,-7.7515907,-7.6886706,-7.5514011,1.183737,197.625,231.25,151.625,64.75,28.5,10.0,4.75,1.875,0.14046822,0.053291537,1.5380702,1.324139,1.1078868,1.1515485,1.2631706,1.968025,2.1126657,1.6602575,0.25240454,1.2186766,2.6554551,3.1910896,3.3189387,3.9131715,4.4259367,4.5370474,1.3186378,326.18887,430.125,823.25,441.375,194.375,74.25,31.5,10.625,4.75,1.875,625.625,210.125,42.75,9.5,3.0,0.625,0.0,0.0,EXT649
C:/Users/MICROSOFT/Documents/nauval_mrnavac/cycpeptmp_standalone/runs/run_20260102_172000_moe/sdf/monomer.sdf,O=C[C@@](NC)Cc1ccccc1,19.946238,0.40583959,53,O=C[C@@](NC)Cc1ccccc1,377.56174,258.44922,119.11254,318.69638,58.865364,615.10913,283.48785,139.33665,331.62125,0.91375786,0.77206004,38.541828,0.82711929,27.853399,31.329817,0.0013157532,-10.881441,0,2.5414491,3.375371,3.8421276,3.4764178,0.68452168,0.31547832,0.84409076,0.15590924,1.6291616,0.7508384,0.1076486,0.22435665,0.87876618,1180.6652,251.90169,986.65533,1122.7734,2.6895318,2.6585593,1.2382432,0.87226921,178.625,209.48114,4.3751345,0.1728161,2.8937588,2.204278,1.0313858,0.51868582,0.26348701,0.10375286,0.043637134,0.020886237,541.125,308.125,224.5,198.625,176.0,140.25,80.25,33.75,0.5,0.70710677,1.118034,0.70710677,1.118034,0.5,-2.5017135,-2.418673,-2.4120827,-7.7668886,-7.5739427,-7.5567384,1.1842779,201.5,228.625,151.875,64.625,29.125,10.5,4.625,1.625,0.14420936,0.055380743,1.5379096,1.3144071,1.1069165,1.1624057,1.2569473,2.025856,2.0239735,1.6248415,0.26238465,1.2138914,2.619379,3.1542025,3.2882144,3.9508414,4.4227791,4.4893761,1.3180356,326.33792,430.125,824.375,440.5,194.5,74.0,32.375,11.0,4.625,1.625,622.875,211.875,42.625,9.375,3.25,0.5,0.0,0.0,EXT650
C:/Users/MICROSOFT/Documents/nauval_mrnavac/cycpeptmp_standalone/runs/run_20260102_172000_moe/sdf/monomer.sdf,O=C[C@@](NC)Cc1ccccc1,19.946238,0.40583959,130,O=C[C@@](NC)Cc1ccccc1,382.4877,258.51099,123.97672,323.37888,59.108837,615.25616,295.06458,134.53429,320.19159,0.91375786,0.77286094,38.53521,0.8231793,27.865311,31.343727,0.0014842921,-10.880093,0,2.522845,3.3687539,3.843976,3.4784153,0.67586744,0.32413253,0.84546214,0.15453787,1.6085645,0.77143544,0.10765865,0.22435303,0.87879449,1180.6511,251.89165,986.6637,1122.7468,2.6895158,2.6585774,1.2381948,0.87231588,178.625,207.94066,4.4111624,0.17147017,2.8937302,2.2211514,1.0309734,0.52178228,0.26583919,0.10415792,0.043577034,0.021065122,541.75,304.875,224.25,199.375,176.125,139.625,80.25,33.625,0.5,1.118034,0.70710677,1.118034,0.70710677,0.5,-2.4817355,-2.4614458,-2.4254937,-7.7510238,-7.6859908,-7.5509148,1.1838712,197.5,231.125,151.625,64.875,28.5,10.0,4.75,1.875,0.14046822,0.053291537,1.5364969,1.3228695,1.105751,1.148963,1.2685564,1.9706147,2.1110299,1.657438,0.25178573,1.2191873,2.6551771,3.1955056,3.3186471,3.9128721,4.4256434,4.5367622,1.3183608,326.16263,430.0,823.375,441.25,194.375,74.375,31.5,10.625,4.75,1.875,625.875,210.125,42.75,9.5,3.0,0.625,0.0,0.0,EXT651
C:/Users/MICROSOFT/Documents/nauval_mrnavac/cycpeptmp_standalone/runs/run_20260102_172000_moe/sdf/monomer.sdf,O=C[C@@](NC)Cc1ccccc1,19.946238,0.40583959,89,O=C[C@@](NC)Cc1ccccc1,379.1824,257.34579,121.83662,321.05978,58.12262,612.48297,289.97116,135.50917,322.51181,0.91311884,0.77212703,38.556,0.82349104,27.858553,31.326893,0.0013992972,-10.884414,0,2.5615602,3.3895426,3.8426564,3.4683399,0.67868596,0.32131401,0.84671593,0.15328407,1.6152726,0.76472735,0.10765372,0.22436199,0.87876648,1180.8092,251.93773,986.77338,1122.9073,2.6896958,2.6586304,1.2382545,0.87231326,178.75,209.39128,4.4431701,0.17176932,2.8895283,2.2160151,1.0298868,0.52490282,0.26384333,0.10417815,0.043304503,0.021728145,543.75,306.875,224.25,198.875,177.5,140.875,83.5,33.0,1.118034,0.70710677,0.5,0.70710677,0.70710677,0.70710677,-2.5117471,-2.3681793,-2.3595169,-7.6546297,-7.437376,-7.3142152,1.1829882,205.625,232.125,153.0,64.375,26.75,10.5,4.625,1.625,0.13377926,0.055311125,1.5144947,1.3404136,1.0999498,1.1755689,1.2829825,2.0514841,2.0358577,1.6635828,0.25030282,1.2136174,2.6291497,3.1379635,3.3523247,3.8573973,4.4653401,4.461957,1.3211322,326.80304,431.75,826.875,442.875,194.75,74.125,30.0,11.0,4.625,1.625,621.25,210.75,41.75,9.75,3.25,0.5,0.0,0.0,EXT652
C:/Users/MICROSOFT/Documents/nauval_mrnavac/cycpeptmp_standalone/runs/run_20260102_172000_moe/sdf/monomer.sdf,O=C[C@@](NC)Cc1ccccc1,19.946238,0.40583959,101,O=C[C@@](NC)Cc1ccccc1,380.39194,260.29987,120.09205,321.82596,58.565983,619.51373,285.81909,140.20782,333.69464,0.91375786,0.77224976,38.512203,0.82316327,27.857254,31.322901,0.0014476263,-10.880605,0,2.5199833,3.3457477,3.8447101,3.4656475,0.68429393,0.3157061,0.84603781,0.15396221,1.6286196,0.7513805,0.10765611,0.2244067,0.87875932,1180.8027,251.98206,986.74231,1122.8811,2.6896884,2.658618,1.2382838,0.87231886,178.625,209.67192,4.4070988,0.17144704,2.8942318,2.2208047,1.0309145,0.52172774,0.26585299,0.10414756,0.043585997,0.021088505,541.75,304.75,224.25,199.25,176.25,139.25,80.375,33.625,0.5,1.118034,0.70710677,1.118034,0.70710677,0.5,-2.4820573,-2.4618084,-2.4259572,-7.7507081,-7.686213,-7.5479431,1.1839694,197.875,231.375,151.625,64.5,28.5,10.0,4.75,1.875,0.14046822,0.053324968,1.535424,1.3213422,1.1009617,1.1464012,1.263359,1.973184,2.1210101,1.6569874,0.25266084,1.2203231,2.6556747,3.1979861,3.3191469,3.9133835,4.4261742,4.5372925,1.3182514,326.18967,430.0,823.75,441.375,194.375,74.0,31.5,10.625,4.75,1.875,625.875,210.0,42.75,9.5,3.0,0.625,0.0,0.0,EXT653
C:/Users/MICROSOFT/Documents/nauval_mrnavac/cycpeptmp_standalone/runs/run_20260102_172000_moe/sdf/monomer.sdf,O=C[C@@](NC)Cc1ccccc1,19.946238,0.40583959,75,O=C[C@@](NC)Cc1ccccc1,380.35056,257.73575,122.6148,321.18585,59.164711,613.41113,291.82321,135.12096,321.58789,0.91311884,0.77320373,38.562611,0.82971573,27.858568,31.328089,0.0014217506,-10.886458,0,2.5605283,3.3961523,3.8428552,3.4695203,0.67762685,0.32237312,0.8444469,0.1555531,1.612752,0.76724803,0.10766122,0.22432518,0.87881273,1180.8066,251.89473,986.81873,1122.8999,2.689693,2.6587551,1.2382098,0.87238461,178.75,211.31482,4.4131808,0.17152542,2.8935478,2.2209814,1.0308341,0.5217455,0.26587406,0.10418332,0.043598313,0.021100339,541.875,305.125,224.375,199.625,176.375,139.75,80.375,33.625,0.5,1.118034,0.70710677,1.118034,0.70710677,0.5,-2.482389,-2.4633949,-2.4261808,-7.7530169,-7.6902471,-7.5558066,1.1839941,198.125,231.125,151.625,64.75,28.5,10.0,4.75,1.875,0.14038998,0.053224798,1.5385437,1.3239324,1.1072932,1.1525942,1.2661759,1.9741718,2.1129243,1.6573019,0.25142565,1.2186277,2.6535444,3.2009692,3.3185341,3.9127228,4.4255004,4.5366516,1.3182238,326.1965,430.0,823.5,441.25,194.5,74.25,31.5,10.625,4.75,1.875,625.375,210.125,42.875,9.5,3.0,0.625,0.0,0.0,EXT654
C:/Users/MICROSOFT/Documents/nauval_mrnavac/cycpeptmp_standalone/runs/run_20260102_172000_moe/sdf/monomer.sdf,O=C[C@@](NC)Cc1ccccc1,19.946238,0.40583959,95,O=C[C@@](NC)Cc1ccccc1,381.21341,257.89993,123.31347,321.35898,59.854427,613.80188,293.48605,134.58647,320.3158,0.91311884,0.77206409,38.529812,0.81863391,27.858458,31.334284,0.0012890167,-10.876371,0,2.5330565,3.3633556,3.8425493,3.4758255,0.6765238,0.32347623,0.84298968,0.15701029,1.6101266,0.76987338,0.10765465,0.22430271,0.87880701,1180.8225,251.87625,986.83875,1122.9301,2.6897111,2.6587286,1.2381587,0.87234932,178.75,207.84602,4.4090338,0.17135353,2.893836,2.2212315,1.0309653,0.5215168,0.26585457,0.10418481,0.043622117,0.021147197,541.5,304.75,224.125,199.125,176.25,139.625,80.5,33.625,0.5,1.118034,0.70710677,1.118034,0.70710677,0.5,-2.4820695,-2.4610593,-2.425946,-7.7586513,-7.6909943,-7.5579348,1.183948,197.75,231.625,151.625,64.75,28.5,10.0,4.75,1.875,0.14054658,0.053358443,1.5376352,1.3239603,1.103536,1.1491178,1.2642276,1.9641246,2.1186006,1.6579391,0.25218922,1.2134973,2.6547639,3.1964054,3.3182566,3.9125192,4.4253211,4.5364194,1.3182751,326.18384,430.0,823.5,441.75,194.375,74.25,31.5,10.625,4.75,1.875,625.75,210.125,42.75,9.5,3.0,0.625,0.0,0.0,EXT655
C:/Users/MICROSOFT/Documents/nauval_mrnavac/cycpeptmp_standalone/runs/run_20260102_172000_moe/sdf/monomer.sdf,O=C[C@@](NC)Cc1ccccc1,19.946238,0.40583959,90,O=C[C@@](NC)Cc1ccccc1,376.04715,255.44058,120.60654,317.10498,58.942162,607.94861,287.04358,134.83405,320.90503,0.91375786,0.77271372,38.536312,0.81712961,27.864365,31.334654,0.0013123794,-10.888013,0,2.5418499,3.3698552,3.8413658,3.4702892,0.67927814,0.32072189,0.84325856,0.15674141,1.6166819,0.76331812,0.10764146,0.22433235,0.87880898,1180.8673,251.91528,986.86359,1122.9557,2.6897621,2.658777,1.2381369,0.87231165,178.625,209.96245,4.4090443,0.17148949,2.8937762,2.2215285,1.0309422,0.52164638,0.26592499,0.10418816,0.043602787,0.021110278,541.75,305.125,224.375,199.5,176.25,139.5,80.375,33.625,0.5,1.118034,0.70710677,1.118034,0.70710677,0.5,-2.4826171,-2.4614842,-2.425658,-7.7548966,-7.6898108,-7.5568595,1.1840154,197.875,231.5,151.625,64.625,28.5,10.0,4.75,1.875,0.14038998,0.053258147,1.5399779,1.3244779,1.103797,1.1512487,1.2644031,1.9689715,2.1136713,1.6579618,0.25154293,1.2205446,2.6546299,3.1980751,3.3180969,3.9123514,4.4251785,4.536293,1.3182001,326.20239,430.0,823.625,441.625,194.375,74.125,31.5,10.625,4.75,1.875,625.75,210.125,42.75,9.5,3.0,0.625,0.0,0.0,EXT656
C:/Users/MICROSOFT/Documents/nauval_mrnavac/cycpeptmp_standalone/runs/run_20260102_172000_moe/sdf/monomer.sdf,O=C[C@@](NC)Cc1ccccc1,19.946238,0.40583959,105,O=C[C@@](NC)Cc1ccccc1,381.03656,259.84799,121.18855,323.005,58.031544,618.43823,288.42874,138.65944,330.00949,0.91311884,0.77257729,38.525242,0.82079184,27.866922,31.333355,0.0013745346,-10.876416,0,2.5273628,3.358784,3.8423564,3.4664328,0.68195033,0.31804967,0.84770083,0.15229915,1.6230417,0.75695825,0.10766009,0.2243574,0.87877977,1180.7759,251.92441,986.75629,1122.871,2.6896579,2.658649,1.2382936,0.87234521,178.75,209.09007,4.4125476,0.17135911,2.8942153,2.2210495,1.0309054,0.52176172,0.26584965,0.10416783,0.043577656,0.021070451,541.5,304.875,224.125,199.375,176.375,139.625,80.625,33.5,0.5,1.118034,0.70710677,1.118034,0.70710677,0.5,-2.4830132,-2.4624679,-2.4263465,-7.7511997,-7.6872187,-7.5521131,1.1839314,197.875,231.125,151.625,64.75,28.5,10.0,4.75,1.875,0.14054658,0.053291537,1.538744,1.3249606,1.1071048,1.152241,1.2655712,1.9727178,2.1203115,1.660836,0.25166157,1.2179871,2.6547687,3.2006354,3.3182366,3.9124653,4.4252448,4.5363626,1.3182937,326.17923,430.0,823.625,441.375,194.375,74.25,31.5,10.625,4.75,1.875,625.75,210.25,42.75,9.5,3.0,0.625,0.0,0.0,EXT657
C:/Users/MICROSOFT/Documents/nauval_mrnavac/cycpeptmp_standalone/runs/run_20260102_172000_moe/sdf/monomer.sdf,O=C[C@@](NC)Cc1ccccc1,19.946238,0.40583959,162,O=C[C@@](NC)Cc1ccccc1,379.68417,260.71735,118.9668,321.71588,57.968277,620.50732,283.14099,141.75055,337.36633,0.91311884,0.77282894,38.552605,0.81999773,27.863348,31.328266,0.0014050835,-10.885227,0,2.5593879,3.3861456,3.8435464,3.4649193,0.68666905,0.31333095,0.84732503,0.15267499,1.6342723,0.74572766,0.10765208,0.22434577,0.87876254,1180.8246,251.9252,986.7912,1122.9326,2.6897135,2.6586967,1.2382368,0.8723284,178.75,209.24649,4.4336357,0.17200842,2.8895311,2.2159019,1.0298016,0.52492213,0.26390761,0.10417105,0.043293305,0.021720747,543.5,306.875,224.625,199.0,177.625,140.875,83.75,33.125,1.118034,0.86602539,1.8708287,0.70710677,0.70710677,0.70710677,-2.5109913,-2.3681777,-2.3593881,-7.658999,-7.4373469,-7.3072248,1.183031,205.75,232.375,153.0,64.25,26.625,10.5,4.625,1.625,0.13299945,0.055276383,1.5160732,1.3401514,1.0991546,1.176972,1.2846506,2.0561633,2.0368044,1.657405,0.25174782,1.2118508,2.6293938,3.1376157,3.3436086,3.857784,4.4655881,4.4622316,1.3210844,326.81485,431.75,826.75,443.0,194.75,74.0,29.875,11.0,4.625,1.625,621.0,210.625,41.75,9.75,3.25,0.5,0.0,0.0,EXT658
C:/Users/MICROSOFT/Documents/nauval_mrnavac/cycpeptmp_standalone/runs/run_20260102_172000_moe/sdf/monomer.sdf,O=C[C@@](NC)Cc1ccccc1,19.946238,0.40583959,91,O=C[C@@](NC)Cc1ccccc1,375.46613,255.08022,120.38592,319.04004,56.426102,607.09094,286.51849,134.69431,320.57245,0.91311884,0.77241033,38.534573,0.82380205,27.864346,31.331125,0.0014542213,-10.879325,0,2.5347812,3.3681154,3.8434105,3.4667797,0.67936945,0.32063055,0.8497172,0.1502828,1.6168993,0.76310074,0.10765288,0.22434671,0.8787874,1180.7378,251.90466,986.73456,1122.8364,2.6896145,2.6586232,1.238253,0.87230754,178.75,208.19734,4.4114251,0.17142919,2.8936708,2.220907,1.0309776,0.52178544,0.26589414,0.10419841,0.043611385,0.021104524,541.625,305.0,224.25,199.5,176.25,139.5,80.25,33.625,0.5,1.118034,0.70710677,1.118034,0.70710677,0.5,-2.4825087,-2.4622781,-2.4258726,-7.7530608,-7.6904049,-7.5551844,1.1839093,197.5,231.0,151.5,64.75,28.5,10.0,4.75,1.875,0.14046822,0.053258147,1.5373086,1.3228039,1.1058937,1.1508174,1.2662808,1.9703468,2.1088281,1.6574719,0.25155485,1.2206502,2.654655,3.1906497,3.3184636,3.9126678,4.4254427,4.5365796,1.3183182,326.17316,430.0,823.125,441.125,194.25,74.25,31.5,10.625,4.75,1.875,625.625,210.125,42.75,9.5,3.0,0.625,0.0,0.0,EXT659
C:/Users/MICROSOFT/Documents/nauval_mrnavac/cycpeptmp_standalone/runs/run_20260102_172000_moe/sdf/monomer.sdf,O=C[C@@](NC)Cc1ccccc1,19.946238,0.40583959,17,O=C[C@@](NC)Cc1ccccc1,381.64603,259.97116,121.67485,321.61929,60.026714,618.73138,289.58615,138.29633,329.14523,0.91311884,0.77228236,38.568974,0.82220626,27.850294,31.323948,0.0014334733,-10.883351,0,2.5767171,3.4025159,3.8446679,3.4736547,0.68118399,0.31881598,0.84271628,0.15728374,1.621218,0.75878203,0.10762795,0.22432876,0.87876421,1180.7957,251.90178,986.77612,1122.9135,2.6896806,2.6586933,1.2382294,0.87222946,178.75,209.03418,4.43015,0.17189366,2.8896461,2.2150829,1.0300519,0.52411276,0.2639471,0.10419271,0.043310326,0.021738872,543.625,306.875,224.5,199.0,177.75,141.25,83.75,33.0,1.118034,0.70710677,0.5,0.70710677,0.70710677,0.70710677,-2.5120351,-2.3684795,-2.3599005,-7.6584897,-7.4397511,-7.3093543,1.1829849,205.625,232.375,152.875,64.25,26.625,10.5,4.625,1.625,0.13307349,0.055276383,1.5158041,1.3380513,1.0955441,1.1734785,1.2783475,2.0459883,2.0401287,1.6634979,0.25165841,1.2097391,2.6297016,3.1373527,3.3433123,3.8574126,4.4651794,4.461863,1.3211358,326.80215,431.75,826.75,443.125,194.625,74.0,29.875,11.0,4.625,1.625,621.125,210.75,41.75,9.75,3.25,0.5,0.0,0.0,EXT660
C:/Users/MICROSOFT/Documents/nauval_mrnavac/cycpeptmp_standalone/runs/run_20260102_172000_moe/sdf/monomer.sdf,O=C[C@@](NC)CCCNC(=N)N,12.425924,0.0,55,O=C[C@@](NC)CCCNC(=N)N,417.25125,345.9827,71.268578,200.08731,217.16396,1490.8394,307.09628,274.71411,1183.7432,0.9443838,1.2975209,-54.556381,4.8347702,-76.525284,-74.880249,2.8644739e-05,-24.087767,0,6.0622582,20.662651,9.4268122,1.645036,0.82919508,0.17080493,0.47953671,0.52046329,3.5730016,0.73599845,0.047708038,0.11443165,0.91608167,2037.8939,229.69518,1838.823,2007.2697,3.4398053,3.2723334,1.25969,0.71474862,182.375,230.69565,1.7672123,0.071191907,2.9355283,2.3909342,1.4904299,0.81641603,0.4296473,0.17200114,0.042708419,0.014398201,407.75,238.125,179.375,153.25,132.75,94.0,55.75,22.625,6.5383482,0.5,6.5192022,0.70710677,0.5,0.5,-1.919259,-1.8983047,-1.8895807,-7.6706152,-7.4380589,-7.2421794,1.2657435,197.75,206.5,147.75,56.375,17.5,1.125,-2.375,-0.625,0.3031359,0.12642741,0.76943851,0.707331,0.85756028,1.1555897,1.3000427,1.2057135,1.6259305,2.2113423,0.64428359,1.0890001,1.2144715,1.0547773,1.1171821,1.3162434,2.7762933,4.2888288,1.2704175,370.15393,470.25,957.5,610.125,322.375,131.375,54.375,19.375,4.625,1.375,759.75,403.625,174.625,75.0,36.875,18.25,7.0,2.0,EXT661
C:/Users/MICROSOFT/Documents/nauval_mrnavac/cycpeptmp_standalone/runs/run_20260102_172000_moe/sdf/monomer.sdf,O=C[C@@](NC)CCCNC(=N)N,12.51895,0.093025401,186,O=C[C@@](NC)CCCNC(=N)N,411.10391,343.82303,67.280869,194.01212,217.0918,1481.5334,289.91327,276.54218,1191.6202,0.93987447,1.346344,-51.632973,4.997479,-73.861816,-72.054016,-0.0083275521,-28.828138,0,6.0196643,20.305355,9.4122276,1.8078028,0.83634096,0.16365904,0.47192961,0.52807039,3.6037931,0.70520681,0.087946065,0.16692878,0.91420645,1738.3395,278.86597,1527.2445,1670.5685,3.17695,2.9206052,1.3943673,0.86612594,183.25,229.90617,2.130532,0.073798448,2.893986,2.3242068,1.4120467,0.79141694,0.43541712,0.20196614,0.049011536,0.018190641,411.125,237.0,182.75,157.25,132.25,95.0,50.375,16.0,0.5,0.70710677,0.5,0.70710677,0.5,0.5,-1.987919,-1.9457418,-1.9046726,-7.6442175,-7.4893322,-7.3217602,1.2589905,159.875,158.75,125.25,52.25,18.625,4.375,-1.5,0.5,0.30232558,0.13593005,0.79395092,0.73623145,0.85754305,1.0962811,1.350021,1.5075595,1.9100679,2.0622611,0.47238126,0.924658,1.1782454,1.208581,1.3341755,1.4606204,2.1879048,4.0225306,1.274055,366.34998,466.75,918.75,578.25,304.25,128.5,55.25,21.375,5.375,1.75,758.875,419.5,179.0,76.25,36.625,17.0,6.875,1.25,EXT662
C:/Users/MICROSOFT/Documents/nauval_mrnavac/cycpeptmp_standalone/runs/run_20260102_172000_moe/sdf/monomer.sdf,O=C[C@@](NC)CCCNC(=N)N,12.826035,0.40011096,120,O=C[C@@](NC)CCCNC(=N)N,419.11841,342.89047,76.227921,200.96718,218.15121,1477.515,328.46609,266.66257,1149.049,0.95090127,1.3746824,-53.991192,4.7838988,-75.870003,-74.44986,-7.2413991e-06,-37.425579,0,6.037703,20.429634,9.6370773,1.4201429,0.81812316,0.18187682,0.47949979,0.52050024,3.5252929,0.7837072,0.052099477,0.10214182,0.96434724,2045.3933,202.19821,1909.0055,1979.583,3.4461288,3.4153202,1.0450413,0.77955741,181.125,228.0495,1.6899459,0.065340683,2.9673526,2.4290879,1.6264038,0.84325147,0.427737,0.17355676,0.044815518,0.015571552,392.625,231.375,176.375,151.75,124.75,88.25,54.0,25.0,1.5,0.5,1.0,0.5,1.0,0.5,-1.9610769,-1.9505477,-1.9399661,-7.6139979,-7.5505118,-6.9582119,1.2702416,211.25,249.75,166.75,57.5,16.0,2.125,-1.75,-0.25,0.30474842,0.13014828,0.76304525,0.71872091,0.88520908,1.1544625,1.409601,1.3387983,1.820323,2.2862883,0.67482644,1.0404056,1.0365914,0.91798037,0.82385546,0.8937422,2.3097022,4.7350121,1.261416,368.83154,465.25,978.125,646.375,341.0,132.375,53.75,19.75,4.875,1.5,766.875,396.625,174.25,74.875,37.75,17.625,6.625,1.75,EXT663
C:/Users/MICROSOFT/Documents/nauval_mrnavac/cycpeptmp_standalone/runs/run_20260102_172000_moe/sdf/monomer.sdf,O=C[C@@](NC)CCCNC(=N)N,12.854744,0.428819,65,O=C[C@@](NC)CCCNC(=N)N,414.19318,340.25348,73.939697,193.5107,220.68248,1466.1522,318.60617,266.31378,1147.546,0.94893664,1.869059,-46.740829,5.0734448,-69.117676,-67.30899,-0.0070565245,-33.745323,0,6.0680137,22.933966,9.4337616,1.8086817,0.82148498,0.17851502,0.46719915,0.53280085,3.5397787,0.76922119,0.067596152,0.14095213,0.92130637,1747.319,238.85301,1561.2166,1694.5684,3.1851449,3.1444986,1.1822723,0.81754637,181.5,229.90977,2.3939769,0.066680953,2.9286475,2.347491,1.48752,0.82957953,0.44445786,0.18660384,0.062882282,0.032230884,396.25,235.0,180.25,152.875,128.875,93.125,52.375,23.875,1.5,2.1794496,0.70710677,0.70710677,0.5,0.5,-2.1491735,-2.1431592,-2.1393673,-8.7164278,-8.2923794,-8.2204065,1.2549061,175.125,197.125,137.0,54.0,17.75,2.625,1.375,1.25,0.31414703,0.13900246,0.82719183,0.87520587,0.98668998,1.2434849,1.4561737,1.3907208,1.6693335,2.1384759,0.65964013,1.0322441,1.238956,1.3640738,1.4223909,1.5409641,3.3984492,4.5797424,1.2758012,363.79102,464.125,939.625,603.75,321.25,133.125,56.625,21.25,8.5,3.125,764.5,406.625,184.25,79.125,38.875,18.625,7.125,1.875,EXT664
C:/Users/MICROSOFT/Documents/nauval_mrnavac/cycpeptmp_standalone/runs/run_20260102_172000_moe/sdf/monomer.sdf,O=C[C@@](NC)CCCNC(=N)N,12.872941,0.44701666,121,O=C[C@@](NC)CCCNC(=N)N,411.16284,338.46161,72.70121,191.46324,219.69958,1458.4312,313.2695,265.76041,1145.1616,0.9502455,1.1064866,-48.7924,5.065053,-71.211182,-69.371719,-0.0074285017,-32.310928,0,6.0857878,23.940262,9.4359045,1.8394688,0.82318145,0.17681853,0.46566281,0.53433716,3.5470889,0.76191103,0.10038072,0.14665145,0.95039201,1802.6498,252.12753,1633.9423,1719.2297,3.2351823,3.1225469,1.105396,0.9893139,181.25,229.33795,2.0265048,0.070704468,2.9549334,2.3850732,1.5833565,0.83476633,0.42103454,0.1640337,0.062001351,0.029398907,397.125,236.625,181.75,151.5,127.875,91.0,50.875,24.625,0.5,0.70710677,0.5,0.70710677,0.70710677,0.70710677,-2.1542923,-2.1506791,-2.0892694,-8.5692167,-8.3891401,-8.3037033,1.2556999,194.625,208.375,145.0,52.5,15.875,2.5,0.875,1.75,0.29779917,0.1320132,0.73386747,0.73176402,0.7798658,0.90456867,0.99401456,0.9266327,1.6000199,2.1767743,0.52812022,0.75099748,0.71516114,0.92224699,1.3218515,2.1954761,4.1236563,4.8480682,1.2747656,363.89041,463.875,957.375,619.25,329.0,129.625,54.125,20.0,7.375,3.125,762.75,410.875,184.0,77.125,38.25,17.5,6.5,1.375,EXT665
C:/Users/MICROSOFT/Documents/nauval_mrnavac/cycpeptmp_standalone/runs/run_20260102_172000_moe/sdf/monomer.sdf,O=C[C@@](NC)CCCNC(=N)N,12.913428,0.48750404,198,O=C[C@@](NC)CCCNC(=N)N,413.70718,342.97684,70.730347,196.7887,216.91849,1477.8872,304.77707,272.24649,1173.1101,0.94309103,1.3419852,-53.052948,4.9906306,-75.190819,-73.611298,-0.0083415564,-28.399927,0,5.9547982,20.644094,9.6212626,1.5795189,0.82903284,0.17096718,0.47567144,0.52432859,3.5723023,0.73669755,0.073926844,0.14189655,0.92200893,1747.2113,240.2467,1561.0642,1693.1118,3.1850467,3.1463668,1.1536201,0.85548115,182.625,228.50485,1.8556159,0.062250562,2.9355345,2.3699329,1.5334141,0.85897988,0.46064764,0.18392785,0.042879403,0.015613246,387.375,227.75,174.375,148.5,123.625,87.125,47.0,21.625,0.70710677,1.5,2.1794496,1.2247449,0.70710677,0.70710677,-2.1785805,-2.1575961,-2.156563,-7.5767899,-7.4175301,-7.2280064,1.2501103,182.125,207.125,152.875,61.875,20.5,2.375,-0.875,-0.375,0.32974911,0.12962963,0.78660846,0.7871384,0.88202041,1.1411105,1.2966361,1.2872714,1.7057847,2.3261251,0.60091883,0.89966536,1.0189967,1.0642021,0.97468728,1.1261483,2.876369,4.5263391,1.2816147,362.92111,465.125,942.5,612.375,326.25,136.125,57.5,19.25,4.75,1.375,760.375,405.25,173.375,74.25,37.0,16.875,5.625,1.75,EXT666
C:/Users/MICROSOFT/Documents/nauval_mrnavac/cycpeptmp_standalone/runs/run_20260102_172000_moe/sdf/monomer.sdf,O=C[C@@](NC)CCCNC(=N)N,12.937987,0.51206285,161,O=C[C@@](NC)CCCNC(=N)N,414.22656,342.81985,71.406708,196.87491,217.35167,1477.2108,307.6915,271.41315,1169.5193,0.95221561,0.86294782,-54.018021,4.9351377,-76.224762,-74.613777,-0.0075674811,-27.409258,0,6.0456305,19.793962,9.6225519,1.6109902,0.82761437,0.17238562,0.47528312,0.52471685,3.5661902,0.74280965,0.092879564,0.14772688,0.94787067,1803.3635,254.2523,1631.3774,1721.0972,3.2358227,3.1366494,1.1240873,0.95592993,180.875,229.3127,1.470961,0.065702878,2.9638147,2.4032407,1.6030813,0.85788476,0.44584283,0.18562624,0.047670975,0.016874749,389.375,232.375,178.75,148.5,121.75,84.875,48.75,24.625,0.5,0.5,1.0,1.118034,0.70710677,0.5,-2.1543112,-2.1276104,-2.0768807,-7.5213165,-7.2672038,-7.2409682,1.2563897,198.0,214.5,153.875,60.0,17.125,1.875,-1.625,-0.375,0.3062937,0.13299663,0.69883502,0.69008523,0.72069991,0.85609019,1.0093513,0.904993,1.7065411,2.3349695,0.51358032,0.71899837,0.61339885,0.64370811,0.75952303,1.3680339,3.6122644,4.9914675,1.2733787,363.69775,463.125,962.875,623.75,333.125,137.0,54.75,19.75,5.125,1.5,764.875,409.25,179.25,77.0,37.625,17.875,6.75,1.875,EXT667
C:/Users/MICROSOFT/Documents/nauval_mrnavac/cycpeptmp_standalone/runs/run_20260102_172000_moe/sdf/monomer.sdf,O=C[C@@](NC)CCCNC(=N)N,12.937987,0.51206285,27,O=C[C@@](NC)CCCNC(=N)N,412.87683,341.61877,71.258064,195.99141,216.88544,1472.0353,307.05103,270.36072,1164.9843,0.95155799,0.86159533,-54.028282,4.9466434,-76.208984,-74.600197,-0.0068181916,-27.39246,0,6.008935,19.783703,9.6231565,1.6087869,0.82741082,0.17258915,0.47469702,0.52530301,3.5653133,0.74368668,0.092857704,0.14775181,0.947864,1803.4092,254.29942,1631.3931,1721.1257,3.2358637,3.1366944,1.1241519,0.95583117,181.0,229.64091,1.4468696,0.065614164,2.9624498,2.4034674,1.6030288,0.85835743,0.44688419,0.18414603,0.047263507,0.016895397,389.5,232.375,179.0,148.75,121.75,84.875,48.75,24.75,0.5,0.5,1.0,1.118034,0.70710677,0.5,-2.1540167,-2.1277502,-2.0764804,-7.5270658,-7.2733979,-7.2482519,1.2571384,197.875,214.375,154.25,59.875,17.125,1.75,-1.75,-0.375,0.30586591,0.13193278,0.69771802,0.69141155,0.71308267,0.84479976,1.0002476,0.89359993,1.6952966,2.3327296,0.51241875,0.72004235,0.61354941,0.64053822,0.74250126,1.363886,3.6120148,4.9916148,1.2725059,363.84903,463.0,962.5,623.875,333.5,136.875,54.75,19.625,5.125,1.5,764.625,409.5,179.25,77.0,37.625,17.875,6.875,1.875,EXT668
C:/Users/MICROSOFT/Documents/nauval_mrnavac/cycpeptmp_standalone/runs/run_20260102_172000_moe/sdf/monomer.sdf,O=C[C@@](NC)CCCNC(=N)N,12.994672,0.56874728,18,O=C[C@@](NC)CCCNC(=N)N,413.70035,341.81982,71.880547,201.8694,211.83095,1472.9016,309.73328,269.93927,1163.1683,0.92847437,0.65419626,-54.819893,4.8979402,-77.001297,-75.342369,-0.0014351588,-21.633022,0,6.0445938,20.460407,9.5813799,1.6589239,0.82624972,0.17375027,0.48796046,0.51203954,3.5603101,0.74868989,0.11667143,0.17657991,0.96579421,1766.9889,291.27939,1593.137,1649.5615,3.2030225,3.0305293,1.1484647,1.0351439,185.5,229.07298,3.0585351,0.079025477,2.8897376,2.327894,1.436928,0.76307619,0.4181951,0.19638734,0.080678031,0.029962081,407.5,239.75,186.5,160.25,136.5,95.75,56.25,23.125,0.5,0.70710677,0.5,0.5,0.70710677,0.86602539,-2.1174021,-2.0866365,-2.0633547,-7.9633718,-7.9513974,-7.7387905,1.2612751,190.75,214.375,143.25,53.375,15.625,1.875,-0.125,0.75,0.30428955,0.14430577,0.88802105,0.83669692,1.0443027,1.3396951,1.4742761,1.1307327,1.415978,1.8784977,0.82801867,1.360965,1.6520861,1.8670307,2.2027168,2.6469543,3.124891,3.2249258,1.2743533,368.52026,469.625,924.0,587.75,304.5,128.625,56.75,23.125,9.0,3.0,733.25,373.375,161.25,75.25,41.125,21.25,9.125,2.25,EXT669
C:/Users/MICROSOFT/Documents/nauval_mrnavac/cycpeptmp_standalone/runs/run_20260102_172000_moe/sdf/monomer.sdf,O=C[C@@](NC)CCCNC(=N)N,13.032677,0.6067518,75,O=C[C@@](NC)CCCNC(=N)N,412.94183,342.53998,70.401863,192.23965,220.70218,1476.0048,303.36163,272.13809,1172.6431,0.93477339,0.57790893,-52.283447,5.0577478,-74.486031,-72.997139,-0.0078915879,-24.765472,0,6.0567999,20.354792,9.6070395,1.4888892,0.8295114,0.17048858,0.46553689,0.53446311,3.5743647,0.73463529,0.087395206,0.15468903,0.90529841,1788.6042,268.62054,1572.0684,1736.5197,3.222554,2.9196932,1.3954748,0.86313957,184.25,229.73679,0.51204348,0.071903564,2.9345865,2.425494,1.5932624,0.83749425,0.42407778,0.144518,0.012392377,0.0,386.125,221.375,170.75,141.25,115.75,79.625,40.75,12.125,1.118034,0.5,1.5811388,0.70710677,0.70710677,1.2247449,-1.9666774,-1.8899691,-1.8829986,-5.5597692,-5.4823956,-5.4055386,1.2659041,201.375,211.375,149.25,48.625,11.625,-2.375,-5.0,-1.75,0.29868227,0.10973451,0.46532509,0.43576002,0.14481114,0.20517127,0.22806422,1.0472893,2.2162154,2.6503162,0.25120065,0.30329904,0.37545186,0.43591347,0.6567682,1.5539749,3.7529123,0.0,1.2655114,367.4404,465.0,954.75,623.375,330.125,127.75,51.0,15.5,1.625,0.0,753.375,412.0,180.875,79.125,39.375,17.875,6.625,1.75,EXT670
C:/Users/MICROSOFT/Documents/nauval_mrnavac/cycpeptmp_standalone/runs/run_20260102_172000_moe/sdf/monomer.sdf,O=C[C@@](NC)CCCNC(=N)N,13.064579,0.63865453,192,O=C[C@@](NC)CCCNC(=N)N,414.10318,341.24612,72.857063,203.05644,211.04674,1470.4296,313.9411,268.38907,1156.4884,0.94893664,1.3951551,-54.303307,4.8876123,-76.573044,-74.847542,-0.0012886579,-27.83238,0,6.0521417,20.731478,9.6057682,1.7255011,0.82406062,0.1759394,0.49035227,0.50964773,3.5508771,0.75812286,0.070811823,0.14461611,0.92799503,1851.9645,258.44107,1658.4045,1787.0835,3.2791359,3.1464663,1.1846724,0.83729011,181.5,231.6785,1.8107392,0.077166252,2.9327064,2.396663,1.5896868,0.80958128,0.40252194,0.15826227,0.050092004,0.015270346,400.75,234.625,180.125,148.625,120.125,78.75,43.0,19.625,0.70710677,1.4142135,0.70710677,0.5,0.70710677,1.118034,-2.2013619,-2.1900132,-2.1317759,-7.4670124,-7.250958,-7.0811286,1.2661552,207.375,228.5,155.875,48.5,13.0,-0.875,-1.625,-0.75,0.28383067,0.12026913,0.74597257,0.66249049,0.86182904,1.1801686,1.5215319,1.3973711,1.6944145,2.4219329,0.72460657,1.1131047,1.1578051,1.0810347,1.04462,1.0311487,2.2924368,4.4004288,1.2649201,367.31567,464.625,948.625,620.125,329.375,124.25,51.125,17.875,5.5,1.5,741.25,391.625,173.5,75.75,38.125,18.75,7.125,2.25,EXT671
C:/Users/MICROSOFT/Documents/nauval_mrnavac/cycpeptmp_standalone/runs/run_20260102_172000_moe/sdf/monomer.sdf,O=C[C@@](NC)CCCNC(=N)N,13.073513,0.64758819,80,O=C[C@@](NC)CCCNC(=N)N,408.58783,338.58975,69.998085,201.54857,207.03928,1458.9833,301.62173,268.59167,1157.3616,0.94244593,0.45914698,-52.771938,4.9591355,-75.059044,-73.3974,-0.0043658246,-24.190004,0,6.0130053,21.061241,9.6576872,1.6616435,0.8286829,0.1713171,0.49328089,0.50671911,3.5707946,0.73820537,0.14073233,0.22373769,0.92110884,1471.7074,307.03958,1264.0557,1372.3195,2.9231682,2.8018641,1.2436334,1.0510999,182.75,230.31865,2.9623477,0.064917572,2.9003654,2.2943876,1.5283943,0.90091449,0.45959458,0.18513922,0.045846663,0.018532734,351.375,203.75,162.75,140.0,115.875,77.625,31.875,9.625,0.5,7.4498324,7.8898668,0.5,0.70710677,0.5,-1.8270334,-1.8040919,-1.7953709,-7.6673064,-7.2379513,-7.2126193,1.2425164,172.625,206.5,154.375,62.25,18.625,2.375,-2.25,0.5,0.34946236,0.14285715,1.1654559,1.0588472,1.1782222,1.459905,1.70477,1.5349153,2.060307,2.9099309,0.75236076,1.2450477,1.5239818,1.7756301,1.8744366,2.4323754,3.2979126,3.6166136,1.285508,358.51584,460.875,913.125,602.125,332.875,140.0,56.875,20.0,5.0,1.875,740.5,395.625,178.5,77.75,38.25,17.625,7.25,1.375,EXT672
C:/Users/MICROSOFT/Documents/nauval_mrnavac/cycpeptmp_standalone/runs/run_20260102_172000_moe/sdf/monomer.sdf,O=C[C@@](NC)CCCNC(=N)N,13.073513,0.64758819,96,O=C[C@@](NC)CCCNC(=N)N,405.56863,336.06866,69.499992,198.1647,207.40395,1448.1199,299.47546,266.56866,1148.6444,0.94244593,0.45845306,-52.758984,4.9550624,-75.034676,-73.363358,-0.003803282,-24.181849,0,5.9928908,21.074198,9.6602249,1.6713163,0.82863569,0.17136431,0.48860952,0.51139051,3.5705912,0.7384088,0.14073136,0.22372507,0.9211148,1471.4637,306.97241,1263.8585,1372.0967,2.9229264,2.8017817,1.2436073,1.0510654,182.75,230.13182,3.1695542,0.064850166,2.9085364,2.2933908,1.5294627,0.90471244,0.45916072,0.18602191,0.05312752,0.016738243,350.625,205.875,161.625,140.375,118.5,77.0,32.5,9.125,0.5,0.5,1.0,0.5,1.0,0.5,-1.8485724,-1.834854,-1.808726,-8.0281916,-7.6221318,-7.3931246,1.2366009,172.0,200.25,155.25,62.0,17.625,3.125,-1.375,-0.125,0.34106728,0.14781834,1.2014381,1.0962031,1.2708616,1.5123487,1.7435116,1.4945607,2.0981748,2.7329845,0.74708921,1.2756716,1.5370018,1.7552977,1.9867235,2.4235046,3.1727664,3.6940701,1.2915407,356.74445,460.75,913.875,594.75,334.125,139.875,55.125,20.75,5.625,1.875,741.875,394.5,178.875,77.875,37.5,17.625,7.0,2.0,EXT673
C:/Users/MICROSOFT/Documents/nauval_mrnavac/cycpeptmp_standalone/runs/run_20260102_172000_moe/sdf/monomer.sdf,O=C[C@@](NC)CCCNC(=N)N,13.326294,0.90036941,168,O=C[C@@](NC)CCCNC(=N)N,416.8194,340.31979,76.499611,191.50854,225.31085,1466.438,329.63681,263.82019,1136.8011,0.94244593,1.3803481,-50.69141,5.1072168,-73.430061,-72.001678,9.442697e-05,-36.659893,0,6.0501752,22.742474,10.152784,1.4283845,0.81646824,0.18353179,0.45945209,0.54054791,3.5181615,0.79083848,0.069148034,0.1351189,0.93128896,1977.9069,258.66394,1782.8066,1914.3431,3.3888004,3.2171977,1.1996868,0.84599471,182.75,229.27365,2.4219677,0.065551348,2.9727681,2.432198,1.6056756,0.85940844,0.44398627,0.17117125,0.040243812,0.011450457,385.375,234.625,178.375,148.875,126.25,82.75,50.125,25.25,0.70710677,6.7082038,6.8190908,0.5,0.5,0.70710677,-1.9918699,-1.9898593,-1.9716296,-7.1900945,-7.1546931,-7.1083779,1.265628,222.375,247.75,159.625,57.0,16.375,-0.5,-3.0,-0.5,0.31394535,0.11838791,1.1113399,1.0826861,1.1190838,1.3107264,1.5023934,1.557147,1.8812284,2.1407475,0.62179482,0.94542885,1.1562971,1.2428474,1.3201603,1.2049385,2.4249139,4.4475002,1.2670338,368.08408,466.375,980.75,646.625,340.25,134.625,56.0,17.625,4.5,1.375,758.375,398.875,180.625,77.625,39.625,18.125,7.5,1.875,EXT674
C:/Users/MICROSOFT/Documents/nauval_mrnavac/cycpeptmp_standalone/runs/run_20260102_172000_moe/sdf/monomer.sdf,O=C[C@@](NC)CCCNC(=N)N,13.326294,0.90036941,112,O=C[C@@](NC)CCCNC(=N)N,417.93719,340.25668,77.680511,193.15764,224.77956,1466.1661,334.72531,262.57617,1131.4408,0.94244593,1.3791437,-50.705208,5.0810618,-73.426605,-71.992828,0.0003059126,-36.654083,0,6.0532279,23.658495,10.153023,1.4337837,0.81413352,0.18586646,0.46216905,0.53783095,3.5081015,0.80089855,0.069139749,0.1351169,0.93130296,1977.6835,258.62943,1782.6218,1914.1158,3.3886092,3.2171657,1.1995716,0.84593564,182.75,231.20576,2.3279772,0.067792989,2.9743166,2.4351728,1.6088029,0.85792476,0.43927115,0.16655853,0.043877423,0.012199698,392.875,235.0,181.625,151.75,124.875,81.5,49.25,24.625,0.70710677,0.5,0.86602539,0.5,0.5,0.70710677,-2.0187411,-2.0122688,-1.9793228,-7.3677583,-7.1384578,-7.0546875,1.2655184,225.875,246.75,163.125,57.125,16.0,1.25,-2.0,-0.625,0.30350998,0.12191104,1.1134492,1.0710543,1.1127297,1.278201,1.495308,1.5680797,1.9179672,2.0565407,0.61437386,0.93767101,1.1434187,1.211187,1.2441182,1.3150198,2.0819678,4.3215227,1.2672569,368.11798,466.5,984.25,647.25,343.0,133.5,55.125,18.5,4.75,1.25,758.375,400.5,179.875,76.375,39.125,17.25,6.75,1.875,EXT675
C:/Users/MICROSOFT/Documents/nauval_mrnavac/cycpeptmp_standalone/runs/run_20260102_172000_moe/sdf/monomer.sdf,O=C[C@@](NC)CCCNC(=N)N,13.416014,0.99008924,78,O=C[C@@](NC)CCCNC(=N)N,412.81046,342.22165,70.588814,185.06387,227.74658,1474.6331,304.16721,271.63284,1170.4658,0.94828355,1.7475168,-49.444054,5.2677026,-72.528122,-70.942139,-0.0073181624,-30.493204,0,6.0997839,21.398417,10.137918,1.5859772,0.82900429,0.1709957,0.4483023,0.55169773,3.5721796,0.73682046,0.076495081,0.16728017,0.88964254,1710.4829,278.21158,1479.6067,1663.1475,3.1513922,3.0263813,1.2435422,0.8370288,181.625,228.91855,2.6607721,0.063700698,2.9277442,2.3582227,1.4925938,0.86786479,0.46802202,0.19348875,0.041635673,0.011493747,387.625,230.25,180.625,153.0,130.125,90.625,53.25,24.375,1.2247449,1.8708287,0.70710677,0.5,0.5,0.70710677,-2.1902115,-2.1390643,-2.1303835,-7.2702508,-7.2502909,-6.895546,1.2580743,191.375,202.75,142.75,61.125,17.375,1.125,-2.5,-0.375,0.31280276,0.12745099,1.2465671,1.1760161,1.2549531,1.4945371,1.6497896,1.5921067,1.8104926,2.1762471,0.69997185,1.1855904,1.4584442,1.5176628,1.4117426,1.219815,2.7831576,4.2979336,1.2711012,363.85773,462.5,947.875,610.375,325.75,137.75,56.5,19.5,5.0,1.25,756.5,407.625,183.0,76.625,39.125,18.375,7.5,1.625,EXT676
C:/Users/MICROSOFT/Documents/nauval_mrnavac/cycpeptmp_standalone/runs/run_20260102_172000_moe/sdf/monomer.sdf,O=C[C@@](NC)CCCNC(=N)N,13.416014,0.99008924,132,O=C[C@@](NC)CCCNC(=N)N,409.73129,339.86093,69.870361,184.40492,225.32639,1464.4608,301.07138,269.99057,1163.3894,0.94959062,1.7468673,-49.44273,5.2726941,-72.517784,-70.923454,-0.0088210488,-30.49559,0,6.0757003,21.399742,10.141155,1.5943273,0.82947272,0.17052728,0.45006305,0.54993695,3.574198,0.73480201,0.076478265,0.16724671,0.88964945,1710.2366,278.11948,1479.4242,1662.9294,3.1511652,3.0263314,1.2435026,0.836923,181.375,229.07266,2.6611352,0.063697897,2.927613,2.3577471,1.4927423,0.86737114,0.46803376,0.19343048,0.041590344,0.011429098,387.625,230.375,180.625,153.25,130.25,90.75,53.25,24.5,1.2247449,1.8708287,0.70710677,0.5,0.5,0.70710677,-2.1904781,-2.1391327,-2.1303425,-7.2625508,-7.2450204,-6.8883071,1.258098,191.75,202.5,142.625,61.25,17.375,1.375,-2.25,-0.375,0.31211072,0.12805873,1.2436727,1.1766793,1.2580225,1.4932793,1.6518683,1.5899878,1.8107369,2.1879303,0.70061076,1.1854067,1.4561596,1.519254,1.4083712,1.2394785,2.7827828,4.2975802,1.2710773,363.86456,462.5,948.125,610.0,325.75,137.875,56.375,19.625,5.0,1.25,756.375,407.5,183.125,76.625,39.0,18.25,7.25,1.625,EXT677
C:/Users/MICROSOFT/Documents/nauval_mrnavac/cycpeptmp_standalone/runs/run_20260102_172000_moe/sdf/monomer.sdf,O=C[C@@](NC)CCCNC(=N)N,13.452124,1.0261995,34,O=C[C@@](NC)CCCNC(=N)N,416.14822,338.27817,77.870071,198.13585,218.01239,1457.6406,335.54214,260.40808,1122.0985,0.94309103,1.4160969,-54.239632,5.6062303,-76.615402,-75.361465,-1.5064969e-05,-25.79236,0,6.0821567,22.420725,9.4334612,1.2539403,0.81287903,0.18712099,0.47611845,0.52388155,3.5026956,0.8063044,0.050165489,0.1154635,0.91503906,2033.9359,231.31746,1833.1726,2003.3817,3.4364634,3.1927674,1.2863475,0.71510494,182.625,230.45305,2.1487427,0.069515057,2.9429355,2.3968928,1.4883285,0.82656735,0.44194821,0.19703633,0.060100656,0.014681108,408.75,238.625,180.25,155.375,133.875,95.875,57.375,23.0,0.5,0.5,0.70710677,0.70710677,0.5,0.5,-1.9329544,-1.9175359,-1.9073937,-7.6569042,-7.4545007,-7.1399941,1.2629781,210.375,209.75,145.625,66.25,28.125,8.125,1.75,-0.625,0.32524273,0.13837489,0.76732916,0.73055542,0.88614076,1.2033089,1.3196299,1.2063178,1.5322841,2.2087033,0.68876052,1.1457379,1.3258839,1.2607012,1.4126842,1.5381823,1.9087918,4.2943339,1.2733119,369.41068,470.375,961.0,614.75,325.875,136.25,58.625,21.5,6.375,1.25,750.625,405.0,180.25,70.0,30.5,13.375,4.625,1.875,EXT678
C:/Users/MICROSOFT/Documents/nauval_mrnavac/cycpeptmp_standalone/runs/run_20260102_172000_moe/sdf/monomer.sdf,O=C[C@@](NC)CCCNC(=N)N,13.452124,1.0261995,164,O=C[C@@](NC)CCCNC(=N)N,415.64316,336.59293,79.050232,199.02722,216.61594,1450.3789,340.62744,257.54269,1109.7515,0.94309103,1.4152259,-54.293369,5.5811229,-76.617233,-75.366287,2.7514239e-05,-25.800755,0,6.0591192,22.366985,9.4326477,1.250948,0.80981225,0.19018774,0.47884157,0.5211584,3.489481,0.81951898,0.050165575,0.1154753,0.91503829,2033.7618,231.32005,1833.0043,2003.1995,3.4363163,3.1925926,1.286298,0.71506643,182.625,229.6393,2.1487427,0.06949573,2.943661,2.3971064,1.4882263,0.82656288,0.44217846,0.19708925,0.060058892,0.014690466,408.75,238.75,180.25,155.375,134.0,95.875,57.375,23.0,0.5,0.5,0.70710677,0.70710677,0.5,0.5,-1.9327101,-1.9173669,-1.9075576,-7.6590571,-7.4556193,-7.1435966,1.2624478,210.125,208.875,145.375,66.375,28.125,8.125,1.75,-0.625,0.32524273,0.13837489,0.76628602,0.72886992,0.88589174,1.2029668,1.3182553,1.2066534,1.5325423,2.2091646,0.6900636,1.1443987,1.3265182,1.2593113,1.4132022,1.5386446,1.9090406,4.2938304,1.2739595,369.32101,470.5,960.75,614.125,325.625,136.375,58.625,21.5,6.375,1.25,750.625,405.25,180.25,70.0,30.5,13.375,4.625,1.875,EXT679
C:/Users/MICROSOFT/Documents/nauval_mrnavac/cycpeptmp_standalone/runs/run_20260102_172000_moe/sdf/monomer.sdf,O=C[C@@](NC)CCCNC(=N)N,13.47013,1.0442048,89,O=C[C@@](NC)CCCNC(=N)N,414.42892,338.10651,76.322395,203.45964,210.96927,1456.901,328.8732,261.78412,1128.0278,0.94244593,1.3141071,-53.991493,4.8431125,-76.179176,-74.676018,-0.0015874199,-28.597475,0,6.0203466,20.637825,9.8226547,1.5031551,0.8158372,0.18416281,0.4909398,0.5090602,3.5154424,0.79355758,0.063328907,0.14506896,0.90484989,1854.6891,262.5058,1637.348,1809.5244,3.2815471,3.1227422,1.2998408,0.7858454,182.75,229.75931,1.7476093,0.067843124,2.9350777,2.3958461,1.5236586,0.83031148,0.44702834,0.20657888,0.069202565,0.016826713,394.0,228.0,176.125,150.375,125.875,89.0,50.0,19.25,1.118034,0.5,1.2247449,0.5,0.5,1.0,-2.1242957,-2.0970805,-2.093653,-7.5537682,-7.3336587,-7.1331601,1.263545,211.75,233.0,160.75,61.125,25.0,6.0,-0.25,-0.375,0.35202271,0.15710723,0.86196977,0.77192116,0.87477577,1.1074047,1.4056855,1.3801321,1.7888688,1.9914656,0.61995041,1.057618,1.1989056,1.1268545,1.1950481,1.6336153,2.3374569,4.4610677,1.2675332,366.55844,464.625,957.75,620.375,330.875,136.25,62.0,23.625,7.0,1.375,746.0,387.375,170.125,75.125,37.0,17.625,7.25,1.75,EXT680
C:/Users/MICROSOFT/Documents/nauval_mrnavac/cycpeptmp_standalone/runs/run_20260102_172000_moe/sdf/monomer.sdf,O=C[C@@](NC)CCCNC(=N)N,13.521272,1.0953468,2,O=C[C@@](NC)CCCNC(=N)N,413.35657,337.39496,75.961609,189.79262,223.56393,1453.8348,327.31857,261.43335,1126.5162,0.95155799,0.61510134,-54.4305,5.1833773,-76.659058,-75.29126,-0.0078360317,-26.907776,0,6.0658841,20.983686,9.619338,1.3677982,0.81623226,0.18376777,0.4591499,0.5408501,3.5171447,0.79185528,0.10188243,0.1598248,0.96300066,1778.3059,267.77274,1613.4249,1675.4142,3.2132633,3.121341,1.0990756,0.99630165,181.0,228.23769,1.3104938,0.064253785,2.9802802,2.4647493,1.7167277,0.8865996,0.42282662,0.13875981,0.015288585,0.0,360.75,215.125,166.25,136.375,111.125,74.125,39.875,17.875,0.5,1.118034,0.70710677,0.5,0.5,1.0,-2.210187,-2.1192632,-2.0753002,-5.7047219,-5.4319949,-5.4140186,1.2570159,220.625,244.875,171.25,53.25,13.125,-4.5,-5.5,-2.0,0.30751881,0.10265812,0.48867419,0.39202055,0.34484452,0.55043888,0.48977622,1.2300172,2.3198087,2.7466128,0.55866259,0.68294001,0.68231481,0.81593585,0.96700555,1.544009,3.3169045,0.0,1.2730877,364.07544,463.5,980.875,654.375,357.0,132.375,51.125,14.0,1.625,0.0,760.25,409.5,185.75,79.125,38.0,18.5,7.125,2.0,EXT681
C:/Users/MICROSOFT/Documents/nauval_mrnavac/cycpeptmp_standalone/runs/run_20260102_172000_moe/sdf/monomer.sdf,O=C[C@@](NC)CCCNC(=N)N,13.530895,1.1049702,24,O=C[C@@](NC)CCCNC(=N)N,402.89981,338.42014,64.47966,190.88692,212.01288,1458.2524,277.84286,273.94049,1180.4095,0.94568014,1.1086206,-50.388153,5.3100033,-72.865517,-71.311134,-0.0074132085,-31.259785,0,6.0655189,22.393471,9.5548725,1.5543878,0.83996105,0.16003895,0.4737826,0.5262174,3.6193922,0.68960786,0.091556959,0.17622353,0.88281417,1568.34,268.45395,1344.8541,1523.3717,3.0176105,2.6995833,1.4599872,0.81685024,182.125,228.87314,1.8752139,0.091267534,2.9106205,2.3510504,1.3872902,0.75679833,0.37945932,0.16664241,0.044063799,0.018024405,428.375,239.125,186.375,164.5,141.125,109.25,57.875,22.25,0.5,6.5764732,6.4031243,0.5,0.5,0.70710677,-2.0035701,-1.9802448,-1.9344225,-7.4720573,-7.3229771,-7.2932096,1.2344995,160.25,137.0,102.25,36.375,8.125,0.25,-1.625,-0.375,0.24614353,0.10638298,0.77101821,0.74919301,0.65442502,0.70327091,0.83350772,1.2053887,1.6448089,1.9016939,0.41711441,0.77272618,1.1155413,1.1872288,1.2518945,1.5411482,2.8758025,4.6688485,1.293154,355.81607,460.125,902.0,548.875,279.875,113.375,45.875,17.5,5.125,1.5,741.75,411.875,177.625,77.0,37.75,17.25,6.75,1.875,EXT682
C:/Users/MICROSOFT/Documents/nauval_mrnavac/cycpeptmp_standalone/runs/run_20260102_172000_moe/sdf/monomer.sdf,O=C[C@@](NC)CCCNC(=N)N,13.576944,1.1510197,15,O=C[C@@](NC)CCCNC(=N)N,402.69135,332.50943,70.181931,192.74985,209.94151,1432.7831,302.41394,262.32748,1130.3691,0.94893664,1.0220436,-52.655918,5.1226082,-76.552017,-74.466324,-0.0043130019,-23.100735,0,6.1067758,22.995436,10.585334,2.0856941,0.82571781,0.17428219,0.47865406,0.52134597,3.558018,0.75098193,0.11782664,0.2247529,0.88677561,1455.165,309.77805,1222.2472,1378.3049,2.9066932,2.8097625,1.2412139,0.96447587,181.5,228.16316,2.3779125,0.058815464,2.9180274,2.3459821,1.6299798,0.9162696,0.44828662,0.14484836,0.014022814,0.0,331.5,192.25,149.125,124.625,101.375,59.625,27.125,8.125,1.118034,1.118034,0.70710677,0.5,8.2613554,8.5732145,-1.8425375,-1.8266798,-1.8173383,-5.5842872,-5.5072594,-5.4990616,1.236322,179.375,218.375,162.625,58.25,13.5,-4.625,-4.75,-1.625,0.3545683,0.11334002,0.72519994,0.75548828,1.0499219,1.4071997,1.4838104,0.86012655,1.6614404,3.1382287,0.74542922,1.098966,1.2145016,1.3087721,1.336266,1.4954082,1.4780236,0.0,1.2901944,355.76035,459.0,913.5,611.875,341.75,138.125,52.875,14.125,1.5,0.0,734.125,393.5,179.125,79.875,39.375,18.75,6.25,1.625,EXT683
C:/Users/MICROSOFT/Documents/nauval_mrnavac/cycpeptmp_standalone/runs/run_20260102_172000_moe/sdf/monomer.sdf,O=C[C@@](NC)CCCNC(=N)N,13.577982,1.1520571,94,O=C[C@@](NC)CCCNC(=N)N,415.03268,336.88113,78.151543,196.32922,218.70345,1451.6208,336.755,258.72958,1114.8658,0.93795508,0.21979031,-55.01088,4.9473147,-77.219528,-75.818207,-0.0013289043,-30.873516,0,6.0582142,20.176062,9.8031311,1.4013178,0.81169784,0.18830214,0.47304523,0.52695477,3.497606,0.81139392,0.070005558,0.14574419,0.89961511,1882.0863,268.22003,1655.6047,1840.3479,3.3056955,3.1443582,1.1899939,0.83195198,183.625,230.37691,1.6902089,0.071067296,2.9590125,2.4813578,1.6884303,0.84468526,0.4106102,0.11880894,0.013947326,0.0,378.375,222.75,169.875,136.0,107.125,68.125,38.25,20.125,1.118034,0.5,0.70710677,0.5,0.5,0.70710677,-2.1820512,-2.1486158,-2.1430416,-5.7757845,-5.5621991,-5.5475469,1.2689942,239.625,259.5,168.125,48.5,9.625,-6.5,-6.5,-2.125,0.29433408,0.097426474,0.37545711,0.36182728,0.40153831,0.63635671,0.56787711,1.0439308,2.2693274,2.5235367,0.6103667,0.73686689,0.67304337,0.9670853,1.3234597,2.1123707,3.8151619,0.0,1.2631081,368.73328,465.75,976.375,652.75,344.25,128.0,50.0,13.25,1.5,0.0,736.75,393.25,176.125,79.5,40.375,19.75,8.0,2.125,EXT684
C:/Users/MICROSOFT/Documents/nauval_mrnavac/cycpeptmp_standalone/runs/run_20260102_172000_moe/sdf/monomer.sdf,O=C[C@@](NC)CCCNC(=N)N,13.62655,1.2006252,187,O=C[C@@](NC)CCCNC(=N)N,406.67841,343.12231,63.556095,194.30791,212.3705,1478.514,273.86322,279.56622,1204.6509,0.94503152,1.4525065,-54.182941,5.1922936,-76.242111,-74.536964,-0.027119247,-23.997444,0,6.0395489,20.495964,9.1492977,1.7051476,0.84371901,0.15628096,0.47779253,0.52220744,3.6355853,0.67341471,0.10916479,0.22441439,0.86979675,1512.5829,324.17493,1256.4537,1444.5371,2.9634845,2.7916634,1.3274981,0.92236823,182.25,228.87384,2.2848554,0.071316235,2.8969212,2.3012331,1.5483857,0.83094782,0.43420556,0.18229622,0.052716043,0.022273831,375.125,220.125,175.625,146.0,121.625,82.0,41.75,20.125,0.5,0.5,1.0,0.70710677,0.5,0.5,-2.3124926,-2.2566626,-2.2430737,-7.3123083,-7.3040867,-7.1611924,1.2489234,174.5,189.5,138.25,53.375,16.875,1.25,-1.5,0.625,0.3074733,0.1369863,0.87407315,0.83260524,1.0273495,1.3398416,1.5453247,1.3272507,1.8408633,2.3016253,0.72506499,1.1063855,1.2464234,1.2967713,1.2893258,1.4583672,2.6570609,3.9868827,1.2794912,360.69025,461.5,914.75,590.5,321.375,130.25,54.0,20.0,5.25,2.25,740.25,401.0,183.125,76.875,37.125,18.75,6.75,1.625,EXT685
C:/Users/MICROSOFT/Documents/nauval_mrnavac/cycpeptmp_standalone/runs/run_20260102_172000_moe/sdf/monomer.sdf,O=C[C@@](NC)CCCNC(=N)N,13.630812,1.2048872,160,O=C[C@@](NC)CCCNC(=N)N,415.00372,341.71655,73.287163,192.75645,222.24728,1472.4567,315.79437,268.42941,1156.6624,0.94373697,1.3905928,-49.064632,5.3261156,-71.799255,-70.091232,-0.006093069,-29.158005,0,5.9579091,26.594542,9.7486696,1.7080219,0.82340604,0.17659399,0.46446919,0.53553081,3.5480566,0.76094347,0.11542378,0.15249853,0.95058435,1823.3925,264.4353,1648.3311,1734.0187,3.2537425,2.9968591,1.2240094,1.0181552,182.5,230.19678,1.8461986,0.078850769,2.9391367,2.3739002,1.5555785,0.81098282,0.40491304,0.16761564,0.060370814,0.029675068,403.5,241.0,182.25,154.125,132.125,89.625,45.25,18.0,2.0615528,1.5,0.70710677,1.118034,1.2247449,0.5,-2.0700028,-2.0631235,-2.0567198,-8.1511393,-8.063652,-8.0132504,1.2630936,198.625,206.375,143.125,47.375,13.875,1.625,0.625,1.625,0.28052127,0.12895377,0.69401741,0.69540668,0.68744534,0.84035981,0.91464967,0.81640816,1.4898775,2.0457063,0.36758831,0.60740048,0.6153931,0.85837579,1.2647538,2.2151964,3.9614251,4.7948895,1.2659361,365.24356,462.375,947.0,604.75,326.625,124.625,51.125,19.875,7.25,3.125,748.375,398.375,183.5,77.25,37.25,18.25,6.625,1.5,EXT686
C:/Users/MICROSOFT/Documents/nauval_mrnavac/cycpeptmp_standalone/runs/run_20260102_172000_moe/sdf/monomer.sdf,O=C[C@@](NC)CCCNC(=N)N,13.784462,1.3585374,51,O=C[C@@](NC)CCCNC(=N)N,415.42505,341.87634,73.548721,188.41383,227.01122,1473.1451,316.92145,268.32761,1156.2236,0.94568014,1.8225572,-47.387928,5.3228264,-70.544823,-68.755165,-0.0076896483,-32.730984,0,6.0504818,26.309111,10.001617,1.7896541,0.82295549,0.1770445,0.45354471,0.54645532,3.5461152,0.76288474,0.068329386,0.16713095,0.8876738,1706.5458,277.60944,1474.4524,1661.0297,3.1477633,3.0483,1.2638936,0.79682231,182.125,231.02608,2.7391369,0.065065913,2.9219937,2.3462477,1.4828207,0.83694386,0.44973919,0.17496756,0.060970042,0.025175497,387.375,230.625,177.875,150.25,127.5,90.5,53.0,24.5,1.8708287,1.118034,0.86602539,0.5,0.70710677,1.118034,-2.1815743,-2.1393516,-2.1364341,-8.4605417,-7.9956088,-7.9437585,1.259964,181.875,193.375,136.125,58.125,20.0,3.625,0.5,1.125,0.32536894,0.13976705,1.1786139,1.1530625,1.2474337,1.4750837,1.680653,1.6454502,1.8105373,2.1518259,0.69845808,1.1916128,1.4460309,1.5114226,1.5009214,1.8447745,3.239078,4.3799305,1.2703373,365.06052,463.75,941.875,606.25,320.75,136.0,57.875,21.0,7.25,3.125,760.0,412.875,184.625,77.875,37.875,17.375,6.75,2.0,EXT687
C:/Users/MICROSOFT/Documents/nauval_mrnavac/cycpeptmp_standalone/runs/run_20260102_172000_moe/sdf/monomer.sdf,O=C[C@@](NC)CCCNC(=N)N,13.790696,1.3647718,77,O=C[C@@](NC)CCCNC(=N)N,416.12314,330.82785,85.29528,196.76193,219.36122,1425.5372,367.53738,245.53258,1057.9999,0.94568014,1.6534872,-47.69202,5.6741138,-70.250114,-68.990295,0.00062230136,-40.599834,0,6.1676989,26.755598,9.455843,1.2598184,0.79502392,0.20497607,0.47284544,0.52715456,3.4257581,0.88324183,0.05096196,0.10174555,0.96284223,2042.4585,201.30998,1905.0439,1978.563,3.4436555,3.3324571,1.0928533,0.752294,182.125,227.79504,2.3283188,0.069243513,2.9824135,2.4436834,1.5992143,0.82956433,0.42541099,0.19844851,0.073129363,0.030755008,404.5,236.25,184.875,155.5,130.875,91.625,54.75,25.875,0.5,2.5495098,2.6925824,0.5,0.5,1.0,-2.0648391,-2.030803,-1.9607114,-8.9301519,-8.5082397,-8.3250809,1.2607988,227.75,237.125,151.125,60.0,23.5,11.5,4.0,1.75,0.30966869,0.15675241,0.81352979,0.7240268,0.96947837,1.2739302,1.4173248,1.2002565,1.528654,1.8466389,0.73996115,1.1694781,1.2654852,1.3039618,1.372035,1.4563936,2.7036891,4.7559233,1.2721142,366.81064,466.625,982.375,642.375,337.125,133.75,57.25,24.375,8.875,3.25,754.625,405.25,186.0,73.75,33.75,12.875,4.875,1.5,EXT688
C:/Users/MICROSOFT/Documents/nauval_mrnavac/cycpeptmp_standalone/runs/run_20260102_172000_moe/sdf/monomer.sdf,O=C[C@@](NC)CCCNC(=N)N,13.790696,1.3647718,193,O=C[C@@](NC)CCCNC(=N)N,416.01807,332.37469,83.643356,198.13763,217.88043,1432.2026,360.41922,248.73135,1071.7833,0.94503152,1.6552058,-47.668674,5.7015996,-70.233307,-68.97187,0.00089905655,-40.616844,0,6.1437712,26.778944,9.4569292,1.2614321,0.79894298,0.20105703,0.47627172,0.52372831,3.4426453,0.8663547,0.050950278,0.10176934,0.9628216,2042.4515,201.35606,1904.9939,1978.5532,3.4436498,3.3324852,1.0929391,0.75221419,182.25,228.3584,2.2313416,0.067729242,2.9785228,2.4395206,1.6028358,0.83240581,0.42654616,0.1952711,0.071489967,0.030355796,400.25,238.0,181.5,157.375,131.875,92.125,55.125,27.375,1.5811388,0.5,1.118034,0.5,0.5,1.0,-1.9524242,-1.9409827,-1.9387177,-8.7875853,-8.6696768,-8.2793121,1.2611878,219.0,233.875,151.75,61.75,23.125,10.25,3.125,1.0,0.31611571,0.15250199,0.77817917,0.75939631,0.90833867,1.1931267,1.3858907,1.2146922,1.6478119,1.9310732,0.76061839,1.1771255,1.2726549,1.2784117,1.3371593,1.4933962,2.4381588,4.7133727,1.2721759,367.18585,467.125,978.25,639.375,339.875,134.75,57.375,24.0,8.5,3.0,759.25,405.5,188.125,73.0,34.25,13.75,5.375,2.0,EXT689
C:/Users/MICROSOFT/Documents/nauval_mrnavac/cycpeptmp_standalone/runs/run_20260102_172000_moe/sdf/monomer.sdf,O=C[C@@](NC)CCCNC(=N)N,13.790696,1.3647718,146,O=C[C@@](NC)CCCNC(=N)N,414.79001,328.56549,86.224495,193.96295,220.82706,1415.7887,371.54135,242.341,1044.2474,0.94568014,1.6525806,-47.771755,5.6618099,-70.257469,-68.996735,0.00086763623,-40.576786,0,6.1050591,26.675861,9.4572411,1.260735,0.79212493,0.20787506,0.46761721,0.53238279,3.4132664,0.89573365,0.050941929,0.10173666,0.96280581,2042.4449,201.29547,1905.0011,1978.5934,3.443644,3.3325191,1.0928682,0.75216019,182.125,228.62373,2.2225626,0.067915834,2.978308,2.4395556,1.6028835,0.83236247,0.42657486,0.19519787,0.071450293,0.030324286,400.375,238.25,182.0,157.625,132.0,92.25,55.25,27.5,1.5811388,0.5,1.118034,0.5,0.5,1.0,-1.9520216,-1.9408514,-1.9385462,-8.7880955,-8.6643419,-8.2823343,1.2613277,218.875,234.375,152.0,61.75,23.0,10.5,3.125,1.0,0.31456044,0.15384616,0.776775,0.75696486,0.90973347,1.1970993,1.3883724,1.2133235,1.6347448,1.9487562,0.76021439,1.176178,1.2722168,1.278142,1.3289455,1.4967767,2.4370084,4.7122178,1.2719213,367.1611,467.0,978.125,639.625,340.0,134.75,57.25,24.25,8.5,3.0,759.25,405.25,188.0,73.0,34.25,13.75,5.375,2.0,EXT690
C:/Users/MICROSOFT/Documents/nauval_mrnavac/cycpeptmp_standalone/runs/run_20260102_172000_moe/sdf/monomer.sdf,O=C[C@@](NC)CCCNC(=N)N,13.790696,1.3647718,166,O=C[C@@](NC)CCCNC(=N)N,418.14688,330.04117,88.105721,197.32292,220.82396,1422.1475,379.64755,241.93546,1042.4999,0.94503152,1.6532354,-47.69302,5.6613002,-70.237953,-68.979675,0.00048136074,-40.581165,0,6.1685205,26.754599,9.456356,1.2582763,0.78929484,0.21070519,0.47189859,0.52810144,3.4010713,0.90792865,0.050953895,0.10173621,0.9628408,2042.5433,201.3009,1905.1302,1978.6555,3.443727,3.3324986,1.0929002,0.75224388,182.25,228.92216,2.2225626,0.067922242,2.9782991,2.4394515,1.6027321,0.83230156,0.42652318,0.19525278,0.071510054,0.030284174,400.5,238.125,182.0,157.625,132.125,92.25,55.125,27.625,1.5811388,0.5,1.118034,0.5,0.5,1.0,-1.9523876,-1.9407928,-1.9387512,-8.783062,-8.6615095,-8.2768297,1.2609116,219.125,234.5,151.75,61.625,23.125,10.375,3.125,1.0,0.31456044,0.15305313,0.77627933,0.75862348,0.9094733,1.1968623,1.3888401,1.2128378,1.6413137,1.9479133,0.76136535,1.1777254,1.2739633,1.2834647,1.329123,1.495768,2.4374454,4.7126164,1.2725681,367.17093,467.25,978.25,639.625,339.75,134.625,57.25,24.125,8.5,3.0,759.125,405.125,188.0,73.0,34.125,13.75,5.375,2.0,EXT691
C:/Users/MICROSOFT/Documents/nauval_mrnavac/cycpeptmp_standalone/runs/run_20260102_172000_moe/sdf/monomer.sdf,O=C[C@@](NC)CCCNC(=N)N,13.820631,1.3947064,104,O=C[C@@](NC)CCCNC(=N)N,412.17764,337.08673,75.090904,191.37421,220.80344,1452.5068,323.56668,261.99585,1128.9401,0.94763136,1.1070091,-52.016926,5.1257806,-75.708412,-74.087204,-0.0067338678,-22.894028,0,6.0371208,23.153608,10.91411,1.6212126,0.81781906,0.18218091,0.4643003,0.53569967,3.5239825,0.78501755,0.13789366,0.21154606,0.9263761,1621.2738,320.84805,1405.0178,1516.6818,3.0681124,2.9255421,1.1627318,1.0863718,181.75,231.11885,1.6379278,0.063518398,2.9266858,2.3903284,1.60901,0.87814188,0.45267373,0.157809,0.015514738,0.0,365.375,214.25,165.75,138.0,111.25,69.375,35.5,13.25,1.2247449,2.4494898,1.2247449,0.5,0.70710677,0.86602539,-2.0712187,-2.0122797,-1.8981756,-5.5488534,-5.4711385,-5.4146957,1.2574635,208.0,227.5,156.0,56.125,14.0,-2.25,-5.625,-1.875,0.31674209,0.11775362,0.30271766,0.3942382,0.74307036,1.0158976,1.1612334,0.29239154,1.2044201,2.0042636,0.70996016,0.98560214,1.0318943,0.94897372,0.964001,1.1264212,4.0196271,0.0,1.2691933,362.23798,459.75,945.125,621.75,336.75,135.25,52.5,16.25,1.75,0.0,737.125,394.25,180.75,79.125,38.5,18.5,7.375,1.875,EXT692
C:/Users/MICROSOFT/Documents/nauval_mrnavac/cycpeptmp_standalone/runs/run_20260102_172000_moe/sdf/monomer.sdf,O=C[C@@](NC)CCCNC(=N)N,13.846468,1.4205438,71,O=C[C@@](NC)CCCNC(=N)N,413.09949,337.43649,75.663002,190.92191,222.1776,1454.0139,326.03186,261.7735,1127.9821,0.94051605,0.63940114,-51.875072,5.0726876,-75.590454,-73.946342,-0.0071412576,-23.952051,0,6.0970745,22.218847,10.908651,1.6441084,0.81684071,0.18315926,0.46216929,0.53783071,3.5197668,0.78923327,0.10939431,0.2128191,0.8932988,1649.5664,333.37091,1399.3098,1566.4521,3.0947673,2.8703771,1.3555998,0.94937176,183.125,228.46384,1.2721522,0.070261337,2.9356768,2.4098108,1.624768,0.84570217,0.43339771,0.17376743,0.046086971,0.01316803,375.625,219.0,169.625,141.5,115.375,73.75,38.375,15.875,0.5,4.5276928,4.0926762,0.70710677,0.70710677,0.70710677,-2.1064439,-2.0590165,-2.0399368,-7.4259286,-6.9567928,-6.7238979,1.251493,207.75,227.875,151.75,53.125,14.875,0.0,-2.25,-0.375,0.32056007,0.13427562,0.32053316,0.36179066,0.58093482,0.90132183,0.99291146,0.37707731,1.0105469,1.745611,0.63367486,0.87534142,0.87559086,0.82040048,0.86571097,1.2890333,2.0336852,3.1360378,1.2785912,362.41061,463.375,944.0,621.75,332.25,133.0,54.375,19.0,5.0,1.25,736.25,393.875,180.5,79.875,39.5,19.0,7.25,1.625,EXT693
C:/Users/MICROSOFT/Documents/nauval_mrnavac/cycpeptmp_standalone/runs/run_20260102_172000_moe/sdf/monomer.sdf,O=C[C@@](NC)CCCNC(=N)N,13.869743,1.4438182,182,O=C[C@@](NC)CCCNC(=N)N,405.5737,334.74084,70.832855,192.12914,213.44456,1442.3983,305.21878,263.90799,1137.1794,0.9443838,1.6611103,-48.085323,5.4066072,-70.649696,-69.09024,-0.0075692921,-28.747978,0,6.0853691,24.916084,9.520505,1.5594633,0.82535148,0.17464855,0.47372189,0.52627814,3.5564394,0.75256062,0.093157195,0.17949295,0.93357086,1577.41,267.98431,1393.8282,1493.0074,3.0263238,2.9246218,1.2175596,0.89264321,182.375,228.04254,2.208956,0.074901976,2.9535542,2.3980281,1.5292605,0.82321256,0.41259798,0.16747947,0.066235475,0.03213973,396.375,232.375,177.375,153.5,129.375,93.0,54.5,23.875,0.5,0.5,1.0,0.70710677,1.2247449,0.70710677,-2.0697083,-2.0391479,-2.000798,-8.6572723,-8.3197489,-8.2634583,1.2284195,179.375,186.5,129.5,48.375,12.5,1.75,0.25,1.875,0.28964061,0.13110749,0.83673537,0.78988785,0.80427361,0.9658885,1.0720749,1.220619,1.7722031,2.0906408,0.62054539,0.91995573,1.0548589,1.2471454,1.4081396,2.0569997,3.7140014,5.0533776,1.2989657,353.74298,459.5,928.625,590.75,312.75,126.75,51.375,20.125,7.375,3.75,749.25,404.25,183.25,78.375,38.875,18.375,7.125,1.875,EXT694
C:/Users/MICROSOFT/Documents/nauval_mrnavac/cycpeptmp_standalone/runs/run_20260102_172000_moe/sdf/monomer.sdf,O=C[C@@](NC)CCCNC(=N)N,13.932931,1.5070065,158,O=C[C@@](NC)CCCNC(=N)N,402.58997,332.04935,70.540596,188.4736,214.11635,1430.8007,303.95941,261.50876,1126.8413,0.94244593,0.99336153,-47.031185,5.3228478,-70.307091,-68.432602,-0.0052905977,-28.020473,0,6.0626712,25.724585,10.021194,1.8744891,0.82478303,0.17521697,0.46815279,0.53184724,3.5539901,0.75500995,0.16271172,0.25905845,0.90639365,1436.9553,343.81311,1202.9333,1327.1643,2.8884492,2.714951,1.2600536,1.0951445,182.75,228.52026,3.7469087,0.065144844,2.8911412,2.2688303,1.4797733,0.87434918,0.46028361,0.18732068,0.068547502,0.030145485,351.0,205.25,163.375,139.875,116.25,77.875,36.125,11.75,0.70710677,0.70710677,0.70710677,0.5,0.5,1.0,-1.9692724,-1.901636,-1.8787172,-8.7041245,-8.212718,-8.044879,1.2410762,166.75,195.125,143.25,60.25,19.5,2.5,0.75,1.5,0.3634277,0.15549597,1.6096208,1.4974614,1.5800862,1.9281445,2.1806276,2.0815103,2.3541822,2.7594759,0.89871001,1.5872576,1.9798555,2.1384778,2.2883782,2.7702518,3.311126,3.5580494,1.2887427,359.07089,462.75,908.25,591.0,326.5,140.625,59.375,21.75,7.875,3.25,741.5,395.875,183.25,80.375,39.875,19.25,7.125,1.75,EXT695
C:/Users/MICROSOFT/Documents/nauval_mrnavac/cycpeptmp_standalone/runs/run_20260102_172000_moe/sdf/monomer.sdf,O=C[C@@](NC)CCCNC(=N)N,13.958496,1.5325712,103,O=C[C@@](NC)CCCNC(=N)N,397.32135,328.13403,69.187325,190.02722,207.29413,1413.9296,298.1282,258.94672,1115.8014,0.93731701,1.3577852,-53.511372,5.374867,-76.243759,-74.396454,-0.0048225387,-23.448771,0,6.0282326,20.540573,9.486805,1.8473061,0.82586557,0.17413443,0.47827086,0.52172917,3.5586548,0.75034523,0.14751999,0.22184478,0.91401029,1482.7781,308.02332,1269.0697,1388.4631,2.9341421,2.6832037,1.2363338,1.0305737,183.75,229.31462,1.6634613,0.077205263,2.9333291,2.4093351,1.6009358,0.82569283,0.41230571,0.17063163,0.049217772,0.01725602,374.75,219.875,167.375,138.5,114.25,75.25,41.125,20.25,0.5,1.118034,0.70710677,0.5,1.118034,0.70710677,-2.1646938,-2.1255126,-2.1147497,-7.5648661,-7.3248143,-7.0617466,1.2331539,186.0,210.0,141.0,45.0,11.75,-0.375,-2.25,-0.125,0.29574308,0.12906137,0.7071622,0.61812061,0.78494287,1.1020318,1.3184859,1.2602946,1.6421703,2.3138411,0.65248311,0.90185428,0.91067392,1.0192558,1.0298846,1.2689495,2.6506274,4.8734908,1.2910385,353.49451,456.375,912.5,600.125,314.75,122.5,49.5,17.875,4.75,1.75,726.5,390.125,173.75,77.5,37.75,18.25,7.0,1.875,EXT696
C:/Users/MICROSOFT/Documents/nauval_mrnavac/cycpeptmp_standalone/runs/run_20260102_172000_moe/sdf/monomer.sdf,O=C[C@@](NC)CCCNC(=N)N,13.958496,1.5325712,110,O=C[C@@](NC)CCCNC(=N)N,400.2009,327.92618,72.274719,188.45341,211.74748,1413.0339,311.43176,255.65147,1101.6022,0.93731701,1.357736,-53.481869,5.3928494,-76.247398,-74.397972,-0.0049768682,-23.454268,0,6.0434337,21.107834,9.4847956,1.8494238,0.81940389,0.1805961,0.47089702,0.52910298,3.5308115,0.77818859,0.147549,0.22184062,0.9140361,1482.6643,307.99078,1268.9952,1388.3427,2.9340296,2.6831477,1.2362925,1.0306536,183.75,228.87294,1.6197844,0.078007631,2.938411,2.4162674,1.6096259,0.82112753,0.4181129,0.17160304,0.048196748,0.016592346,374.125,220.625,167.875,139.375,113.375,77.75,42.625,20.0,0.70710677,1.118034,0.5,1.118034,0.5,0.70710677,-2.164736,-2.1236532,-2.1107025,-7.544322,-7.2197971,-7.2073531,1.230992,187.125,206.125,142.5,44.0,9.5,-0.875,-3.125,-0.625,0.29486224,0.12825112,0.67995733,0.63409537,0.76310509,1.05387,1.2777739,1.1686609,1.7831937,2.3373592,0.63297689,0.91993171,0.92322844,1.0464553,1.0215611,1.2096887,3.2126627,4.9175191,1.2933059,352.87476,456.375,910.25,599.0,317.375,122.125,49.5,17.875,4.875,1.625,723.125,392.875,174.875,78.125,40.0,18.75,8.0,2.25,EXT697
C:/Users/MICROSOFT/Documents/nauval_mrnavac/cycpeptmp_standalone/runs/run_20260102_172000_moe/sdf/monomer.sdf,O=C[C@@](NC)CCCNC(=N)N,13.965152,1.5392269,16,O=C[C@@](NC)CCCNC(=N)N,417.07016,335.27045,81.799713,194.5657,222.50446,1444.6804,352.47498,253.47073,1092.2054,0.94503152,0.78085256,-54.04324,5.6486716,-76.356895,-75.426895,0.00011738366,-19.214399,0,6.1095319,22.572418,9.6253366,0.93000013,0.80387062,0.19612938,0.46650591,0.53349406,3.4638784,0.8451215,0.050341852,0.11189932,0.92515743,2079.4753,228.45892,1888.8448,2041.6471,3.4747212,3.1912608,1.2861342,0.71602285,182.25,230.38051,1.4787931,0.070689015,2.9673643,2.4932232,1.6388668,0.86162007,0.42897925,0.15866715,0.025746088,0.0,390.125,230.0,173.0,144.0,119.5,79.875,47.125,20.25,0.5,6.3442888,6.2048368,1.0,6.2048368,6.9641943,-1.9270046,-1.9231093,-1.9122803,-5.818779,-5.7967391,-5.7661629,1.2703413,245.5,245.875,159.5,61.0,19.125,0.5,-2.375,-2.0,0.30708092,0.10763889,0.27859801,0.15128419,0.30549443,0.51507723,0.4826571,0.79100049,1.9409332,2.4855843,0.45199135,0.5918681,0.52222276,0.71772975,1.4329644,2.9086807,5.2138748,0.0,1.2652584,371.16925,469.625,988.5,652.5,343.0,134.875,53.125,15.5,2.875,0.0,743.0,406.625,183.5,73.875,34.0,15.0,5.25,2.0,EXT698
C:/Users/MICROSOFT/Documents/nauval_mrnavac/cycpeptmp_standalone/runs/run_20260102_172000_moe/sdf/monomer.sdf,O=C[C@@](NC)CCCNC(=N)N,13.965471,1.5395464,163,O=C[C@@](NC)CCCNC(=N)N,415.1272,334.84659,80.280602,199.10612,216.02107,1442.854,345.92911,254.56599,1096.9248,0.94180179,0.71271169,-54.590431,4.9210491,-76.75106,-75.607765,-0.0013204666,-31.533283,0,6.0457697,20.348715,10.051838,1.1432936,0.80661201,0.19338796,0.4796268,0.52037323,3.4756913,0.8333087,0.063281149,0.14354619,0.90342575,1882.8934,264.08002,1662.0203,1839.6866,3.3064044,3.1206276,1.3019314,0.78501713,182.875,229.75607,0.98025793,0.066386946,2.9702499,2.4908831,1.6736892,0.85610116,0.43533486,0.16658735,0.032829821,0.0,370.125,219.875,167.875,138.5,110.5,70.5,39.75,17.625,1.118034,0.5,1.2247449,0.70710677,0.86602539,1.118034,-2.1102407,-2.0922079,-2.0794437,-5.7552347,-5.6514769,-5.5888495,1.2651973,241.0,272.25,176.625,58.125,16.875,-0.5,-4.0,-1.625,0.33507073,0.12815884,0.37601954,0.23029019,0.30598184,0.47680253,0.50590092,1.0946718,2.306016,2.6294994,0.3962484,0.48518577,0.32196715,0.61545593,1.1291831,2.1047475,3.2494335,0.0,1.2651963,366.6427,463.875,982.25,657.625,351.125,135.5,56.25,17.75,3.125,0.0,741.25,385.375,174.5,77.375,39.375,18.25,7.125,1.625,EXT699
C:/Users/MICROSOFT/Documents/nauval_mrnavac/cycpeptmp_standalone/runs/run_20260102_172000_moe/sdf/monomer.sdf,O=C[C@@](NC)CCCNC(=N)N,13.971638,1.5457131,159,O=C[C@@](NC)CCCNC(=N)N,409.70184,331.21381,78.488052,197.4035,212.29834,1427.2002,338.20502,252.72575,1088.9952,0.94893664,0.59368771,-55.326069,5.127605,-77.533203,-76.310516,-0.0012417375,-31.541765,0,6.0823574,21.09667,9.7757254,1.2226851,0.80842644,0.19157358,0.48182234,0.51817769,3.4835095,0.82549053,0.097926609,0.15222444,0.97430086,1835.0375,262.71735,1681.5023,1725.8553,3.2641158,3.1328003,1.0984371,0.98035437,181.5,228.28362,1.8144822,0.06529101,2.9779289,2.4709642,1.7256273,0.87119532,0.43364596,0.14700438,0.017763183,0.0,362.25,215.125,165.25,136.25,108.875,72.5,42.0,19.25,0.5,0.5,0.70710677,0.5,0.70710677,0.5,-2.1424186,-2.133934,-2.1106818,-5.6045656,-5.5955701,-5.5768738,1.2629571,240.625,270.375,175.875,55.875,12.375,-5.125,-5.875,-1.625,0.32072619,0.10917431,0.5186609,0.50028169,0.56160223,0.671525,0.65167755,1.1956614,2.5195408,2.6080825,0.54248708,0.7204569,0.69999188,0.98640418,1.3154417,2.0391667,3.292239,0.0,1.2659589,365.13824,462.25,977.625,656.5,350.0,134.125,53.0,14.875,1.75,0.0,737.0,386.125,174.125,78.25,40.625,20.0,7.625,1.625,EXT700
C:/Users/MICROSOFT/Documents/nauval_mrnavac/cycpeptmp_standalone/runs/run_20260102_172000_moe/sdf/monomer.sdf,O=C[C@@](NC)CCCNC(=N)N,13.993093,1.567168,37,O=C[C@@](NC)CCCNC(=N)N,410.66574,337.08414,73.581612,193.74739,216.91835,1452.4956,317.06314,263.50253,1135.4324,0.94959062,1.9450928,-47.263832,5.2404985,-69.526688,-67.781883,-0.025261236,-30.862427,0,6.135427,28.474644,9.167388,1.7448046,0.82082361,0.17917639,0.47178853,0.52821147,3.5369289,0.77207106,0.11722674,0.23879567,0.89117467,1519.6089,340.7334,1271.6017,1426.8827,2.9703593,2.6929698,1.4755847,0.92202955,181.375,227.48027,2.4021957,0.072914526,2.9110627,2.307436,1.4883898,0.84786481,0.45133862,0.18776686,0.06900651,0.03373313,374.375,218.625,172.875,150.125,126.75,84.75,42.75,12.625,0.70710677,0.5,1.118034,0.5,0.70710677,0.5,-2.1298089,-2.1250324,-2.0541475,-8.364337,-8.2376842,-7.9650974,1.2426722,184.625,199.625,137.875,56.75,19.625,2.0,1.0,1.75,0.34634852,0.14737719,1.0102835,0.87429535,0.98048115,1.2308311,1.4080942,1.7148217,2.0411904,2.4722869,0.54017198,0.99830365,1.3152786,1.3927664,1.5062941,1.5988722,2.6035869,4.0488353,1.2859275,358.88492,461.5,917.875,592.375,325.5,138.25,59.875,22.125,8.375,3.75,733.25,392.75,187.625,81.5,40.25,20.125,7.375,2.0,EXT701
C:/Users/MICROSOFT/Documents/nauval_mrnavac/cycpeptmp_standalone/runs/run_20260102_172000_moe/sdf/monomer.sdf,O=C[C@@](NC)CCCNC(=N)N,14.047014,1.6210893,79,O=C[C@@](NC)CCCNC(=N)N,410.53592,331.32404,79.211884,199.75171,210.78421,1427.6753,341.32401,252.11215,1086.3513,0.94244593,1.3350835,-54.375683,5.6595101,-76.971649,-75.725525,-0.00058163592,-24.948061,0,6.0821834,22.174088,9.6087275,1.2461272,0.80705249,0.19294751,0.4865633,0.51343673,3.4775891,0.83141077,0.12262774,0.17952006,0.96610212,1761.1729,294.70786,1585.9948,1641.6431,3.1977468,2.9516435,1.1922144,1.0336138,182.75,229.41722,3.3615279,0.080590405,2.8977461,2.3249197,1.4168814,0.76465905,0.42645496,0.21738023,0.095753007,0.032444783,411.25,240.5,187.125,161.5,136.75,98.625,57.625,23.0,0.70710677,1.118034,1.5,0.70710677,0.70710677,0.70710677,-2.1242561,-2.094986,-2.0761759,-8.2887878,-7.890554,-7.8263192,1.2583226,204.875,206.25,144.125,62.0,26.875,12.0,4.875,1.5,0.32264528,0.17027864,0.96117693,0.89116669,1.0580775,1.3219012,1.4630311,1.2461181,1.6094592,1.9700317,0.89863575,1.4917042,1.8819492,2.111959,2.3689106,2.6316757,2.8514304,3.182457,1.2759818,366.87436,468.125,927.625,587.25,308.75,130.5,60.375,27.5,10.375,3.5,722.75,381.0,164.625,68.5,33.5,15.5,5.5,2.0,EXT702
C:/Users/MICROSOFT/Documents/nauval_mrnavac/cycpeptmp_standalone/runs/run_20260102_172000_moe/sdf/monomer.sdf,O=C[C@@](NC)CCCNC(=N)N,14.047014,1.6210893,42,O=C[C@@](NC)CCCNC(=N)N,416.60791,335.50305,81.104851,202.47665,214.13126,1445.6826,349.4808,254.39819,1096.2018,0.94373697,1.334178,-54.369633,5.6573572,-76.995064,-75.747749,-0.0003592851,-24.931295,0,6.111145,21.927139,9.609972,1.2473134,0.80532092,0.1946791,0.48601252,0.51398748,3.4701278,0.83887225,0.12260818,0.17951141,0.96611279,1761.1788,294.6944,1586.0162,1641.6471,3.1977522,2.9516509,1.1921976,1.0335339,182.5,228.95284,3.3246346,0.081598401,2.8969135,2.3245916,1.4191883,0.7664001,0.42733246,0.22107811,0.094450943,0.03521524,413.75,242.875,189.875,164.5,138.5,99.75,57.75,22.25,0.5,0.5,0.70710677,0.70710677,0.70710677,0.70710677,-2.0947852,-2.092695,-2.0813279,-8.2712517,-7.9357214,-7.7849793,1.2582288,202.25,202.25,143.375,61.25,26.375,11.625,4.875,2.0,0.31863067,0.1656535,0.96657348,0.89263028,1.064198,1.2865925,1.4373552,1.2252823,1.58143,1.9498104,0.89094698,1.4872942,1.8843626,2.1145682,2.3415561,2.6165338,2.8705974,3.1025991,1.2761905,366.91229,468.25,928.375,583.625,308.125,129.75,60.5,27.25,10.5,3.875,726.125,381.375,164.75,68.5,34.125,15.625,5.625,1.875,EXT703
C:/Users/MICROSOFT/Documents/nauval_mrnavac/cycpeptmp_standalone/runs/run_20260102_172000_moe/sdf/monomer.sdf,O=C[C@@](NC)CCCNC(=N)N,14.047014,1.6210893,90,O=C[C@@](NC)CCCNC(=N)N,413.35809,332.15228,81.205803,198.70277,214.65532,1431.2441,349.91583,250.94647,1081.3284,0.94373697,1.3335092,-54.360104,5.6713247,-76.969559,-75.717674,-0.00020265784,-24.930285,0,6.0769391,21.93667,9.6095076,1.2518866,0.80354613,0.1964539,0.48070374,0.51929629,3.4624801,0.84651983,0.12259186,0.17949405,0.96611828,1761.2482,294.67911,1586.0964,1641.7207,3.1978152,2.9517212,1.1922743,1.0334897,182.5,228.84209,3.3688054,0.08062952,2.8977008,2.3249512,1.4171312,0.76472652,0.42653042,0.21731141,0.095674686,0.032280702,411.0,240.5,186.5,161.25,136.875,98.625,57.375,23.0,0.70710677,1.118034,1.5,0.70710677,0.70710677,0.70710677,-2.1263709,-2.0967147,-2.0759275,-8.2819099,-7.8839436,-7.8182569,1.2582985,204.875,205.25,144.25,62.25,26.875,12.25,4.875,1.5,0.32372653,0.17131783,0.96122569,0.88816112,1.06646,1.3287796,1.4691375,1.2529024,1.6074655,1.9700669,0.89598602,1.490128,1.8757904,2.1112506,2.3699031,2.615886,2.8524396,3.1834867,1.2760062,366.86734,468.125,928.0,586.75,308.75,130.625,60.375,27.625,10.375,3.5,723.125,381.5,164.5,68.375,33.5,15.375,5.5,2.0,EXT704
C:/Users/MICROSOFT/Documents/nauval_mrnavac/cycpeptmp_standalone/runs/run_20260102_172000_moe/sdf/monomer.sdf,O=C[C@@](NC)CCCNC(=N)N,14.069687,1.6437621,124,O=C[C@@](NC)CCCNC(=N)N,412.93689,334.93301,78.003891,200.92233,212.01457,1443.2263,336.11874,256.92914,1107.1075,0.94632965,0.99878651,-48.498882,5.208734,-71.222572,-69.703773,-0.0010086362,-27.480101,0,6.0589981,28.172426,9.9381666,1.5188019,0.81109977,0.18890026,0.48656911,0.51343089,3.4950287,0.81397122,0.11065394,0.17207032,0.9794625,1793.4312,286.86179,1632.881,1667.1194,3.2268994,3.0485375,1.1519774,1.0140865,182.0,228.6373,3.2329063,0.079088032,2.9061508,2.3321846,1.4180452,0.7640847,0.42494681,0.19684127,0.092363723,0.041691035,412.125,240.875,186.375,161.875,137.375,98.625,55.625,22.875,0.70710677,1.118034,0.86602539,0.5,0.70710677,0.5,-2.1669118,-2.1343186,-2.1340489,-9.2262144,-8.6728287,-8.2926779,1.2567046,209.375,220.875,142.625,55.125,22.25,7.75,2.625,2.875,0.32662642,0.16525097,0.98668945,0.90884548,1.0337151,1.2925682,1.4693846,1.2053986,1.4667009,1.7440454,0.82643342,1.4318039,1.7420951,2.0320439,2.3698733,2.7825398,3.2469509,3.4950609,1.2784202,366.85904,469.0,930.875,585.875,308.5,129.5,60.875,26.75,11.25,4.625,721.5,365.0,165.875,74.375,38.625,19.0,8.625,1.75,EXT705
C:/Users/MICROSOFT/Documents/nauval_mrnavac/cycpeptmp_standalone/runs/run_20260102_172000_moe/sdf/monomer.sdf,O=C[C@@](NC)CCCNC(=N)N,14.117479,1.6915547,175,O=C[C@@](NC)CCCNC(=N)N,413.70612,333.89407,79.812042,201.47795,212.22816,1438.7496,343.9101,254.08203,1094.8395,0.94503152,1.4374607,-54.067604,5.6594448,-76.810127,-75.491493,-0.00032644151,-30.38669,0,6.1273685,22.629164,9.6374044,1.3186293,0.80708033,0.19291966,0.48700744,0.51299256,3.4777093,0.83129078,0.074582569,0.14640102,0.92657429,1847.5712,260.96432,1651.6472,1782.5308,3.275244,3.0678866,1.2228062,0.837834,182.25,229.47231,2.086035,0.074945316,2.9363561,2.3971694,1.589381,0.81619579,0.41670752,0.18587352,0.061893668,0.016792359,397.875,234.375,180.375,151.5,123.125,83.375,42.625,19.0,0.70710677,1.118034,0.5,0.5,0.86602539,0.70710677,-2.2251382,-2.1316903,-2.1243412,-7.7243552,-7.4984655,-7.1292844,1.2648144,213.375,222.75,150.875,60.125,21.75,8.0,1.5,-0.125,0.30214831,0.14108911,0.71658105,0.67196894,0.88986158,1.2253251,1.4288673,1.169502,1.488497,2.2984927,0.7782135,1.2006665,1.2464898,1.1958438,1.2368575,1.3657793,1.4623498,4.4692812,1.2666017,367.12411,465.0,952.5,618.375,329.875,131.125,54.5,21.375,6.5,1.875,739.125,395.625,179.0,71.0,32.75,13.375,5.0,2.0,EXT706
C:/Users/MICROSOFT/Documents/nauval_mrnavac/cycpeptmp_standalone/runs/run_20260102_172000_moe/sdf/monomer.sdf,O=C[C@@](NC)CCCNC(=N)N,14.131997,1.7060726,48,O=C[C@@](NC)CCCNC(=N)N,416.77792,334.37399,82.403931,199.48412,217.29381,1440.8175,355.07855,251.97005,1085.739,0.9502455,0.76265591,-54.258934,5.1296043,-76.383446,-75.130661,2.0463021e-05,-31.730562,0,6.0168042,19.950302,9.7253027,1.252785,0.80228335,0.19771665,0.47863409,0.52136594,3.4570389,0.85196102,0.081392244,0.15768524,0.93729311,1799.8785,270.9472,1610.531,1718.2789,3.2326946,3.0801218,1.2402722,0.87873799,181.25,228.51323,1.4134418,0.064421318,2.959275,2.42523,1.6173302,0.86566716,0.44899791,0.17758203,0.044107389,0.016426999,385.5,226.125,174.25,147.0,123.75,86.0,49.0,24.625,1.5811388,0.70710677,1.4142135,0.70710677,0.70710677,1.2247449,-2.0826814,-2.0632212,-2.0628822,-7.7275238,-7.2929583,-7.0327539,1.2544833,211.75,238.75,158.625,63.5,18.25,1.875,-2.0,-0.375,0.31850788,0.13095239,0.70160127,0.67268211,0.60190451,0.70561403,0.81767142,1.1829102,1.8843011,2.2880497,0.48218837,0.59640545,0.44838411,0.59771299,0.81918043,1.8209689,3.584862,5.3599272,1.2761164,363.60318,464.0,960.625,630.125,334.5,137.625,55.5,19.25,4.875,1.5,748.875,391.375,175.875,74.125,37.25,17.375,6.875,1.875,EXT707
C:/Users/MICROSOFT/Documents/nauval_mrnavac/cycpeptmp_standalone/runs/run_20260102_172000_moe/sdf/monomer.sdf,O=C[C@@](NC)CCCNC(=N)N,14.163832,1.7379072,64,O=C[C@@](NC)CCCNC(=N)N,406.65341,330.97189,75.681503,188.97478,217.67863,1426.158,326.1116,255.29041,1100.0464,0.93923378,1.5640527,-46.015499,5.395906,-68.767227,-67.048584,-0.0091319289,-35.03653,0,6.1023645,28.948792,9.5439434,1.7186483,0.81389189,0.18610813,0.46470723,0.5352928,3.5070601,0.8019399,0.083844803,0.13748299,0.9573558,1751.8948,229.95157,1601.2561,1672.582,3.1893127,3.0940707,1.0876679,0.89591807,183.375,227.94252,2.1442933,0.069550052,2.9654241,2.4296145,1.5704824,0.84557611,0.41441801,0.16712828,0.062770888,0.031155933,389.625,229.5,173.25,149.0,126.0,88.75,55.875,24.75,0.5,1.118034,0.70710677,0.70710677,0.70710677,0.70710677,-2.0493333,-2.0228384,-1.9971191,-8.5040522,-8.3954039,-8.1625614,1.2444885,196.625,217.5,140.25,51.875,15.25,1.625,0.875,1.5,0.30880231,0.13255033,0.80681843,0.75037283,0.8716557,1.0609729,1.2430104,1.2971982,1.8079147,1.9363706,0.60831934,0.92736477,0.98571372,1.0616074,1.3330406,1.9672493,3.851845,5.0071898,1.2842828,359.53922,461.75,951.25,621.375,326.625,131.875,53.5,19.75,7.375,3.5,754.625,403.875,186.375,80.0,38.25,18.125,6.5,2.0,EXT708
C:/Users/MICROSOFT/Documents/nauval_mrnavac/cycpeptmp_standalone/runs/run_20260102_172000_moe/sdf/monomer.sdf,O=C[C@@](NC)CCCNC(=N)N,14.163832,1.7379072,191,O=C[C@@](NC)CCCNC(=N)N,410.58453,332.68814,77.896378,190.40067,220.18387,1433.5532,335.65549,254.79178,1097.8978,0.93859398,1.5647223,-46.047565,5.3805747,-68.747841,-67.026924,-0.0090485169,-35.024357,0,6.0628567,29.642231,9.5449753,1.7209128,0.81027931,0.18972068,0.46373072,0.53626925,3.4914937,0.81750637,0.083851218,0.13747308,0.95737654,1752.0128,229.94928,1601.3904,1672.686,3.18942,3.094105,1.0876307,0.89596224,183.5,227.15851,2.1303113,0.068820804,2.9634418,2.4282775,1.5738581,0.84384722,0.41810203,0.16352049,0.062825166,0.031286854,387.125,227.5,173.625,149.0,126.625,89.625,57.0,25.0,0.5,1.118034,0.70710677,0.70710677,0.70710677,0.70710677,-2.0529242,-2.0141702,-2.0064335,-8.4595146,-8.2978172,-8.2429037,1.2453991,198.625,219.0,143.25,50.25,15.125,1.375,0.5,1.875,0.3074154,0.12919463,0.81484038,0.76164007,0.88507104,1.0713456,1.2457978,1.3217921,1.7954199,1.9037875,0.60864598,0.91606069,0.99155802,1.0647535,1.2913945,2.0575693,3.6401346,5.002635,1.2833437,359.80231,461.75,950.625,622.875,329.875,129.625,53.375,19.25,7.125,3.5,752.0,403.875,186.625,79.375,38.25,17.875,6.625,1.625,EXT709
C:/Users/MICROSOFT/Documents/nauval_mrnavac/cycpeptmp_standalone/runs/run_20260102_172000_moe/sdf/monomer.sdf,O=C[C@@](NC)CCCNC(=N)N,14.163832,1.7379072,19,O=C[C@@](NC)CCCNC(=N)N,407.01907,332.29395,74.725121,188.78862,218.23045,1431.8546,321.99054,257.56882,1109.864,0.93859398,1.5647379,-46.009937,5.4189253,-68.759369,-67.044937,-0.010116581,-35.028782,0,6.0805526,28.954357,9.5456371,1.7144345,0.81640881,0.1835912,0.46383235,0.53616762,3.5179055,0.79109448,0.083854377,0.13746873,0.95736849,1752.0438,229.94745,1601.4148,1672.7256,3.1894484,3.0940208,1.0876476,0.89595485,183.5,227.25011,2.1368637,0.070582218,2.9654818,2.4228876,1.5749831,0.84637117,0.41691282,0.16650045,0.062488928,0.03124585,391.75,228.25,174.875,150.25,128.125,88.125,56.125,24.875,0.5,1.118034,0.70710677,0.70710677,0.5,1.118034,-2.0518453,-2.0077715,-1.9847277,-8.3313007,-8.2727261,-8.245822,1.2438238,197.625,217.875,140.875,50.5,14.0,1.0,-0.125,1.75,0.3045032,0.12978369,0.80906183,0.77836978,0.85504466,1.0416863,1.2106067,1.4004643,1.8048596,1.9448452,0.58296329,0.92219001,0.98185784,1.1040796,1.3595259,1.9178861,3.9249978,4.9867921,1.2855486,359.67136,462.375,951.5,619.875,325.875,131.25,53.25,19.5,6.75,3.625,753.875,402.0,185.0,80.75,39.25,18.5,6.875,1.875,EXT710
C:/Users/MICROSOFT/Documents/nauval_mrnavac/cycpeptmp_standalone/runs/run_20260102_172000_moe/sdf/monomer.sdf,O=C[C@@](NC)CCCNC(=N)N,14.244511,1.8185865,63,O=C[C@@](NC)CCCNC(=N)N,410.3288,329.91452,80.414291,192.20663,218.12218,1421.6017,346.50516,249.50023,1075.0964,0.94244593,0.45141432,-47.672569,6.182703,-70.726662,-69.52935,0.0063072131,-33.087372,0,6.0666766,25.77281,9.6010942,1.1973083,0.80402476,0.19597524,0.46842101,0.53157902,3.4645426,0.84445733,0.1075309,0.14868987,0.95096469,1797.6646,254.60808,1628.3779,1712.3431,3.2307057,3.0724449,1.0633141,1.0075133,182.75,228.92633,1.6441509,0.067361519,2.9708619,2.4040239,1.5991982,0.85649264,0.43759707,0.19266798,0.076014049,0.031130556,391.375,232.75,178.875,152.875,129.5,90.125,49.5,23.25,0.5,1.2247449,1.6583124,0.5,0.70710677,1.118034,-2.155839,-2.112148,-2.0684576,-8.7071733,-8.5927153,-8.127162,1.2504114,224.25,227.0,151.75,60.125,24.75,10.875,4.375,1.625,0.32215235,0.15290269,0.64401454,0.64365184,0.72063363,0.8612482,0.96934497,0.67289323,1.3090448,2.0684431,0.52865148,0.77806389,0.68277001,0.76894689,0.96093136,1.2214644,2.6205993,4.9431782,1.2798121,362.16254,463.5,964.5,624.25,335.125,134.625,57.625,23.375,8.625,3.125,740.25,397.25,183.375,74.5,32.875,12.5,4.25,1.5,EXT711
C:/Users/MICROSOFT/Documents/nauval_mrnavac/cycpeptmp_standalone/runs/run_20260102_172000_moe/sdf/monomer.sdf,O=C[C@@](NC)CCCNC(=N)N,14.251092,1.8251671,22,O=C[C@@](NC)CCCNC(=N)N,399.86078,323.01382,76.846947,190.31322,209.54756,1391.8666,331.13348,246.16689,1060.7332,0.94632965,1.7334974,-46.499844,5.4906893,-69.312241,-67.506783,-0.0040317713,-30.010746,0,6.0410776,29.679201,9.4792023,1.8054589,0.80781573,0.19218425,0.47594872,0.52405131,3.4808781,0.82812196,0.11943536,0.21694556,0.87632585,1481.5078,307.08539,1240.4349,1415.4951,2.9328852,2.6241553,1.4213988,0.9068929,182.0,228.86296,1.8935373,0.071819954,2.9372723,2.4225783,1.5580679,0.83904177,0.4461146,0.18994892,0.066366144,0.030756198,367.625,216.75,167.375,143.125,117.375,78.75,43.75,18.125,1.5811388,1.118034,0.5,0.5,0.5,0.70710677,-2.1015875,-2.1015794,-2.080662,-8.8231297,-8.698597,-8.3117094,1.2378211,204.125,227.25,146.75,46.375,15.75,-0.375,-1.125,1.5,0.35026139,0.14759825,0.84025407,0.74748695,0.84987378,1.067735,1.2213589,1.3573912,1.8727713,2.1059177,0.43334782,0.79503697,0.9645685,1.0754973,1.3117632,1.9312608,3.7337091,4.7711444,1.2835821,353.40552,453.625,918.75,606.0,324.125,130.875,58.625,21.125,7.125,3.375,714.625,378.75,177.375,84.5,42.875,21.5,8.25,1.875,EXT712
C:/Users/MICROSOFT/Documents/nauval_mrnavac/cycpeptmp_standalone/runs/run_20260102_172000_moe/sdf/monomer.sdf,O=C[C@@](NC)CCCNC(=N)N,14.309541,1.8836161,125,O=C[C@@](NC)CCCNC(=N)N,410.30292,332.00003,78.302864,193.28362,217.01929,1430.5881,337.40704,253.69719,1093.1812,0.93667978,1.7823877,-48.529034,5.1741076,-71.700516,-69.998146,-0.00078600616,-25.495863,0,6.0658679,22.264332,10.229922,1.7023692,0.80915838,0.1908416,0.47107542,0.52892458,3.4866636,0.82233644,0.065628365,0.18443842,0.86598521,1759.9785,316.62497,1486.6345,1716.6974,3.1966622,2.8791995,1.5056851,0.73759425,183.875,229.19533,1.918891,0.077641129,2.9359162,2.420145,1.5687848,0.83131915,0.42331332,0.18016246,0.066910684,0.027774611,388.125,225.0,172.625,144.125,120.75,82.25,47.125,17.5,1.5,1.118034,2.5495098,0.70710677,0.86602539,0.5,-2.1568258,-2.1502531,-2.1269457,-8.0161419,-8.0016298,-7.8542342,1.2635078,216.625,241.375,159.25,58.0,16.125,2.75,0.0,0.625,0.3244026,0.15264527,1.0238786,0.98269022,0.99891949,1.1599545,1.3477851,1.5556889,1.9806709,2.2767153,0.49300304,0.85839587,1.0863236,1.1141387,1.1817788,1.8309202,2.9974339,4.1209264,1.2676841,366.6134,464.75,958.0,627.5,334.625,135.875,56.0,22.0,7.875,2.625,741.375,386.125,175.375,77.875,39.875,19.25,7.875,2.0,EXT713
C:/Users/MICROSOFT/Documents/nauval_mrnavac/cycpeptmp_standalone/runs/run_20260102_172000_moe/sdf/monomer.sdf,O=C[C@@](NC)CCCNC(=N)N,14.309929,1.8840038,9,O=C[C@@](NC)CCCNC(=N)N,411.43152,331.99478,79.436722,192.56175,218.86977,1430.5656,342.29285,252.55806,1088.2727,0.95221561,0.43608186,-53.518303,6.0463619,-76.322868,-75.357651,0.0050049126,-27.480488,0,6.0004926,22.601088,9.787487,0.96522266,0.80692601,0.193074,0.46802869,0.53197134,3.4770441,0.83195585,0.10256426,0.14975579,0.94860816,1798.4597,256.70453,1626.0607,1714.1542,3.2314203,3.0857236,1.0719321,0.9882232,180.875,228.54337,1.3387458,0.062403332,2.970464,2.415797,1.6242034,0.87398016,0.46582669,0.20277496,0.05889542,0.016236639,383.0,230.125,176.75,149.375,126.25,87.625,47.875,23.0,0.5,0.5,1.0,0.5,0.5,0.70710677,-2.1366622,-2.1130774,-2.1012323,-8.0057545,-7.8244185,-7.4235277,1.2534856,220.5,230.375,163.625,71.375,27.25,9.25,2.125,0.125,0.33451203,0.14644352,0.59375572,0.6089831,0.71369427,0.91492373,1.0387906,0.71617597,1.3703741,2.0897419,0.52526462,0.72135234,0.60479975,0.53769571,0.66497719,0.86304533,1.921748,4.9501481,1.2755246,362.3999,462.25,967.75,629.25,342.75,140.625,59.125,21.875,6.375,1.75,747.25,398.875,179.125,69.25,31.875,12.625,4.25,1.625,EXT714
C:/Users/MICROSOFT/Documents/nauval_mrnavac/cycpeptmp_standalone/runs/run_20260102_172000_moe/sdf/monomer.sdf,O=C[C@@](NC)CCCNC(=N)N,14.320775,1.8948505,165,O=C[C@@](NC)CCCNC(=N)N,411.62881,335.21344,76.415375,189.63879,221.99002,1444.4347,329.27383,258.79807,1115.1609,0.94309103,1.3219212,-54.943478,5.4454498,-77.622757,-76.324242,-0.0067786477,-26.032936,0,6.0721064,21.260204,9.8699837,1.2985212,0.81435853,0.18564147,0.4607034,0.53929663,3.5090709,0.79992908,0.11633969,0.16881934,0.95679921,1819.6622,289.03979,1638.1598,1712.1249,3.2504125,2.9966965,1.2213073,1.0221313,182.625,229.24263,0.61452496,0.06937965,2.970293,2.459667,1.6731458,0.86336112,0.42779663,0.14326686,0.010999675,0.0,371.875,222.125,169.375,140.875,113.5,73.875,39.625,15.875,0.5,0.70710677,0.5,0.5,8.7464275,9.2330923,-2.0932322,-2.0729706,-2.0562229,-5.5864611,-5.5055523,-5.3523836,1.2636558,228.5,251.375,168.0,55.375,12.5,-4.125,-5.75,-1.5,0.29815498,0.096716948,0.48999366,0.46560693,0.44188294,0.52636236,0.52304828,1.1587583,1.9980245,2.4586759,0.35724965,0.40865704,0.40175951,0.44900087,0.34515297,0.72903454,4.3334613,0.0,1.2649167,365.14264,461.875,974.25,649.0,348.0,132.875,50.5,13.625,1.25,0.0,745.75,397.625,180.0,77.5,38.0,17.75,7.0,1.5,EXT715
C:/Users/MICROSOFT/Documents/nauval_mrnavac/cycpeptmp_standalone/runs/run_20260102_172000_moe/sdf/monomer.sdf,O=C[C@@](NC)CCCNC(=N)N,14.320775,1.8948505,4,O=C[C@@](NC)CCCNC(=N)N,412.79669,336.24738,76.549324,188.95132,223.84535,1448.8899,329.85104,259.69803,1119.0388,0.94309103,1.3217103,-54.985661,5.4293203,-77.633255,-76.33226,-0.0066099088,-26.029545,0,6.054194,20.673515,9.8696966,1.3009893,0.81455922,0.18544075,0.45773461,0.54226542,3.5099359,0.79906416,0.11633353,0.16879587,0.95677787,1819.6816,289.00879,1638.1752,1712.1792,3.2504296,2.9965823,1.2212499,1.0220653,182.625,228.99548,0.66973436,0.069680944,2.9667883,2.4570732,1.6660454,0.85922939,0.42699751,0.144271,0.012771851,0.0,373.125,224.125,170.25,139.75,112.375,75.0,39.125,16.625,0.5,0.70710677,0.5,0.86602539,0.70710677,0.5,-2.1055856,-2.0888157,-2.0664024,-5.6985903,-5.6570821,-5.3204975,1.2609235,231.125,257.125,166.875,57.0,14.25,-1.625,-4.875,-1.625,0.29809105,0.10554562,0.44850689,0.4348067,0.46908703,0.5409317,0.55071604,1.0761023,2.0972733,2.6520267,0.35337803,0.4017604,0.41585889,0.46733335,0.38722563,0.59611827,4.1315651,0.0,1.2707378,366.12592,465.25,973.125,649.875,346.125,131.875,50.75,14.75,1.625,0.0,742.0,392.75,179.25,74.875,36.5,16.375,6.5,1.625,EXT716
C:/Users/MICROSOFT/Documents/nauval_mrnavac/cycpeptmp_standalone/runs/run_20260102_172000_moe/sdf/monomer.sdf,O=C[C@@](NC)CCCNC(=N)N,14.32196,1.8960358,31,O=C[C@@](NC)CCCNC(=N)N,409.53854,324.93677,84.601791,190.33252,219.20602,1400.1525,364.54913,240.33496,1035.6034,0.94698006,1.2404585,-54.242054,5.7096381,-78.077293,-76.667175,0.00052109302,-32.288128,0,6.1564646,23.421963,10.558499,1.4101185,0.79342169,0.20657834,0.46474871,0.53525126,3.418854,0.89014608,0.093520403,0.14546549,0.95283842,1920.8627,266.32864,1744.5249,1830.8717,3.3395753,3.1492074,1.1099797,0.96306247,181.875,227.6514,2.4861188,0.069862142,2.9737525,2.4578619,1.6956559,0.85365665,0.43243527,0.17555614,0.037977885,0.0,378.5,221.75,171.125,143.75,117.625,74.375,43.875,21.5,1.118034,0.70710677,0.5,0.5,3.6400549,3.5355339,-2.0664818,-1.9637275,-1.9619023,-5.783628,-5.7307034,-5.6664386,1.2621211,243.625,254.375,164.375,59.75,19.75,4.375,-1.25,-1.375,0.3192111,0.13217391,0.43662143,0.51462066,0.84783679,1.0655142,1.1910852,0.32324341,1.353089,1.9066968,0.7517662,1.0925121,1.1840782,1.4027904,1.7885454,2.4496789,4.3362417,0.0,1.2687356,366.01401,464.375,980.25,657.125,349.375,134.25,54.625,19.0,3.875,0.0,736.625,402.75,185.0,74.5,34.875,14.625,5.125,1.375,EXT717
C:/Users/MICROSOFT/Documents/nauval_mrnavac/cycpeptmp_standalone/runs/run_20260102_172000_moe/sdf/monomer.sdf,O=C[C@@](NC)CCCNC(=N)N,14.351868,1.9259425,95,O=C[C@@](NC)CCCNC(=N)N,414.48825,331.43518,83.05304,188.54671,225.94153,1428.1543,357.87555,248.38216,1070.2787,0.93859398,1.2167042,-49.880932,5.824502,-73.064293,-72.022537,0.00020333617,-36.033264,0,6.1586771,25.633911,10.158223,1.0417551,0.7996251,0.2003749,0.45489037,0.54510963,3.4455845,0.86341548,0.074318767,0.13605063,0.93137729,1974.2593,259.83899,1778.8096,1909.87,3.3856742,3.1429141,1.2050539,0.85680455,183.5,229.37245,2.241359,0.066794693,2.9824469,2.4355466,1.6036966,0.86228067,0.45019373,0.19449832,0.057039917,0.013978193,397.375,235.0,182.25,152.125,127.125,84.5,52.25,27.5,0.70710677,6.8190908,7.0,0.5,0.5,0.70710677,-2.0077984,-2.0050924,-1.9909739,-7.3607979,-6.9885664,-6.9611588,1.2591718,238.75,246.375,161.125,63.75,24.25,8.5,1.75,-0.375,0.31824416,0.14297453,1.058104,1.0202376,1.0828248,1.2684352,1.4471488,1.4283457,1.6424364,1.8939524,0.65028125,0.98830092,1.1770699,1.2021936,1.1625863,1.0446386,1.5194567,4.3852448,1.2754616,367.31799,468.5,988.375,648.125,343.625,136.875,58.0,21.75,6.25,1.25,749.625,401.75,182.5,73.125,33.75,13.25,4.5,1.625,EXT718
C:/Users/MICROSOFT/Documents/nauval_mrnavac/cycpeptmp_standalone/runs/run_20260102_172000_moe/sdf/monomer.sdf,O=C[C@@](NC)CCCNC(=N)N,14.356322,1.9303977,117,O=C[C@@](NC)CCCNC(=N)N,400.19379,332.88275,67.311028,196.41524,203.77855,1434.3918,290.04321,265.57175,1144.3486,0.93287474,1.9069667,-45.232212,5.1766205,-68.528046,-65.899162,0.0060064038,-31.19648,0,6.1423936,30.039667,9.3419294,2.6288853,0.83180392,0.16819608,0.49080032,0.50919968,3.5842431,0.7247569,0.142818,0.25567529,0.88854808,1433.2244,341.79279,1187.8322,1336.8239,2.8846967,2.5759716,1.4905272,0.97349238,184.625,226.64066,2.1171918,0.078298166,2.8764672,2.2632079,1.3936391,0.79862839,0.42267427,0.18751468,0.058205556,0.030082285,384.5,222.5,174.5,151.75,128.5,90.125,41.75,11.25,0.5,6.5764732,7.0356236,0.5,0.5,0.70710677,-1.8518726,-1.8397212,-1.8340065,-9.2699118,-8.5046988,-8.2244749,1.2377874,155.375,163.5,115.75,44.25,14.75,2.75,0.0,1.625,0.30945557,0.14250413,0.78512067,0.68936086,0.84896374,1.1354632,1.3382416,1.5910639,2.0107746,2.7642877,0.50002223,1.004398,1.285903,1.2273921,1.3439368,1.4174685,2.5878463,3.4345114,1.2914685,357.7323,462.0,882.625,550.25,294.5,125.25,54.0,21.625,6.75,3.25,727.25,386.75,178.75,81.0,39.25,18.875,6.75,1.625,EXT719
C:/Users/MICROSOFT/Documents/nauval_mrnavac/cycpeptmp_standalone/runs/run_20260102_172000_moe/sdf/monomer.sdf,O=C[C@@](NC)CCCNC(=N)N,14.358695,1.9327706,101,O=C[C@@](NC)CCCNC(=N)N,412.52689,327.42148,85.105415,199.74643,212.78046,1410.8591,366.71921,242.31607,1044.1399,0.94180179,1.5372202,-48.131172,5.7240815,-70.912506,-69.665184,-2.9302757e-05,-34.178604,0,6.1876006,26.501909,9.6223583,1.2473185,0.7936973,0.2063027,0.48420221,0.51579779,3.4200416,0.88895833,0.098530412,0.15489025,0.95295137,1769.1561,260.00534,1599.6646,1678.6425,3.2049863,3.0586925,1.1516377,0.96010989,182.875,228.86784,3.5299325,0.074322239,2.9254348,2.3414166,1.4384257,0.79608607,0.43724003,0.21501811,0.10432496,0.054287508,406.75,238.875,184.125,159.25,136.625,96.625,58.5,24.125,0.5,0.70710677,0.5,0.5,0.5,1.0,-2.1802468,-2.1573191,-2.1380949,-9.0239058,-8.5980663,-8.4808912,1.2545918,208.125,201.5,142.25,67.75,31.625,15.0,7.875,4.0,0.33944333,0.1766091,1.0585002,1.0013828,1.1072168,1.37131,1.4860793,1.4690489,1.6411856,1.7393898,0.8831476,1.4973178,1.8767716,2.1526611,2.4887264,2.7525573,2.9597027,3.2893207,1.2770364,364.22217,465.125,941.25,593.125,315.875,136.5,62.5,28.125,12.5,5.625,733.125,391.625,173.625,68.75,30.875,13.125,4.625,1.625,EXT720
C:/Users/MICROSOFT/Documents/nauval_mrnavac/cycpeptmp_standalone/runs/run_20260102_172000_moe/sdf/monomer.sdf,O=C[C@@](NC)Cc1c2c([nH]c1)cccc2,57.726345,0.0,26,O=C[C@@](NC)Cc1c2c([nH]c1)cccc2,417.1839,286.6572,127.43636,314.97247,102.21141,775.12109,344.71533,159.22086,430.40576,0.96773684,1.0472877,54.673386,6.0612059,33.888344,36.141701,0.014588981,-20.336962,0,8.2391109,21.23979,4.2167773,2.2533567,0.68712437,0.30546805,0.75499672,0.24500325,1.8579843,0.82629108,0.18433891,0.29470566,0.89390844,1662.5275,447.73196,1358.0717,1519.2513,2.8670325,2.5605431,1.5257936,1.0993617,209.0,240.55943,3.1402533,0.21681365,2.8424878,2.2502134,1.0920309,0.47420454,0.23404863,0.090461902,0.041364968,0.020908458,653.25,381.375,273.375,229.5,204.0,163.75,99.375,47.375,0.70710677,0.86602539,1.118034,0.86602539,0.5,0.70710677,-2.5196223,-2.5019071,-2.4841564,-8.0962152,-7.8471007,-7.5662923,1.2064831,197.25,172.375,116.0,51.125,23.75,9.375,4.5,1.875,0.1129401,0.047930282,0.87261182,0.8088432,0.66207176,0.73510343,0.79813498,0.9672569,1.3310889,1.8975658,0.21717584,0.76864725,1.348037,2.2015438,2.5279679,2.957377,3.9211395,3.9365189,1.3530576,363.62088,492.0,921.75,484.5,209.875,73.125,30.875,11.0,4.5,1.875,724.5,312.125,93.875,22.0,7.125,1.625,0.0,0.0,EXT721
C:/Users/MICROSOFT/Documents/nauval_mrnavac/cycpeptmp_standalone/runs/run_20260102_172000_moe/sdf/monomer.sdf,O=C[C@@](NC)Cc1c2c([nH]c1)cccc2,57.726345,7.9680262e-10,123,O=C[C@@](NC)Cc1c2c([nH]c1)cccc2,419.10294,287.85538,128.62753,315.18494,103.918,778.36096,347.93747,159.22786,430.42349,0.96773684,1.047531,54.715599,6.0548482,33.884697,36.142212,0.014865925,-20.343927,0,8.2872639,21.282001,4.2164063,2.2575154,0.68683696,0.30691156,0.75204659,0.2479534,1.8572072,0.83019572,0.18428452,0.29470205,0.89383268,1662.3455,447.69373,1357.8571,1519.1401,2.8668756,2.5605249,1.5258081,1.0991917,209.0,241.16095,3.1339488,0.21692595,2.8427458,2.250175,1.0919298,0.47424868,0.23405465,0.090492837,0.0413744,0.020911558,653.5,381.375,273.5,229.5,204.0,163.75,99.25,47.25,0.70710677,0.86602539,1.118034,0.86602539,0.5,0.70710677,-2.5201156,-2.502444,-2.484719,-8.1003246,-7.8521271,-7.5633702,1.2063789,196.75,172.5,116.125,51.25,23.625,9.375,4.5,1.875,0.11243144,0.047930282,0.87028491,0.81102663,0.66479558,0.7388069,0.79624784,0.96403813,1.322889,1.8927195,0.21521173,0.76626271,1.3454181,2.1946752,2.5196495,2.9568393,3.9206524,3.9360447,1.3531746,363.58945,492.0,921.5,484.25,210.0,73.25,30.75,11.0,4.5,1.875,724.75,311.75,93.875,22.0,7.125,1.625,0.0,0.0,EXT722
C:/Users/MICROSOFT/Documents/nauval_mrnavac/cycpeptmp_standalone/runs/run_20260102_172000_moe/sdf/monomer.sdf,O=C[C@@](NC)Cc1c2c([nH]c1)cccc2,57.726345,1.154843e-08,82,O=C[C@@](NC)Cc1c2c([nH]c1)cccc2,421.56253,287.44376,131.27278,317.66089,103.90163,777.24792,355.09286,156.17097,422.15503,0.96773684,1.0470637,54.603905,6.0252423,33.881802,36.133541,0.015290874,-20.341408,0,8.2082987,21.170311,4.2215328,2.2517407,0.68185318,0.31139573,0.75353211,0.24646792,1.843731,0.84232551,0.18427449,0.29470941,0.89386392,1662.4945,447.73712,1358.0023,1519.2496,2.8670042,2.5605593,1.5258567,1.0991765,209.0,241.42323,3.138684,0.2168956,2.8426168,2.2472126,1.0918912,0.4740915,0.23406635,0.090453938,0.041369505,0.020910716,653.625,381.375,273.5,229.5,204.125,163.875,99.25,47.25,0.70710677,0.86602539,1.118034,0.86602539,0.5,0.70710677,-2.519769,-2.5019946,-2.4842577,-8.0986252,-7.8499165,-7.5636778,1.2066919,196.875,172.625,116.5,51.375,23.625,9.375,4.5,1.875,0.11243144,0.047930282,0.8709054,0.81336039,0.66813225,0.74165189,0.79682893,0.95998007,1.3260888,1.8921859,0.21671462,0.77089769,1.3495872,2.2019749,2.5203362,2.9574482,3.9212172,3.936604,1.3527091,363.62216,491.875,921.625,484.25,210.125,73.375,30.75,11.0,4.5,1.875,724.75,311.625,93.625,22.0,7.125,1.625,0.0,0.0,EXT723
C:/Users/MICROSOFT/Documents/nauval_mrnavac/cycpeptmp_standalone/runs/run_20260102_172000_moe/sdf/monomer.sdf,O=C[C@@](NC)Cc1c2c([nH]c1)cccc2,57.726345,1.5788451e-08,137,O=C[C@@](NC)Cc1c2c([nH]c1)cccc2,421.56305,290.13278,128.55342,317.86594,103.69711,784.51904,347.737,161.57936,436.78204,0.96773684,1.0468361,54.592648,5.9904552,33.887688,36.14035,0.015299452,-20.343143,0,8.2249918,21.159052,4.22155,2.2526627,0.68823105,0.30494469,0.75401759,0.24598242,1.8609768,0.82487541,0.18428116,0.29469368,0.89391315,1662.6299,447.74286,1358.167,1519.3501,2.867121,2.5606582,1.5258821,1.0992389,209.0,242.92368,3.0145807,0.21296424,2.8401396,2.2508347,1.0904396,0.47521555,0.23673627,0.09538386,0.042241242,0.021342065,651.125,375.5,269.875,229.25,205.125,164.125,101.125,45.875,0.70710677,0.86602539,1.118034,0.5,0.70710677,0.86602539,-2.5503998,-2.5321548,-2.4575031,-7.9246621,-7.7095098,-7.5682435,1.2083045,191.0,178.5,116.125,51.125,23.0,10.5,4.5,2.125,0.11625753,0.051799346,0.85027546,0.8182711,0.68105799,0.76211357,0.82361519,0.9507907,1.3422577,1.9262707,0.21102998,0.74864542,1.3865318,2.1917861,2.3830433,3.2032423,4.0354266,4.0180368,1.3503312,363.79962,491.25,921.0,489.0,211.375,73.75,31.375,11.875,4.5,2.125,730.0,310.5,95.25,22.625,8.375,1.375,0.0,0.0,EXT724
C:/Users/MICROSOFT/Documents/nauval_mrnavac/cycpeptmp_standalone/runs/run_20260102_172000_moe/sdf/monomer.sdf,O=C[C@@](NC)Cc1c2c([nH]c1)cccc2,57.726345,1.8549073e-08,94,O=C[C@@](NC)Cc1c2c([nH]c1)cccc2,422.75,289.19208,130.93419,319.12003,103.62998,781.9754,354.177,158.25789,427.7984,0.96773684,1.0463719,54.644409,5.987721,33.884941,36.142063,0.01492898,-20.330334,0,8.2850046,21.210814,4.2146907,2.257123,0.68407351,0.30972016,0.75486696,0.24513301,1.8497348,0.83779299,0.18430108,0.29472467,0.89386642,1662.4144,447.73511,1357.9298,1519.1641,2.8669353,2.5604556,1.5258278,1.0992113,209.0,241.84384,3.1750679,0.21690033,2.8425717,2.2482262,1.0910463,0.47407773,0.2339543,0.090305284,0.041357718,0.020903092,653.25,381.25,273.375,229.375,204.25,163.625,99.625,47.375,0.70710677,0.86602539,1.118034,0.86602539,0.5,0.70710677,-2.5202579,-2.502212,-2.4844863,-8.0967112,-7.848093,-7.5702648,1.2066917,196.875,172.5,116.25,51.375,23.75,9.25,4.5,1.875,0.11248285,0.047411446,0.87488478,0.81154913,0.66688567,0.74266863,0.79969716,0.96512032,1.3298264,1.8821955,0.21751426,0.77135706,1.3550873,2.201961,2.5595961,2.9341531,3.9215546,3.9369028,1.3527092,363.62213,491.875,921.625,484.5,210.0,73.375,30.75,10.875,4.5,1.875,724.75,312.0,93.75,22.0,7.0,1.625,0.0,0.0,EXT725
C:/Users/MICROSOFT/Documents/nauval_mrnavac/cycpeptmp_standalone/runs/run_20260102_172000_moe/sdf/monomer.sdf,O=C[C@@](NC)Cc1c2c([nH]c1)cccc2,57.726345,2.0682116e-08,47,O=C[C@@](NC)Cc1c2c([nH]c1)cccc2,421.50436,288.22086,129.94518,318.01276,103.49162,779.34918,351.50168,158.27568,427.8475,0.96773684,1.0466471,54.678528,6.0362091,33.883087,36.138752,0.0150018,-20.335489,0,8.2689934,21.244934,4.2195721,2.255667,0.68379086,0.30828902,0.75447083,0.24552916,1.8489705,0.83392179,0.18428206,0.29468629,0.8939113,1662.4586,447.68738,1358.03,1519.2,2.8669734,2.5606205,1.5257169,1.0992254,209.0,242.03134,3.072124,0.21401611,2.8377812,2.2511075,1.0913858,0.4766151,0.23598452,0.093670011,0.04168123,0.022037225,652.25,379.25,269.25,229.125,201.625,162.875,98.75,46.125,0.70710677,0.86602539,1.118034,0.5,0.70710677,0.86602539,-2.5170155,-2.4878397,-2.4795666,-8.2461081,-7.7311778,-7.5659547,1.2084754,190.125,175.0,113.75,48.625,23.0,9.75,4.875,1.75,0.11420613,0.04964539,0.88515264,0.82436538,0.69835025,0.77988911,0.80330384,0.91804785,1.3758855,1.98291,0.18700768,0.75941271,1.3126562,2.1753211,2.4334455,2.9523156,4.1184983,4.0328851,1.3508271,364.22128,492.0,918.5,486.125,208.5,71.5,30.75,11.375,4.875,1.75,728.375,311.125,94.75,22.875,7.75,1.625,0.0,0.0,EXT726
C:/Users/MICROSOFT/Documents/nauval_mrnavac/cycpeptmp_standalone/runs/run_20260102_172000_moe/sdf/monomer.sdf,O=C[C@@](NC)Cc1c2c([nH]c1)cccc2,57.726345,2.1063897e-08,58,O=C[C@@](NC)Cc1c2c([nH]c1)cccc2,418.95728,286.9808,128.86063,315.0946,103.86268,775.99609,348.56799,158.12016,427.42807,0.96773684,1.0468531,54.657501,6.0443525,33.882973,36.13982,0.014949842,-20.337746,0,8.2399197,21.223906,4.2184587,2.2568491,0.6849882,0.30757463,0.75209242,0.24790756,1.8522081,0.83198935,0.18430935,0.29469362,0.89389819,1662.3744,447.67697,1357.9448,1519.127,2.8669007,2.5605669,1.5257996,1.0992838,209.0,241.02129,3.1316903,0.21686043,2.8426235,2.247149,1.0910146,0.47410157,0.23400411,0.09040799,0.04136797,0.020908007,653.5,381.25,273.375,229.375,204.125,163.75,99.5,47.625,0.70710677,0.86602539,1.118034,0.86602539,0.5,0.70710677,-2.5197673,-2.5019653,-2.4840388,-8.1004896,-7.8517194,-7.5606689,1.2062482,197.125,172.25,115.875,51.125,23.625,9.375,4.5,1.875,0.11248285,0.047956403,0.86938494,0.80923843,0.66263121,0.73668897,0.79957122,0.96765906,1.3309256,1.8809134,0.21709409,0.76889807,1.3496761,2.2029157,2.5199013,2.9570343,3.9208171,3.9361846,1.3534359,363.6116,492.125,921.875,484.25,209.75,73.125,30.75,11.0,4.5,1.875,724.75,312.0,93.875,22.0,7.125,1.625,0.0,0.0,EXT727
C:/Users/MICROSOFT/Documents/nauval_mrnavac/cycpeptmp_standalone/runs/run_20260102_172000_moe/sdf/monomer.sdf,O=C[C@@](NC)Cc1c2c([nH]c1)cccc2,57.726345,2.6877679e-08,153,O=C[C@@](NC)Cc1c2c([nH]c1)cccc2,418.00366,286.38803,129.02042,315.55743,102.44624,774.39325,349.00021,157.36761,425.39304,0.96773684,1.046524,54.651016,6.0098891,33.884373,36.134762,0.014936241,-20.335014,0,8.2728767,21.217421,4.2185531,2.2503862,0.6851328,0.30865857,0.75491548,0.24508455,1.8525991,0.83492142,0.18429056,0.29467255,0.89387864,1662.4551,447.67508,1358.0063,1519.2289,2.8669703,2.5605772,1.525794,1.0992321,209.0,242.27248,3.0710926,0.21454743,2.8378088,2.2506735,1.0912848,0.47654074,0.23595096,0.093667224,0.041688498,0.022041224,652.375,379.875,269.875,229.5,202.125,162.875,98.625,46.125,0.70710677,0.86602539,1.118034,0.5,0.70710677,0.86602539,-2.5171092,-2.4876361,-2.4800341,-8.2479372,-7.7320476,-7.5669985,1.2084527,189.5,175.125,113.75,48.75,23.125,9.75,4.875,1.75,0.11394164,0.049564268,0.88561195,0.82464623,0.69908977,0.77745104,0.80201048,0.92282456,1.3762144,1.983582,0.18758234,0.76309228,1.3123331,2.1788778,2.4328444,2.9515867,4.1177506,4.032136,1.3508525,364.21445,492.0,918.375,486.125,208.5,71.625,30.75,11.375,4.875,1.75,728.875,311.0,94.75,22.875,7.625,1.625,0.0,0.0,EXT728
C:/Users/MICROSOFT/Documents/nauval_mrnavac/cycpeptmp_standalone/runs/run_20260102_172000_moe/sdf/monomer.sdf,O=C[C@@](NC)Cc1c2c([nH]c1)cccc2,57.726345,6.6469688e-08,36,O=C[C@@](NC)Cc1c2c([nH]c1)cccc2,421.0144,289.36139,128.43311,317.60815,103.40623,782.43323,347.41153,160.9283,435.02167,0.96773684,1.0470048,54.589237,6.0336161,33.88797,36.145035,0.015308054,-20.33573,0,8.1746025,21.155642,4.220674,2.2570674,0.68729573,0.3050563,0.75438786,0.24561211,1.8584477,0.82517731,0.18427122,0.2946341,0.89388114,1662.4791,447.63043,1358.0519,1519.2758,2.8669908,2.5605984,1.5257696,1.0991836,209.0,241.94376,3.142807,0.21688908,2.8426285,2.2503355,1.0920715,0.47434172,0.23409885,0.090525903,0.041402116,0.020946341,653.5,381.375,273.5,229.625,204.25,163.75,99.375,47.25,0.70710677,0.86602539,1.118034,0.86602539,0.5,0.70710677,-2.5204172,-2.5027876,-2.4847767,-8.1000671,-7.851048,-7.5681448,1.206152,197.125,172.5,116.125,51.125,23.75,9.375,4.5,1.875,0.11288849,0.047904193,0.87204951,0.81055909,0.66469598,0.73794472,0.79583174,0.96334773,1.325447,1.8921489,0.21712592,0.76770788,1.3473639,2.2015016,2.5279117,2.9573059,3.9210627,3.9364431,1.3535439,363.58261,492.125,921.75,484.375,209.875,73.125,30.875,11.0,4.5,1.875,724.625,311.875,93.75,22.0,7.125,1.625,0.0,0.0,EXT729
C:/Users/MICROSOFT/Documents/nauval_mrnavac/cycpeptmp_standalone/runs/run_20260102_172000_moe/sdf/monomer.sdf,O=C[C@@](NC)Cc1c2c([nH]c1)cccc2,57.726345,6.8784715e-08,67,O=C[C@@](NC)Cc1c2c([nH]c1)cccc2,424.46423,291.16656,130.40173,319.13974,105.32448,787.31445,352.73666,160.76485,434.57776,0.96773684,1.0468111,54.651081,6.0000744,33.885223,36.129414,0.01511685,-20.342199,0,8.2888231,21.217487,4.2176533,2.2441893,0.68596256,0.30721489,0.75186491,0.24813512,1.8548428,0.83101624,0.18430327,0.29468465,0.89391404,1662.6583,447.73843,1358.1965,1519.3816,2.8671455,2.560657,1.5258317,1.0993043,209.0,240.90562,3.1456699,0.21704556,2.8428819,2.2502823,1.0910832,0.47416943,0.23400134,0.090441547,0.041363548,0.020922804,653.5,381.5,273.625,229.5,204.125,163.625,99.25,47.375,0.70710677,0.86602539,1.118034,0.86602539,0.5,0.70710677,-2.5201702,-2.5025516,-2.4840474,-8.0977821,-7.8473558,-7.5701847,1.20654,196.625,172.5,116.125,51.375,23.75,9.375,4.5,1.875,0.11283691,0.047930282,0.8722415,0.81275475,0.66815752,0.74317515,0.79902285,0.96434075,1.3259783,1.8770546,0.21731316,0.76920652,1.3511488,2.2020173,2.5280664,2.9574862,3.9212523,3.9366336,1.352994,363.638,492.0,921.5,484.375,209.875,73.375,30.875,11.0,4.5,1.875,724.875,311.875,93.75,22.0,7.125,1.625,0.0,0.0,EXT730
C:/Users/MICROSOFT/Documents/nauval_mrnavac/cycpeptmp_standalone/runs/run_20260102_172000_moe/sdf/monomer.sdf,O=C[C@@](NC)Cc1c2c([nH]c1)cccc2,57.726345,7.6051734e-08,56,O=C[C@@](NC)Cc1c2c([nH]c1)cccc2,416.64264,287.48056,126.53598,313.88937,102.75327,777.34747,342.27982,160.94458,435.06763,0.96773684,1.0465006,54.634441,6.0025129,33.874714,36.119381,0.015060566,-20.326033,0,8.280858,21.200846,4.2166286,2.2446668,0.68999314,0.30370387,0.75337791,0.24662206,1.8657415,0.82151896,0.18429744,0.29472542,0.89384687,1662.5128,447.76657,1357.9921,1519.267,2.8670199,2.5605631,1.5257598,1.0992466,209.0,242.52509,3.0671847,0.21294218,2.8422894,2.2496786,1.091102,0.4748328,0.23604147,0.095302902,0.041241359,0.02090643,654.0,379.25,269.625,230.75,204.0,166.375,101.875,47.125,0.70710677,0.5,0.5,0.70710677,0.5,0.86602539,-2.5179377,-2.4998441,-2.4905403,-7.980052,-7.9044905,-7.7642336,1.2089354,194.125,180.5,114.25,50.875,22.875,10.375,5.0,1.875,0.11172926,0.05146262,0.88453639,0.83485585,0.69767934,0.80132461,0.84228933,0.94866455,1.3725992,1.9627897,0.210933,0.71804792,1.3330953,2.1780031,2.4312115,2.6939294,4.1086359,4.0361428,1.3503132,364.35992,492.0,922.25,488.75,210.0,73.75,30.125,11.875,5.0,1.875,728.125,308.25,95.75,22.875,7.25,1.5,0.0,0.0,EXT731
C:/Users/MICROSOFT/Documents/nauval_mrnavac/cycpeptmp_standalone/runs/run_20260102_172000_moe/sdf/monomer.sdf,O=C[C@@](NC)Cc1c2c([nH]c1)cccc2,57.726345,1.3203487e-07,185,O=C[C@@](NC)Cc1c2c([nH]c1)cccc2,418.98383,286.63855,129.23669,316.36819,102.61563,775.07062,349.58527,157.40186,425.48535,0.96773684,1.0463469,54.648533,6.0337219,33.872349,36.116386,0.014923546,-20.340405,0,8.2661905,21.214937,4.217308,2.2440376,0.68412793,0.30845273,0.75508451,0.2449155,1.849882,0.83436459,0.18429224,0.29470611,0.89387363,1662.613,447.76276,1358.11,1519.3535,2.8671064,2.5606079,1.5258468,1.0992503,209.0,241.23209,3.150907,0.21691631,2.8429301,2.2503562,1.091085,0.47421396,0.23404519,0.090462662,0.041390322,0.020933041,653.25,381.25,273.5,229.5,204.25,163.875,99.5,47.375,0.70710677,0.86602539,1.118034,0.86602539,0.5,0.70710677,-2.5199544,-2.5022614,-2.4843915,-8.0984364,-7.8494425,-7.5761738,1.2060728,196.5,172.625,116.0,51.25,23.875,9.375,4.5,1.875,0.11334552,0.047930282,0.87209636,0.81317794,0.66841048,0.74355859,0.79981726,0.9620139,1.3257334,1.8768229,0.21604611,0.76754886,1.3493758,2.1951301,2.5329447,2.9574115,3.921237,3.9365981,1.3537472,363.6203,492.25,921.5,484.375,209.75,73.25,31.0,11.0,4.5,1.875,725.0,311.75,93.75,22.0,7.125,1.625,0.0,0.0,EXT732
C:/Users/MICROSOFT/Documents/nauval_mrnavac/cycpeptmp_standalone/runs/run_20260102_172000_moe/sdf/monomer.sdf,O=C[C@@](NC)Cc1c2c([nH]c1)cccc2,57.726345,1.4251358e-07,124,O=C[C@@](NC)Cc1c2c([nH]c1)cccc2,418.92514,287.26599,128.91846,315.51196,103.4132,776.76727,348.72443,158.34755,428.04285,0.96773684,1.0472533,54.690441,6.0897708,33.884865,36.138634,0.014359801,-20.348078,0,8.2354059,21.256847,4.2122731,2.2537658,0.68572158,0.30773625,0.75314635,0.24685365,1.8541911,0.83242655,0.18431073,0.29473794,0.8938995,1662.4786,447.76309,1358.0038,1519.1906,2.8669906,2.5605612,1.5258005,1.0992855,209.0,240.38246,3.1325519,0.2168175,2.8426554,2.2472517,1.0911191,0.4741939,0.23405185,0.090449929,0.041370634,0.02095487,653.375,381.25,273.375,229.25,204.125,163.75,99.5,47.5,0.70710677,0.86602539,1.118034,0.86602539,0.5,0.70710677,-2.5196652,-2.5019073,-2.4844871,-8.1032696,-7.8496742,-7.5598674,1.2062409,197.625,172.375,116.0,51.25,23.75,9.375,4.5,1.875,0.1129401,0.047982551,0.87048531,0.80977672,0.66356415,0.73819685,0.79715383,0.96360606,1.325152,1.8753189,0.21706256,0.76896,1.3497255,2.1967559,2.5197327,2.9569609,3.9207182,3.9360852,1.353444,363.60944,492.125,921.875,484.25,209.75,73.25,30.875,11.0,4.5,1.875,724.25,311.875,93.75,22.0,7.125,1.625,0.0,0.0,EXT733
C:/Users/MICROSOFT/Documents/nauval_mrnavac/cycpeptmp_standalone/runs/run_20260102_172000_moe/sdf/monomer.sdf,O=C[C@@](NC)Cc1c2c([nH]c1)cccc2,57.726345,2.0211445e-07,71,O=C[C@@](NC)Cc1c2c([nH]c1)cccc2,420.37805,287.51294,129.70071,316.40704,103.97101,777.435,350.84042,157.81224,426.5946,0.96773684,1.0467439,54.590153,6.0141997,33.885376,36.138401,0.015408343,-20.335228,0,8.200223,21.156557,4.2219205,2.2530231,0.68393904,0.30853349,0.75267261,0.24732739,1.8493712,0.8345831,0.18432584,0.29470161,0.89388001,1662.4886,447.72202,1358.017,1519.2384,2.8669991,2.5605357,1.5257664,1.0993196,209.0,240.22014,3.0172164,0.21296614,2.8401403,2.2505937,1.0903305,0.4750959,0.23683847,0.095629357,0.042254895,0.021366077,651.5,375.75,270.0,229.375,205.0,164.25,101.125,45.875,0.70710677,0.86602539,1.118034,0.5,0.70710677,0.86602539,-2.5506325,-2.5324512,-2.4574931,-7.9243274,-7.714211,-7.5722756,1.2083317,191.375,178.375,116.0,51.125,23.0,10.5,4.5,2.125,0.1162037,0.051771116,0.84838295,0.81968492,0.68310583,0.76397932,0.82256508,0.94670761,1.3419815,1.9262342,0.21172933,0.74807316,1.3870275,2.1922283,2.3834083,3.2035184,4.0356765,4.0182834,1.3503009,363.80777,491.25,921.125,488.75,211.375,73.75,31.375,11.875,4.5,2.125,729.75,310.375,95.375,22.625,8.375,1.375,0.0,0.0,EXT734
C:/Users/MICROSOFT/Documents/nauval_mrnavac/cycpeptmp_standalone/runs/run_20260102_172000_moe/sdf/monomer.sdf,O=C[C@@](NC)Cc1c2c([nH]c1)cccc2,57.726345,2.6604459e-07,68,O=C[C@@](NC)Cc1c2c([nH]c1)cccc2,420.53464,288.36334,129.39679,317.18915,103.3455,779.7345,350.01834,158.96655,429.71616,0.96773684,1.0467914,54.578701,5.9950314,33.880672,36.130314,0.014928452,-20.342722,0,8.2191219,21.145105,4.2193065,2.2496412,0.6857065,0.30769593,0.75425208,0.24574789,1.8541504,0.83231747,0.18429263,0.29469663,0.89389712,1662.5535,447.7294,1358.0883,1519.2892,2.8670549,2.5606191,1.5258157,1.0992563,209.0,244.67996,3.0116823,0.21284981,2.8406265,2.250726,1.090562,0.47517812,0.23687294,0.095557109,0.042226255,0.021327185,651.125,375.625,269.875,229.5,205.125,164.125,101.125,46.0,0.70710677,0.86602539,1.118034,0.5,0.70710677,0.86602539,-2.5504596,-2.5323637,-2.4575164,-7.923595,-7.7138515,-7.570703,1.2082565,191.125,178.375,115.875,51.125,23.0,10.5,4.5,2.125,0.11625753,0.051742919,0.84957409,0.81987554,0.67739213,0.75846761,0.82346028,0.95061129,1.3423332,1.9193037,0.21281064,0.74831486,1.3848454,2.1916251,2.3827119,3.2027328,4.0348682,4.0174785,1.350385,363.78516,491.25,921.0,489.0,211.25,73.75,31.375,11.875,4.5,2.125,729.875,310.625,95.375,22.625,8.375,1.375,0.0,0.0,EXT735
C:/Users/MICROSOFT/Documents/nauval_mrnavac/cycpeptmp_standalone/runs/run_20260102_172000_moe/sdf/monomer.sdf,O=C[C@@](NC)Cc1c2c([nH]c1)cccc2,57.726345,3.1076684e-07,116,O=C[C@@](NC)Cc1c2c([nH]c1)cccc2,422.37042,288.14728,131.41521,318.23209,104.13831,779.15027,355.47815,156.73209,423.67212,0.96773684,1.0465405,54.697861,6.0284824,33.892708,36.148693,0.014709804,-20.339661,0,8.2893333,21.264265,4.216639,2.2559867,0.68221468,0.31113735,0.75344318,0.24655685,1.8447084,0.84162652,0.18430687,0.2946761,0.89393574,1662.5032,447.68097,1358.0946,1519.2307,2.8670118,2.5606124,1.5258478,1.0992959,209.0,241.35278,2.999465,0.21312372,2.840117,2.2505445,1.0903877,0.47514004,0.23666468,0.095505759,0.04224949,0.021350976,651.5,375.75,270.0,229.375,205.0,164.375,101.5,46.125,0.70710677,0.86602539,1.118034,0.5,0.70710677,0.86602539,-2.5506368,-2.5323784,-2.4578583,-7.9220743,-7.7112002,-7.5690975,1.2083249,190.875,178.5,116.125,51.125,23.125,10.5,4.5,2.125,0.11666667,0.051771116,0.8495478,0.81742877,0.68275744,0.7637313,0.82233274,0.94831073,1.347428,1.9281093,0.21302922,0.74763483,1.3907201,2.1926332,2.3661313,3.203953,4.0361075,4.0187159,1.3503085,363.80576,491.25,920.875,489.0,211.25,73.75,31.5,11.875,4.5,2.125,730.0,310.5,95.125,22.625,8.375,1.375,0.0,0.0,EXT736
C:/Users/MICROSOFT/Documents/nauval_mrnavac/cycpeptmp_standalone/runs/run_20260102_172000_moe/sdf/monomer.sdf,O=C[C@@](NC)Cc1c2c([nH]c1)cccc2,57.766918,0.040571298,173,O=C[C@@](NC)Cc1c2c([nH]c1)cccc2,422.76959,288.13782,131.00056,316.59967,106.16991,779.12463,354.35654,157.13724,424.7681,0.97649729,0.70079815,54.141659,6.0399704,33.378853,35.664169,0.013250404,-21.585199,0,8.228426,14.832948,4.1958447,2.2853136,0.68154812,0.30986282,0.74887049,0.25112951,1.8429061,0.83817893,0.18855171,0.2724793,0.92500234,1732.5033,429.64752,1458.551,1576.808,2.9267476,2.6366467,1.461791,1.144899,207.125,239.17458,4.6135321,0.2156003,2.8561568,2.2815235,1.142911,0.5062651,0.24330319,0.088125214,0.03899195,0.020208424,640.5,373.875,273.25,229.25,199.5,159.75,101.5,53.375,0.5,6.5764732,6.6708322,0.70710677,0.5,0.5,-2.541065,-2.5376897,-2.4961069,-7.8042793,-7.7462411,-7.2450805,1.2114952,196.125,194.125,128.5,55.75,24.5,10.25,4.75,2.0,0.11299177,0.050163578,1.3514729,1.2246006,1.1096139,1.197304,1.3259224,1.7428356,1.8590922,1.8292332,0.31184775,1.2428172,2.5060027,3.2581673,3.5108137,4.2180719,4.9135809,4.8261046,1.3491695,366.0585,493.875,938.375,509.375,224.25,78.0,30.875,11.5,4.75,2.0,742.25,315.25,95.75,22.25,6.375,1.25,0.0,0.0,EXT737
C:/Users/MICROSOFT/Documents/nauval_mrnavac/cycpeptmp_standalone/runs/run_20260102_172000_moe/sdf/monomer.sdf,O=C[C@@](NC)Cc1c2c([nH]c1)cccc2,57.766918,0.040571302,38,O=C[C@@](NC)Cc1c2c([nH]c1)cccc2,417.9859,287.95862,127.13314,312.05313,105.93279,778.64014,343.89514,160.82549,434.74496,0.97708696,0.70165026,54.24136,6.0251274,33.378185,35.671249,0.013771389,-21.607975,0,8.3322315,14.932648,4.1989827,2.2930641,0.68891943,0.30415651,0.74656373,0.25343627,1.8628381,0.82274336,0.18853751,0.27243295,0.9250499,1732.4905,429.57108,1458.6145,1576.7954,2.9267368,2.636668,1.4617887,1.1448652,207.0,240.3998,4.609262,0.21550086,2.8567371,2.2819653,1.1420954,0.50597692,0.24331176,0.088211104,0.039026912,0.020158948,640.125,373.5,273.0,229.0,199.625,159.75,101.75,53.375,0.5,6.5764732,6.6708322,0.70710677,0.5,0.5,-2.5414891,-2.5386555,-2.495101,-7.8085775,-7.7497616,-7.2478046,1.2111069,195.5,194.5,128.25,55.75,24.5,10.25,4.75,2.0,0.11309524,0.05021834,1.3505236,1.2214245,1.1099302,1.1979775,1.3318589,1.7450989,1.8638529,1.8304822,0.31070831,1.2410547,2.5098133,3.2580512,3.5063722,4.2180119,4.9135919,4.8261228,1.3494881,365.87946,493.75,937.75,509.625,224.0,78.0,30.875,11.5,4.75,2.0,742.25,315.125,95.75,22.25,6.375,1.25,0.0,0.0,EXT738
C:/Users/MICROSOFT/Documents/nauval_mrnavac/cycpeptmp_standalone/runs/run_20260102_172000_moe/sdf/monomer.sdf,O=C[C@@](NC)Cc1c2c([nH]c1)cccc2,57.766918,0.040571302,79,O=C[C@@](NC)Cc1c2c([nH]c1)cccc2,424.14056,289.07199,132.27974,317.13483,107.00574,781.6507,357.81671,156.79225,423.83395,0.97649729,0.70150733,54.21159,6.0470667,33.372246,35.657536,0.013083026,-21.59479,0,8.2985153,14.90288,4.1953897,2.28529,0.68154764,0.31187713,0.7477116,0.25228837,1.8429048,0.84362763,0.18854077,0.27245483,0.92503446,1732.5359,429.61554,1458.624,1576.8322,2.926775,2.6366215,1.4617424,1.1448549,207.125,242.67462,4.5972071,0.2156845,2.8566823,2.28194,1.1418685,0.50519323,0.24331842,0.088214755,0.039043285,0.020180779,640.625,373.75,273.25,229.375,199.5,159.75,101.5,53.5,0.5,6.5764732,6.6708322,0.70710677,0.5,0.5,-2.5410743,-2.5383306,-2.4955671,-7.8104258,-7.7537851,-7.2498598,1.2107421,195.5,194.375,128.125,55.5,24.375,10.125,4.75,2.0,0.11253431,0.049591281,1.3503307,1.2229562,1.1063361,1.1953599,1.3294016,1.7391694,1.8601191,1.813818,0.31075972,1.2392678,2.5121944,3.2551692,3.4980795,4.2115479,4.9135551,4.8260903,1.3501227,365.8927,494.0,937.75,509.5,223.875,77.875,30.75,11.375,4.75,2.0,742.25,315.125,95.75,22.375,6.375,1.25,0.0,0.0,EXT739
C:/Users/MICROSOFT/Documents/nauval_mrnavac/cycpeptmp_standalone/runs/run_20260102_172000_moe/sdf/monomer.sdf,O=C[C@@](NC)Cc1c2c([nH]c1)cccc2,57.766918,0.040571302,147,O=C[C@@](NC)Cc1c2c([nH]c1)cccc2,424.03317,287.79901,133.16704,320.1915,103.84167,778.20856,360.21686,154.63197,417.9917,0.97708696,0.70172524,54.197548,6.0583768,33.382198,35.675343,0.014021038,-21.603706,0,8.2491531,14.888836,4.2006536,2.2931461,0.67871815,0.31404865,0.75510955,0.24489045,1.8352538,0.84950155,0.18854244,0.27246195,0.92501473,1732.5427,429.63095,1458.6071,1576.8474,2.9267809,2.6366515,1.461777,1.144873,207.0,242.76932,4.6115956,0.21563378,2.8562334,2.2819242,1.1422091,0.50625867,0.24327363,0.088110976,0.038999859,0.020175571,640.25,373.375,273.25,229.125,199.5,159.875,101.625,53.25,0.5,6.5764732,6.6708322,0.70710677,0.5,0.5,-2.5415022,-2.5382488,-2.4957697,-7.8047242,-7.7470479,-7.2444687,1.2114543,196.125,194.625,128.375,55.75,24.5,10.25,4.75,2.0,0.11299177,0.050190944,1.3503307,1.2227266,1.1073396,1.1957479,1.3252372,1.7400926,1.8646051,1.8375489,0.31265354,1.2402287,2.5098991,3.2584753,3.5111253,4.2183814,4.9139161,4.8264394,1.3492151,366.04614,493.875,938.25,509.75,224.125,78.0,30.875,11.5,4.75,2.0,742.125,315.125,95.75,22.25,6.375,1.25,0.0,0.0,EXT740
C:/Users/MICROSOFT/Documents/nauval_mrnavac/cycpeptmp_standalone/runs/run_20260102_172000_moe/sdf/monomer.sdf,O=C[C@@](NC)Cc1c2c([nH]c1)cccc2,57.766918,0.04057131,45,O=C[C@@](NC)Cc1c2c([nH]c1)cccc2,420.02628,287.44083,129.49785,314.2092,105.81705,777.23999,350.29169,157.94296,426.94827,0.97708696,0.70067972,54.195644,6.06428,33.380672,35.667263,0.013523679,-21.584652,0,8.2532206,14.886934,4.1973586,2.2865906,0.68434012,0.30830893,0.74807036,0.25192961,1.8504556,0.83397567,0.1885418,0.27250627,0.92498583,1732.5297,429.69458,1458.5403,1576.8246,2.9267697,2.6366224,1.4618821,1.1448584,207.0,240.79391,4.6079369,0.21013555,2.8549974,2.2777078,1.1440308,0.50524521,0.24196377,0.089410417,0.039575476,0.019369768,636.75,372.0,271.25,234.25,199.375,164.25,104.125,52.5,0.5,0.5,1.0,0.5,0.70710677,0.5,-2.53847,-2.4997554,-2.4944961,-7.7468863,-7.5210438,-7.3411541,1.2127198,195.25,196.75,128.375,55.375,23.5,9.625,4.875,1.75,0.11290322,0.048025616,1.369633,1.2628343,1.0731934,1.1825824,1.3565321,1.7366296,1.9161793,1.839478,0.3142226,1.2026857,2.5126245,3.2442908,3.5406265,4.1755881,4.9558153,4.8996544,1.3473521,366.18118,493.375,936.375,513.125,224.125,77.375,30.625,11.25,4.875,1.75,741.125,316.375,95.75,22.0,7.125,1.625,0.0,0.0,EXT741
C:/Users/MICROSOFT/Documents/nauval_mrnavac/cycpeptmp_standalone/runs/run_20260102_172000_moe/sdf/monomer.sdf,O=C[C@@](NC)Cc1c2c([nH]c1)cccc2,57.766918,0.040571325,171,O=C[C@@](NC)Cc1c2c([nH]c1)cccc2,420.39264,287.80194,129.03711,315.38715,105.00549,778.21643,349.04538,158.76482,429.17105,0.97649729,0.70101851,54.290615,6.1404953,33.373837,35.673088,0.013302468,-21.596348,0,8.2680435,14.981905,4.1956882,2.2992496,0.68460268,0.30694425,0.75022042,0.24977955,1.8511657,0.83028418,0.18853849,0.27246618,0.92500585,1732.3223,429.58386,1458.4105,1576.6501,2.9265947,2.6366131,1.4618607,1.1448443,207.125,240.76651,4.6257687,0.21370539,2.8564763,2.2797985,1.1413046,0.50504631,0.24219333,0.089037754,0.039027184,0.020106724,636.5,371.875,268.5,232.125,198.625,163.125,104.5,54.375,0.5,0.5,1.0,0.5,0.70710677,0.5,-2.538115,-2.5095074,-2.4919167,-7.554564,-7.4990044,-7.2341542,1.2113967,192.75,196.875,127.0,57.5,23.0,9.625,4.75,2.0,0.11266294,0.047926765,1.3737198,1.2787907,1.0962079,1.2030102,1.3344821,1.7139939,1.876659,1.8337612,0.3037869,1.1970928,2.5074804,3.2980843,3.5353081,4.1118441,4.9533534,4.8695049,1.3490515,365.90524,493.625,936.375,514.125,223.875,78.625,30.25,11.125,4.75,2.0,743.625,317.25,96.875,21.125,7.25,1.5,0.0,0.0,EXT742
C:/Users/MICROSOFT/Documents/nauval_mrnavac/cycpeptmp_standalone/runs/run_20260102_172000_moe/sdf/monomer.sdf,O=C[C@@](NC)Cc1c2c([nH]c1)cccc2,57.766918,0.040571343,25,O=C[C@@](NC)Cc1c2c([nH]c1)cccc2,426.70792,292.56546,130.83147,320.1167,106.59123,791.09698,353.89911,161.73399,437.19788,0.97649729,0.70158219,54.184422,6.0248485,33.375309,35.664764,0.013472443,-21.598858,0,8.2837105,14.875709,4.1976256,2.2894545,0.68563396,0.30660659,0.75020093,0.24979904,1.8539543,0.8293708,0.1885227,0.27245116,0.92497647,1732.3937,429.58655,1458.4539,1576.7469,2.9266551,2.6366217,1.4618498,1.1448001,207.125,242.6613,4.6270323,0.21383539,2.8563411,2.2775853,1.1412116,0.50497264,0.24214163,0.088990763,0.039029084,0.020098232,636.625,371.25,268.625,232.125,199.0,163.25,104.625,54.375,0.5,0.5,1.0,0.5,0.70710677,0.5,-2.5380781,-2.5091922,-2.4922247,-7.5556078,-7.501483,-7.237092,1.2118918,192.75,196.5,126.875,57.375,23.0,9.625,4.625,2.0,0.11261052,0.047926765,1.3738073,1.2812371,1.0973594,1.2067922,1.3323842,1.7121627,1.8789011,1.8336588,0.30314389,1.2017115,2.5052624,3.2956023,3.5351858,4.1116829,4.966877,4.8694172,1.3482728,365.93115,493.375,936.25,513.75,223.75,78.5,30.25,11.125,4.625,2.0,743.5,317.25,96.875,21.125,7.25,1.5,0.0,0.0,EXT743
C:/Users/MICROSOFT/Documents/nauval_mrnavac/cycpeptmp_standalone/runs/run_20260102_172000_moe/sdf/monomer.sdf,O=C[C@@](NC)Cc1c2c([nH]c1)cccc2,57.926544,0.20019673,144,O=C[C@@](NC)Cc1c2c([nH]c1)cccc2,425.87402,286.10507,136.2289,313.88864,111.98538,773.62811,368.49918,149.87617,405.12894,0.96255559,0.54500848,56.198074,6.1122327,33.914745,36.182323,0.016873149,-21.676744,0,8.2476931,15.891265,5.6389508,2.2675779,0.67180681,0.31988072,0.73704576,0.26295424,1.8165656,0.86527741,0.18394017,0.28160214,0.8811233,1692.8615,440.84503,1379.3888,1565.489,2.89307,2.5541565,1.5318927,1.095433,210.125,243.79897,3.1615672,0.21317147,2.866286,2.3070402,1.2408042,0.51080513,0.2299422,0.060763951,0.0,0.0,630.875,365.625,259.0,220.5,193.125,150.375,91.5,40.125,0.70710677,0.70710677,1.4142135,7.0887237,0.5,7.1414285,-2.5368106,-2.492461,-2.4870751,-4.9435892,-4.9274654,-4.898325,1.2118622,210.875,209.375,133.375,46.25,17.125,4.5,0.0,0.0,0.098938227,0.030045351,1.1572329,1.0314311,0.93733346,1.0437076,1.1738672,1.408125,1.518109,1.89891,0.34898993,1.171362,1.8221308,2.2964907,2.2295971,1.5220435,0.0,0.0,1.3467096,365.05643,491.625,942.375,519.0,231.875,72.25,25.625,6.625,0.0,0.0,731.5,309.625,98.5,26.0,8.5,2.125,0.0,0.0,EXT744
C:/Users/MICROSOFT/Documents/nauval_mrnavac/cycpeptmp_standalone/runs/run_20260102_172000_moe/sdf/monomer.sdf,O=C[C@@](NC)Cc1c2c([nH]c1)cccc2,57.926544,0.20019682,120,O=C[C@@](NC)Cc1c2c([nH]c1)cccc2,417.89474,284.22296,130.59483,307.25525,110.6395,768.53888,353.25903,153.62813,415.27985,0.96255559,0.54509175,56.229397,6.1364222,33.916389,36.189041,0.017589651,-21.695938,0,8.2460928,15.922586,5.6402483,2.2726543,0.68013048,0.31250653,0.73524553,0.26475447,1.8390728,0.84533012,0.18395536,0.28162137,0.88111091,1692.7917,440.85562,1379.3083,1565.4197,2.8930104,2.5540862,1.5318204,1.095448,210.125,241.7312,3.1837153,0.21562295,2.8686204,2.3109527,1.2346858,0.51194876,0.22834533,0.059271734,0.0,0.0,630.75,367.0,261.5,222.125,193.0,150.875,91.125,40.5,0.70710677,0.70710677,1.4142135,7.1414285,7.228416,0.5,-2.542016,-2.4989376,-2.4817722,-4.9875102,-4.8992577,-4.8673778,1.2108068,212.375,208.0,132.25,46.625,16.0,3.75,0.0,0.0,0.096080303,0.027574563,1.186059,1.0625563,0.94149238,1.0656403,1.2035813,1.3924879,1.5425388,1.8065459,0.35689989,1.1744331,1.8246365,2.3531177,2.2444093,1.4430622,0.0,0.0,1.3475405,364.55304,491.25,942.625,519.125,233.375,72.75,25.125,6.125,0.0,0.0,730.25,311.125,101.125,26.125,9.125,2.375,0.0,0.0,EXT745
C:/Users/MICROSOFT/Documents/nauval_mrnavac/cycpeptmp_standalone/runs/run_20260102_172000_moe/sdf/monomer.sdf,O=C[C@@](NC)Cc1c2c([nH]c1)cccc2,58.020378,0.29403192,138,O=C[C@@](NC)Cc1c2c([nH]c1)cccc2,419.56207,282.49854,133.33041,315.27655,104.28551,763.87604,360.65875,149.16814,403.21729,0.97355956,1.137795,53.320263,6.1395731,32.732609,35.053898,0.010487651,-19.574228,0,8.3336048,15.228127,3.782697,2.3212891,0.67331761,0.3177847,0.75144196,0.24855801,1.8206509,0.85960764,0.099889569,0.26252079,0.82932615,1736.7689,435.91904,1377.1063,1660.5123,2.9303482,2.7618375,1.5667453,0.87288737,207.75,239.97157,4.9245858,0.17354824,2.8941891,2.2955644,1.2674205,0.54238296,0.27046385,0.10793779,0.04876272,0.026184278,607.5,360.125,265.875,227.125,199.875,159.25,102.875,54.5,0.5,0.5,1.0,0.70710677,0.5,0.5,-3.0007563,-2.9210992,-2.8981457,-8.4376507,-7.9357324,-7.5569315,1.2009186,202.5,226.5,151.25,61.875,26.625,12.125,5.5,2.625,0.13211095,0.061089709,1.5026691,1.3596432,1.2342408,1.3492373,1.5050149,1.9324414,1.9181733,1.5868598,0.35619229,1.2864635,2.3817563,3.3745718,3.728502,4.4232497,5.1700344,5.1518483,1.3599026,362.25021,492.625,955.625,544.625,252.75,86.0,35.125,13.875,5.5,2.625,753.125,318.125,101.5,24.125,8.5,1.75,0.0,0.0,EXT746
C:/Users/MICROSOFT/Documents/nauval_mrnavac/cycpeptmp_standalone/runs/run_20260102_172000_moe/sdf/monomer.sdf,O=C[C@@](NC)Cc1c2c([nH]c1)cccc2,58.020378,0.29403192,162,O=C[C@@](NC)Cc1c2c([nH]c1)cccc2,423.08578,284.452,135.08711,316.60303,106.48277,769.1582,365.41064,149.36488,403.74759,0.97297412,1.1374035,53.207951,6.1199236,32.723686,35.044151,0.010706496,-19.570578,0,8.2491951,15.115815,3.7839744,2.3204658,0.67232704,0.31929013,0.74831873,0.25168127,1.8179723,0.86367983,0.099889211,0.26252896,0.8293224,1736.7349,435.92313,1377.0703,1660.4764,2.9303195,2.761857,1.5666538,0.87289196,207.875,239.48801,4.9236979,0.17364728,2.8945913,2.295691,1.2673612,0.54240978,0.27044547,0.10792173,0.048752226,0.026177481,607.625,360.25,266.0,227.125,199.875,159.25,102.875,54.5,0.5,0.5,1.0,0.70710677,0.5,0.5,-3.0006278,-2.9211295,-2.8980701,-8.436964,-7.9342866,-7.558394,1.2010826,202.5,226.375,151.25,61.875,26.625,12.125,5.5,2.625,0.13204888,0.061089709,1.501917,1.3574108,1.2334689,1.3494018,1.50519,1.9328028,1.9186926,1.5874237,0.35717079,1.2835793,2.381475,3.3742325,3.7281411,4.4228611,5.1696415,5.151463,1.3596019,362.2384,492.5,956.125,544.5,252.75,86.0,35.125,13.875,5.5,2.625,753.625,318.125,101.5,24.125,8.5,1.75,0.0,0.0,EXT747
C:/Users/MICROSOFT/Documents/nauval_mrnavac/cycpeptmp_standalone/runs/run_20260102_172000_moe/sdf/monomer.sdf,O=C[C@@](NC)Cc1c2c([nH]c1)cccc2,58.020378,0.29403195,3,O=C[C@@](NC)Cc1c2c([nH]c1)cccc2,418.94824,284.11682,131.76701,313.32925,105.61899,768.25189,356.42978,152.34981,411.82211,0.97297412,1.1375962,53.302383,6.1278996,32.736015,35.060429,0.010625522,-19.574816,0,8.3206129,15.210249,3.7828169,2.3244143,0.67816693,0.31451863,0.74789488,0.25210512,1.8337634,0.85077286,0.09984678,0.26250416,0.82931429,1736.6129,435.85818,1376.9817,1660.3859,2.9302168,2.7618206,1.5667045,0.87269503,207.875,241.86932,4.9235086,0.17360431,2.894278,2.2948873,1.2672882,0.54246265,0.27050915,0.10792928,0.048763674,0.02618492,607.625,360.375,266.0,227.125,199.875,159.375,103.0,54.5,0.5,0.5,1.0,0.70710677,0.5,0.5,-3.0002656,-2.9210606,-2.8972368,-8.4370012,-7.9348636,-7.5578518,1.2010971,202.75,226.25,151.125,61.875,26.625,12.125,5.5,2.625,0.13204888,0.061089709,1.5027609,1.3620689,1.2325101,1.3489944,1.504776,1.9277847,1.9094363,1.586743,0.35702023,1.285814,2.3819997,3.3747833,3.7286773,4.4233541,5.1701384,5.1519461,1.3595854,362.2428,492.5,955.75,544.125,252.75,86.0,35.125,13.875,5.5,2.625,753.0,317.875,101.625,24.125,8.5,1.75,0.0,0.0,EXT748
C:/Users/MICROSOFT/Documents/nauval_mrnavac/cycpeptmp_standalone/runs/run_20260102_172000_moe/sdf/monomer.sdf,O=C[C@@](NC)Cc1c2c([nH]c1)cccc2,58.020378,0.29403195,44,O=C[C@@](NC)Cc1c2c([nH]c1)cccc2,420.23126,283.14029,133.2903,314.53485,105.69642,765.61133,360.55026,149.84999,405.0611,0.97355956,1.1386497,53.304382,6.1520548,32.728802,35.043587,0.010668434,-19.592731,0,8.3149185,15.212247,3.7831523,2.3147871,0.67377257,0.31718323,0.74848032,0.25151965,1.8218811,0.85798061,0.099871337,0.26251063,0.82933623,1736.9131,435.93835,1377.2375,1660.6504,2.93047,2.7619643,1.5666871,0.87284774,207.75,240.26781,4.9512038,0.17765921,2.8960395,2.3036513,1.2762165,0.54197019,0.26896825,0.10526908,0.04809415,0.026365068,609.375,359.25,265.25,225.125,194.625,154.125,99.0,52.125,0.5,0.5,1.0,0.5,1.118034,0.70710677,-3.0052328,-2.9535449,-2.9195857,-8.2295103,-7.9673443,-7.4237041,1.204306,201.625,226.375,151.625,61.375,26.75,11.375,5.375,2.625,0.12959473,0.057745695,1.4885718,1.3476779,1.1728621,1.2898632,1.3999151,1.8478986,1.855575,1.5007246,0.37957716,1.2992899,2.4107234,3.4025276,3.8138247,4.4805307,5.2317715,5.1948223,1.3538947,362.10349,490.25,957.25,541.375,251.75,85.5,34.375,13.0,5.375,2.625,755.625,315.0,100.125,24.125,7.625,1.625,0.0,0.0,EXT749
C:/Users/MICROSOFT/Documents/nauval_mrnavac/cycpeptmp_standalone/runs/run_20260102_172000_moe/sdf/monomer.sdf,O=C[C@@](NC)Cc1c2c([nH]c1)cccc2,58.020378,0.29403195,89,O=C[C@@](NC)Cc1c2c([nH]c1)cccc2,420.72617,282.59979,135.01076,314.19415,106.53204,764.14978,365.20407,147.58902,398.94571,0.97355956,1.1380749,53.310089,6.1627884,32.720707,35.042816,0.010711145,-19.581463,0,8.3099995,15.217956,3.7837777,2.3221066,0.67169523,0.32089934,0.74679011,0.25320992,1.816264,0.86803269,0.099860735,0.26254019,0.82927668,1736.7063,435.9418,1376.9944,1660.4764,2.9302955,2.7617772,1.5667639,0.8727423,207.75,240.17609,4.9487562,0.17791164,2.8960731,2.3039284,1.2763444,0.54195315,0.26885107,0.10529409,0.048076712,0.026347635,609.25,359.375,265.5,225.375,195.0,154.125,99.0,52.125,0.5,0.5,1.0,0.5,1.118034,0.70710677,-3.0051384,-2.9536667,-2.9195204,-8.2256632,-7.9669614,-7.4217892,1.2042555,201.375,226.25,151.75,61.375,26.75,11.25,5.375,2.625,0.12947269,0.05712701,1.4879847,1.3472412,1.1702613,1.2857132,1.4002113,1.8480139,1.8556124,1.500716,0.37999952,1.2992836,2.4106035,3.4024181,3.81371,4.4711118,5.2316489,5.1946998,1.3539515,362.08829,490.25,957.125,541.5,251.75,85.5,34.375,12.875,5.375,2.625,755.75,315.25,100.0,24.125,7.625,1.625,0.0,0.0,EXT750
C:/Users/MICROSOFT/Documents/nauval_mrnavac/cycpeptmp_standalone/runs/run_20260102_172000_moe/sdf/monomer.sdf,O=C[C@@](NC)Cc1c2c([nH]c1)cccc2,58.020378,0.29403195,179,O=C[C@@](NC)Cc1c2c([nH]c1)cccc2,420.7012,282.77271,134.55046,314.70834,105.99288,764.61737,363.95901,148.22224,400.65839,0.97355956,1.138782,53.364639,6.1266837,32.727203,35.030689,0.010498423,-19.587952,0,8.414855,15.272505,3.7819157,2.303484,0.67214614,0.31982428,0.74805665,0.25194338,1.8174832,0.8651247,0.099863581,0.26249221,0.82933807,1736.8773,435.90225,1377.223,1660.6293,2.9304397,2.7620051,1.5667396,0.8728267,207.75,239.78006,4.8966231,0.17053227,2.8983881,2.3002808,1.2645513,0.54724163,0.27420005,0.10808258,0.049141817,0.025873333,607.75,358.375,264.5,225.625,197.75,159.0,103.5,55.75,0.5,0.70710677,0.5,0.5,0.70710677,1.118034,-2.9445608,-2.9249947,-2.9084101,-8.1548195,-7.8298664,-7.7699108,1.2004932,201.125,227.75,149.875,61.0,27.5,11.5,5.625,2.625,0.13563327,0.058171745,1.4951804,1.3600911,1.2265766,1.3472321,1.4753078,1.9166515,1.8900878,1.5036209,0.36991504,1.2824107,2.4099629,3.3681781,3.7088318,4.4943871,5.2058506,5.159318,1.3600392,361.93811,492.25,957.0,543.75,251.375,85.875,35.875,13.125,5.625,2.625,755.875,316.0,101.5,24.875,8.375,1.625,0.0,0.0,EXT751
C:/Users/MICROSOFT/Documents/nauval_mrnavac/cycpeptmp_standalone/runs/run_20260102_172000_moe/sdf/monomer.sdf,O=C[C@@](NC)Cc1c2c([nH]c1)cccc2,58.020378,0.29403195,95,O=C[C@@](NC)Cc1c2c([nH]c1)cccc2,422.80182,283.0932,135.91206,316.43109,106.37073,765.48401,367.64212,147.18114,397.84189,0.97355956,1.1377445,53.304058,6.1203346,32.722549,35.027317,0.010697819,-19.577709,0,8.3629904,15.211924,3.7827191,2.3047683,0.66956478,0.32145572,0.7484147,0.25158533,1.8105031,0.86953777,0.09986949,0.26246443,0.82938313,1736.8612,435.84848,1377.2738,1660.6001,2.9304261,2.7619123,1.5666358,0.87282324,207.75,238.01532,4.9493999,0.17807746,2.8959906,2.3033533,1.2752855,0.54194027,0.26884183,0.10526387,0.048052181,0.026330514,609.625,359.5,265.75,225.25,195.0,154.375,99.125,52.25,0.5,0.5,1.0,0.5,1.118034,0.70710677,-3.0047715,-2.9535251,-2.9189262,-8.2242785,-7.9667125,-7.4203115,1.2043084,201.875,226.375,151.5,61.375,26.625,11.25,5.375,2.625,0.12888053,0.057158712,1.4877169,1.3458464,1.1697636,1.2871937,1.3997246,1.8487338,1.8656862,1.507846,0.37864357,1.3016174,2.412533,3.402246,3.8147345,4.4709129,5.231461,5.1945124,1.3538921,362.10419,490.25,957.625,541.25,251.625,85.5,34.25,12.875,5.375,2.625,755.75,314.875,100.125,24.125,7.625,1.625,0.0,0.0,EXT752
C:/Users/MICROSOFT/Documents/nauval_mrnavac/cycpeptmp_standalone/runs/run_20260102_172000_moe/sdf/monomer.sdf,O=C[C@@](NC)Cc1c2c([nH]c1)cccc2,58.020378,0.29403195,199,O=C[C@@](NC)Cc1c2c([nH]c1)cccc2,418.56213,283.05453,131.85558,313.13483,105.4273,765.37946,356.66934,151.19896,408.71011,0.97355956,1.1377386,53.309566,6.0951729,32.716869,35.024189,0.010807831,-19.582764,0,8.394949,15.217433,3.7844493,2.3073199,0.67625451,0.31502032,0.74812031,0.25187969,1.8285922,0.85213,0.099865399,0.26249045,0.82934844,1736.7781,435.87265,1377.156,1660.5276,2.930356,2.7618873,1.5666237,0.87279749,207.75,240.01985,4.9236751,0.17456685,2.8976176,2.3013368,1.2677965,0.54246408,0.27229032,0.10744847,0.048123561,0.026825178,608.75,362.5,265.375,228.625,198.625,157.0,103.125,54.375,0.5,0.5,1.0,0.70710677,0.70710677,1.4142135,-2.9779079,-2.971422,-2.8802075,-8.3524017,-7.737124,-7.6178074,1.2026174,197.75,223.5,150.875,63.0,26.625,11.625,5.75,2.75,0.13047574,0.05904866,1.5039921,1.3440636,1.2239895,1.3391979,1.4639672,1.9242811,1.8942016,1.5412797,0.36790946,1.2819054,2.3561566,3.3810475,3.7432127,4.4292893,5.1911621,5.1560798,1.3570621,362.27158,491.625,955.25,540.375,252.375,87.375,34.625,13.5,5.75,2.75,757.5,316.875,101.5,24.375,8.0,1.875,0.0,0.0,EXT753
C:/Users/MICROSOFT/Documents/nauval_mrnavac/cycpeptmp_standalone/runs/run_20260102_172000_moe/sdf/monomer.sdf,O=C[C@@](NC)Cc1c2c([nH]c1)cccc2,58.020378,0.29403198,59,O=C[C@@](NC)Cc1c2c([nH]c1)cccc2,421.26495,283.0145,134.89186,314.51108,106.75386,765.27118,364.88251,148.12262,400.3887,0.97297412,1.1378762,53.312874,6.1554952,32.73196,35.050282,0.010604478,-19.579945,0,8.3139772,15.220738,3.7825146,2.3183208,0.67182064,0.32020673,0.7465874,0.25341263,1.8166031,0.8661592,0.099851184,0.26246628,0.829364,1736.7146,435.81836,1377.1372,1660.4738,2.9303026,2.7619214,1.5666261,0.87274617,207.875,238.31006,4.9262805,0.17372592,2.8944862,2.2953408,1.2673556,0.54231113,0.27044129,0.10795946,0.048790392,0.026203778,607.625,360.125,266.125,227.25,200.0,159.375,102.875,54.5,0.5,0.5,1.0,0.70710677,0.5,0.5,-3.0002699,-2.920563,-2.8978286,-8.438694,-7.9371085,-7.5615258,1.2011217,202.75,226.375,151.625,61.875,26.625,12.125,5.5,2.625,0.13198684,0.061056107,1.5019057,1.360001,1.2354883,1.3521112,1.5081968,1.9369893,1.9185163,1.5871779,0.35575476,1.2854416,2.3830471,3.3742113,3.7281303,4.4228678,5.1696529,5.1514659,1.3595576,362.25018,492.5,955.875,544.375,252.875,86.0,35.125,13.875,5.5,2.625,753.125,318.0,101.25,24.125,8.5,1.75,0.0,0.0,EXT754
C:/Users/MICROSOFT/Documents/nauval_mrnavac/cycpeptmp_standalone/runs/run_20260102_172000_moe/sdf/monomer.sdf,O=C[C@@](NC)Cc1c2c([nH]c1)cccc2,58.020378,0.29403198,134,O=C[C@@](NC)Cc1c2c([nH]c1)cccc2,421.10715,282.00751,135.68079,314.87808,106.22908,762.54828,367.01654,146.32671,395.53174,0.97355956,1.1386688,53.28537,6.1068478,32.733479,35.044884,0.010595279,-19.588551,0,8.3387241,15.193235,3.7843199,2.3114052,0.66968107,0.32220015,0.7477386,0.2522614,1.8108177,0.87155139,0.09986677,0.26246789,0.82935649,1736.8618,435.85922,1377.2452,1660.6191,2.9304266,2.7619903,1.5666232,0.87283599,207.75,239.15414,4.9227338,0.17380476,2.8940225,2.2940381,1.2671837,0.54230076,0.27044106,0.1079299,0.048742238,0.026171228,607.625,360.25,266.25,227.25,200.0,159.25,102.875,54.5,0.5,0.5,1.0,0.70710677,0.5,0.5,-3.0009098,-2.9211283,-2.8987126,-8.4353285,-7.9300814,-7.5608435,1.2007356,202.75,226.125,151.125,61.875,26.625,12.125,5.5,2.625,0.13192488,0.061056107,1.5029544,1.3577926,1.2336209,1.3516504,1.5046242,1.9331087,1.9189063,1.5876085,0.35693738,1.2870959,2.3816597,3.3739073,3.7278492,4.4226379,5.1694193,5.1512456,1.3602248,362.25629,492.75,956.0,544.25,252.625,86.0,35.125,13.875,5.5,2.625,753.25,318.125,101.5,24.125,8.5,1.75,0.0,0.0,EXT755
C:/Users/MICROSOFT/Documents/nauval_mrnavac/cycpeptmp_standalone/runs/run_20260102_172000_moe/sdf/monomer.sdf,O=C[C@@](NC)Cc1c2c([nH]c1)cccc2,58.020378,0.29403222,152,O=C[C@@](NC)Cc1c2c([nH]c1)cccc2,419.22696,282.40823,133.82533,312.93616,106.29081,763.6319,361.99756,148.5829,401.63434,0.97414565,1.138258,53.312798,6.1417046,32.732357,35.050694,0.010551814,-19.586687,0,8.3282766,15.220661,3.7815683,2.3183384,0.67364043,0.31921929,0.74646002,0.25354001,1.8215238,0.8634882,0.099863127,0.26249012,0.82932585,1736.7079,435.85922,1377.0779,1660.4786,2.9302969,2.7617831,1.566687,0.87275463,207.625,240.31731,4.9246655,0.17380205,2.8942904,2.2952325,1.2670623,0.54230666,0.27045417,0.10792594,0.048770886,0.026197713,607.625,360.625,266.25,227.25,199.75,159.25,102.75,54.5,0.5,0.5,1.0,0.70710677,0.5,0.5,-2.9998972,-2.9207122,-2.8966985,-8.4385166,-7.9358158,-7.5614738,1.2008991,202.375,226.125,151.125,61.875,26.625,12.125,5.5,2.625,0.13192488,0.061056107,1.504042,1.3596598,1.234159,1.3519647,1.5048158,1.9288398,1.9204081,1.586853,0.35633633,1.2853024,2.3815784,3.374433,3.7283964,4.4232068,5.1699929,5.1518097,1.3599246,362.24435,492.625,955.5,544.125,252.75,86.0,35.125,13.875,5.5,2.625,753.125,318.0,101.625,24.125,8.5,1.75,0.0,0.0,EXT756
C:/Users/MICROSOFT/Documents/nauval_mrnavac/cycpeptmp_standalone/runs/run_20260102_172000_moe/sdf/monomer.sdf,O=C[C@@](NC)Cc1c2c([nH]c1)cccc2,58.151707,0.42536196,104,O=C[C@@](NC)Cc1c2c([nH]c1)cccc2,417.88943,286.04089,129.34959,314.98938,102.90005,773.45453,349.89066,156.6913,423.5639,0.96831596,1.5179362,53.130672,6.0751886,32.862362,35.060612,0.011165114,-18.950607,0,8.1953087,15.258524,3.7883973,2.1982508,0.68448943,0.30953068,0.75376248,0.24623752,1.8508594,0.83728045,0.090032905,0.24486411,0.84116256,1697.324,398.474,1368.8468,1627.3273,2.8968806,2.8880665,1.4340743,0.86657834,208.875,240.32306,3.4023459,0.16171344,2.8872561,2.2979488,1.2365659,0.54910564,0.28019157,0.12106628,0.053173162,0.029554745,604.625,352.75,260.625,223.25,196.75,153.5,101.375,54.0,1.118034,0.70710677,0.5,1.2247449,0.86602539,0.5,-2.9237912,-2.8700061,-2.8634474,-8.2280445,-8.1238499,-7.955596,1.1947298,176.875,212.0,148.625,62.0,28.375,12.75,6.25,2.75,0.1381295,0.064949609,1.007707,0.9029274,0.64163697,0.58692229,0.66195434,1.3591802,1.6691768,1.592015,0.068010531,0.43604809,1.3079032,2.2724822,2.7618165,3.7432935,4.5381956,4.5139666,1.3639342,358.79663,489.375,941.125,532.375,245.375,86.75,36.0,14.5,6.25,2.75,764.25,320.375,96.75,24.75,7.625,1.75,0.0,0.0,EXT757
C:/Users/MICROSOFT/Documents/nauval_mrnavac/cycpeptmp_standalone/runs/run_20260102_172000_moe/sdf/monomer.sdf,O=C[C@@](NC)Cc1c2c([nH]c1)cccc2,58.151707,0.42536196,166,O=C[C@@](NC)Cc1c2c([nH]c1)cccc2,417.07288,287.13693,127.15691,313.99374,103.07914,776.41827,343.95944,159.98003,432.45883,0.96831596,1.5183691,53.328682,6.1344914,32.859722,35.076355,0.011672483,-18.952293,0,8.3167639,15.456534,3.7893984,2.2166328,0.68845743,0.30487934,0.75285101,0.24714899,1.861589,0.82469863,0.090022966,0.24479559,0.84118313,1697.0776,398.31387,1368.713,1627.1284,2.8966703,2.8879755,1.4339468,0.86650312,208.875,238.77921,3.4340377,0.16137652,2.8881273,2.2981331,1.2374874,0.54877508,0.27997115,0.12139301,0.053170696,0.029561747,605.25,352.375,259.75,222.25,196.25,152.0,100.375,54.75,0.70710677,1.118034,0.5,1.2247449,0.86602539,0.5,-2.9186215,-2.856782,-2.8567541,-8.2287521,-8.1209021,-8.0154228,1.1931283,177.125,213.375,149.0,62.125,28.125,12.875,6.25,2.875,0.13859481,0.065241843,1.0092962,0.89472115,0.63793373,0.5757457,0.6621604,1.3464557,1.6877189,1.5955372,0.073902249,0.4355464,1.3161652,2.2600992,2.7981844,3.6584477,4.5492048,4.472127,1.3663461,358.6207,490.0,941.875,533.25,246.125,86.75,36.0,14.5,6.25,2.875,764.75,319.875,97.125,24.625,7.875,1.625,0.0,0.0,EXT758
C:/Users/MICROSOFT/Documents/nauval_mrnavac/cycpeptmp_standalone/runs/run_20260102_172000_moe/sdf/monomer.sdf,O=C[C@@](NC)Cc1c2c([nH]c1)cccc2,58.151707,0.42536196,32,O=C[C@@](NC)Cc1c2c([nH]c1)cccc2,417.12344,286.32367,128.21985,315.09656,102.02686,774.21924,346.83469,158.10382,427.38452,0.96773684,1.5170993,53.194546,6.1513638,32.862923,35.079914,0.011028838,-18.931108,0,8.1646175,15.322396,3.7876208,2.2169895,0.68642437,0.30739066,0.75540364,0.24459635,1.8560914,0.83149177,0.090014242,0.2448297,0.84117138,1696.9407,398.33295,1368.5687,1626.9797,2.8965535,2.8879721,1.4338754,0.86646014,209.0,239.79318,3.4372289,0.16154219,2.8878334,2.298089,1.237486,0.54886818,0.27995372,0.12136036,0.05315331,0.029556729,605.25,352.125,260.0,222.375,196.0,151.75,100.25,54.5,0.70710677,1.118034,0.5,1.2247449,0.86602539,0.5,-2.9185286,-2.8562455,-2.8557572,-8.2307549,-8.1165705,-8.0217571,1.1931263,177.125,212.875,149.25,62.0,28.125,12.875,6.25,2.875,0.13846155,0.065205172,1.0095559,0.89549017,0.6403842,0.57656449,0.66097069,1.3450775,1.6867312,1.5934328,0.072865941,0.43626627,1.3197151,2.2547493,2.7988484,3.6591921,4.5500097,4.47295,1.3663485,358.62006,490.0,941.875,533.375,246.375,86.625,36.0,14.5,6.25,2.875,764.75,320.5,97.125,24.625,7.875,1.625,0.0,0.0,EXT759
C:/Users/MICROSOFT/Documents/nauval_mrnavac/cycpeptmp_standalone/runs/run_20260102_172000_moe/sdf/monomer.sdf,O=C[C@@](NC)Cc1c2c([nH]c1)cccc2,58.151707,0.42536196,65,O=C[C@@](NC)Cc1c2c([nH]c1)cccc2,416.59677,284.55713,129.08606,314.22357,102.37318,769.4425,349.1778,155.47107,420.26468,0.96831596,1.5178093,53.253429,6.0605597,32.864555,35.074203,0.012083156,-18.944937,0,8.3148136,15.38128,3.7917664,2.2096481,0.68305171,0.30985853,0.7542631,0.24573687,1.8469718,0.83816731,0.090031318,0.24482462,0.84121114,1697.0806,398.35089,1368.7234,1627.0867,2.8966727,2.8880019,1.4340467,0.86655134,208.875,241.84926,3.4039128,0.16161408,2.8872879,2.2981822,1.2367228,0.54917771,0.28023788,0.1211437,0.05315721,0.029576944,604.625,352.5,260.5,223.125,196.625,153.5,101.375,53.875,1.118034,0.70710677,0.5,1.2247449,0.86602539,0.5,-2.923429,-2.8691056,-2.8626866,-8.2282124,-8.1264219,-7.9648638,1.1946934,176.875,212.125,148.5,62.125,28.375,12.75,6.375,2.75,0.13819578,0.064985998,1.0052363,0.90163267,0.64278632,0.5879029,0.6626845,1.3605158,1.681743,1.5940136,0.067787237,0.43583083,1.3084048,2.27507,2.7622817,3.7437525,4.5428672,4.5144153,1.3639758,358.78568,489.375,941.125,532.25,245.375,86.875,36.0,14.5,6.375,2.75,764.25,320.125,96.875,24.75,7.625,1.75,0.0,0.0,EXT760
C:/Users/MICROSOFT/Documents/nauval_mrnavac/cycpeptmp_standalone/runs/run_20260102_172000_moe/sdf/monomer.sdf,O=C[C@@](NC)Cc1c2c([nH]c1)cccc2,58.151707,0.42536199,13,O=C[C@@](NC)Cc1c2c([nH]c1)cccc2,418.25668,286.59451,128.25526,316.54251,101.71416,774.9516,346.93048,158.33926,428.02109,0.96831596,1.5178502,53.279125,6.1337843,32.865852,35.088047,0.011303905,-18.943424,0,8.2582798,15.40698,3.7877126,2.2221935,0.68521208,0.30664247,0.756814,0.24318598,1.8528134,0.82946789,0.090043925,0.24483058,0.84117973,1697.006,398.34793,1368.6289,1627.035,2.8966091,2.8879576,1.4339432,0.86659867,208.875,239.84871,3.4126861,0.16157846,2.8873565,2.2983947,1.2369748,0.549344,0.28031608,0.12117257,0.053155355,0.029570514,604.5,352.5,260.5,223.125,196.625,153.375,101.5,54.125,1.118034,0.70710677,0.5,1.2247449,0.86602539,0.5,-2.9235208,-2.8697577,-2.8643577,-8.2260838,-8.1262665,-7.9582143,1.194827,176.875,212.0,148.5,61.875,28.5,12.75,6.375,2.75,0.13867563,0.064985998,1.0053397,0.90243578,0.64367408,0.58877629,0.66351801,1.3573807,1.6670669,1.5918624,0.06773077,0.43362492,1.3075686,2.2720919,2.7701135,3.7428632,4.5419741,4.5135226,1.3637073,358.76468,489.25,941.125,532.375,245.375,86.75,36.125,14.5,6.375,2.75,764.25,320.375,96.875,24.875,7.625,1.75,0.0,0.0,EXT761
C:/Users/MICROSOFT/Documents/nauval_mrnavac/cycpeptmp_standalone/runs/run_20260102_172000_moe/sdf/monomer.sdf,O=C[C@@](NC)Cc1c2c([nH]c1)cccc2,58.153107,0.42676002,178,O=C[C@@](NC)Cc1c2c([nH]c1)cccc2,418.58554,287.66507,126.95736,316.95392,101.6316,777.84631,343.41968,160.7077,434.42667,0.96658063,0.75387967,47.40414,6.0357785,26.97492,29.082621,0.01125311,-14.367108,0,8.3021812,13.970545,3.9723072,2.1077003,0.68723124,0.30330089,0.75720233,0.24279769,1.8582734,0.82042891,0.092632972,0.26237485,0.82665217,1739.5521,436.9639,1376.7218,1665.4185,2.9326954,2.7851722,1.5674219,0.84768569,209.25,241.02226,4.3754039,0.16890103,2.8964412,2.3060598,1.2899483,0.56735861,0.27820626,0.1080506,0.038538527,0.01899666,602.5,357.25,264.0,224.125,196.0,148.875,96.375,51.0,0.5,0.70710677,0.5,0.70710677,0.86602539,0.5,-2.9756305,-2.9355183,-2.9173365,-7.6743932,-7.5901809,-7.4674821,1.2057747,200.0,228.25,165.125,67.25,27.0,11.5,4.5,2.0,0.12878788,0.056887899,1.5086416,1.3458655,1.1795045,1.2707758,1.4249334,1.9039295,1.8902861,1.5643733,0.34106135,1.2007924,2.1695728,3.0690475,3.2355177,4.1546173,5.2458944,5.16746,1.3531644,363.03793,491.25,960.375,547.75,258.125,88.75,34.0,12.75,4.5,2.0,760.375,319.5,93.0,21.5,7.0,1.25,0.0,0.0,EXT762
C:/Users/MICROSOFT/Documents/nauval_mrnavac/cycpeptmp_standalone/runs/run_20260102_172000_moe/sdf/monomer.sdf,O=C[C@@](NC)Cc1c2c([nH]c1)cccc2,58.153107,0.42676002,91,O=C[C@@](NC)Cc1c2c([nH]c1)cccc2,423.88309,286.92584,133.58176,319.76135,104.12174,775.84747,361.33868,153.34409,414.50882,0.96715838,0.75406164,47.315956,5.9462485,26.959846,29.054003,0.010769724,-14.368167,0,8.3347244,13.882361,3.9702103,2.0941567,0.67689854,0.31513822,0.75436211,0.24563786,1.8303336,0.85244888,0.092626162,0.26238814,0.82665259,1739.679,437.01508,1376.8138,1665.5289,2.9328022,2.7851593,1.5674593,0.84765059,209.125,242.53593,4.3805699,0.16888805,2.8961055,2.3030417,1.2899157,0.56733352,0.27821213,0.10807595,0.038566295,0.019019766,602.125,357.0,264.0,224.125,195.75,148.875,96.25,50.875,0.5,0.70710677,0.5,0.70710677,0.86602539,0.5,-2.9759424,-2.9356849,-2.9171543,-7.6737075,-7.5883241,-7.4726553,1.2058419,199.75,228.625,165.125,67.125,27.25,11.5,4.5,2.0,0.12926136,0.056887899,1.5094237,1.3491704,1.1798511,1.2711254,1.4251546,1.9042889,1.8861248,1.5558031,0.34031987,1.2027456,2.1702869,3.0666342,3.240653,4.154201,5.2454906,5.1670499,1.353089,363.05817,491.25,960.125,547.75,258.25,88.625,34.125,12.75,4.5,2.0,760.375,319.125,93.125,21.5,6.875,1.25,0.0,0.0,EXT763
C:/Users/MICROSOFT/Documents/nauval_mrnavac/cycpeptmp_standalone/runs/run_20260102_172000_moe/sdf/monomer.sdf,O=C[C@@](NC)Cc1c2c([nH]c1)cccc2,58.153107,0.42676002,145,O=C[C@@](NC)Cc1c2c([nH]c1)cccc2,419.43445,288.06628,128.55008,316.60806,102.82641,778.93121,347.72797,159.51619,431.20325,0.96658063,0.75331634,47.410942,5.9890552,26.969084,29.069321,0.010724424,-14.370407,0,8.3733377,13.977346,3.9685044,2.1002359,0.6867969,0.30648431,0.75484514,0.24515489,1.8570988,0.82904005,0.092638433,0.26237604,0.8266595,1739.5282,436.95813,1376.7095,1665.3888,2.9326751,2.7851534,1.5674261,0.84770495,209.25,240.88045,4.4966912,0.1673165,2.8897524,2.2994401,1.2853093,0.56465262,0.27962637,0.10404684,0.038484175,0.019430701,602.875,354.625,262.375,225.625,195.25,156.25,98.875,53.5,0.5,0.5,1.0,0.70710677,0.70710677,1.2247449,-2.9626181,-2.9518723,-2.8671741,-7.9248242,-7.3861547,-7.126411,1.2058929,203.5,231.125,162.0,66.875,28.5,11.0,3.875,2.0,0.13577895,0.053185597,1.4792858,1.3396302,1.1867641,1.3156457,1.4657676,1.9367104,1.8845191,1.5229956,0.33006954,1.1704447,2.23228,3.0852544,3.3510265,4.2075534,5.247026,5.1457467,1.3534907,363.31982,491.75,961.25,546.75,256.25,89.25,35.625,12.0,3.875,2.0,757.75,315.625,94.25,22.375,7.125,1.0,0.0,0.0,EXT764
C:/Users/MICROSOFT/Documents/nauval_mrnavac/cycpeptmp_standalone/runs/run_20260102_172000_moe/sdf/monomer.sdf,O=C[C@@](NC)Cc1c2c([nH]c1)cccc2,58.153107,0.42676002,180,O=C[C@@](NC)Cc1c2c([nH]c1)cccc2,422.29755,286.38925,131.91277,320.45151,101.84604,774.39648,356.82404,154.47647,417.57248,0.96658063,0.7544899,47.353943,6.0536847,26.972845,29.07864,0.010927846,-14.377085,0,8.2391376,13.920347,3.9715517,2.1057961,0.67816931,0.31236926,0.7588287,0.24117127,1.8337698,0.84495878,0.092640407,0.26239857,0.82663852,1739.6426,437.02405,1376.7642,1665.4971,2.9327717,2.7851732,1.5674663,0.84771997,209.25,241.57924,4.5249262,0.16568013,2.8943152,2.3011816,1.2891549,0.56708097,0.27856219,0.10525782,0.038317174,0.018285951,602.25,356.5,262.0,225.75,197.25,154.875,99.0,53.0,0.5,0.5,0.70710677,0.5,0.70710677,0.86602539,-2.9429059,-2.9100106,-2.8978374,-7.8043261,-7.3995557,-7.3283992,1.206232,204.5,229.0,164.375,66.375,26.875,11.25,4.375,1.625,0.12690839,0.055370986,1.4824722,1.3595451,1.2103262,1.3121539,1.4508276,1.9845382,1.8883008,1.6059644,0.33425489,1.1910957,2.2050123,3.0837531,3.35041,4.0770822,5.2687616,5.1909475,1.3524219,363.05237,491.0,960.375,548.625,258.5,87.875,33.25,12.5,4.375,1.625,755.875,319.625,94.125,21.5,6.375,1.25,0.0,0.0,EXT765
C:/Users/MICROSOFT/Documents/nauval_mrnavac/cycpeptmp_standalone/runs/run_20260102_172000_moe/sdf/monomer.sdf,O=C[C@@](NC)Cc1c2c([nH]c1)cccc2,58.153107,0.42676002,83,O=C[C@@](NC)Cc1c2c([nH]c1)cccc2,423.44537,284.7616,134.78313,319.86508,103.58028,769.99536,364.58835,149.97849,405.40704,0.96715838,0.75427192,47.281204,5.9615326,26.97296,29.076204,0.010127813,-14.36623,0,8.2677383,13.847608,3.9655993,2.103245,0.67248726,0.31830108,0.75538689,0.2446131,1.8184055,0.86100447,0.092644244,0.26240793,0.82665753,1739.5806,437.01813,1376.7279,1665.4152,2.9327192,2.7851865,1.5674281,0.8477416,209.125,239.96542,4.4489336,0.1665124,2.888906,2.2922115,1.2984183,0.56697834,0.27885497,0.10835004,0.038410503,0.018988527,601.875,356.875,263.375,223.375,196.0,153.875,98.125,51.375,0.5,0.5,1.0,0.70710677,0.5,0.5,-3.0186057,-2.9415057,-2.9361863,-7.8078079,-7.2934136,-7.2882266,1.2042351,208.25,230.625,166.375,68.0,29.75,11.75,4.25,2.0,0.13763645,0.057078902,1.4902908,1.3312559,1.1731037,1.290248,1.4226882,1.874805,1.9892634,1.5914738,0.32052875,1.1820396,2.1752856,3.1132715,3.3211291,3.9028449,5.2338948,5.1843596,1.356616,363.49637,493.125,958.5,550.875,260.125,89.375,36.25,12.75,4.25,2.0,750.25,320.25,93.75,21.375,6.5,1.0,0.0,0.0,EXT766
C:/Users/MICROSOFT/Documents/nauval_mrnavac/cycpeptmp_standalone/runs/run_20260102_172000_moe/sdf/monomer.sdf,O=C[C@@](NC)Cc1c2c([nH]c1)cccc2,58.153107,0.42676002,77,O=C[C@@](NC)Cc1c2c([nH]c1)cccc2,421.89011,286.97675,131.68854,316.93918,104.9509,775.98517,356.2175,155.28821,419.76764,0.96715838,0.75335753,47.394958,5.9825406,26.975609,29.084522,0.010412166,-14.366123,0,8.3502893,13.961362,3.9671941,2.108912,0.68021685,0.31213945,0.75123638,0.24876362,1.8393064,0.84433717,0.092631459,0.26237085,0.82663012,1739.5853,436.97107,1376.7286,1665.4711,2.9327233,2.7851627,1.5674559,0.84767586,209.125,239.48557,4.3782206,0.16903989,2.8964224,2.3035421,1.2910625,0.56747979,0.27823502,0.10806235,0.03856454,0.0189912,602.375,357.0,264.25,224.0,196.125,148.875,96.125,50.75,0.5,0.70710677,0.5,0.70710677,0.86602539,0.5,-2.9759881,-2.9356108,-2.9174879,-7.6694202,-7.5857611,-7.4710517,1.2058003,200.25,228.5,165.125,67.125,27.125,11.5,4.5,2.0,0.12866604,0.056919642,1.5108799,1.3461269,1.1822796,1.2787591,1.4304044,1.9092501,1.8895791,1.5629002,0.34095532,1.2013481,2.1694574,3.0664461,3.2349672,4.1540556,5.2453346,5.1668978,1.3531356,363.04565,491.25,960.25,548.0,258.25,88.625,34.0,12.75,4.5,2.0,760.0,319.5,93.125,21.5,6.875,1.25,0.0,0.0,EXT767
C:/Users/MICROSOFT/Documents/nauval_mrnavac/cycpeptmp_standalone/runs/run_20260102_172000_moe/sdf/monomer.sdf,O=C[C@@](NC)Cc1c2c([nH]c1)cccc2,58.153107,0.42676002,50,O=C[C@@](NC)Cc1c2c([nH]c1)cccc2,418.39001,283.49673,131.26448,316.23846,102.15157,766.57513,355.0704,152.23225,411.50473,0.96600354,0.75377989,47.396397,6.0284729,26.974224,29.074404,0.011106005,-14.375319,0,8.3107529,13.962803,3.9716623,2.1001809,0.6775896,0.31373712,0.75584608,0.24415392,1.8322023,0.84865892,0.092653431,0.26239434,0.82665473,1739.6934,437.02725,1376.8232,1665.5361,2.9328144,2.7851257,1.5674728,0.84776515,209.375,240.05844,4.4511876,0.16638812,2.8892465,2.2923381,1.2986884,0.5670945,0.27893713,0.10842256,0.038432907,0.019008011,601.75,356.875,263.25,223.125,195.875,153.75,98.375,51.375,0.5,0.5,1.0,0.70710677,0.5,0.5,-3.0181978,-2.9410632,-2.9362948,-7.8105593,-7.2949042,-7.2867379,1.2044113,208.25,230.875,166.25,68.125,29.75,11.75,4.25,2.0,0.13770181,0.057142857,1.490595,1.3306651,1.175197,1.2927115,1.4260192,1.8787408,1.9891975,1.5909784,0.32217717,1.1798511,2.1765702,3.1064699,3.3216655,3.9033031,5.2343879,5.1848516,1.3563029,363.48813,493.0,958.75,551.0,260.25,89.5,36.25,12.75,4.25,2.0,750.5,320.125,94.0,21.375,6.5,1.0,0.0,0.0,EXT768
C:/Users/MICROSOFT/Documents/nauval_mrnavac/cycpeptmp_standalone/runs/run_20260102_172000_moe/sdf/monomer.sdf,O=C[C@@](NC)Cc1c2c([nH]c1)cccc2,58.153107,0.42676005,12,O=C[C@@](NC)Cc1c2c([nH]c1)cccc2,421.85333,285.76913,132.7421,318.48865,103.36469,772.71979,359.06738,153.02704,413.6524,0.96600354,0.75386429,47.318466,5.9611955,26.977341,29.078941,0.010441961,-14.375897,0,8.3017435,13.88487,3.9661429,2.1016016,0.67741352,0.3146641,0.75497484,0.24502519,1.8317262,0.85116643,0.092631325,0.26238903,0.8266654,1739.606,436.99533,1376.7683,1665.4481,2.9327407,2.7852261,1.5674133,0.84769458,209.375,240.32654,4.4697042,0.16655025,2.8888435,2.2918012,1.2984928,0.56702006,0.27877986,0.10837459,0.038412802,0.018988475,601.75,356.5,263.375,223.375,195.875,153.75,98.25,51.25,0.5,0.5,1.0,0.70710677,0.5,0.5,-3.0184572,-2.9409933,-2.9370692,-7.8098607,-7.2903433,-7.2899175,1.204693,208.375,230.375,166.375,68.0,29.5,11.75,4.25,2.0,0.13668723,0.057078902,1.4913241,1.3327833,1.1732571,1.2889953,1.4210213,1.8735161,1.9833435,1.5910792,0.32130572,1.180735,2.1751575,3.1131055,3.3419316,3.9025607,5.2336426,5.1841087,1.3558711,363.51169,492.875,958.625,550.75,260.125,89.375,36.0,12.75,4.25,2.0,750.25,320.375,93.75,21.375,6.5,1.0,0.0,0.0,EXT769
C:/Users/MICROSOFT/Documents/nauval_mrnavac/cycpeptmp_standalone/runs/run_20260102_172000_moe/sdf/monomer.sdf,O=C[C@@](NC)Cc1c2c([nH]c1)cccc2,58.153107,0.42676005,197,O=C[C@@](NC)Cc1c2c([nH]c1)cccc2,418.59421,283.74265,131.68127,315.40012,103.19408,767.24011,356.19785,152.06137,411.04227,0.96715838,0.75424719,47.341496,6.0077658,26.974272,29.082893,0.010624898,-14.369231,0,8.2707443,13.907899,3.9694672,2.1086218,0.67784655,0.31457978,0.75347465,0.24652535,1.8328971,0.85093832,0.092629716,0.26240107,0.82662892,1739.4821,436.98941,1376.6257,1665.349,2.9326363,2.7850685,1.5674779,0.84763926,209.125,240.72369,4.3773704,0.16893284,2.8964105,2.3057671,1.2910273,0.56747741,0.27828202,0.10808517,0.038569883,0.019015893,602.375,357.0,264.125,224.25,196.0,149.0,96.25,51.0,0.5,0.70710677,0.5,0.70710677,0.86602539,0.5,-2.975527,-2.9355338,-2.9171953,-7.672627,-7.5857983,-7.4717388,1.2059946,199.625,228.375,165.125,67.125,27.125,11.5,4.5,2.0,0.12872693,0.056856189,1.5114659,1.3487192,1.1817442,1.2732456,1.430144,1.9078079,1.8861281,1.5646139,0.33861294,1.2005103,2.168817,3.0665979,3.2351243,4.1542206,5.2454977,5.1670623,1.352803,363.04254,491.125,960.125,548.0,258.375,88.625,34.0,12.75,4.5,2.0,760.5,319.625,93.25,21.5,6.875,1.25,0.0,0.0,EXT770
C:/Users/MICROSOFT/Documents/nauval_mrnavac/cycpeptmp_standalone/runs/run_20260102_172000_moe/sdf/monomer.sdf,O=C[C@@](NC)Cc1c2c([nH]c1)cccc2,58.153107,0.42676005,18,O=C[C@@](NC)Cc1c2c([nH]c1)cccc2,418.49786,283.41949,131.1665,316.47937,102.01846,766.36633,354.80539,152.25301,411.56094,0.96658063,0.75361204,47.346985,5.9739647,26.968689,29.071775,0.010371073,-14.366422,0,8.3247194,13.913389,3.9661539,2.1030862,0.67723048,0.31342217,0.75622702,0.24377297,1.8312312,0.84780699,0.0926404,0.26237595,0.82665926,1739.5521,436.96405,1376.7283,1665.412,2.9326954,2.7851486,1.5674303,0.84771252,209.25,239.09331,4.3776674,0.16889675,2.8961406,2.3034098,1.2896714,0.56739187,0.27820939,0.108072,0.038572825,0.019019336,602.25,357.125,264.0,224.0,195.875,148.875,96.25,51.0,0.5,0.70710677,0.5,0.70710677,0.86602539,0.5,-2.9756632,-2.9354374,-2.9172792,-7.6743436,-7.5918937,-7.4711351,1.2057916,199.75,228.375,164.875,67.125,27.125,11.5,4.5,2.0,0.12878788,0.056919642,1.5111423,1.3490961,1.1810699,1.2761033,1.4268112,1.903942,1.8857596,1.5642648,0.33980438,1.2023021,2.1699309,3.0730178,3.2354922,4.1545777,5.2458591,5.1674223,1.3531455,363.043,491.25,960.0,547.625,258.0,88.625,34.0,12.75,4.5,2.0,760.25,319.25,93.125,21.5,6.875,1.25,0.0,0.0,EXT771
C:/Users/MICROSOFT/Documents/nauval_mrnavac/cycpeptmp_standalone/runs/run_20260102_172000_moe/sdf/monomer.sdf,O=C[C@@](NC)Cc1c2c([nH]c1)cccc2,58.153107,0.42676005,6,O=C[C@@](NC)Cc1c2c([nH]c1)cccc2,423.47672,287.68918,131.3945,321.4343,102.04242,777.91156,355.42212,156.29468,422.48941,0.96773684,0.75307345,47.427589,6.0443316,26.97267,29.076199,0.010686681,-14.366531,0,8.3275156,13.993995,3.9688575,2.1035292,0.67935067,0.31027564,0.75903654,0.24096349,1.8369641,0.83929557,0.092641145,0.26242062,0.82664007,1739.4236,437.00082,1376.5778,1665.2687,2.9325869,2.7850275,1.5674708,0.84767902,209.0,241.1179,4.5242662,0.16576269,2.8945618,2.3009219,1.2893984,0.56714714,0.27856389,0.1051673,0.038289655,0.018268669,602.375,356.625,262.125,226.0,197.25,155.25,99.0,53.0,0.5,0.5,0.70710677,0.5,0.70710677,0.86602539,-2.9427111,-2.9100742,-2.8981555,-7.8030958,-7.3980646,-7.3263364,1.2064037,204.75,229.125,164.25,66.375,26.875,11.125,4.375,1.625,0.12684788,0.054756638,1.48199,1.3572868,1.211435,1.3127629,1.4464339,1.9753419,1.8883984,1.6059281,0.333325,1.1906425,2.2030282,3.0834672,3.3501389,4.1035943,5.2685204,5.1907034,1.3521147,363.04245,490.875,960.25,548.625,258.5,87.875,33.25,12.375,4.375,1.625,755.5,319.5,94.25,21.5,6.375,1.25,0.0,0.0,EXT772
C:/Users/MICROSOFT/Documents/nauval_mrnavac/cycpeptmp_standalone/runs/run_20260102_172000_moe/sdf/monomer.sdf,O=C[C@@](NC)Cc1c2c([nH]c1)cccc2,58.153107,0.42676005,34,O=C[C@@](NC)Cc1c2c([nH]c1)cccc2,419.00714,284.05576,131.50713,317.58868,101.41844,768.08673,355.72678,152.54861,412.35992,0.96773684,0.75337952,47.218899,5.9616461,26.980713,29.083256,0.010350552,-14.362031,0,8.1982918,13.785305,3.9653556,2.1025436,0.67792577,0.31385416,0.75795531,0.24204467,1.8331113,0.84897548,0.092629693,0.26241961,0.82661092,1739.4756,437.01849,1376.5903,1665.3425,2.9326308,2.785058,1.5675367,0.84763592,209.0,241.09721,4.3773704,0.16894946,2.8963642,2.3056607,1.2907654,0.56739265,0.27825198,0.10809163,0.03857208,0.019008053,602.625,357.25,264.125,224.25,196.0,149.0,96.25,50.75,0.5,0.70710677,0.5,0.70710677,0.86602539,0.5,-2.9757321,-2.9353034,-2.9170969,-7.6709442,-7.5861335,-7.4720464,1.2058017,200.0,228.375,165.0,67.125,27.125,11.5,4.5,2.0,0.12872693,0.056856189,1.5078878,1.3433502,1.182009,1.2735668,1.4276717,1.9078811,1.8939086,1.562729,0.33996597,1.2000724,2.1679671,3.0664585,3.2349989,4.1541195,5.2453866,5.166954,1.353134,363.04605,491.25,960.25,547.75,258.125,88.625,34.0,12.75,4.5,2.0,760.25,319.375,93.125,21.5,6.875,1.25,0.0,0.0,EXT773
C:/Users/MICROSOFT/Documents/nauval_mrnavac/cycpeptmp_standalone/runs/run_20260102_172000_moe/sdf/monomer.sdf,O=C[C@@](NC)Cc1c2c([nH]c1)cccc2,58.153107,0.42676005,17,O=C[C@@](NC)Cc1c2c([nH]c1)cccc2,420.44577,284.42242,132.12448,317.30328,103.14248,769.07825,357.3967,152.29794,411.68152,0.96715838,0.75369209,47.316986,5.9894466,26.960463,29.064541,0.010954396,-14.367458,0,8.2820663,13.883389,3.9699752,2.1040795,0.67647827,0.31424856,0.75468302,0.24531697,1.8291973,0.85004234,0.092632771,0.26241297,0.82664669,1739.59,437.03009,1376.7211,1665.4287,2.9327271,2.7851694,1.5674068,0.84768391,209.125,240.87169,4.4556088,0.16640787,2.8888636,2.2921381,1.2984233,0.56698561,0.27876195,0.1083327,0.038403112,0.018992428,601.625,356.625,263.125,223.0,195.625,153.75,98.25,51.25,0.5,0.5,1.0,0.70710677,0.5,0.5,-3.0180292,-2.9408531,-2.9361773,-7.8086872,-7.2919893,-7.2893519,1.2044531,207.875,230.5,166.25,68.0,29.625,11.75,4.25,2.0,0.13729216,0.057174888,1.4912825,1.3313948,1.1769924,1.2899605,1.4218043,1.871129,1.9814367,1.5905656,0.32067278,1.1806697,2.1752594,3.1133163,3.323379,3.9028368,5.2339158,5.1843934,1.3562559,363.50073,493.0,958.5,550.75,260.125,89.375,36.125,12.75,4.25,2.0,750.625,320.25,93.875,21.375,6.5,1.0,0.0,0.0,EXT774
C:/Users/MICROSOFT/Documents/nauval_mrnavac/cycpeptmp_standalone/runs/run_20260102_172000_moe/sdf/monomer.sdf,O=C[C@@](NC)Cc1c2c([nH]c1)cccc2,58.153107,0.42676005,100,O=C[C@@](NC)Cc1c2c([nH]c1)cccc2,427.15683,284.24976,138.32571,324.03171,103.12514,768.61139,374.17105,145.92406,394.44031,0.96773684,0.75341421,47.329659,6.0026488,26.970011,29.074894,0.010707282,-14.36544,0,8.271059,13.896062,3.9703472,2.1048841,0.66544592,0.32382888,0.75857776,0.24142221,1.7993658,0.87595707,0.092641957,0.26238841,0.82666457,1739.4939,436.96643,1376.6793,1665.342,2.9326463,2.785172,1.567348,0.84772676,209.0,239.3084,4.3805699,0.16886728,2.8964105,2.3033569,1.2908901,0.56768382,0.27825272,0.10809273,0.038559642,0.019015083,602.25,357.25,264.0,224.0,196.0,148.875,96.25,51.0,0.5,0.70710677,0.5,0.70710677,0.86602539,0.5,-2.9756923,-2.9356344,-2.916888,-7.6760468,-7.5889711,-7.4691458,1.2054055,199.5,228.625,165.0,67.25,27.25,11.5,4.5,2.0,0.12926136,0.056919642,1.5086631,1.3457576,1.1794791,1.2737875,1.4244395,1.9038546,1.8856423,1.5575634,0.33912903,1.2010363,2.1690681,3.0702567,3.2410736,4.1545968,5.2458954,5.1674504,1.3538085,363.04987,491.5,960.0,547.875,258.125,88.75,34.125,12.75,4.5,2.0,760.5,319.25,93.125,21.5,6.875,1.25,0.0,0.0,EXT775
C:/Users/MICROSOFT/Documents/nauval_mrnavac/cycpeptmp_standalone/runs/run_20260102_172000_moe/sdf/monomer.sdf,O=C[C@@](NC)Cc1c2c([nH]c1)cccc2,58.153107,0.42676005,75,O=C[C@@](NC)Cc1c2c([nH]c1)cccc2,416.44009,284.73837,127.47874,313.92899,102.51108,769.93262,344.83002,157.25964,425.1026,0.96600354,0.75360179,47.316887,5.992178,26.971241,29.066231,0.010813383,-14.365735,0,8.2785587,13.883293,3.9691083,2.0949898,0.68374395,0.30611545,0.75383955,0.24616046,1.8488437,0.82804233,0.09261436,0.26240993,0.82661211,1739.761,437.07584,1376.8236,1665.6224,2.9328713,2.7852185,1.5675155,0.84761465,209.375,239.68678,4.3754039,0.16888921,2.8963592,2.306005,1.2907664,0.56739146,0.27820829,0.10806776,0.038571905,0.018999839,602.375,356.875,264.0,224.0,196.0,148.75,96.125,50.75,0.5,0.70710677,0.5,0.70710677,0.86602539,0.5,-2.975955,-2.9354396,-2.9171324,-7.6714468,-7.5898795,-7.4713688,1.2054412,200.0,228.5,165.0,67.125,27.125,11.5,4.5,2.0,0.12878788,0.056919642,1.5104105,1.3445917,1.1799138,1.2742767,1.4269018,1.9055005,1.8893094,1.5626352,0.34014928,1.2010173,2.1682076,3.066689,3.2352297,4.1543469,5.245616,5.1671839,1.3537682,363.06067,491.5,960.25,547.875,258.125,88.625,34.0,12.75,4.5,2.0,760.25,319.375,93.125,21.5,6.875,1.25,0.0,0.0,EXT776
C:/Users/MICROSOFT/Documents/nauval_mrnavac/cycpeptmp_standalone/runs/run_20260102_172000_moe/sdf/monomer.sdf,O=C[C@@](NC)Cc1c2c([nH]c1)cccc2,58.153107,0.42676005,133,O=C[C@@](NC)Cc1c2c([nH]c1)cccc2,420.6123,282.6929,134.45096,317.6077,103.00462,764.40161,363.68982,148.24194,400.71176,0.96658063,0.75381255,47.44186,6.0070567,26.976307,29.073433,0.010550208,-14.37211,0,8.3831501,14.008264,3.9676678,2.097126,0.67209852,0.3196553,0.75510794,0.24489208,1.8173543,0.86466759,0.09265276,0.26237881,0.82666153,1739.4811,436.94992,1376.6724,1665.34,2.9326355,2.7851684,1.5674672,0.84777504,209.25,240.08765,4.524405,0.16594052,2.8943055,2.3010559,1.2891034,0.5670293,0.27852416,0.10523776,0.038278449,0.018260095,602.5,356.75,262.375,226.125,197.5,155.25,98.875,52.875,0.5,0.5,0.70710677,0.5,0.70710677,0.86602539,-2.9431298,-2.9104159,-2.8981833,-7.799963,-7.3988786,-7.3235612,1.2062275,204.625,229.25,164.25,66.375,26.875,11.25,4.375,1.625,0.12672701,0.055279158,1.4830818,1.358211,1.2107954,1.3124228,1.4480009,1.9733799,1.8825166,1.595315,0.33382168,1.190397,2.2021124,3.0827446,3.3499184,4.0766573,5.2683301,5.1905165,1.352427,363.05103,491.0,960.25,548.625,258.375,87.875,33.25,12.5,4.375,1.625,755.625,319.375,94.125,21.5,6.375,1.25,0.0,0.0,EXT777
C:/Users/MICROSOFT/Documents/nauval_mrnavac/cycpeptmp_standalone/runs/run_20260102_172000_moe/sdf/monomer.sdf,O=C[C@@](NC)Cc1c2c([nH]c1)cccc2,58.153107,0.42676005,66,O=C[C@@](NC)Cc1c2c([nH]c1)cccc2,423.04584,285.50119,133.67018,318.87433,104.17152,771.99518,361.57785,151.83101,410.41736,0.96773684,0.7530629,47.434944,5.9966121,26.971842,29.076778,0.010593639,-14.367408,0,8.3825655,14.001349,3.968394,2.1049364,0.67487055,0.31597093,0.75375831,0.24624167,1.82485,0.85470134,0.092647046,0.26243559,0.82661206,1739.4343,437.03119,1376.5482,1665.2893,2.932596,2.7850766,1.5674791,0.84772098,209.0,239.85664,4.454237,0.16647746,2.8892133,2.292243,1.2986425,0.56714481,0.27878371,0.10836444,0.038386427,0.018957693,601.75,357.0,263.25,223.25,195.875,153.875,98.25,51.25,0.5,0.5,1.0,0.70710677,0.5,0.5,-3.018719,-2.9413164,-2.9371521,-7.8042026,-7.2873383,-7.2821951,1.2044275,208.25,230.75,166.0,68.125,29.625,11.75,4.25,2.0,0.13722697,0.057110861,1.4906613,1.3311521,1.1745352,1.2881274,1.4240382,1.8725178,1.9827628,1.5905298,0.32200325,1.1799667,2.1773634,3.106359,3.3237092,3.9030533,5.2341762,5.1846414,1.3562846,363.49301,493.0,958.875,550.875,260.125,89.5,36.125,12.75,4.25,2.0,750.625,320.125,94.125,21.375,6.5,1.0,0.0,0.0,EXT778
C:/Users/MICROSOFT/Documents/nauval_mrnavac/cycpeptmp_standalone/runs/run_20260102_172000_moe/sdf/monomer.sdf,O=C[C@@](NC)Cc1c2c([nH]c1)cccc2,58.153107,0.42676008,16,O=C[C@@](NC)Cc1c2c([nH]c1)cccc2,421.50223,284.40579,132.84404,318.81668,102.68555,769.0332,359.34314,151.56174,409.69009,0.96715838,0.75428373,47.389015,5.970758,26.959108,29.066914,0.010938966,-14.379224,0,8.3705587,13.95542,3.969846,2.1078043,0.67474324,0.31516808,0.75638193,0.24361804,1.8245057,0.85252964,0.092647687,0.26242054,0.82664263,1739.5349,437.02814,1376.6685,1665.3732,2.9326808,2.7850919,1.5674417,0.84772855,209.125,240.28662,4.4537759,0.166491,2.8893306,2.2926171,1.2987897,0.56713438,0.27878213,0.10836945,0.038418762,0.019004546,601.75,356.625,263.25,223.25,196.0,153.75,98.375,51.25,0.5,0.5,1.0,0.70710677,0.5,0.5,-3.0185523,-2.9412591,-2.9364393,-7.8119731,-7.2915573,-7.2910857,1.2043363,208.5,231.0,166.375,68.125,29.625,11.75,4.25,2.0,0.13722697,0.057110861,1.4911658,1.3316777,1.1752775,1.2916927,1.4224616,1.8735923,1.9841515,1.5910165,0.3207399,1.1816213,2.174916,3.1056516,3.3230791,3.9025569,5.233624,5.1840944,1.3563874,363.46548,493.0,959.0,551.0,260.25,89.5,36.125,12.75,4.25,2.0,750.5,320.0,93.875,21.375,6.5,1.0,0.0,0.0,EXT779
C:/Users/MICROSOFT/Documents/nauval_mrnavac/cycpeptmp_standalone/runs/run_20260102_172000_moe/sdf/monomer.sdf,O=C[C@@](NC)Cc1c2c([nH]c1)cccc2,58.153107,0.42676008,52,O=C[C@@](NC)Cc1c2c([nH]c1)cccc2,422.31174,284.46979,133.94426,320.94376,101.36797,769.2063,362.31924,150.52553,406.88708,0.96715838,0.75369114,47.472534,5.9757104,26.966154,29.065466,0.010769865,-14.371762,0,8.4498663,14.038939,3.9707217,2.0993118,0.67360145,0.31716919,0.75996888,0.24003114,1.8214183,0.85794264,0.092665523,0.26241505,0.82665414,1739.5321,437.01703,1376.6815,1665.3657,2.9326785,2.7850916,1.5673728,0.84781009,209.125,241.06435,4.3754039,0.16888073,2.8963544,2.305722,1.2900019,0.5674125,0.27822638,0.10807421,0.038555764,0.01900431,602.5,357.0,264.0,224.0,195.625,149.0,96.375,51.0,0.5,0.70710677,0.5,0.70710677,0.86602539,0.5,-2.9753842,-2.935534,-2.9176824,-7.6741428,-7.5889812,-7.4688644,1.2058324,199.375,228.75,165.0,67.25,27.0,11.5,4.5,2.0,0.12878788,0.056919642,1.5092369,1.3459945,1.1797609,1.2726668,1.4282331,1.9004172,1.8886758,1.5646944,0.34006983,1.2000004,2.1703277,3.0687103,3.2352226,4.1543269,5.2456021,5.1671681,1.3530997,363.05527,491.25,960.125,547.875,258.25,88.75,34.0,12.75,4.5,2.0,760.75,319.125,93.25,21.5,7.0,1.25,0.0,0.0,EXT780
