ID,SMILES
pept1,CN[C@@H](C)C=O.CN[C@H](C=O)C(C)C.CN[C@H](C=O)CC(C)C.CN[C@H](C=O)CCC(N)=O.CN[C@H](C=O)CCCCN.CN[C@H](C=O)CCCNC(=N)N.CN[C@H](C=O)CCSC.CN[C@H](C=O)[C@@H](C)OC
pept1,O=C[C@H](CCCNC(N)=N)NC.[C@@H](CCC(=O)N)(NC)C=O.O([C@H](C)[C@@H](C=O)NC)C.CSCC[C@H](NC)C=O.[C@H](CC(C)C)(C=O)NC.CC([C@H](NC)C=O)C.C([C@H](CCCCN)NC)=O.[C@@H](C)(NC)C=O
pept1,CO[C@H](C)[C@H](NC)C=O.C(C[C@H](NC)C=O)SC.C(C)(C)C[C@@H](C=O)NC.C([C@H](NC)C=O)CCNC(=N)N.NC(CC[C@@H](C=O)NC)=O.N([C@@H](C(C)C)C=O)C.C(=O)[C@H](C)NC.C(CCN)C[C@@H](C=O)NC
pept1,O=C[C@H](CC(C)C)NC.CSCC[C@H](NC)C=O.C(CN)CC[C@H](NC)C=O.N([C@H](C=O)C)C.[C@H](C(C)C)(C=O)NC.C(C[C@H](NC)C=O)C(=O)N.O=C[C@H]([C@H](OC)C)NC.N(C(=N)N)CCC[C@H](NC)C=O
pept1,CN[C@@H](CCCNC(=N)N)C=O.C(CCC[C@@H](C=O)NC)N.C([C@@H](NC)C)=O.N([C@H](C=O)[C@H](OC)C)C.C(=O)[C@H](CCC(N)=O)NC.CN[C@H](C=O)C(C)C.C([C@@H](C=O)NC)CSC.C(=O)[C@H](CC(C)C)NC
pept1,S(CC[C@H](NC)C=O)C.C(CNC(=N)N)C[C@H](NC)C=O.O=C[C@@H](NC)CCCCN.CC(C)C[C@H](NC)C=O.N([C@@H](C)C=O)C.N(C)[C@H](C=O)[C@H](OC)C.CN[C@@H](C(C)C)C=O.C(=O)(CC[C@@H](C=O)NC)N
pept1,C(=O)[C@@H](NC)CCC(N)=O.C[C@@H](C=O)NC.C([C@@H](NC)CCSC)=O.CN[C@H](C=O)C(C)C.N([C@@H](CCCNC(=N)N)C=O)C.C(CC[C@@H](C=O)NC)CN.CN[C@@H](CC(C)C)C=O.O=C[C@H]([C@@H](C)OC)NC
pept1,CN[C@@H](CCCNC(=N)N)C=O.C(=O)[C@@H](NC)[C@@H](C)OC.O=C(N)CC[C@H](NC)C=O.[C@H](NC)(C(C)C)C=O.CN[C@@H](CCSC)C=O.N([C@H](C=O)CCCCN)C.C([C@H](NC)C=O)C(C)C.CN[C@@H](C)C=O
pept1,C(=O)[C@@H](NC)CCCCN.[C@@H](CC(C)C)(NC)C=O.CN[C@@H](CCCNC(=N)N)C=O.N([C@H](C=O)CCSC)C.[C@@H](C)([C@@H](C=O)NC)OC.O=C(N)CC[C@@H](C=O)NC.CN[C@@H](C)C=O.CC(C)[C@@H](C=O)NC
pept1,[C@H]([C@H](OC)C)(C=O)NC.C[C@@H](C=O)NC.C(CCNC(N)=N)[C@@H](C=O)NC.[C@H](NC)(C(C)C)C=O.CN[C@@H](CCSC)C=O.C(=O)[C@@H](NC)CC(C)C.C([C@H](CCCCN)NC)=O.C(C(=O)N)C[C@@H](C=O)NC
pept1,O=C[C@@H](NC)CCSC.CN[C@H](C=O)CCCCN.O=C(N)CC[C@H](NC)C=O.[C@H](NC)(CC(C)C)C=O.C(=O)[C@@H](NC)CCCNC(=N)N.C[C@H]([C@@H](C=O)NC)OC.[C@@H](NC)(C=O)C(C)C.C[C@@H](C=O)NC
pept1,C([C@@H](C=O)NC)C(C)C.S(CC[C@H](NC)C=O)C.C(CCN)C[C@H](NC)C=O.O=C[C@@H](NC)CCCNC(=N)N.N(C)[C@@H](CCC(N)=O)C=O.C[C@@H](C=O)NC.[C@H](NC)([C@@H](C)OC)C=O.CN[C@H](C=O)C(C)C
pept1,C(CC(=O)N)[C@H](NC)C=O.C([C@H](C(C)C)NC)=O.[C@H](C=O)(NC)CCCNC(=N)N.N(C)[C@H](C=O)CCCCN.CC(C[C@@H](C=O)NC)C.CN[C@@H]([C@@H](C)OC)C=O.N([C@H](C=O)C)C.C([C@@H](C=O)NC)CSC
pept1,[C@H](CCCCN)(C=O)NC.[C@@H](C=O)(C(C)C)NC.N([C@@H](CCSC)C=O)C.C(=O)[C@H](CC(C)C)NC.C(=N)(N)NCCC[C@H](NC)C=O.C([C@@H](C=O)NC)CC(N)=O.N([C@@H]([C@@H](C)OC)C=O)C.C(=O)[C@@H](NC)C
pept1,CC(C[C@@H](C=O)NC)C.C([C@@H](NC)CCSC)=O.C(CCNC(N)=N)[C@H](NC)C=O.C(=O)[C@@H](NC)C(C)C.N([C@@H](CCC(N)=O)C=O)C.C([C@@H](NC)[C@H](OC)C)=O.C(C[C@H](NC)C=O)CCN.N(C)[C@@H](C)C=O
pept1,C(NCCC[C@H](NC)C=O)(=N)N.C(CCN)C[C@@H](C=O)NC.CC(C)C[C@@H](C=O)NC.[C@H](NC)(CCSC)C=O.C([C@H](NC)C=O)CC(N)=O.O=C[C@@H](NC)[C@H](OC)C.O=C[C@H](C(C)C)NC.O=C[C@H](C)NC
pept1,C([C@H](NC)C=O)C(C)C.O=C[C@@H](NC)CCCNC(N)=N.C([C@H](C)NC)=O.NCCCC[C@H](NC)C=O.O=C[C@@H](NC)CCSC.[C@@H]([C@H](NC)C=O)(OC)C.CN[C@@H](C(C)C)C=O.CN[C@@H](CCC(=O)N)C=O
pept1,N=C(N)NCCC[C@H](NC)C=O.O=C[C@H]([C@@H](C)OC)NC.C(C(=O)N)C[C@@H](C=O)NC.[C@H](NC)(CCCCN)C=O.N([C@H](C=O)CCSC)C.N([C@@H](C(C)C)C=O)C.N(C)[C@@H](C)C=O.C(C(C)C)[C@@H](C=O)NC
pept1,CN[C@H](C=O)CCCNC(N)=N.O=C[C@H](CCCCN)NC.[C@H]([C@H](NC)C=O)(C)OC.O=C[C@@H](NC)CC(C)C.C([C@H](NC)C=O)(C)C.C([C@H](CCC(=O)N)NC)=O.N([C@H](C=O)CCSC)C.O=C[C@@H](NC)C
pept1,O=C[C@@H](NC)C(C)C.CN[C@H](C=O)CCCNC(=N)N.O=C[C@@H](NC)CC(C)C.CN[C@H](C=O)[C@@H](C)OC.C(CC[C@H](NC)C=O)CN.C(SC)C[C@@H](C=O)NC.C([C@H](CCC(=O)N)NC)=O.[C@@H](C=O)(C)NC
pept1,CC(C)C[C@@H](C=O)NC.CO[C@@H]([C@H](NC)C=O)C.CN[C@@H](CCCNC(=N)N)C=O.C(C[C@@H](C=O)NC)SC.C(CC[C@H](NC)C=O)(=O)N.C(CCN)C[C@H](NC)C=O.CC([C@H](NC)C=O)C.N([C@@H](C)C=O)C
pept1,C[C@H](NC)C=O.CN[C@H](C=O)CCC(=O)N.C[C@@H](OC)[C@@H](C=O)NC.CN[C@H](C=O)CCSC.C(C)(C[C@H](NC)C=O)C.N=C(NCCC[C@@H](C=O)NC)N.C(=O)[C@H](CCCCN)NC.CC(C)[C@H](NC)C=O
pept1,CN[C@@H]([C@@H](C)OC)C=O.[C@H](C=O)(NC)CCSC.CN[C@H](C=O)CCC(N)=O.C(NC(N)=N)CC[C@@H](C=O)NC.C(C(C)C)[C@@H](C=O)NC.CC(C)[C@H](NC)C=O.CN[C@@H](CCCCN)C=O.C[C@@H](C=O)NC
pept1,NCCCC[C@@H](C=O)NC.N(C)[C@@H](CCSC)C=O.N(C(=N)N)CCC[C@H](NC)C=O.CO[C@@H]([C@H](NC)C=O)C.CC(C[C@@H](C=O)NC)C.O=C[C@H](CCC(N)=O)NC.C[C@@H](C=O)NC.C(=O)[C@@H](NC)C(C)C
pept1,[C@@H](NC)(C=O)CCCNC(=N)N.C(CCN)C[C@H](NC)C=O.N(C)[C@H](C=O)C.O=C(CC[C@@H](C=O)NC)N.CC(C)C[C@H](NC)C=O.[C@@H]([C@H](OC)C)(NC)C=O.[C@H](CCSC)(C=O)NC.[C@H](C(C)C)(C=O)NC
pept1,NC(=N)NCCC[C@H](NC)C=O.CO[C@H](C)[C@H](NC)C=O.N(C)[C@@H](C)C=O.C(N)(=O)CC[C@@H](C=O)NC.C(=O)[C@@H](NC)CCSC.C([C@H](C(C)C)NC)=O.C([C@@H](C=O)NC)C(C)C.C(CCCN)[C@H](NC)C=O
pept1,O=C(N)CC[C@@H](C=O)NC.N([C@@H](CCSC)C=O)C.C(NC(N)=N)CC[C@H](NC)C=O.NCCCC[C@H](NC)C=O.O=C[C@@H](NC)[C@@H](C)OC.C(C)(C[C@@H](C=O)NC)C.[C@@H](C)(NC)C=O.CC(C)[C@@H](C=O)NC
pept1,C(=O)[C@H](CCCNC(=N)N)NC.C(CC[C@@H](C=O)NC)CN.[C@H](C)(C=O)NC.CSCC[C@@H](C=O)NC.C[C@@H](OC)[C@H](NC)C=O.N(C)[C@H](C=O)CCC(N)=O.C([C@@H](C=O)NC)C(C)C.CC([C@H](NC)C=O)C
pept1,CC(C)[C@@H](C=O)NC.NC(CC[C@@H](C=O)NC)=O.C(CCN)C[C@@H](C=O)NC.N([C@H](C=O)CCCNC(N)=N)C.[C@H](NC)(CC(C)C)C=O.O=C[C@H]([C@@H](C)OC)NC.C(=O)[C@@H](NC)CCSC.N([C@H](C=O)C)C
pept1,CC([C@H](NC)C=O)C.N(C)[C@H](C=O)CCCCN.C(=O)[C@H](CCCNC(N)=N)NC.O(C)[C@H](C)[C@H](NC)C=O.N(C)[C@@H](CCC(N)=O)C=O.[C@@H](C=O)(CCSC)NC.CN[C@@H](CC(C)C)C=O.O=C[C@@H](NC)C
pept1,C(CCCN)[C@H](NC)C=O.S(C)CC[C@@H](C=O)NC.C([C@@H](NC)[C@H](OC)C)=O.C([C@H](CCCNC(=N)N)NC)=O.C([C@H](NC)C=O)CC(N)=O.[C@H](C(C)C)(C=O)NC.C(=O)[C@H](C)NC.O=C[C@@H](NC)CC(C)C
pept1,C(CCCN)[C@H](NC)C=O.C(NCCC[C@H](NC)C=O)(N)=N.[C@@H](OC)(C)[C@@H](C=O)NC.O=C[C@@H](NC)CC(C)C.CC(C)[C@H](NC)C=O.C([C@@H](C=O)NC)CSC.C[C@H](NC)C=O.N([C@@H](CCC(N)=O)C=O)C
pept1,C(CCC[C@@H](C=O)NC)N.C([C@@H](NC)C)=O.CC(C)[C@@H](C=O)NC.[C@@H](C=O)([C@@H](C)OC)NC.C(SC)C[C@@H](C=O)NC.CC(C[C@@H](C=O)NC)C.N([C@H](C=O)CCC(=O)N)C.C(C[C@H](NC)C=O)CNC(N)=N
pept1,N(C)[C@H](C=O)C(C)C.NCCCC[C@H](NC)C=O.[C@@H](NC)(C=O)CCCNC(=N)N.CN[C@H](C=O)CCSC.O=C[C@@H](NC)[C@@H](C)OC.O=C[C@@H](NC)CCC(N)=O.CN[C@H](C=O)C.O=C[C@@H](NC)CC(C)C
pept1,N(C)[C@H](C=O)CCCNC(=N)N.NC(=O)CC[C@H](NC)C=O.C([C@H](CC(C)C)NC)=O.CN[C@@H](CCCCN)C=O.CN[C@@H]([C@@H](C)OC)C=O.C[C@@H](C=O)NC.N([C@@H](CCSC)C=O)C.C(=O)[C@@H](NC)C(C)C
pept1,[C@@H](C=O)(CCC(N)=O)NC.C([C@@H](NC)CCCCN)=O.O=C[C@H]([C@@H](C)OC)NC.C(SC)C[C@@H](C=O)NC.O=C[C@@H](NC)C(C)C.O=C[C@H](CC(C)C)NC.[C@H](NC)(CCCNC(N)=N)C=O.O=C[C@@H](NC)C
pept1,N(C(N)=N)CCC[C@H](NC)C=O.N(C)[C@H](C=O)CCSC.[C@H](NC)(CCCCN)C=O.C([C@H](C)NC)=O.N(C)[C@H](C=O)CCC(=O)N.C(=O)[C@@H](NC)CC(C)C.C(C)(C)[C@@H](C=O)NC.O([C@H](C)[C@@H](C=O)NC)C
pept1,C([C@H](NC)C=O)C(C)C.O=C[C@H](CCCNC(=N)N)NC.CC(C)[C@@H](C=O)NC.N([C@@H](CCSC)C=O)C.[C@H]([C@H](OC)C)(C=O)NC.C[C@H](NC)C=O.C([C@@H](NC)CCC(N)=O)=O.CN[C@@H](CCCCN)C=O
pept1,N(C)[C@@H]([C@@H](C)OC)C=O.O=C[C@H](CC(C)C)NC.N([C@@H](CCSC)C=O)C.CC(C)[C@@H](C=O)NC.N(C)[C@H](C=O)CCCCN.CN[C@@H](C)C=O.C(N)(=O)CC[C@H](NC)C=O.C(NC(N)=N)CC[C@@H](C=O)NC
pept1,[C@H](CC(C)C)(C=O)NC.C(SC)C[C@@H](C=O)NC.CN[C@@H](C(C)C)C=O.CN[C@H](C=O)CCC(N)=O.CN[C@@H](CCCCN)C=O.C[C@@H](C=O)NC.C(=O)[C@H](CCCNC(=N)N)NC.C[C@@H](OC)[C@@H](C=O)NC
pept1,O([C@H](C)[C@@H](C=O)NC)C.O=C[C@H](CCSC)NC.C([C@H](NC)C=O)CCCN.C(NCCC[C@@H](C=O)NC)(N)=N.CC(C[C@@H](C=O)NC)C.[C@H](C)(C=O)NC.CC([C@@H](C=O)NC)C.C([C@@H](C=O)NC)CC(=O)N
pept1,N([C@@H](C(C)C)C=O)C.CSCC[C@@H](C=O)NC.C(CC[C@@H](C=O)NC)(=O)N.[C@H](NC)(CC(C)C)C=O.C([C@@H](NC)CCCNC(=N)N)=O.[C@@H]([C@@H](C)OC)(NC)C=O.O=C[C@H](CCCCN)NC.O=C[C@@H](NC)C
pept1,C(=O)(N)CC[C@H](NC)C=O.NC(NCCC[C@@H](C=O)NC)=N.C(=O)[C@@H](NC)CCSC.[C@H](C)(C=O)NC.CN[C@H](C=O)[C@@H](C)OC.CN[C@@H](CCCCN)C=O.C(C)([C@@H](C=O)NC)C.CC(C)C[C@H](NC)C=O
pept1,[C@@H](NC)(C=O)C(C)C.CN[C@@H](CCCCN)C=O.[C@@H](CCC(=O)N)(NC)C=O.C([C@@H](NC)C)=O.C([C@@H](NC)[C@@H](C)OC)=O.O=C[C@H](CCSC)NC.CC(C[C@@H](C=O)NC)C.C(=O)[C@H](CCCNC(N)=N)NC
pept1,[C@H](CCCCN)(C=O)NC.C(=O)[C@@H](NC)[C@H](OC)C.NC(NCCC[C@H](NC)C=O)=N.C(C[C@@H](C=O)NC)C(=O)N.[C@@H](C=O)(CC(C)C)NC.[C@H](CCSC)(C=O)NC.N(C)[C@H](C=O)C.CC(C)[C@@H](C=O)NC
pept1,O=C[C@H](CCC(N)=O)NC.O=C[C@@H](NC)CC(C)C.O=C[C@@H](NC)CCCCN.NC(NCCC[C@H](NC)C=O)=N.[C@H](NC)(C(C)C)C=O.[C@H](NC)(C)C=O.O=C[C@@H](NC)CCSC.CO[C@@H]([C@H](NC)C=O)C
pept1,[C@@H](NC)(C=O)CCCCN.N([C@H](C=O)C(C)C)C.O=C[C@H]([C@H](OC)C)NC.O=C(CC[C@@H](C=O)NC)N.C([C@H](CC(C)C)NC)=O.C(CC[C@H](NC)C=O)NC(=N)N.C([C@@H](NC)CCSC)=O.[C@@H](C=O)(C)NC
pept1,O=C[C@@H](NC)CCCCN.CC([C@H](NC)C=O)C.O=C(N)CC[C@@H](C=O)NC.O=C[C@H](C)NC.N(CCC[C@@H](C=O)NC)C(N)=N.CO[C@@H]([C@H](NC)C=O)C.[C@H](NC)(CCSC)C=O.C([C@H](NC)C=O)C(C)C
pept1,NCCCC[C@H](NC)C=O.[C@H](C=O)(NC)CCSC.CN[C@@H](C(C)C)C=O.C(CC[C@H](NC)C=O)NC(N)=N.N(C)[C@@H](C)C=O.CN[C@H](C=O)CC(C)C.C(C[C@H](NC)C=O)C(N)=O.N(C)[C@@H]([C@@H](C)OC)C=O
pept1,C[C@H](NC)C=O.C(CSC)[C@H](NC)C=O.CN[C@@H](CCCCN)C=O.O=C[C@H](CC(C)C)NC.C(CC(=O)N)[C@H](NC)C=O.[C@H](C=O)(NC)[C@@H](C)OC.[C@@H](CCCNC(=N)N)(NC)C=O.CN[C@H](C=O)C(C)C
pept1,C([C@@H](C=O)NC)CSC.[C@@H](C=O)(CC(C)C)NC.CO[C@H](C)[C@H](NC)C=O.NCCCC[C@@H](C=O)NC.C(CNC(=N)N)C[C@H](NC)C=O.CC(C)[C@H](NC)C=O.O=C(CC[C@@H](C=O)NC)N.N([C@@H](C)C=O)C
pept1,CN[C@H](C=O)C.O=C[C@@H](NC)CCC(N)=O.[C@H](C(C)C)(C=O)NC.C(=N)(NCCC[C@@H](C=O)NC)N.N([C@@H](CCSC)C=O)C.C([C@@H](NC)[C@@H](C)OC)=O.NCCCC[C@@H](C=O)NC.CC(C[C@@H](C=O)NC)C
pept1,C([C@@H](NC)CCCNC(N)=N)=O.CN[C@@H](C(C)C)C=O.[C@H](C=O)(NC)CCC(=O)N.O=C[C@@H](NC)CCCCN.C(C[C@H](NC)C=O)SC.[C@@H](C)([C@@H](C=O)NC)OC.N(C)[C@@H](C)C=O.CN[C@H](C=O)CC(C)C
pept1,C(=O)[C@H](CCSC)NC.CN[C@H](C=O)CCC(=O)N.O(C)[C@@H]([C@@H](C=O)NC)C.CN[C@H](C=O)C(C)C.CN[C@H](C=O)CC(C)C.C([C@@H](NC)CCCCN)=O.O=C[C@H](CCCNC(=N)N)NC.C[C@H](NC)C=O
pept1,CN[C@@H]([C@@H](C)OC)C=O.N(C)[C@@H](CCCNC(=N)N)C=O.[C@@H](C=O)(CCCCN)NC.C(=O)(N)CC[C@@H](C=O)NC.C([C@@H](C=O)NC)C(C)C.N([C@H](C=O)CCSC)C.O=C[C@@H](NC)C.O=C[C@H](C(C)C)NC
pept1,CC([C@@H](C=O)NC)C.CC(C)C[C@@H](C=O)NC.NCCCC[C@@H](C=O)NC.N([C@H](C=O)C)C.C(CNC(=N)N)C[C@@H](C=O)NC.CN[C@@H]([C@@H](C)OC)C=O.N(C)[C@H](C=O)CCSC.C(CC[C@H](NC)C=O)(=O)N
pept1,C[C@H]([C@H](NC)C=O)OC.C[C@H](NC)C=O.CC([C@H](NC)C=O)C.N(C(=N)N)CCC[C@H](NC)C=O.[C@H](C=O)(NC)CCCCN.CN[C@H](C=O)CCSC.[C@H](NC)(CCC(N)=O)C=O.CC(C)C[C@H](NC)C=O
pept1,CN[C@@H](CCCNC(N)=N)C=O.CC(C[C@@H](C=O)NC)C.N([C@@H](C(C)C)C=O)C.S(CC[C@@H](C=O)NC)C.C(CC[C@@H](C=O)NC)CN.C[C@H](NC)C=O.O=C(N)CC[C@H](NC)C=O.C[C@@H](OC)[C@@H](C=O)NC
pept1,[C@H](CCCNC(=N)N)(C=O)NC.NCCCC[C@@H](C=O)NC.O(C)[C@@H]([C@H](NC)C=O)C.C(CC(=O)N)[C@H](NC)C=O.N(C)[C@@H](CC(C)C)C=O.N([C@H](C=O)CCSC)C.CC(C)[C@H](NC)C=O.CN[C@H](C=O)C
pept1,C(CSC)[C@H](NC)C=O.O([C@H](C)[C@H](NC)C=O)C.N([C@@H](C)C=O)C.C(C)(C)[C@@H](C=O)NC.C(N)(=N)NCCC[C@H](NC)C=O.[C@H](C=O)(NC)CC(C)C.N([C@H](C=O)CCCCN)C.C(C[C@@H](C=O)NC)C(N)=O
pept2,CC[C@H](C)[C@@H](C=O)NC.CN1CCC[C@H]1C=O.CNCC=O.CN[C@H](C=O)CC(=O)O.CN[C@H](C=O)CC(C)C.CN[C@H](C=O)CO.CN[C@H](C=O)Cc1ccc(O)cc1.CN[C@H](C=O)Cc1ccccc1
pept2,N([C@H](C=O)Cc1ccccc1)C.[C@@H](C)([C@H](NC)C=O)CC.O=C(O)C[C@H](NC)C=O.c1cc(C[C@H](NC)C=O)ccc1O.O=CCNC.[C@H](NC)(CC(C)C)C=O.C([C@H]1N(C)CCC1)=O.N(C)[C@@H](CO)C=O
pept2,OC(=O)C[C@@H](C=O)NC.c1(C[C@H](NC)C=O)ccccc1.C([C@@H](C=O)NC)c1ccc(O)cc1.N1(C)[C@H](C=O)CCC1.C(C[C@H](NC)C=O)(C)C.C([C@H]([C@H](CC)C)NC)=O.O=CCNC.C([C@H](CO)NC)=O
pept2,[C@@H](C)([C@@H](C=O)NC)CC.c1(C[C@@H](C=O)NC)ccccc1.OC[C@@H](C=O)NC.C(C(O)=O)[C@@H](C=O)NC.C([C@H](NC)C=O)c1ccc(O)cc1.C1CCN(C)[C@@H]1C=O.CC(C[C@H](NC)C=O)C.C(CNC)=O
pept2,[C@H]([C@@H](C=O)NC)(C)CC.C([C@@H](NC)Cc1ccccc1)=O.CN[C@H](C=O)CO.c1c(O)ccc(C[C@@H](C=O)NC)c1.C(C(C)C)[C@H](NC)C=O.O=C(C[C@H](NC)C=O)O.C1N(C)[C@H](C=O)CC1.C(C=O)NC
pept2,N1(C)CCC[C@H]1C=O.CN[C@@H]([C@@H](C)CC)C=O.C(c1ccc(O)cc1)[C@@H](C=O)NC.CN[C@@H](CO)C=O.C(=O)CNC.O=C(O)C[C@H](NC)C=O.[C@H](Cc1ccccc1)(C=O)NC.C(=O)[C@@H](NC)CC(C)C
pept2,C(=O)[C@H](Cc1ccc(O)cc1)NC.N([C@H](C=O)Cc1ccccc1)C.C1CN(C)[C@H](C=O)C1.[C@@H](CC(=O)O)(NC)C=O.C(C)(C[C@@H](C=O)NC)C.C(=O)[C@@H](NC)CO.C([C@H]([C@H](CC)C)NC)=O.O=CCNC
pept2,CNCC=O.[C@@H](CC)(C)[C@@H](C=O)NC.c1ccc(C[C@H](NC)C=O)cc1.C([C@@H](NC)CO)=O.C(C(=O)O)[C@@H](C=O)NC.CC(C)C[C@@H](C=O)NC.C(=O)[C@@H](NC)Cc1ccc(O)cc1.N1(C)[C@H](C=O)CCC1
pept2,C1CCN(C)[C@@H]1C=O.c1(C[C@@H](C=O)NC)ccccc1.O=C[C@@H](NC)Cc1ccc(O)cc1.N(CC=O)C.C(=O)[C@@H](NC)CC(=O)O.C(O)[C@H](NC)C=O.C([C@@H](NC)[C@H](CC)C)=O.CC(C[C@H](NC)C=O)C
pept2,C1CC[C@@H](C=O)N1C.c1c(C[C@@H](C=O)NC)ccc(O)c1.C([C@H](NC)C=O)C(C)C.CN[C@@H](CC(=O)O)C=O.N(C)CC=O.O=C[C@@H](NC)[C@@H](C)CC.c1cccc(C[C@H](NC)C=O)c1.O=C[C@@H](NC)CO
pept2,O=C[C@@H]1CCCN1C.C(=O)[C@H](Cc1ccc(O)cc1)NC.CC[C@H](C)[C@@H](C=O)NC.c1cccc(C[C@H](NC)C=O)c1.N([C@H](C=O)CC(C)C)C.[C@@H](NC)(C=O)CC(=O)O.C(=O)CNC.C([C@@H](NC)CO)=O
pept2,N([C@@H](Cc1ccccc1)C=O)C.C(C)(C[C@H](NC)C=O)C.c1(O)ccc(C[C@H](NC)C=O)cc1.[C@@H](NC)(C=O)CO.C1CCN(C)[C@@H]1C=O.N(C)CC=O.CN[C@H](C=O)CC(O)=O.CC[C@@H]([C@@H](C=O)NC)C
pept2,CN[C@@H]([C@@H](C)CC)C=O.c1cccc(C[C@H](NC)C=O)c1.C(=O)[C@@H]1CCCN1C.OC(=O)C[C@@H](C=O)NC.C(C=O)NC.C(=O)[C@@H](NC)Cc1ccc(O)cc1.C([C@H](CC(C)C)NC)=O.OC[C@H](NC)C=O
pept2,[C@@H](CO)(NC)C=O.[C@H]1(C=O)N(C)CCC1.CC[C@H](C)[C@H](NC)C=O.[C@@H](NC)(C=O)Cc1ccccc1.C([C@@H](NC)Cc1ccc(O)cc1)=O.C(C=O)NC.O=C[C@@H](NC)CC(C)C.OC(C[C@H](NC)C=O)=O
pept2,CN1CCC[C@H]1C=O.C(C[C@H](NC)C=O)(O)=O.CN[C@H](C=O)[C@H](CC)C.c1cc(C[C@@H](C=O)NC)ccc1O.CC(C[C@@H](C=O)NC)C.C([C@@H](NC)Cc1ccccc1)=O.[C@@H](NC)(C=O)CO.C(C=O)NC
pept2,C([C@@H](NC)CC(C)C)=O.c1c(C[C@H](NC)C=O)cccc1.CN[C@@H]([C@H](CC)C)C=O.N1(C)CCC[C@H]1C=O.O=C[C@H](Cc1ccc(O)cc1)NC.C(NC)C=O.OC(C[C@H](NC)C=O)=O.[C@@H](NC)(C=O)CO
pept2,CN[C@H](C=O)CO.C1C[C@@H](C=O)N(C)C1.CC(C)C[C@@H](C=O)NC.O=C[C@H]([C@H](CC)C)NC.c1(C[C@@H](C=O)NC)ccccc1.C([C@H](Cc1ccc(O)cc1)NC)=O.C(NC)C=O.C([C@@H](NC)CC(=O)O)=O
pept2,C(=O)[C@@H](NC)CC(C)C.CN[C@@H](CC(=O)O)C=O.c1(O)ccc(C[C@H](NC)C=O)cc1.C(O)[C@@H](C=O)NC.c1cccc(C[C@H](NC)C=O)c1.C(C)[C@H](C)[C@@H](C=O)NC.C1CCN(C)[C@@H]1C=O.O=CCNC
pept2,C(=O)[C@H](CO)NC.N([C@@H](CC(C)C)C=O)C.C1CN(C)[C@H](C=O)C1.C([C@H](NC)C=O)C(=O)O.O=C[C@H](Cc1ccccc1)NC.c1(C[C@@H](C=O)NC)ccc(O)cc1.N(C)[C@H](C=O)[C@@H](C)CC.O=CCNC
pept2,CN[C@H](C=O)[C@@H](C)CC.C(O)[C@@H](C=O)NC.CN[C@H](C=O)CC(C)C.CN1CCC[C@H]1C=O.[C@H](C=O)(NC)CC(O)=O.c1c(C[C@H](NC)C=O)cccc1.Oc1ccc(C[C@@H](C=O)NC)cc1.CNCC=O
pept2,c1(C[C@H](NC)C=O)ccccc1.[C@H](NC)(Cc1ccc(O)cc1)C=O.CN1CCC[C@H]1C=O.N(CC=O)C.N([C@@H](CC(C)C)C=O)C.C([C@H](C)[C@H](NC)C=O)C.C(O)[C@H](NC)C=O.C(C(O)=O)[C@H](NC)C=O
pept2,O=C[C@H]([C@H](CC)C)NC.[C@@H](NC)(C=O)CC(O)=O.CN[C@@H](Cc1ccc(O)cc1)C=O.C([C@@H](C=O)NC)O.N1(C)CCC[C@H]1C=O.CNCC=O.O=C[C@@H](NC)CC(C)C.c1cccc(C[C@@H](C=O)NC)c1
pept2,c1c(C[C@H](NC)C=O)ccc(O)c1.C(=O)[C@H](CO)NC.c1ccccc1C[C@H](NC)C=O.C[C@H]([C@H](NC)C=O)CC.C1C[C@@H](C=O)N(C)C1.CC(C)C[C@H](NC)C=O.C(NC)C=O.OC(C[C@H](NC)C=O)=O
pept2,C(=O)[C@H](CO)NC.C([C@H](NC)C=O)c1ccc(O)cc1.[C@H]1(C=O)N(C)CCC1.C(C)(C[C@H](NC)C=O)C.C([C@@H](NC)CC(O)=O)=O.C[C@@H](CC)[C@H](NC)C=O.N([C@@H](Cc1ccccc1)C=O)C.C(C=O)NC
pept2,N([C@H](C=O)CC(O)=O)C.c1cc(O)ccc1C[C@@H](C=O)NC.C([C@H](Cc1ccccc1)NC)=O.C([C@@H](NC)CC(C)C)=O.N(C)[C@@H](CO)C=O.C(=O)[C@@H]1CCCN1C.N(CC=O)C.[C@H](C=O)(NC)[C@H](CC)C
pept2,[C@@H](NC)(C=O)Cc1ccc(O)cc1.N([C@@H](CC(=O)O)C=O)C.C([C@H]1N(C)CCC1)=O.[C@@H](CC(C)C)(NC)C=O.C(=O)[C@@H](NC)[C@H](CC)C.C(O)[C@H](NC)C=O.CNCC=O.c1c(C[C@H](NC)C=O)cccc1
pept2,C([C@@H](NC)CC(C)C)=O.C([C@@H]([C@@H](C=O)NC)C)C.CN[C@@H](CC(O)=O)C=O.O=CCNC.c1c(C[C@H](NC)C=O)cccc1.OC[C@@H](C=O)NC.c1c(O)ccc(C[C@H](NC)C=O)c1.C1CN(C)[C@H](C=O)C1
pept2,C1CN(C)[C@H](C=O)C1.O=C[C@@H](NC)[C@@H](C)CC.c1cc(C[C@H](NC)C=O)ccc1O.c1cccc(C[C@H](NC)C=O)c1.O=C[C@H](CC(C)C)NC.CNCC=O.[C@@H](CO)(NC)C=O.O=C[C@@H](NC)CC(O)=O
pept2,O=C[C@@H](NC)CO.C([C@H](NC)C=O)c1ccccc1.O=C(C[C@@H](C=O)NC)O.CC[C@H](C)[C@H](NC)C=O.[C@H](Cc1ccc(O)cc1)(C=O)NC.CN[C@H](C=O)CC(C)C.C1CC[C@@H](C=O)N1C.O=CCNC
pept2,c1cccc(C[C@H](NC)C=O)c1.C(=O)[C@@H]1CCCN1C.c1c(C[C@H](NC)C=O)ccc(O)c1.C(NC)C=O.[C@H](C)(CC)[C@H](NC)C=O.C([C@@H](NC)CC(=O)O)=O.C(C)(C)C[C@@H](C=O)NC.CN[C@H](C=O)CO
pept2,N(C)[C@@H](CC(C)C)C=O.CN[C@@H](Cc1ccccc1)C=O.O=C[C@H](CO)NC.C[C@H]([C@@H](C=O)NC)CC.N1(C)CCC[C@H]1C=O.O=C[C@H](CC(O)=O)NC.C(=O)CNC.c1(O)ccc(C[C@@H](C=O)NC)cc1
pept2,C(C)(C)C[C@@H](C=O)NC.C1CC[C@@H](C=O)N1C.CN[C@@H]([C@@H](C)CC)C=O.C(CNC)=O.C(O)[C@H](NC)C=O.C(c1ccc(O)cc1)[C@H](NC)C=O.C(c1ccccc1)[C@@H](C=O)NC.C([C@@H](NC)CC(O)=O)=O
pept2,N(C)[C@@H](CO)C=O.C(CNC)=O.C(=O)[C@@H](NC)[C@@H](C)CC.N(C)[C@@H](Cc1ccccc1)C=O.C(=O)[C@H](CC(O)=O)NC.C(c1ccc(O)cc1)[C@H](NC)C=O.CN[C@H](C=O)CC(C)C.O=C[C@H]1N(C)CCC1
pept2,N([C@H](C=O)CO)C.O=CCNC.[C@@H](CC)(C)[C@H](NC)C=O.C(=O)[C@H](Cc1ccccc1)NC.[C@H]1(C=O)N(C)CCC1.N([C@H](C=O)CC(C)C)C.OC(C[C@H](NC)C=O)=O.c1(C[C@H](NC)C=O)ccc(O)cc1
pept2,C(=O)[C@@H](NC)[C@H](CC)C.C([C@H](NC)C=O)O.C(C(O)=O)[C@H](NC)C=O.N(C)[C@@H](Cc1ccccc1)C=O.c1cc(C[C@@H](C=O)NC)ccc1O.C1[C@@H](C=O)N(C)CC1.CN[C@H](C=O)CC(C)C.N(C)CC=O
pept2,[C@@H]1(C=O)CCCN1C.c1cc(C[C@H](NC)C=O)ccc1.O=CCNC.CN[C@H](C=O)[C@@H](C)CC.OC(=O)C[C@H](NC)C=O.CN[C@@H](CC(C)C)C=O.c1c(C[C@H](NC)C=O)ccc(O)c1.C(=O)[C@@H](NC)CO
pept2,C(O)[C@@H](C=O)NC.c1(O)ccc(C[C@H](NC)C=O)cc1.C([C@H](CC(C)C)NC)=O.N(C)[C@@H](Cc1ccccc1)C=O.N(C)[C@H](C=O)[C@@H](C)CC.C(C=O)NC.[C@H](CC(O)=O)(C=O)NC.N1(C)CCC[C@H]1C=O
pept2,c1cc(C[C@H](NC)C=O)ccc1.C(=O)[C@@H](NC)CC(C)C.c1(C[C@H](NC)C=O)ccc(O)cc1.C[C@H]([C@H](NC)C=O)CC.OC[C@@H](C=O)NC.N([C@H](C=O)CC(O)=O)C.C(NC)C=O.C1CCN(C)[C@@H]1C=O
pept2,c1ccccc1C[C@@H](C=O)NC.C([C@H]1N(C)CCC1)=O.C([C@@H](NC)CC(=O)O)=O.OC[C@H](NC)C=O.Oc1ccc(C[C@@H](C=O)NC)cc1.C(NC)C=O.C(C)(C)C[C@@H](C=O)NC.O=C[C@H]([C@H](CC)C)NC
pept2,N([C@@H](Cc1ccccc1)C=O)C.C(=O)[C@H](Cc1ccc(O)cc1)NC.O=C[C@@H](NC)CC(C)C.O=C(O)C[C@@H](C=O)NC.C([C@@H](NC)CO)=O.[C@@H](NC)(C=O)[C@H](CC)C.N1(C)[C@H](C=O)CCC1.O=CCNC
pept2,C(O)[C@H](NC)C=O.N(CC=O)C.O=C[C@H](Cc1ccccc1)NC.CN[C@@H]([C@@H](C)CC)C=O.[C@H](C=O)(NC)CC(C)C.C(O)(=O)C[C@@H](C=O)NC.c1(O)ccc(C[C@@H](C=O)NC)cc1.CN1CCC[C@H]1C=O
pept2,CC(C)C[C@H](NC)C=O.C([C@@H](NC)Cc1ccccc1)=O.C1CN(C)[C@H](C=O)C1.CN[C@@H](CO)C=O.C[C@H]([C@H](NC)C=O)CC.[C@@H](NC)(C=O)CC(=O)O.C(=O)[C@H](Cc1ccc(O)cc1)NC.C(=O)CNC
pept2,O=CCNC.O=C[C@H](CO)NC.OC(=O)C[C@@H](C=O)NC.Oc1ccc(C[C@H](NC)C=O)cc1.c1ccc(C[C@@H](C=O)NC)cc1.O=C[C@@H](NC)CC(C)C.C([C@@H](NC)[C@@H](C)CC)=O.C1CN(C)[C@H](C=O)C1
pept2,c1c(C[C@H](NC)C=O)ccc(O)c1.C(C(C)C)[C@@H](C=O)NC.C(=O)[C@@H](NC)Cc1ccccc1.[C@H](C=O)(NC)CO.C(C)[C@H](C)[C@H](NC)C=O.C(=O)CNC.CN[C@@H](CC(=O)O)C=O.C1[C@@H](C=O)N(C)CC1
pept2,C(=O)[C@@H](NC)CO.c1ccc(C[C@H](NC)C=O)cc1.C(C[C@@H](C=O)NC)(C)C.Oc1ccc(C[C@@H](C=O)NC)cc1.O=CCNC.C([C@@H](C=O)NC)C(=O)O.C1CCN(C)[C@@H]1C=O.C([C@H](C)[C@H](NC)C=O)C
pept2,c1cccc(C[C@@H](C=O)NC)c1.CC(C)C[C@@H](C=O)NC.CN[C@@H]([C@H](CC)C)C=O.C1CC[C@@H](C=O)N1C.C(C=O)NC.c1cc(C[C@H](NC)C=O)ccc1O.C(C(O)=O)[C@@H](C=O)NC.CN[C@H](C=O)CO
pept2,C([C@@H](C=O)NC)C(C)C.O=C[C@H](CC(=O)O)NC.C(O)[C@H](NC)C=O.O=C[C@@H](NC)[C@H](CC)C.CN1CCC[C@H]1C=O.c1(C[C@@H](C=O)NC)ccc(O)cc1.C(=O)CNC.c1cccc(C[C@H](NC)C=O)c1
pept2,O=C[C@H](Cc1ccc(O)cc1)NC.N([C@@H](Cc1ccccc1)C=O)C.O=C[C@@H](NC)CO.C(CNC)=O.C(C(=O)O)[C@H](NC)C=O.O=C[C@H]1N(C)CCC1.CC(C[C@H](NC)C=O)C.N(C)[C@@H]([C@H](CC)C)C=O
pept2,c1cccc(C[C@@H](C=O)NC)c1.Oc1ccc(C[C@H](NC)C=O)cc1.O=C[C@@H](NC)CO.OC(C[C@@H](C=O)NC)=O.C[C@@H](CC)[C@H](NC)C=O.CN1[C@H](C=O)CCC1.C(=O)CNC.N(C)[C@H](C=O)CC(C)C
pept2,[C@H](C=O)(NC)Cc1ccc(O)cc1.O=C[C@H](CO)NC.C1CC[C@@H](C=O)N1C.[C@H](CC(C)C)(C=O)NC.C([C@@H](NC)Cc1ccccc1)=O.O=C(O)C[C@@H](C=O)NC.C(NC)C=O.O=C[C@H]([C@H](CC)C)NC
pept2,c1c(C[C@H](NC)C=O)cccc1.OC(=O)C[C@H](NC)C=O.c1cc(C[C@@H](C=O)NC)ccc1O.O=C[C@H](CO)NC.CC(C[C@@H](C=O)NC)C.C1N(C)[C@H](C=O)CC1.C(C)[C@@H]([C@@H](C=O)NC)C.CNCC=O
pept2,C(c1ccccc1)[C@@H](C=O)NC.C1CC[C@@H](C=O)N1C.C([C@@H](NC)[C@@H](C)CC)=O.C(c1ccc(O)cc1)[C@H](NC)C=O.C(C(C)C)[C@@H](C=O)NC.C(=O)CNC.O=C(C[C@H](NC)C=O)O.O=C[C@H](CO)NC
pept2,CN[C@@H]([C@@H](C)CC)C=O.C1N(C)[C@H](C=O)CC1.O=C[C@@H](NC)CC(C)C.C([C@@H](NC)Cc1ccc(O)cc1)=O.C([C@@H](NC)CC(O)=O)=O.C([C@@H](NC)Cc1ccccc1)=O.C(CNC)=O.N(C)[C@@H](CO)C=O
pept2,C(c1ccc(O)cc1)[C@@H](C=O)NC.N([C@@H](CC(C)C)C=O)C.[C@@H](CC)(C)[C@@H](C=O)NC.N1(C)CCC[C@H]1C=O.O=C(O)C[C@@H](C=O)NC.c1(C[C@@H](C=O)NC)ccccc1.CN[C@H](C=O)CO.CNCC=O
pept2,[C@H](NC)(CC(O)=O)C=O.N(C)[C@@H](CC(C)C)C=O.N(C)[C@H](C=O)Cc1ccccc1.Oc1ccc(C[C@H](NC)C=O)cc1.CNCC=O.C(C)[C@H](C)[C@H](NC)C=O.C([C@H](CO)NC)=O.N1(C)CCC[C@H]1C=O
pept2,[C@H](NC)(Cc1ccc(O)cc1)C=O.O=C(C[C@@H](C=O)NC)O.C1CC[C@@H](C=O)N1C.[C@@H](C=O)(CO)NC.O=CCNC.[C@@H](CC)(C)[C@@H](C=O)NC.CN[C@H](C=O)Cc1ccccc1.N([C@H](C=O)CC(C)C)C
pept2,N(C)[C@H](C=O)CO.c1ccccc1C[C@H](NC)C=O.c1cc(O)ccc1C[C@H](NC)C=O.C[C@H]([C@H](NC)C=O)CC.O=C[C@@H](NC)CC(O)=O.O=CCNC.N(C)[C@H](C=O)CC(C)C.[C@H]1(C=O)N(C)CCC1
pept2,CN[C@@H](Cc1ccc(O)cc1)C=O.CN[C@H](C=O)[C@H](CC)C.c1cccc(C[C@@H](C=O)NC)c1.CC(C)C[C@H](NC)C=O.N([C@H](C=O)CO)C.O=C(O)C[C@@H](C=O)NC.[C@@H]1(C=O)CCCN1C.C(=O)CNC
pept2,N(C)CC=O.C([C@H](Cc1ccc(O)cc1)NC)=O.[C@H]1(C=O)N(C)CCC1.C(=O)(O)C[C@@H](C=O)NC.N([C@H](C=O)[C@H](CC)C)C.c1(C[C@@H](C=O)NC)ccccc1.C([C@@H](C=O)NC)C(C)C.[C@H](CO)(C=O)NC
pept2,CC(C[C@@H](C=O)NC)C.C([C@@H](NC)CO)=O.C1CC[C@@H](C=O)N1C.C(C[C@H](NC)C=O)(O)=O.[C@@H](Cc1ccccc1)(NC)C=O.N(C)[C@@H](Cc1ccc(O)cc1)C=O.O=C[C@@H](NC)[C@H](CC)C.O=CCNC
pept3,CC[C@H](C)[C@@H](C=O)NC.CN1CCC[C@H]1C=O.CN[C@H](C=O)CCC(=O)O.CN[C@H](C=O)CCC(N)=O.CN[C@H](C=O)CCCNC(=N)N.CN[C@H](C=O)Cc1c[nH]c2ccccc12.CN[C@H](C=O)Cc1ccc(O)cc1.CN[C@H](C=O)[C@@H](C)OC
pept3,O=C[C@H]1N(C)CCC1.C(C(N)=O)C[C@@H](C=O)NC.O=C[C@@H](NC)Cc1ccc(O)cc1.C(C[C@@H](C=O)NC)C(=O)O.[C@@H]([C@@H](C=O)NC)(OC)C.c1[nH]c2ccccc2c1C[C@H](NC)C=O.C(=O)[C@H](CCCNC(=N)N)NC.[C@@H](C)([C@@H](C=O)NC)CC
pept3,C(O)(=O)CC[C@H](NC)C=O.c1c(C[C@H](NC)C=O)ccc(O)c1.N(C)[C@H](C=O)[C@H](CC)C.[C@@H]1(C=O)CCCN1C.c12[nH]cc(C[C@@H](C=O)NC)c1cccc2.[C@@H]([C@H](OC)C)(NC)C=O.C(NCCC[C@H](NC)C=O)(N)=N.CN[C@@H](CCC(N)=O)C=O
pept3,N(C)[C@@H](Cc1c[nH]c2ccccc12)C=O.C(C(=O)N)C[C@@H](C=O)NC.C(CCNC(N)=N)[C@@H](C=O)NC.[C@H]([C@H](NC)C=O)(C)OC.O=C[C@@H](NC)[C@@H](C)CC.C1CN(C)[C@H](C=O)C1.O=C[C@@H](NC)CCC(O)=O.CN[C@H](C=O)Cc1ccc(O)cc1
pept3,[C@H](NC)(Cc1ccc(O)cc1)C=O.C([C@H](C)[C@H](NC)C=O)C.C(CC(N)=O)[C@@H](C=O)NC.C(C(=O)O)C[C@H](NC)C=O.N([C@H](C=O)Cc1c[nH]c2c1cccc2)C.C1CCN(C)[C@@H]1C=O.CN[C@@H]([C@@H](C)OC)C=O.N=C(N)NCCC[C@@H](C=O)NC
pept3,C(CCNC(N)=N)[C@H](NC)C=O.C(C(O)=O)C[C@@H](C=O)NC.C1CCN(C)[C@@H]1C=O.c1[nH]c2ccccc2c1C[C@@H](C=O)NC.O=C[C@H]([C@@H](C)CC)NC.N(C)[C@H](C=O)Cc1ccc(O)cc1.N([C@H](C=O)[C@@H](C)OC)C.O=C[C@@H](NC)CCC(N)=O
pept3,N([C@H](C=O)CCCNC(N)=N)C.N([C@@H](CCC(O)=O)C=O)C.[C@H](C=O)(NC)CCC(=O)N.c1(C[C@@H](C=O)NC)ccc(O)cc1.C([C@H](NC)C=O)c1c2c([nH]c1)cccc2.O=C[C@H]([C@H](OC)C)NC.N([C@@H]([C@H](CC)C)C=O)C.[C@H]1(C=O)N(C)CCC1
pept3,c1c2[nH]cc(C[C@@H](C=O)NC)c2ccc1.N([C@@H](CCCNC(=N)N)C=O)C.[C@H](C)(CC)[C@@H](C=O)NC.CN[C@H](C=O)CCC(N)=O.C(=O)[C@@H](NC)[C@H](OC)C.[C@@H]1(C=O)CCCN1C.c1(C[C@H](NC)C=O)ccc(O)cc1.N(C)[C@H](C=O)CCC(=O)O
pept3,CN1CCC[C@H]1C=O.c1cc(O)ccc1C[C@H](NC)C=O.O=C[C@@H](NC)CCC(O)=O.C([C@H](NC)C=O)CCNC(N)=N.c1[nH]c2c(cccc2)c1C[C@H](NC)C=O.C[C@@H](CC)[C@@H](C=O)NC.O=C[C@@H](NC)[C@@H](C)OC.C(CC(N)=O)[C@H](NC)C=O
pept3,c1cc(C[C@H](NC)C=O)ccc1O.C[C@H]([C@@H](C=O)NC)CC.c1c2[nH]cc(C[C@H](NC)C=O)c2ccc1.N([C@@H](CCC(O)=O)C=O)C.O=C[C@H](CCC(=O)N)NC.C1CC[C@@H](C=O)N1C.C([C@H](NC)C=O)CCNC(=N)N.[C@@H](C)([C@H](NC)C=O)OC
pept3,c1cc(C[C@H](NC)C=O)ccc1O.C[C@H]([C@H](NC)C=O)CC.[C@@H](C=O)(CCCNC(N)=N)NC.[C@H](NC)([C@H](OC)C)C=O.C(CC(=O)O)[C@H](NC)C=O.C([C@H](NC)C=O)CC(=O)N.N(C)[C@H](C=O)Cc1c2ccccc2[nH]c1.C1N(C)[C@H](C=O)CC1
pept3,O=C[C@@H](NC)Cc1ccc(O)cc1.N1(C)[C@H](C=O)CCC1.O=C(CC[C@@H](C=O)NC)O.CN[C@H](C=O)[C@H](CC)C.c1ccc2c(c(C[C@H](NC)C=O)c[nH]2)c1.CN[C@H](C=O)CCCNC(=N)N.O=C(N)CC[C@@H](C=O)NC.C[C@@H](OC)[C@H](NC)C=O
pept3,[C@@H](C=O)(CCC(=O)O)NC.C(CC(N)=O)[C@@H](C=O)NC.N([C@H](C=O)[C@@H](C)CC)C.C1N(C)[C@H](C=O)CC1.c1cc(C[C@H](NC)C=O)ccc1O.CO[C@H](C)[C@H](NC)C=O.c1cc2c(cc1)[nH]cc2C[C@@H](C=O)NC.C(CC[C@H](NC)C=O)NC(=N)N
pept3,CN[C@@H](CCC(O)=O)C=O.N=C(NCCC[C@H](NC)C=O)N.C(C(N)=O)C[C@@H](C=O)NC.C1CC[C@@H](C=O)N1C.Oc1ccc(C[C@H](NC)C=O)cc1.C[C@@H](CC)[C@@H](C=O)NC.N(C)[C@H](C=O)[C@H](OC)C.c1(C[C@@H](C=O)NC)c[nH]c2ccccc12
pept3,[C@@H]([C@H](NC)C=O)(OC)C.[nH]1cc(C[C@H](NC)C=O)c2ccccc12.c1cc(O)ccc1C[C@H](NC)C=O.C(N)(=N)NCCC[C@@H](C=O)NC.C(CC(=O)N)[C@@H](C=O)NC.C(C(=O)O)C[C@@H](C=O)NC.O=C[C@H]([C@H](CC)C)NC.N1(C)[C@H](C=O)CCC1
pept3,N([C@@H](CCCNC(=N)N)C=O)C.c1(C[C@@H](C=O)NC)ccc(O)cc1.[C@@H]1(C=O)CCCN1C.CN[C@@H]([C@H](OC)C)C=O.c1ccc2c(c(C[C@H](NC)C=O)c[nH]2)c1.C(=O)(N)CC[C@H](NC)C=O.OC(CC[C@@H](C=O)NC)=O.CN[C@H](C=O)[C@H](CC)C
pept3,NC(NCCC[C@@H](C=O)NC)=N.N1(C)[C@H](C=O)CCC1.c1cccc2[nH]cc(C[C@@H](C=O)NC)c12.O=C[C@H](CCC(=O)O)NC.N(C)[C@H](C=O)[C@@H](C)OC.N(C)[C@H](C=O)[C@@H](C)CC.C(=O)[C@H](Cc1ccc(O)cc1)NC.C(CC[C@@H](C=O)NC)(=O)N
pept3,[C@@H](NC)(C=O)CCC(N)=O.c1c(C[C@@H](C=O)NC)c2c(cccc2)[nH]1.Oc1ccc(C[C@H](NC)C=O)cc1.C(C[C@H](NC)C=O)CNC(N)=N.C[C@@H](OC)[C@H](NC)C=O.C([C@@H](NC)CCC(O)=O)=O.CN[C@@H]([C@H](CC)C)C=O.C1C[C@@H](C=O)N(C)C1
pept3,CN[C@H](C=O)CCC(N)=O.c12c(c(C[C@@H](C=O)NC)c[nH]1)cccc2.CO[C@H](C)[C@H](NC)C=O.O=C[C@@H](NC)Cc1ccc(O)cc1.O=C[C@H]1N(C)CCC1.N([C@@H](CCC(=O)O)C=O)C.N(C)[C@H](C=O)CCCNC(=N)N.C(C)[C@@H]([C@H](NC)C=O)C
pept3,NC(NCCC[C@@H](C=O)NC)=N.C([C@H](NC)C=O)CC(N)=O.C([C@@H](C=O)NC)c1c[nH]c2c1cccc2.CN[C@@H]([C@H](OC)C)C=O.CN[C@@H](Cc1ccc(O)cc1)C=O.[C@H](C=O)(NC)CCC(O)=O.C([C@@H]1CCCN1C)=O.CC[C@H](C)[C@@H](C=O)NC
pept3,C1N(C)[C@H](C=O)CC1.c12ccccc1[nH]cc2C[C@@H](C=O)NC.C(=O)[C@H]([C@@H](C)OC)NC.O=C(N)CC[C@@H](C=O)NC.[C@@H](NC)(C=O)[C@@H](C)CC.N(CCC[C@@H](C=O)NC)C(N)=N.CN[C@H](C=O)Cc1ccc(O)cc1.OC(CC[C@@H](C=O)NC)=O
pept3,CN[C@H](C=O)CCC(N)=O.CN[C@H](C=O)[C@H](OC)C.CN[C@H](C=O)CCC(O)=O.N=C(N)NCCC[C@@H](C=O)NC.c1(C[C@H](NC)C=O)c2c([nH]c1)cccc2.C(=O)[C@H](Cc1ccc(O)cc1)NC.C1CN(C)[C@H](C=O)C1.N([C@@H]([C@H](CC)C)C=O)C
pept3,N(CCC[C@@H](C=O)NC)C(N)=N.O=C[C@@H](NC)[C@H](CC)C.c1c(C[C@@H](C=O)NC)ccc(O)c1.[C@@H](NC)(C=O)CCC(O)=O.c1ccc2[nH]cc(C[C@H](NC)C=O)c2c1.CN[C@H](C=O)[C@H](OC)C.O=C[C@@H]1CCCN1C.C(C(=O)N)C[C@H](NC)C=O
pept3,C(C)[C@@H]([C@@H](C=O)NC)C.C(=O)[C@@H](NC)Cc1ccc(O)cc1.c1(C[C@H](NC)C=O)c2ccccc2[nH]c1.NC(NCCC[C@H](NC)C=O)=N.C[C@@H](OC)[C@@H](C=O)NC.[C@H](C=O)(NC)CCC(O)=O.[C@H]1(C=O)N(C)CCC1.O=C[C@H](CCC(N)=O)NC
pept3,NC(CC[C@@H](C=O)NC)=O.C1[C@@H](C=O)N(C)CC1.C([C@@H](NC)CCC(=O)O)=O.c1c2c([nH]cc2C[C@@H](C=O)NC)ccc1.O([C@H](C)[C@@H](C=O)NC)C.c1c(C[C@H](NC)C=O)ccc(O)c1.CC[C@H](C)[C@H](NC)C=O.N([C@@H](CCCNC(=N)N)C=O)C
pept3,C(CC(N)=O)[C@@H](C=O)NC.c1(C[C@@H](C=O)NC)c[nH]c2ccccc12.O(C)[C@@H]([C@@H](C=O)NC)C.CN[C@@H]([C@@H](C)CC)C=O.c1c(C[C@H](NC)C=O)ccc(O)c1.C(CC(O)=O)[C@@H](C=O)NC.C(C[C@@H](C=O)NC)CNC(=N)N.C1CN(C)[C@H](C=O)C1
pept3,C([C@H]1N(C)CCC1)=O.C(C[C@H](NC)C=O)CNC(N)=N.C(=O)[C@@H](NC)[C@@H](C)OC.c1cccc2[nH]cc(C[C@H](NC)C=O)c12.c1(O)ccc(C[C@H](NC)C=O)cc1.C(CC[C@H](NC)C=O)(=O)O.O=C(N)CC[C@H](NC)C=O.N([C@H](C=O)[C@@H](C)CC)C
pept3,O=C[C@H]([C@@H](C)OC)NC.c1c(C[C@H](NC)C=O)ccc(O)c1.C(CC[C@H](NC)C=O)NC(N)=N.C([C@@H](C=O)NC)CC(N)=O.CN1CCC[C@H]1C=O.CN[C@@H](Cc1c[nH]c2c1cccc2)C=O.C([C@@H](NC)CCC(=O)O)=O.C(C)[C@@H]([C@H](NC)C=O)C
pept3,C1N(C)[C@H](C=O)CC1.C(=O)[C@H](CCCNC(=N)N)NC.c12ccccc1c(C[C@H](NC)C=O)c[nH]2.C(CC[C@@H](C=O)NC)(=O)O.[C@@H](C=O)([C@H](CC)C)NC.C(=O)[C@H](Cc1ccc(O)cc1)NC.C([C@@H](C=O)NC)CC(=O)N.[C@@H](OC)(C)[C@@H](C=O)NC
pept3,C(=O)(CC[C@H](NC)C=O)O.C1N(C)[C@H](C=O)CC1.O=C[C@H]([C@H](CC)C)NC.c1(O)ccc(C[C@@H](C=O)NC)cc1.N(C)[C@H](C=O)[C@H](OC)C.O=C[C@H](CCCNC(N)=N)NC.c12ccccc1[nH]cc2C[C@H](NC)C=O.O=C[C@H](CCC(=O)N)NC
pept3,C(=O)[C@H](CCC(=O)N)NC.[C@@H](NC)(C=O)Cc1c[nH]c2c1cccc2.C(=O)[C@H](CCC(=O)O)NC.N(C)[C@H](C=O)[C@H](CC)C.NC(NCCC[C@H](NC)C=O)=N.C([C@H](Cc1ccc(O)cc1)NC)=O.CN1CCC[C@H]1C=O.O=C[C@@H](NC)[C@@H](C)OC
pept3,N1(C)[C@H](C=O)CCC1.c1cccc2c(C[C@@H](C=O)NC)c[nH]c12.[C@@H]([C@@H](C)OC)(NC)C=O.O=C(CC[C@@H](C=O)NC)O.N(CCC[C@@H](C=O)NC)C(=N)N.C[C@@H](CC)[C@@H](C=O)NC.O=C(CC[C@H](NC)C=O)N.C(c1ccc(O)cc1)[C@@H](C=O)NC
pept3,C(C(N)=O)C[C@@H](C=O)NC.C(c1ccc(O)cc1)[C@@H](C=O)NC.N([C@H](C=O)Cc1c2ccccc2[nH]c1)C.NC(NCCC[C@H](NC)C=O)=N.CO[C@@H]([C@@H](C=O)NC)C.O=C[C@@H]1CCCN1C.CC[C@@H]([C@H](NC)C=O)C.C(O)(CC[C@H](NC)C=O)=O
pept3,[C@H](CC)([C@@H](C=O)NC)C.CN[C@H](C=O)CCCNC(N)=N.c1c(C[C@H](NC)C=O)c2ccccc2[nH]1.C(C(N)=O)C[C@@H](C=O)NC.c1c(C[C@@H](C=O)NC)ccc(O)c1.C(CC[C@@H](C=O)NC)(=O)O.C1CCN(C)[C@@H]1C=O.[C@@H](C)([C@@H](C=O)NC)OC
pept3,NC(CC[C@@H](C=O)NC)=O.C(CNC(=N)N)C[C@H](NC)C=O.CN1CCC[C@H]1C=O.CN[C@@H](Cc1ccc(O)cc1)C=O.N([C@@H]([C@H](OC)C)C=O)C.OC(CC[C@@H](C=O)NC)=O.c1c2c(C[C@H](NC)C=O)c[nH]c2ccc1.C([C@@H]([C@@H](C=O)NC)C)C
pept3,C(=O)[C@H](CCC(N)=O)NC.c1(O)ccc(C[C@H](NC)C=O)cc1.CN[C@@H]([C@H](OC)C)C=O.CN1[C@H](C=O)CCC1.C([C@H](Cc1c[nH]c2ccccc21)NC)=O.C([C@H]([C@@H](C)CC)NC)=O.O=C[C@@H](NC)CCCNC(=N)N.C([C@H](CCC(O)=O)NC)=O
pept3,C(CNC(=N)N)C[C@H](NC)C=O.CN[C@@H](CCC(O)=O)C=O.N(C)[C@@H]([C@H](CC)C)C=O.C[C@@H](OC)[C@H](NC)C=O.C1CCN(C)[C@@H]1C=O.CN[C@@H](Cc1c2ccccc2[nH]c1)C=O.C([C@@H](NC)Cc1ccc(O)cc1)=O.O=C(N)CC[C@H](NC)C=O
pept3,C(N)(=N)NCCC[C@H](NC)C=O.[C@@H](NC)(C=O)[C@H](OC)C.c1(C[C@H](NC)C=O)ccc(O)cc1.CC[C@H](C)[C@@H](C=O)NC.OC(CC[C@H](NC)C=O)=O.N(C)[C@@H](Cc1c2ccccc2[nH]c1)C=O.[C@@H]1(C=O)CCCN1C.C(=O)[C@H](CCC(N)=O)NC
pept3,c1cccc2[nH]cc(C[C@H](NC)C=O)c12.N(C)[C@@H](CCCNC(N)=N)C=O.C1C[C@@H](C=O)N(C)C1.C([C@H](CCC(O)=O)NC)=O.[C@@H](C=O)(CCC(=O)N)NC.C[C@@H](OC)[C@@H](C=O)NC.c1(O)ccc(C[C@@H](C=O)NC)cc1.[C@H](C)(CC)[C@@H](C=O)NC
pept3,CN[C@H](C=O)Cc1ccc(O)cc1.C([C@@H](NC)Cc1c2ccccc2[nH]c1)=O.O=C[C@H]([C@@H](C)CC)NC.C1[C@@H](C=O)N(C)CC1.NC(=N)NCCC[C@H](NC)C=O.NC(CC[C@H](NC)C=O)=O.C(C(O)=O)C[C@@H](C=O)NC.[C@H]([C@H](NC)C=O)(C)OC
pept3,CN[C@@H](CCC(=O)O)C=O.N(C)[C@@H](Cc1c[nH]c2ccccc12)C=O.O=C[C@@H]1CCCN1C.CC[C@@H]([C@H](NC)C=O)C.c1(C[C@H](NC)C=O)ccc(O)cc1.C(=O)[C@@H](NC)[C@H](OC)C.[C@@H](NC)(C=O)CCC(=O)N.C(CC[C@@H](C=O)NC)NC(N)=N
pept3,O=C[C@@H](NC)Cc1ccc(O)cc1.C(c1c2c([nH]c1)cccc2)[C@H](NC)C=O.CN[C@@H](CCC(=O)O)C=O.N([C@@H](CCCNC(=N)N)C=O)C.O=C[C@H]([C@@H](C)CC)NC.N(C)[C@H](C=O)[C@H](OC)C.C([C@H](NC)C=O)CC(=O)N.[C@@H]1(C=O)CCCN1C
pept3,O=C(N)CC[C@@H](C=O)NC.CN[C@@H]([C@@H](C)CC)C=O.O=C[C@H]([C@H](OC)C)NC.c1c(O)ccc(C[C@@H](C=O)NC)c1.c12ccccc1c(C[C@@H](C=O)NC)c[nH]2.O=C(CC[C@@H](C=O)NC)O.N(C)[C@@H](CCCNC(=N)N)C=O.C1CC[C@@H](C=O)N1C
pept3,CN[C@@H](CCC(N)=O)C=O.c1cc(C[C@H](NC)C=O)ccc1O.CN[C@@H]([C@@H](C)CC)C=O.O=C[C@H]1N(C)CCC1.c1cccc2[nH]cc(C[C@@H](C=O)NC)c12.[C@H](C=O)(NC)CCC(O)=O.O=C[C@H]([C@H](OC)C)NC.NC(NCCC[C@@H](C=O)NC)=N
pept3,NC(=O)CC[C@@H](C=O)NC.O=C(O)CC[C@H](NC)C=O.N(C(N)=N)CCC[C@H](NC)C=O.CO[C@@H]([C@@H](C=O)NC)C.C([C@H](NC)C=O)c1ccc(O)cc1.C([C@H](C)[C@H](NC)C=O)C.[C@@H](Cc1c2ccccc2[nH]c1)(NC)C=O.C1CCN(C)[C@@H]1C=O
pept3,C([C@H](CCC(=O)N)NC)=O.C(=O)[C@H](CCC(=O)O)NC.O=C[C@H]1N(C)CCC1.c12[nH]cc(C[C@@H](C=O)NC)c1cccc2.Oc1ccc(C[C@H](NC)C=O)cc1.[C@H](C)(CC)[C@H](NC)C=O.N=C(NCCC[C@@H](C=O)NC)N.C([C@@H](NC)[C@H](OC)C)=O
pept3,c1ccc2[nH]cc(C[C@@H](C=O)NC)c2c1.C(=O)[C@@H](NC)CCC(=O)N.CC[C@@H]([C@@H](C=O)NC)C.O=C(CC[C@@H](C=O)NC)O.[C@@H](NC)(C=O)Cc1ccc(O)cc1.CN1[C@H](C=O)CCC1.C[C@H]([C@H](NC)C=O)OC.O=C[C@@H](NC)CCCNC(N)=N
pept3,O=C[C@H](CCC(O)=O)NC.c1(C[C@H](NC)C=O)ccc(O)cc1.CN[C@H](C=O)[C@H](CC)C.c1cc2[nH]cc(C[C@H](NC)C=O)c2cc1.C1N(C)[C@H](C=O)CC1.NC(NCCC[C@H](NC)C=O)=N.[C@@H](CCC(N)=O)(NC)C=O.C[C@H]([C@H](NC)C=O)OC
pept3,O=C[C@@H](NC)CCCNC(N)=N.N(C)[C@H](C=O)CCC(=O)O.C1[C@@H](C=O)N(C)CC1.c1cc(O)ccc1C[C@@H](C=O)NC.[C@@H](C)([C@@H](C=O)NC)OC.O=C[C@@H](NC)CCC(=O)N.C(=O)[C@H](Cc1c2ccccc2[nH]c1)NC.N(C)[C@@H]([C@@H](C)CC)C=O
pept3,C(=O)[C@@H](NC)[C@@H](C)CC.O=C[C@@H](NC)CCC(O)=O.CO[C@@H]([C@@H](C=O)NC)C.N=C(NCCC[C@H](NC)C=O)N.c1ccc2[nH]cc(C[C@@H](C=O)NC)c2c1.N([C@H](C=O)Cc1ccc(O)cc1)C.C(N)(=O)CC[C@@H](C=O)NC.[C@H]1(C=O)N(C)CCC1
pept3,CN[C@@H]([C@H](CC)C)C=O.Oc1ccc(C[C@H](NC)C=O)cc1.N(C(=N)N)CCC[C@H](NC)C=O.O=C[C@H]1N(C)CCC1.C(=O)[C@H](CCC(O)=O)NC.O=C(N)CC[C@H](NC)C=O.O=C[C@H](Cc1c2ccccc2[nH]c1)NC.CO[C@H](C)[C@H](NC)C=O
pept3,C(CCNC(=N)N)[C@H](NC)C=O.N(C)[C@@H]([C@H](CC)C)C=O.O=C(O)CC[C@@H](C=O)NC.c1c(C[C@H](NC)C=O)ccc(O)c1.O=C[C@H]([C@H](OC)C)NC.C1[C@@H](C=O)N(C)CC1.c1cccc2c(C[C@H](NC)C=O)c[nH]c12.[C@@H](CCC(=O)N)(NC)C=O
pept3,C(CC[C@@H](C=O)NC)(=O)N.CN[C@H](C=O)[C@@H](C)OC.C1CN(C)[C@H](C=O)C1.C([C@@H](C=O)NC)CCNC(N)=N.C(C)[C@H](C)[C@H](NC)C=O.CN[C@@H](Cc1ccc(O)cc1)C=O.c1[nH]c2c(cccc2)c1C[C@H](NC)C=O.N([C@@H](CCC(=O)O)C=O)C
pept3,C1C[C@@H](C=O)N(C)C1.CO[C@H](C)[C@@H](C=O)NC.CN[C@H](C=O)Cc1ccc(O)cc1.[C@H]([C@@H](C)CC)(C=O)NC.C(N)(=O)CC[C@H](NC)C=O.N=C(NCCC[C@@H](C=O)NC)N.c1cc2c([nH]cc2C[C@@H](C=O)NC)cc1.C([C@@H](NC)CCC(O)=O)=O
pept3,C([C@@H]1CCCN1C)=O.NC(=O)CC[C@@H](C=O)NC.c1(C[C@@H](C=O)NC)ccc(O)cc1.c1cc2c(C[C@@H](C=O)NC)c[nH]c2cc1.O=C[C@H](CCCNC(N)=N)NC.CO[C@@H]([C@H](NC)C=O)C.C(C)[C@H](C)[C@@H](C=O)NC.O=C[C@@H](NC)CCC(O)=O
pept3,C([C@H]([C@H](CC)C)NC)=O.[C@H](C)(OC)[C@H](NC)C=O.C([C@@H](NC)CCC(=O)N)=O.c1ccc2[nH]cc(C[C@@H](C=O)NC)c2c1.C(C[C@H](NC)C=O)CNC(N)=N.N1(C)[C@H](C=O)CCC1.O=C[C@H](Cc1ccc(O)cc1)NC.O=C[C@@H](NC)CCC(=O)O
pept3,N=C(NCCC[C@@H](C=O)NC)N.CN[C@@H](CCC(=O)N)C=O.N([C@H](C=O)[C@H](OC)C)C.C(=O)[C@H]([C@H](CC)C)NC.O=C[C@H](Cc1ccc(O)cc1)NC.CN[C@H](C=O)CCC(=O)O.[nH]1c2ccccc2c(C[C@H](NC)C=O)c1.C1C[C@@H](C=O)N(C)C1
pept3,[C@H](NC)(CCC(=O)O)C=O.[C@@H]([C@H](CC)C)(NC)C=O.CN[C@H](C=O)CCC(=O)N.c1c(O)ccc(C[C@@H](C=O)NC)c1.NC(NCCC[C@H](NC)C=O)=N.c1ccc2[nH]cc(C[C@H](NC)C=O)c2c1.O=C[C@H]1N(C)CCC1.N([C@H](C=O)[C@H](OC)C)C
pept3,C1CCN(C)[C@@H]1C=O.C(CC[C@@H](C=O)NC)(O)=O.CN[C@H](C=O)Cc1c2c(cccc2)[nH]c1.C(N)(CC[C@H](NC)C=O)=O.C(CCNC(=N)N)[C@@H](C=O)NC.[C@@H](C)([C@H](NC)C=O)OC.[C@H](C)(CC)[C@@H](C=O)NC.C([C@@H](C=O)NC)c1ccc(O)cc1
pept3,c1cc(C[C@@H](C=O)NC)ccc1O.c1cccc2[nH]cc(C[C@H](NC)C=O)c12.N=C(N)NCCC[C@H](NC)C=O.C(CC(O)=O)[C@@H](C=O)NC.N1(C)CCC[C@H]1C=O.C(=O)(N)CC[C@H](NC)C=O.O(C)[C@H](C)[C@H](NC)C=O.O=C[C@H]([C@H](CC)C)NC
pept4,CN[C@@H](C)C=O.CN[C@H](C=O)CC(=O)O.CN[C@H](C=O)CC(C)C.CN[C@H](C=O)CCC(N)=O.CN[C@H](C=O)CCCCN.CN[C@H](C=O)CCSC.CN[C@H](C=O)CO.CN[C@H](C=O)Cc1ccccc1
pept4,c1(C[C@@H](C=O)NC)ccccc1.C(=O)(CC[C@H](NC)C=O)N.C[C@@H](C=O)NC.C([C@H](CC(O)=O)NC)=O.C(CCN)C[C@H](NC)C=O.N(C)[C@@H](CCSC)C=O.C([C@H](NC)C=O)C(C)C.C([C@@H](NC)CO)=O
pept4,[C@@H](C=O)(CC(C)C)NC.O=C[C@@H](NC)CO.CN[C@@H](C)C=O.CN[C@@H](CCC(=O)N)C=O.N([C@@H](Cc1ccccc1)C=O)C.CN[C@H](C=O)CCCCN.CSCC[C@@H](C=O)NC.C([C@@H](C=O)NC)C(O)=O
pept4,O=C[C@@H](NC)CC(C)C.C(=O)[C@H](CC(=O)O)NC.c1(C[C@H](NC)C=O)ccccc1.O=C[C@H](CCCCN)NC.C([C@@H](C=O)NC)CC(N)=O.CN[C@H](C=O)C.CSCC[C@@H](C=O)NC.O=C[C@@H](NC)CO
pept4,C(CCC[C@@H](C=O)NC)N.c1cccc(C[C@@H](C=O)NC)c1.N([C@@H](CO)C=O)C.[C@@H](C=O)(CCC(N)=O)NC.[C@H](NC)(CCSC)C=O.OC(=O)C[C@@H](C=O)NC.O=C[C@@H](NC)CC(C)C.O=C[C@@H](NC)C
pept4,C(SC)C[C@H](NC)C=O.C(CN)CC[C@H](NC)C=O.C([C@H](CCC(N)=O)NC)=O.CN[C@@H](C)C=O.OC(=O)C[C@@H](C=O)NC.c1ccccc1C[C@H](NC)C=O.C([C@H](NC)C=O)C(C)C.C(O)[C@H](NC)C=O
pept4,C(=O)[C@H](CCSC)NC.N([C@H](C=O)CO)C.N([C@@H](CC(=O)O)C=O)C.O=C[C@@H](NC)CCC(=O)N.c1cccc(C[C@@H](C=O)NC)c1.CC(C[C@@H](C=O)NC)C.CN[C@H](C=O)C.C(C[C@@H](C=O)NC)CCN
pept4,S(C)CC[C@H](NC)C=O.C(c1ccccc1)[C@@H](C=O)NC.C(CCCN)[C@@H](C=O)NC.C([C@H](CO)NC)=O.C(N)(CC[C@H](NC)C=O)=O.C(C[C@@H](C=O)NC)(=O)O.CN[C@H](C=O)C.CC(C[C@@H](C=O)NC)C
pept4,C(CN)CC[C@H](NC)C=O.C(=O)[C@H](CCC(=O)N)NC.c1(C[C@@H](C=O)NC)ccccc1.O=C[C@H](CCSC)NC.C(C[C@@H](C=O)NC)(C)C.[C@H](C=O)(NC)C.O=C(C[C@H](NC)C=O)O.OC[C@@H](C=O)NC
pept4,c1ccccc1C[C@@H](C=O)NC.N(C)[C@H](C=O)C.C(=O)[C@@H](NC)CCC(N)=O.CC(C)C[C@@H](C=O)NC.N([C@H](C=O)CCSC)C.C([C@@H](C=O)NC)CCCN.C(O)[C@H](NC)C=O.O=C[C@@H](NC)CC(O)=O
pept4,O=C(C[C@@H](C=O)NC)O.O=C[C@H](CCSC)NC.O=C[C@@H](NC)CCCCN.CN[C@@H](C)C=O.C(C(N)=O)C[C@H](NC)C=O.C([C@H](CO)NC)=O.C([C@@H](C=O)NC)C(C)C.CN[C@H](C=O)Cc1ccccc1
pept4,c1(C[C@@H](C=O)NC)ccccc1.NC(=O)CC[C@H](NC)C=O.CN[C@H](C=O)CCSC.O=C[C@@H](NC)CCCCN.C(O)[C@@H](C=O)NC.O=C[C@H](CC(C)C)NC.O=C[C@@H](NC)C.[C@@H](CC(=O)O)(NC)C=O
pept4,CN[C@H](C=O)CCCCN.CN[C@@H](CO)C=O.C([C@@H](NC)CC(C)C)=O.CSCC[C@@H](C=O)NC.C([C@@H](C=O)NC)CC(N)=O.[C@@H](NC)(C=O)C.[C@@H](C=O)(Cc1ccccc1)NC.C(C[C@H](NC)C=O)(=O)O
pept4,N([C@H](C=O)CO)C.C([C@@H](NC)CC(C)C)=O.C([C@H](CCC(=O)N)NC)=O.c1ccc(C[C@@H](C=O)NC)cc1.C(=O)[C@@H](NC)CC(=O)O.C(CSC)[C@H](NC)C=O.C([C@@H](NC)CCCCN)=O.[C@@H](C)(NC)C=O
pept4,C(CC[C@H](NC)C=O)CN.O=C[C@@H](NC)CCSC.N(C)[C@H](C=O)CC(C)C.C(CC(=O)N)[C@@H](C=O)NC.O=C[C@H](CC(=O)O)NC.C([C@H](NC)C=O)O.c1(C[C@H](NC)C=O)ccccc1.N(C)[C@@H](C)C=O
pept4,N(C)[C@H](C=O)CCSC.CN[C@@H](CCCCN)C=O.C(CC[C@@H](C=O)NC)(=O)N.C(=O)[C@H](CO)NC.C([C@@H](NC)C)=O.c1ccc(C[C@@H](C=O)NC)cc1.C([C@H](NC)C=O)C(O)=O.[C@H](CC(C)C)(C=O)NC
pept4,[C@H](CCCCN)(C=O)NC.c1cccc(C[C@@H](C=O)NC)c1.O=C(CC[C@H](NC)C=O)N.C(O)(C[C@H](NC)C=O)=O.C(=O)[C@H](CCSC)NC.C[C@H](NC)C=O.O=C[C@@H](NC)CC(C)C.N(C)[C@H](C=O)CO
pept4,C([C@@H](C=O)NC)O.C([C@H](NC)C=O)CSC.C(CC(=O)N)[C@@H](C=O)NC.C([C@@H](C=O)NC)c1ccccc1.CN[C@H](C=O)CC(C)C.CN[C@H](C=O)CC(O)=O.C([C@H](NC)C=O)CCCN.CN[C@@H](C)C=O
pept4,S(C)CC[C@@H](C=O)NC.C(=O)[C@H](C)NC.N([C@@H](Cc1ccccc1)C=O)C.N(C)[C@@H](CC(C)C)C=O.C(N)(CC[C@H](NC)C=O)=O.CN[C@H](C=O)CC(O)=O.CN[C@H](C=O)CO.NCCCC[C@@H](C=O)NC
pept4,C(C[C@@H](C=O)NC)CCN.S(CC[C@@H](C=O)NC)C.NC(CC[C@H](NC)C=O)=O.[C@H](NC)(CC(C)C)C=O.CN[C@@H](CC(O)=O)C=O.N([C@H](C=O)C)C.[C@@H](C=O)(CO)NC.O=C[C@@H](NC)Cc1ccccc1
pept4,O=C[C@@H](NC)CC(=O)O.c1ccccc1C[C@@H](C=O)NC.O=C[C@H](C)NC.[C@H](C=O)(NC)CC(C)C.O=C[C@H](CCSC)NC.CN[C@@H](CCCCN)C=O.C([C@H](NC)C=O)O.C(C[C@H](NC)C=O)C(=O)N
pept4,N(C)[C@H](C=O)CC(O)=O.CN[C@H](C=O)CO.O=C[C@H](CCC(N)=O)NC.c1cc(C[C@H](NC)C=O)ccc1.C([C@H](C)NC)=O.C(=O)[C@H](CCCCN)NC.S(C)CC[C@H](NC)C=O.CN[C@H](C=O)CC(C)C
pept4,O=C(O)C[C@H](NC)C=O.N([C@@H](C)C=O)C.O=C[C@H](CCSC)NC.[C@@H](C=O)(CCC(N)=O)NC.[C@@H](C=O)(CC(C)C)NC.C(=O)[C@H](CO)NC.c1ccccc1C[C@H](NC)C=O.C(CN)CC[C@@H](C=O)NC
pept4,c1ccc(C[C@@H](C=O)NC)cc1.C(CC(N)=O)[C@@H](C=O)NC.C(=O)[C@@H](NC)C.CC(C)C[C@H](NC)C=O.C(O)(=O)C[C@@H](C=O)NC.CSCC[C@H](NC)C=O.C([C@@H](C=O)NC)O.C(=O)[C@H](CCCCN)NC
pept4,C([C@@H](NC)CCC(N)=O)=O.CN[C@H](C=O)CC(=O)O.C(CC[C@@H](C=O)NC)CN.CN[C@H](C=O)Cc1ccccc1.CC(C)C[C@@H](C=O)NC.N(C)[C@@H](C)C=O.O=C[C@H](CO)NC.C([C@@H](C=O)NC)CSC
pept4,[C@@H](CC(C)C)(NC)C=O.C([C@H](CO)NC)=O.[C@H](C=O)(NC)CC(O)=O.CSCC[C@@H](C=O)NC.C(CC[C@@H](C=O)NC)CN.C(C(N)=O)C[C@H](NC)C=O.N([C@@H](Cc1ccccc1)C=O)C.C(=O)[C@H](C)NC
pept4,C([C@@H](C=O)NC)CSC.C(C(=O)O)[C@H](NC)C=O.C([C@@H](C=O)NC)c1ccccc1.O=C[C@H](C)NC.CN[C@@H](CC(C)C)C=O.C(=O)(N)CC[C@@H](C=O)NC.C([C@@H](C=O)NC)O.C(=O)[C@H](CCCCN)NC
pept4,O=C[C@H](CC(C)C)NC.CN[C@H](C=O)CCC(N)=O.O=C[C@@H](NC)CO.C([C@@H](C=O)NC)c1ccccc1.C[C@H](NC)C=O.[C@@H](NC)(C=O)CCCCN.O=C[C@H](CC(=O)O)NC.S(CC[C@H](NC)C=O)C
pept4,C(C(C)C)[C@@H](C=O)NC.CN[C@H](C=O)CCSC.C(=O)[C@@H](NC)CCCCN.N([C@H](C=O)C)C.C([C@H](Cc1ccccc1)NC)=O.C(=O)(N)CC[C@@H](C=O)NC.O=C[C@@H](NC)CO.O=C(C[C@@H](C=O)NC)O
pept4,CC(C[C@H](NC)C=O)C.c1cc(C[C@H](NC)C=O)ccc1.C(C[C@H](NC)C=O)(=O)O.C(=O)[C@H](CCCCN)NC.CN[C@@H](CCC(N)=O)C=O.O=C[C@H](CO)NC.O=C[C@@H](NC)CCSC.[C@H](C=O)(NC)C
pept4,c1cccc(C[C@@H](C=O)NC)c1.O=C[C@@H](NC)CC(C)C.C(C(O)=O)[C@H](NC)C=O.C[C@@H](C=O)NC.N(C)[C@@H](CO)C=O.[C@H](C=O)(NC)CCC(=O)N.C([C@@H](NC)CCSC)=O.C(CCN)C[C@H](NC)C=O
pept4,C(C(N)=O)C[C@H](NC)C=O.O=C[C@H](CC(O)=O)NC.C(C[C@@H](C=O)NC)SC.C([C@H](NC)C=O)CCCN.c1ccccc1C[C@@H](C=O)NC.C[C@@H](C=O)NC.O=C[C@@H](NC)CC(C)C.C(O)[C@H](NC)C=O
pept4,N([C@H](C=O)CO)C.CN[C@@H](CC(=O)O)C=O.CN[C@@H](CCCCN)C=O.C(C[C@@H](C=O)NC)SC.C([C@@H](C=O)NC)CC(N)=O.c1c(C[C@H](NC)C=O)cccc1.CC(C)C[C@H](NC)C=O.N([C@H](C=O)C)C
pept4,[C@@H](C=O)(CC(=O)O)NC.C(=O)[C@H](CCSC)NC.[C@H](NC)(CC(C)C)C=O.O=C[C@H](CO)NC.C(C[C@@H](C=O)NC)C(=O)N.C(CCCN)[C@H](NC)C=O.C(=O)[C@@H](NC)C.[C@H](C=O)(NC)Cc1ccccc1
pept4,C([C@@H](C=O)NC)CSC.c1ccccc1C[C@@H](C=O)NC.OC[C@H](NC)C=O.C(CN)CC[C@H](NC)C=O.C(C[C@@H](C=O)NC)C(N)=O.CC(C[C@@H](C=O)NC)C.C(=O)[C@@H](NC)C.CN[C@@H](CC(O)=O)C=O
pept4,N(C)[C@@H](C)C=O.CSCC[C@H](NC)C=O.C(=O)[C@H](CCC(N)=O)NC.C(CCCN)[C@H](NC)C=O.CN[C@@H](CO)C=O.C(O)(C[C@H](NC)C=O)=O.N(C)[C@@H](CC(C)C)C=O.c1cccc(C[C@@H](C=O)NC)c1
pept4,C([C@H](CC(C)C)NC)=O.CN[C@H](C=O)CCCCN.CN[C@@H](CC(O)=O)C=O.C(C[C@H](NC)C=O)SC.c1ccc(C[C@H](NC)C=O)cc1.[C@H](C=O)(NC)CO.C(C[C@@H](C=O)NC)C(=O)N.C([C@H](C)NC)=O
pept4,CSCC[C@H](NC)C=O.[C@@H](NC)(C=O)Cc1ccccc1.C(C[C@@H](C=O)NC)(=O)O.[C@H](NC)(CC(C)C)C=O.NCCCC[C@@H](C=O)NC.O=C[C@@H](NC)C.OC[C@@H](C=O)NC.N(C)[C@H](C=O)CCC(=O)N
pept4,NC(=O)CC[C@H](NC)C=O.C(O)[C@@H](C=O)NC.N([C@H](C=O)CC(C)C)C.C([C@H](CC(O)=O)NC)=O.C(CCC[C@H](NC)C=O)N.c1ccccc1C[C@H](NC)C=O.CSCC[C@H](NC)C=O.[C@@H](NC)(C=O)C
pept4,[C@@H](NC)(C=O)Cc1ccccc1.C(C[C@@H](C=O)NC)(=O)O.O=C[C@@H](NC)CO.CN[C@H](C=O)CC(C)C.[C@@H](C)(NC)C=O.C([C@@H](NC)CCSC)=O.C([C@H](NC)C=O)CC(=O)N.C(CC[C@@H](C=O)NC)CN
pept4,CC(C)C[C@H](NC)C=O.C(C(N)=O)C[C@H](NC)C=O.N(C)[C@@H](CCSC)C=O.C([C@@H](NC)C)=O.CN[C@@H](CCCCN)C=O.c1cc(C[C@@H](C=O)NC)ccc1.OC[C@H](NC)C=O.C(C(O)=O)[C@@H](C=O)NC
pept4,CN[C@H](C=O)CCCCN.[C@H](C=O)(NC)CO.[C@@H](NC)(C=O)CC(C)C.N(C)[C@@H](CCC(=O)N)C=O.O=C[C@@H](NC)CCSC.O=C(C[C@H](NC)C=O)O.c1ccc(C[C@@H](C=O)NC)cc1.CN[C@H](C=O)C
pept4,C(C[C@@H](C=O)NC)SC.O=C(CC[C@@H](C=O)NC)N.CN[C@H](C=O)C.[C@@H](CCCCN)(NC)C=O.[C@@H](C=O)(CC(C)C)NC.c1ccccc1C[C@H](NC)C=O.[C@H](CC(O)=O)(C=O)NC.OC[C@H](NC)C=O
pept4,[C@@H](C=O)(Cc1ccccc1)NC.N([C@H](C=O)CO)C.O=C[C@H](C)NC.C(=O)[C@@H](NC)CC(C)C.C(C[C@@H](C=O)NC)CCN.C(C(N)=O)C[C@H](NC)C=O.C(=O)[C@H](CC(=O)O)NC.CN[C@@H](CCSC)C=O
pept4,O=C[C@H](Cc1ccccc1)NC.C(CC(=O)N)[C@@H](C=O)NC.C(SC)C[C@H](NC)C=O.C(C)(C[C@H](NC)C=O)C.C[C@@H](C=O)NC.C(C(O)=O)[C@H](NC)C=O.O=C[C@@H](NC)CO.N(C)[C@@H](CCCCN)C=O
pept4,C(C[C@@H](C=O)NC)C(=O)N.[C@H](NC)(Cc1ccccc1)C=O.[C@@H](CCSC)(NC)C=O.CC(C)C[C@@H](C=O)NC.C([C@@H](NC)CC(O)=O)=O.O=C[C@H](CO)NC.[C@H](NC)(CCCCN)C=O.C[C@@H](C=O)NC
pept4,NCCCC[C@H](NC)C=O.C([C@H](NC)C=O)c1ccccc1.N(C)[C@H](C=O)CO.CC(C)C[C@H](NC)C=O.C([C@H](NC)C=O)C(O)=O.N(C)[C@H](C=O)CCSC.C(CC(N)=O)[C@H](NC)C=O.CN[C@H](C=O)C
pept4,S(C)CC[C@H](NC)C=O.C(CCCN)[C@@H](C=O)NC.O=C[C@H](CC(O)=O)NC.CC(C[C@H](NC)C=O)C.N([C@H](C=O)Cc1ccccc1)C.C(C(=O)N)C[C@H](NC)C=O.CN[C@H](C=O)C.[C@@H](NC)(C=O)CO
pept4,O=C[C@H](CCC(=O)N)NC.CN[C@@H](CCCCN)C=O.C([C@@H](NC)CC(C)C)=O.c1c(C[C@H](NC)C=O)cccc1.C(O)(=O)C[C@H](NC)C=O.[C@H](NC)(CO)C=O.C([C@H](CCSC)NC)=O.C([C@H](C)NC)=O
pept4,N([C@H](C=O)CCC(N)=O)C.C(=O)(O)C[C@@H](C=O)NC.[C@H](CCCCN)(C=O)NC.O=C[C@H](C)NC.O=C[C@H](CO)NC.C(CSC)[C@@H](C=O)NC.CC(C[C@@H](C=O)NC)C.c1(C[C@@H](C=O)NC)ccccc1
pept4,C(SC)C[C@@H](C=O)NC.O=C[C@H](Cc1ccccc1)NC.O=C[C@H](CCCCN)NC.C([C@H](NC)C=O)C(=O)O.C(=O)[C@H](CC(C)C)NC.CN[C@@H](CO)C=O.N([C@@H](CCC(N)=O)C=O)C.CN[C@H](C=O)C
pept4,C(CCC[C@@H](C=O)NC)N.C(C(C)C)[C@@H](C=O)NC.C(SC)C[C@@H](C=O)NC.N([C@@H](CO)C=O)C.[C@@H](C=O)(CC(O)=O)NC.CN[C@@H](C)C=O.C([C@H](NC)C=O)c1ccccc1.NC(CC[C@H](NC)C=O)=O
pept4,C(C(=O)O)[C@@H](C=O)NC.CC(C[C@@H](C=O)NC)C.O=C[C@H](CO)NC.C(=O)[C@@H](NC)C.CN[C@H](C=O)CCC(=O)N.C(C[C@H](NC)C=O)SC.c1cccc(C[C@@H](C=O)NC)c1.[C@H](NC)(CCCCN)C=O
pept4,C(C(C)C)[C@@H](C=O)NC.N(C)[C@@H](CCSC)C=O.NCCCC[C@@H](C=O)NC.C([C@@H](NC)Cc1ccccc1)=O.O=C[C@H](CO)NC.[C@@H](C=O)(CC(O)=O)NC.CN[C@@H](CCC(N)=O)C=O.N([C@@H](C)C=O)C
pept4,CC(C)C[C@H](NC)C=O.CSCC[C@H](NC)C=O.C([C@H](C)NC)=O.O=C[C@@H](NC)Cc1ccccc1.OC[C@H](NC)C=O.C([C@@H](NC)CCCCN)=O.C(N)(CC[C@@H](C=O)NC)=O.CN[C@H](C=O)CC(O)=O
pept4,C(O)[C@H](NC)C=O.CN[C@@H](CCC(N)=O)C=O.c1cccc(C[C@@H](C=O)NC)c1.O=C[C@@H](NC)CC(C)C.C(CSC)[C@H](NC)C=O.CN[C@H](C=O)CC(=O)O.O=C[C@H](CCCCN)NC.N(C)[C@@H](C)C=O
pept4,O=C[C@@H](NC)CCSC.CN[C@H](C=O)CC(C)C.C([C@H](NC)C=O)C(O)=O.[C@@H](C=O)(Cc1ccccc1)NC.N(C)[C@@H](CCCCN)C=O.N([C@@H](C)C=O)C.[C@@H](C=O)(CCC(N)=O)NC.CN[C@@H](CO)C=O
pept4,C(CCC[C@H](NC)C=O)N.C(CSC)[C@H](NC)C=O.C([C@@H](C=O)NC)CC(N)=O.C(=O)(O)C[C@@H](C=O)NC.C(=O)[C@@H](NC)CO.O=C[C@@H](NC)CC(C)C.C(=O)[C@@H](NC)Cc1ccccc1.CN[C@@H](C)C=O
pept4,O=C[C@H](C)NC.CN[C@@H](CCCCN)C=O.N(C)[C@@H](CC(C)C)C=O.C(C[C@H](NC)C=O)SC.O=C(CC[C@@H](C=O)NC)N.c1ccc(C[C@H](NC)C=O)cc1.O=C(C[C@@H](C=O)NC)O.OC[C@H](NC)C=O
pept4,CC(C)C[C@@H](C=O)NC.N([C@@H](C)C=O)C.C(CSC)[C@@H](C=O)NC.CN[C@H](C=O)CCCCN.OC[C@@H](C=O)NC.CN[C@@H](CCC(N)=O)C=O.N([C@@H](Cc1ccccc1)C=O)C.C(O)(C[C@@H](C=O)NC)=O
pept5,CC[C@H](C)[C@@H](C=O)NC.CN[C@@H](C)C=O.CN[C@H](C=O)C(C)C.CN[C@H](C=O)CC(N)=O.CN[C@H](C=O)CCC(N)=O.CN[C@H](C=O)CCCNC(=N)N.CN[C@H](C=O)CO.CN[C@H](C=O)[C@@H](C)OC
pept5,CN[C@@H](C(C)C)C=O.[C@H](C=O)(NC)[C@H](CC)C.C(O)[C@H](NC)C=O.NC(=O)C[C@@H](C=O)NC.C[C@@H](C=O)NC.NC(=O)CC[C@H](NC)C=O.C(N)(=N)NCCC[C@@H](C=O)NC.CN[C@H](C=O)[C@H](OC)C
pept5,C(C[C@H](NC)C=O)CNC(=N)N.C(C(N)=O)[C@@H](C=O)NC.C(O)[C@H](NC)C=O.N(C)[C@@H](C(C)C)C=O.O=C(CC[C@H](NC)C=O)N.CN[C@@H](C)C=O.N([C@@H]([C@@H](C)OC)C=O)C.N([C@H](C=O)[C@@H](C)CC)C
pept5,C(C(N)=O)[C@@H](C=O)NC.CO[C@@H]([C@H](NC)C=O)C.C(=O)[C@H](CO)NC.C[C@@H](CC)[C@H](NC)C=O.[C@@H](CCCNC(=N)N)(NC)C=O.C([C@H](C(C)C)NC)=O.C(N)(=O)CC[C@@H](C=O)NC.N(C)[C@H](C=O)C
pept5,CN[C@@H](CC(=O)N)C=O.C(C[C@H](NC)C=O)CNC(N)=N.C(C)[C@@H]([C@@H](C=O)NC)C.C(=O)[C@H]([C@@H](C)OC)NC.CN[C@H](C=O)C(C)C.N(C)[C@@H](CCC(=O)N)C=O.N(C)[C@@H](CO)C=O.O=C[C@H](C)NC
pept5,N([C@H](C=O)CC(=O)N)C.CN[C@H](C=O)[C@@H](C)OC.C(CC(=O)N)[C@@H](C=O)NC.O=C[C@@H](NC)CCCNC(N)=N.C(O)[C@@H](C=O)NC.CC[C@H](C)[C@@H](C=O)NC.[C@@H](C=O)(C)NC.N(C)[C@@H](C(C)C)C=O
pept5,O=C[C@H](CC(N)=O)NC.C(CC(=O)N)[C@H](NC)C=O.C[C@@H](OC)[C@@H](C=O)NC.O=C[C@@H](NC)CO.C(=N)(N)NCCC[C@@H](C=O)NC.[C@H](C=O)(NC)C(C)C.[C@H](C=O)(NC)[C@H](CC)C.C([C@H](C)NC)=O
pept5,CC([C@H](NC)C=O)C.N=C(N)NCCC[C@H](NC)C=O.N([C@H](C=O)CCC(N)=O)C.[C@H]([C@H](OC)C)(C=O)NC.CN[C@H](C=O)CC(=O)N.N([C@H](C=O)[C@@H](C)CC)C.N(C)[C@@H](CO)C=O.C[C@H](NC)C=O
pept5,CN[C@@H](CCC(N)=O)C=O.C(=O)[C@@H](NC)[C@H](CC)C.O=C[C@@H](NC)C(C)C.N([C@@H](C)C=O)C.CN[C@@H](CC(N)=O)C=O.CN[C@@H](CCCNC(N)=N)C=O.N([C@@H]([C@@H](C)OC)C=O)C.O=C[C@H](CO)NC
pept5,N(C)[C@@H](CCC(N)=O)C=O.[C@H]([C@@H](C)CC)(C=O)NC.C([C@H](NC)C=O)(C)C.C(O)[C@@H](C=O)NC.C(N)(=O)C[C@@H](C=O)NC.CO[C@H](C)[C@@H](C=O)NC.CN[C@@H](CCCNC(N)=N)C=O.N(C)[C@@H](C)C=O
pept5,CC([C@H](NC)C=O)C.[C@@H](C=O)([C@@H](C)CC)NC.C(O)[C@@H](C=O)NC.C(CCNC(N)=N)[C@@H](C=O)NC.N([C@H](C=O)CC(N)=O)C.CN[C@@H](C)C=O.C(C[C@@H](C=O)NC)C(=O)N.[C@H](C)(OC)[C@H](NC)C=O
pept5,C[C@@H](CC)[C@H](NC)C=O.CN[C@H](C=O)CCC(N)=O.[C@@H](C(C)C)(NC)C=O.C(=O)[C@@H](NC)CO.C[C@@H](OC)[C@H](NC)C=O.NC(=N)NCCC[C@@H](C=O)NC.N(C)[C@H](C=O)C.CN[C@H](C=O)CC(N)=O
pept5,CN[C@H](C=O)[C@H](CC)C.[C@@H](CO)(NC)C=O.C([C@H](NC)C=O)CC(N)=O.N=C(NCCC[C@H](NC)C=O)N.C(=O)[C@@H](NC)[C@H](OC)C.C[C@H](NC)C=O.N(C)[C@H](C=O)C(C)C.C(=O)(N)C[C@H](NC)C=O
pept5,NC(NCCC[C@@H](C=O)NC)=N.[C@@H](NC)(C=O)C.N([C@H](C=O)[C@@H](C)OC)C.C([C@@H](NC)CO)=O.NC(=O)CC[C@@H](C=O)NC.CC(C)[C@@H](C=O)NC.C(C(N)=O)[C@@H](C=O)NC.[C@H]([C@H](CC)C)(C=O)NC
pept5,[C@H](NC)(CCC(=O)N)C=O.[C@H](C=O)(NC)CC(N)=O.[C@@H](C=O)(C(C)C)NC.C(=O)[C@@H](NC)C.C(C)[C@H](C)[C@@H](C=O)NC.C(N)(NCCC[C@@H](C=O)NC)=N.CN[C@H](C=O)CO.N([C@H](C=O)[C@H](OC)C)C
pept5,CN[C@H](C=O)C.[C@@H](C=O)(CCC(=O)N)NC.CN[C@H](C=O)C(C)C.C(=O)[C@H]([C@@H](C)OC)NC.CC[C@@H]([C@H](NC)C=O)C.C(=O)[C@@H](NC)CC(=O)N.N(C(=N)N)CCC[C@H](NC)C=O.C(=O)[C@@H](NC)CO
pept5,C(=O)(C[C@@H](C=O)NC)N.C(=O)(CC[C@@H](C=O)NC)N.C([C@H](NC)C=O)(C)C.N([C@H](C=O)[C@@H](C)OC)C.C(CC[C@H](NC)C=O)NC(=N)N.[C@@H](C=O)(C)NC.N(C)[C@H](C=O)[C@@H](C)CC.C(=O)[C@@H](NC)CO
pept5,C(C[C@@H](C=O)NC)CNC(=N)N.[C@H](C)(C=O)NC.O=C(N)C[C@H](NC)C=O.CC(C)[C@@H](C=O)NC.C([C@@H](NC)CCC(N)=O)=O.C(C)[C@@H]([C@@H](C=O)NC)C.OC[C@@H](C=O)NC.[C@H]([C@@H](C=O)NC)(C)OC
pept5,C(CCNC(=N)N)[C@@H](C=O)NC.[C@H](NC)(C)C=O.CN[C@H](C=O)CCC(N)=O.OC[C@H](NC)C=O.O=C(N)C[C@@H](C=O)NC.CN[C@H](C=O)C(C)C.CC[C@H](C)[C@@H](C=O)NC.C(=O)[C@@H](NC)[C@@H](C)OC
pept5,N(C)[C@@H](CO)C=O.C(C(=O)N)C[C@@H](C=O)NC.C([C@H]([C@H](OC)C)NC)=O.O=C(N)C[C@@H](C=O)NC.[C@@H](NC)(C=O)[C@@H](C)CC.CN[C@@H](CCCNC(N)=N)C=O.[C@@H](NC)(C=O)C(C)C.CN[C@@H](C)C=O
pept5,CC[C@H](C)[C@@H](C=O)NC.C[C@H](NC)C=O.CC([C@@H](C=O)NC)C.[C@H](NC)(CCC(N)=O)C=O.C(CCNC(=N)N)[C@@H](C=O)NC.C(=O)[C@@H](NC)CC(N)=O.OC[C@@H](C=O)NC.C[C@H]([C@H](NC)C=O)OC
pept5,O=C[C@@H](NC)CC(=O)N.O=C(CC[C@@H](C=O)NC)N.CC(C)[C@H](NC)C=O.[C@H]([C@@H](C=O)NC)(C)OC.N(C)[C@H](C=O)[C@@H](C)CC.N(C(N)=N)CCC[C@@H](C=O)NC.[C@H](C=O)(NC)C.[C@@H](NC)(C=O)CO
pept5,C(C)(C)[C@H](NC)C=O.C(N)(=O)CC[C@@H](C=O)NC.C(N)(=O)C[C@@H](C=O)NC.O=C[C@@H](NC)CCCNC(=N)N.CN[C@H](C=O)[C@H](CC)C.[C@@H](NC)(C=O)C.N(C)[C@@H]([C@@H](C)OC)C=O.OC[C@@H](C=O)NC
pept5,C[C@@H](C=O)NC.CN[C@@H](CCC(=O)N)C=O.C(=O)[C@@H](NC)C(C)C.O([C@H](C)[C@H](NC)C=O)C.CC[C@H](C)[C@H](NC)C=O.C(O)[C@H](NC)C=O.C(N)(=O)C[C@@H](C=O)NC.O=C[C@H](CCCNC(N)=N)NC
pept5,C[C@H](NC)C=O.C(=O)[C@@H](NC)CC(N)=O.C(=O)(N)CC[C@@H](C=O)NC.[C@H](NC)(CO)C=O.C(C[C@@H](C=O)NC)CNC(=N)N.CN[C@H](C=O)C(C)C.N(C)[C@@H]([C@@H](C)CC)C=O.N(C)[C@@H]([C@H](OC)C)C=O
pept5,CN[C@@H]([C@@H](C)CC)C=O.C(=O)[C@@H](NC)[C@H](OC)C.CN[C@H](C=O)CC(N)=O.CN[C@@H](C)C=O.C(=O)[C@H](CCC(N)=O)NC.C(C)([C@H](NC)C=O)C.C(CCNC(N)=N)[C@H](NC)C=O.O=C[C@H](CO)NC
pept5,NC(=O)CC[C@H](NC)C=O.[C@H](NC)(CO)C=O.CO[C@H](C)[C@@H](C=O)NC.[C@@H]([C@@H](C=O)NC)(CC)C.O=C[C@H](CC(=O)N)NC.CN[C@@H](C(C)C)C=O.N=C(N)NCCC[C@@H](C=O)NC.O=C[C@H](C)NC
pept5,C([C@@H](C=O)NC)O.O=C[C@H](CC(=O)N)NC.C(N)(=N)NCCC[C@H](NC)C=O.[C@@H](C)([C@@H](C=O)NC)OC.O=C[C@H](C)NC.CC([C@@H](C=O)NC)C.O=C[C@H]([C@@H](C)CC)NC.N([C@@H](CCC(=O)N)C=O)C
pept5,N([C@H](C=O)CCC(N)=O)C.O=C(C[C@@H](C=O)NC)N.OC[C@@H](C=O)NC.C(CC[C@H](NC)C=O)NC(=N)N.O=C[C@@H](NC)[C@@H](C)CC.C[C@@H](C=O)NC.[C@H]([C@H](NC)C=O)(C)OC.C(=O)[C@H](C(C)C)NC
pept5,C(=O)(N)C[C@@H](C=O)NC.C([C@@H](C=O)NC)CC(=O)N.CO[C@@H]([C@H](NC)C=O)C.N([C@H](C=O)[C@H](CC)C)C.CN[C@H](C=O)CCCNC(=N)N.CC([C@@H](C=O)NC)C.O=C[C@@H](NC)C.OC[C@H](NC)C=O
pept5,O=C[C@H](CCC(N)=O)NC.CN[C@H](C=O)[C@@H](C)OC.CC([C@H](NC)C=O)C.CC[C@H](C)[C@H](NC)C=O.[C@H](CC(=O)N)(C=O)NC.C([C@H](C)NC)=O.OC[C@H](NC)C=O.C(CNC(=N)N)C[C@@H](C=O)NC
pept5,N(C)[C@@H](CCCNC(=N)N)C=O.O=C[C@@H](NC)CC(N)=O.O=C[C@H](C(C)C)NC.[C@@H](NC)(C=O)CCC(N)=O.CN[C@H](C=O)CO.C[C@H](NC)C=O.C(=O)[C@@H](NC)[C@@H](C)CC.C[C@H]([C@H](NC)C=O)OC
pept5,OC[C@H](NC)C=O.[C@@H](C=O)(CC(N)=O)NC.C([C@@H](NC)[C@@H](C)OC)=O.C(=O)[C@@H](NC)CCC(N)=O.O=C[C@@H](NC)C(C)C.[C@H](C)(C=O)NC.NC(=N)NCCC[C@H](NC)C=O.CN[C@H](C=O)[C@H](CC)C
pept5,O=C[C@H](C)NC.O=C[C@@H](NC)[C@H](OC)C.[C@H](C=O)(NC)CCCNC(N)=N.N(C)[C@H](C=O)CC(N)=O.C(=O)[C@@H](NC)C(C)C.NC(=O)CC[C@@H](C=O)NC.OC[C@H](NC)C=O.C(C)[C@@H]([C@H](NC)C=O)C
pept5,C[C@H]([C@H](NC)C=O)CC.C[C@@H](OC)[C@@H](C=O)NC.C(=O)[C@@H](NC)CCC(=O)N.C(=O)[C@@H](NC)CCCNC(N)=N.C([C@H](CO)NC)=O.CN[C@H](C=O)C.C(=O)(C[C@@H](C=O)NC)N.N([C@H](C=O)C(C)C)C
pept5,C(N)(NCCC[C@@H](C=O)NC)=N.C(C(=O)N)[C@H](NC)C=O.C(CC[C@H](NC)C=O)(N)=O.N(C)[C@@H]([C@H](OC)C)C=O.O=C[C@@H](NC)C.N([C@@H](CO)C=O)C.N(C)[C@H](C=O)[C@H](CC)C.CN[C@H](C=O)C(C)C
pept5,CN[C@@H](CC(=O)N)C=O.CN[C@H](C=O)CO.CN[C@@H](C)C=O.C(CCNC(N)=N)[C@@H](C=O)NC.O(C)[C@@H]([C@H](NC)C=O)C.CC[C@H](C)[C@H](NC)C=O.[C@@H](NC)(C=O)C(C)C.N([C@@H](CCC(N)=O)C=O)C
pept5,C([C@@H](NC)CO)=O.C(CCNC(N)=N)[C@@H](C=O)NC.[C@H]([C@@H](C=O)NC)(C)OC.CN[C@H](C=O)CC(N)=O.C(=O)[C@H](C(C)C)NC.[C@@H](C=O)(C)NC.CN[C@@H]([C@H](CC)C)C=O.NC(=O)CC[C@H](NC)C=O
pept5,C([C@@H](NC)[C@@H](C)OC)=O.CC(C)[C@@H](C=O)NC.C(C[C@@H](C=O)NC)C(N)=O.O=C(C[C@H](NC)C=O)N.O=C[C@H](CCCNC(N)=N)NC.C[C@H](NC)C=O.OC[C@@H](C=O)NC.C(C)[C@@H]([C@H](NC)C=O)C
pept5,CN[C@H](C=O)CO.O=C[C@@H](NC)[C@@H](C)CC.N(C(=N)N)CCC[C@H](NC)C=O.N(C)[C@H](C=O)C.CO[C@@H]([C@H](NC)C=O)C.CN[C@H](C=O)CC(N)=O.O=C(N)CC[C@@H](C=O)NC.CC(C)[C@H](NC)C=O
pept5,NC(=O)C[C@@H](C=O)NC.O=C[C@H](C(C)C)NC.O=C[C@H](CCCNC(N)=N)NC.CN[C@@H](CO)C=O.[C@H](OC)([C@H](NC)C=O)C.[C@H](NC)([C@@H](C)CC)C=O.N(C)[C@@H](CCC(N)=O)C=O.N([C@H](C=O)C)C
pept5,C([C@H](NC)C=O)C(=O)N.O=C[C@H](CCCNC(=N)N)NC.CN[C@@H](C)C=O.C[C@H]([C@@H](C=O)NC)CC.CC([C@@H](C=O)NC)C.N(C)[C@@H](CCC(=O)N)C=O.O=C[C@@H](NC)[C@@H](C)OC.CN[C@H](C=O)CO
pept5,C(O)[C@H](NC)C=O.C([C@H](NC)C=O)CCNC(N)=N.C(=O)[C@@H](NC)CC(=O)N.CC(C)[C@H](NC)C=O.O=C[C@H]([C@@H](C)OC)NC.O=C[C@H](C)NC.CN[C@@H](CCC(N)=O)C=O.CN[C@H](C=O)[C@H](CC)C
pept5,C(=O)[C@@H](NC)CO.CO[C@H](C)[C@@H](C=O)NC.C(C)([C@H](NC)C=O)C.C(=O)[C@H]([C@@H](C)CC)NC.C(CC[C@@H](C=O)NC)(N)=O.O=C[C@@H](NC)CCCNC(N)=N.C(C(N)=O)[C@H](NC)C=O.CN[C@@H](C)C=O
pept5,O=C[C@@H](NC)CC(=O)N.C(NCCC[C@@H](C=O)NC)(=N)N.CN[C@H](C=O)[C@H](OC)C.CN[C@H](C=O)C.OC[C@H](NC)C=O.CN[C@@H]([C@@H](C)CC)C=O.C(C[C@@H](C=O)NC)C(N)=O.[C@H](NC)(C(C)C)C=O
pept5,C(=O)[C@@H](NC)C(C)C.CN[C@@H](C)C=O.C(=O)[C@H](CCCNC(N)=N)NC.C(=O)[C@@H](NC)CO.CO[C@H](C)[C@H](NC)C=O.C(=O)[C@H](CCC(=O)N)NC.[C@H](C=O)(NC)CC(N)=O.CN[C@H](C=O)[C@H](CC)C
pept5,C([C@@H](C=O)NC)O.CN[C@H](C=O)CCCNC(=N)N.[C@@H](NC)(C=O)[C@@H](C)CC.[C@@H](C=O)(C)NC.CC([C@H](NC)C=O)C.NC(=O)C[C@H](NC)C=O.C([C@H](NC)C=O)CC(N)=O.N(C)[C@H](C=O)[C@@H](C)OC
pept5,CN[C@@H](C)C=O.CN[C@H](C=O)[C@@H](C)OC.O=C[C@H]([C@@H](C)CC)NC.N([C@@H](C(C)C)C=O)C.O=C[C@@H](NC)CO.C(C(=O)N)[C@@H](C=O)NC.C(=O)[C@H](CCC(=O)N)NC.O=C[C@@H](NC)CCCNC(=N)N
pept5,[C@H](NC)(CCC(=O)N)C=O.O=C[C@H](CC(N)=O)NC.O=C[C@@H](NC)C.[C@H](CC)([C@@H](C=O)NC)C.N([C@H](C=O)C(C)C)C.OC[C@H](NC)C=O.N(C)[C@@H](CCCNC(=N)N)C=O.[C@@H]([C@H](NC)C=O)(OC)C
pept5,O=C[C@@H](NC)[C@@H](C)CC.O([C@H](C)[C@H](NC)C=O)C.O=C(C[C@H](NC)C=O)N.[C@@H](NC)(C=O)C.[C@@H](C=O)(CCCNC(=N)N)NC.C([C@@H](NC)CO)=O.N(C)[C@@H](C(C)C)C=O.N(C)[C@@H](CCC(=O)N)C=O
pept5,CN[C@@H](CCC(N)=O)C=O.[C@@H](CC)(C)[C@H](NC)C=O.[C@H](C=O)(NC)CO.N(C)[C@@H](CC(N)=O)C=O.N=C(N)NCCC[C@H](NC)C=O.C[C@@H](OC)[C@@H](C=O)NC.N(C)[C@@H](C(C)C)C=O.C[C@H](NC)C=O
pept5,C(CC[C@H](NC)C=O)(=O)N.O=C[C@@H](NC)C(C)C.CN[C@H](C=O)[C@@H](C)CC.CN[C@@H](CO)C=O.C([C@H](CCCNC(N)=N)NC)=O.C([C@@H](NC)[C@H](OC)C)=O.CN[C@H](C=O)C.C(N)(C[C@@H](C=O)NC)=O
pept5,C[C@@H](OC)[C@@H](C=O)NC.CC[C@@H]([C@H](NC)C=O)C.C([C@H](CCCNC(=N)N)NC)=O.OC[C@@H](C=O)NC.C([C@@H](NC)CCC(=O)N)=O.[C@@H](C(C)C)(NC)C=O.CN[C@H](C=O)CC(=O)N.N([C@H](C=O)C)C
pept5,NC(=O)CC[C@@H](C=O)NC.CN[C@@H](CCCNC(=N)N)C=O.[C@@H]([C@H](NC)C=O)(OC)C.N([C@@H](CO)C=O)C.NC(=O)C[C@H](NC)C=O.C[C@H]([C@H](NC)C=O)CC.N([C@@H](C(C)C)C=O)C.[C@@H](C=O)(C)NC
pept5,C([C@@H](NC)[C@@H](C)CC)=O.O=C(C[C@@H](C=O)NC)N.[C@H](NC)(CCCNC(N)=N)C=O.O(C)[C@H](C)[C@@H](C=O)NC.C[C@H](NC)C=O.OC[C@@H](C=O)NC.NC(=O)CC[C@H](NC)C=O.C(C)([C@@H](C=O)NC)C
pept5,O=C[C@H]([C@H](CC)C)NC.C(C)(C)[C@@H](C=O)NC.[C@H]([C@@H](C=O)NC)(C)OC.CN[C@H](C=O)CCC(N)=O.C(CC[C@@H](C=O)NC)NC(N)=N.N(C)[C@@H](CC(=O)N)C=O.O=C[C@H](CO)NC.[C@H](NC)(C)C=O
pept5,C(=O)[C@@H](NC)C.O=C[C@@H](NC)[C@@H](C)OC.N(CCC[C@@H](C=O)NC)C(=N)N.C(=O)(N)C[C@H](NC)C=O.O=C[C@H](CO)NC.[C@@H](C(C)C)(NC)C=O.[C@H](CCC(=O)N)(C=O)NC.[C@@H](NC)(C=O)[C@@H](C)CC
pept5,O=C(N)CC[C@@H](C=O)NC.C(C)(C)[C@H](NC)C=O.N(C)[C@H](C=O)CC(N)=O.C([C@H]([C@@H](C)OC)NC)=O.NC(=N)NCCC[C@H](NC)C=O.CC[C@H](C)[C@H](NC)C=O.C(=O)[C@H](CO)NC.N([C@@H](C)C=O)C
pept5,[C@H]([C@H](OC)C)(C=O)NC.C(=O)[C@H](CCC(N)=O)NC.C([C@@H](C=O)NC)CCNC(=N)N.NC(=O)C[C@H](NC)C=O.CN[C@H](C=O)[C@H](CC)C.O=C[C@@H](NC)C.N([C@H](C=O)CO)C.O=C[C@@H](NC)C(C)C
pept5,O=C(N)C[C@H](NC)C=O.C([C@H](C(C)C)NC)=O.CN[C@H](C=O)[C@@H](C)OC.N=C(NCCC[C@H](NC)C=O)N.CN[C@@H]([C@@H](C)CC)C=O.CN[C@@H](C)C=O.[C@H](CCC(N)=O)(C=O)NC.OC[C@@H](C=O)NC
pept6,CN1CCC[C@H]1C=O.CNCC=O.CN[C@H](C=O)CC(C)C.CN[C@H](C=O)CCCCN.CN[C@H](C=O)CCSC.CN[C@H](C=O)Cc1c[nH]c2ccccc12.CN[C@H](C=O)Cc1c[nH]cn1.CN[C@H](C=O)Cc1ccccc1
pept6,c12c([nH]cc1C[C@@H](C=O)NC)cccc2.C(c1c[nH]cn1)[C@H](NC)C=O.c1c(C[C@@H](C=O)NC)cccc1.N([C@@H](CC(C)C)C=O)C.C1C[C@@H](C=O)N(C)C1.CSCC[C@H](NC)C=O.O=CCNC.C([C@H](CCCCN)NC)=O
pept6,C(CC[C@@H](C=O)NC)CN.C1N(C)[C@H](C=O)CC1.c1(C[C@H](NC)C=O)c2ccccc2[nH]c1.CNCC=O.c1ccccc1C[C@@H](C=O)NC.c1(C[C@@H](C=O)NC)c[nH]cn1.[C@H](C=O)(NC)CC(C)C.S(CC[C@H](NC)C=O)C
pept6,N(C)[C@H](C=O)Cc1c[nH]cn1.C(C[C@H](NC)C=O)(C)C.C(=O)[C@@H]1CCCN1C.CN[C@@H](CCSC)C=O.c1ccc2c(c(C[C@H](NC)C=O)c[nH]2)c1.O=C[C@@H](NC)CCCCN.O=C[C@H](Cc1ccccc1)NC.N(C)CC=O
pept6,[C@H](NC)(Cc1ccccc1)C=O.[C@H](C=O)(NC)CCCCN.C(CSC)[C@@H](C=O)NC.C1CCN(C)[C@@H]1C=O.CNCC=O.C(=O)[C@H](CC(C)C)NC.[nH]1cc(C[C@H](NC)C=O)c2c1cccc2.[C@@H](Cc1nc[nH]c1)(NC)C=O
pept6,[C@H](C=O)(NC)CCCCN.c1cccc2c(C[C@@H](C=O)NC)c[nH]c12.C(=O)[C@@H](NC)Cc1c[nH]cn1.N([C@H](C=O)Cc1ccccc1)C.O=C[C@@H](NC)CC(C)C.C(CNC)=O.CN1CCC[C@H]1C=O.N(C)[C@@H](CCSC)C=O
pept6,[C@H]1(C=O)N(C)CCC1.CN[C@H](C=O)Cc1c[nH]cn1.NCCCC[C@H](NC)C=O.C([C@@H](NC)Cc1c2ccccc2[nH]c1)=O.C(c1ccccc1)[C@H](NC)C=O.N([C@H](C=O)CCSC)C.O=C[C@H](CC(C)C)NC.N(C)CC=O
pept6,CSCC[C@@H](C=O)NC.CN[C@H](C=O)Cc1c2c(cccc2)[nH]c1.C1[C@@H](C=O)N(C)CC1.CN[C@H](C=O)Cc1nc[nH]c1.N([C@@H](Cc1ccccc1)C=O)C.C(=O)CNC.C(C[C@H](NC)C=O)CCN.CC(C[C@H](NC)C=O)C
pept6,c1(C[C@H](NC)C=O)c[nH]c2c1cccc2.[nH]1cc(C[C@H](NC)C=O)nc1.C(CCN)C[C@H](NC)C=O.O=C[C@@H](NC)CCSC.C(C=O)NC.c1(C[C@H](NC)C=O)ccccc1.CN1[C@H](C=O)CCC1.CN[C@@H](CC(C)C)C=O
pept6,[C@@H](C=O)(Cc1nc[nH]c1)NC.C([C@H](NC)C=O)C(C)C.O=C[C@H](CCSC)NC.C1CN(C)[C@H](C=O)C1.c1[nH]c2c(cccc2)c1C[C@H](NC)C=O.C([C@@H](NC)CCCCN)=O.C(CNC)=O.c1(C[C@@H](C=O)NC)ccccc1
pept6,CN[C@@H](CCSC)C=O.C([C@H](NC)C=O)c1nc[nH]c1.[C@H](CC(C)C)(C=O)NC.N1(C)CCC[C@H]1C=O.C(CN)CC[C@@H](C=O)NC.CNCC=O.O=C[C@H](Cc1c2c([nH]c1)cccc2)NC.N([C@@H](Cc1ccccc1)C=O)C
pept6,c1cc(C[C@@H](C=O)NC)ccc1.c1c(C[C@@H](C=O)NC)c2c([nH]1)cccc2.N(C)[C@@H](Cc1nc[nH]c1)C=O.C(=O)[C@H](CCSC)NC.[C@@H](NC)(C=O)CCCCN.CC(C)C[C@@H](C=O)NC.[C@@H]1(C=O)CCCN1C.C(NC)C=O
pept6,c1ccccc1C[C@H](NC)C=O.CNCC=O.C(=O)[C@@H](NC)CCCCN.c1c2c(C[C@@H](C=O)NC)c[nH]c2ccc1.N([C@H](C=O)CC(C)C)C.[nH]1cc(C[C@@H](C=O)NC)nc1.C([C@@H]1CCCN1C)=O.[C@@H](CCSC)(NC)C=O
pept6,O=C[C@@H](NC)Cc1c2ccccc2[nH]c1.C(C[C@@H](C=O)NC)SC.c1cccc(C[C@@H](C=O)NC)c1.C(C(C)C)[C@H](NC)C=O.C(=O)[C@@H]1CCCN1C.C([C@@H](NC)Cc1c[nH]cn1)=O.C(C[C@@H](C=O)NC)CCN.C(NC)C=O
pept6,C(C=O)NC.C(=O)[C@H](Cc1c2c([nH]c1)cccc2)NC.C(CC[C@@H](C=O)NC)CN.CN[C@H](C=O)Cc1c[nH]cn1.C(=O)[C@@H](NC)Cc1ccccc1.C([C@H](NC)C=O)CSC.C([C@@H](NC)CC(C)C)=O.N1(C)CCC[C@H]1C=O
pept6,O=C[C@@H](NC)Cc1c2c(cccc2)[nH]c1.N1(C)CCC[C@H]1C=O.C(CCCN)[C@H](NC)C=O.[C@H](Cc1ccccc1)(C=O)NC.C(SC)C[C@@H](C=O)NC.CN[C@@H](CC(C)C)C=O.N(C)[C@H](C=O)Cc1nc[nH]c1.CNCC=O
pept6,C(NC)C=O.C1CC[C@@H](C=O)N1C.C([C@@H](C=O)NC)C(C)C.O=C[C@H](CCCCN)NC.c1cccc(C[C@@H](C=O)NC)c1.[nH]1c2ccccc2c(C[C@@H](C=O)NC)c1.c1(C[C@H](NC)C=O)nc[nH]c1.CN[C@H](C=O)CCSC
pept6,C1C[C@@H](C=O)N(C)C1.c12ccccc1[nH]cc2C[C@H](NC)C=O.O=C[C@H](CCCCN)NC.c1[nH]cnc1C[C@@H](C=O)NC.c1(C[C@@H](C=O)NC)ccccc1.C(=O)CNC.C(=O)[C@H](CCSC)NC.CC(C)C[C@H](NC)C=O
pept6,c1c2c(C[C@@H](C=O)NC)c[nH]c2ccc1.c1ccc(C[C@@H](C=O)NC)cc1.C(C=O)NC.CN[C@@H](CCCCN)C=O.C1CN(C)[C@H](C=O)C1.C([C@H](CC(C)C)NC)=O.N(C)[C@@H](CCSC)C=O.c1nc(C[C@H](NC)C=O)c[nH]1
pept6,N(C)[C@H](C=O)CC(C)C.[C@H](NC)(Cc1c[nH]c2ccccc12)C=O.O=CCNC.c1c(C[C@@H](C=O)NC)nc[nH]1.CN1CCC[C@H]1C=O.C(CCN)C[C@@H](C=O)NC.C([C@H](NC)C=O)CSC.c1cccc(C[C@H](NC)C=O)c1
pept6,N1(C)[C@H](C=O)CCC1.[nH]1cc(C[C@@H](C=O)NC)c2ccccc12.[nH]1cnc(C[C@@H](C=O)NC)c1.[C@H](NC)(CC(C)C)C=O.c1cc(C[C@@H](C=O)NC)ccc1.NCCCC[C@H](NC)C=O.C(C=O)NC.[C@H](NC)(CCSC)C=O
pept6,CN[C@H](C=O)Cc1ccccc1.C([C@@H](C=O)NC)CSC.c1c(C[C@H](NC)C=O)nc[nH]1.c1(C[C@H](NC)C=O)c2ccccc2[nH]c1.O=C[C@H]1N(C)CCC1.C(CC[C@@H](C=O)NC)CN.C([C@@H](C=O)NC)C(C)C.N(CC=O)C
pept6,CN1[C@H](C=O)CCC1.C(CCN)C[C@@H](C=O)NC.C(C)(C[C@H](NC)C=O)C.C(c1nc[nH]c1)[C@@H](C=O)NC.c1(C[C@@H](C=O)NC)ccccc1.c1c(C[C@H](NC)C=O)c2c(cccc2)[nH]1.CN[C@@H](CCSC)C=O.N(CC=O)C
pept6,c1ccccc1C[C@H](NC)C=O.c1[nH]c2ccccc2c1C[C@H](NC)C=O.O=C[C@@H](NC)Cc1c[nH]cn1.O=C[C@@H](NC)CC(C)C.N(C)[C@H](C=O)CCCCN.N(C)CC=O.C1N(C)[C@H](C=O)CC1.[C@@H](NC)(C=O)CCSC
pept6,c1[nH]cnc1C[C@@H](C=O)NC.c1ccc(C[C@H](NC)C=O)cc1.C(=O)[C@H](CCCCN)NC.C([C@@H]1CCCN1C)=O.C(=O)[C@@H](NC)CC(C)C.c1ccc2[nH]cc(C[C@H](NC)C=O)c2c1.O=C[C@@H](NC)CCSC.C(NC)C=O
pept6,C(c1nc[nH]c1)[C@H](NC)C=O.CN[C@H](C=O)Cc1c[nH]c2c1cccc2.C(CCCN)[C@@H](C=O)NC.O=CCNC.C(CSC)[C@@H](C=O)NC.C(C(C)C)[C@@H](C=O)NC.c1c(C[C@H](NC)C=O)cccc1.O=C[C@@H]1CCCN1C
pept6,O=C[C@@H](NC)Cc1c[nH]cn1.N(C)CC=O.c1c(C[C@@H](C=O)NC)cccc1.C([C@H](NC)C=O)c1c[nH]c2c1cccc2.C([C@@H](NC)CCSC)=O.O=C[C@H]1N(C)CCC1.CN[C@@H](CCCCN)C=O.[C@H](NC)(CC(C)C)C=O
pept6,[C@@H](C=O)(Cc1c[nH]cn1)NC.C(=O)[C@@H](NC)CCSC.c1c(C[C@H](NC)C=O)c2c([nH]1)cccc2.C(CCC[C@@H](C=O)NC)N.CC(C[C@@H](C=O)NC)C.N1(C)CCC[C@H]1C=O.c1ccccc1C[C@@H](C=O)NC.C(=O)CNC
pept6,CN[C@@H](CC(C)C)C=O.CNCC=O.C(CCCN)[C@@H](C=O)NC.c1c(C[C@H](NC)C=O)nc[nH]1.C(SC)C[C@H](NC)C=O.c1c(C[C@@H](C=O)NC)cccc1.c1(C[C@H](NC)C=O)c2ccccc2[nH]c1.C(=O)[C@H]1N(C)CCC1
pept6,C(CN)CC[C@H](NC)C=O.[C@@H](C=O)(CC(C)C)NC.c1[nH]c2c(cccc2)c1C[C@@H](C=O)NC.O=C[C@H](Cc1c[nH]cn1)NC.C(CSC)[C@@H](C=O)NC.c1cccc(C[C@H](NC)C=O)c1.CN1CCC[C@H]1C=O.C(NC)C=O
pept6,C1CN(C)[C@H](C=O)C1.N([C@H](C=O)Cc1c[nH]c2ccccc12)C.O=C[C@H](CCCCN)NC.c1cc(C[C@H](NC)C=O)ccc1.C([C@@H](C=O)NC)c1c[nH]cn1.CSCC[C@@H](C=O)NC.[C@@H](NC)(C=O)CC(C)C.O=CCNC
pept6,C(CN)CC[C@@H](C=O)NC.N([C@H](C=O)Cc1c[nH]c2ccccc21)C.CNCC=O.O=C[C@H](Cc1c[nH]cn1)NC.c1cccc(C[C@@H](C=O)NC)c1.[C@H](CC(C)C)(C=O)NC.CN[C@H](C=O)CCSC.O=C[C@@H]1CCCN1C
pept6,N(C)[C@@H](Cc1c[nH]cn1)C=O.[nH]1c2ccccc2c(C[C@@H](C=O)NC)c1.CN1[C@H](C=O)CCC1.C(c1ccccc1)[C@H](NC)C=O.CC(C[C@@H](C=O)NC)C.C(=O)[C@H](CCSC)NC.N(CC=O)C.C([C@H](NC)C=O)CCCN
pept6,CN[C@H](C=O)Cc1c2c([nH]c1)cccc2.N([C@@H](CCCCN)C=O)C.CSCC[C@H](NC)C=O.C1CN(C)[C@H](C=O)C1.N([C@H](C=O)CC(C)C)C.CN[C@H](C=O)Cc1nc[nH]c1.N(C)CC=O.c1ccccc1C[C@H](NC)C=O
pept6,c1ccccc1C[C@H](NC)C=O.O=C[C@H]1N(C)CCC1.[C@@H](NC)(C=O)CC(C)C.CN[C@H](C=O)CCCCN.C(SC)C[C@@H](C=O)NC.c1c(C[C@H](NC)C=O)c2c(cccc2)[nH]1.[C@H](NC)(Cc1c[nH]cn1)C=O.O=CCNC
pept6,c1ccccc1C[C@@H](C=O)NC.C([C@H](CC(C)C)NC)=O.[C@@H](NC)(C=O)CCSC.c1(C[C@@H](C=O)NC)c[nH]cn1.C(=O)[C@@H](NC)Cc1c2c([nH]c1)cccc2.[C@H]1(C=O)N(C)CCC1.CN[C@H](C=O)CCCCN.CNCC=O
pept6,[C@H](C=O)(NC)Cc1c[nH]c2ccccc21.[C@@H](NC)(C=O)Cc1ccccc1.S(C)CC[C@H](NC)C=O.C(C)(C[C@@H](C=O)NC)C.CN[C@H](C=O)CCCCN.[nH]1cnc(C[C@H](NC)C=O)c1.CNCC=O.N1(C)[C@H](C=O)CCC1
pept6,[C@@H](C=O)(CC(C)C)NC.C(C[C@H](NC)C=O)CCN.C(SC)C[C@@H](C=O)NC.C(=O)[C@@H](NC)Cc1nc[nH]c1.C(=O)[C@@H]1CCCN1C.c1(C[C@H](NC)C=O)ccccc1.N(CC=O)C.C([C@@H](C=O)NC)c1c[nH]c2c1cccc2
pept6,CN[C@@H](CCSC)C=O.O=C[C@H]1N(C)CCC1.CN[C@@H](Cc1c[nH]cn1)C=O.CN[C@H](C=O)Cc1ccccc1.C([C@@H](C=O)NC)c1c[nH]c2c1cccc2.[C@H](CCCCN)(C=O)NC.N([C@@H](CC(C)C)C=O)C.C(NC)C=O
pept6,C(C)(C)C[C@H](NC)C=O.[C@@H]1(C=O)CCCN1C.O=C[C@H](Cc1c[nH]cn1)NC.[nH]1cc(C[C@H](NC)C=O)c2c1cccc2.N([C@H](C=O)CCSC)C.C(CNC)=O.O=C[C@H](CCCCN)NC.C(=O)[C@H](Cc1ccccc1)NC
pept6,N(C)[C@@H](Cc1nc[nH]c1)C=O.c1cccc(C[C@@H](C=O)NC)c1.C(C[C@H](NC)C=O)SC.O=C[C@@H](NC)Cc1c[nH]c2c1cccc2.O=C[C@@H](NC)CCCCN.CNCC=O.C(C[C@@H](C=O)NC)(C)C.N1(C)[C@H](C=O)CCC1
pept6,C(CN)CC[C@@H](C=O)NC.c12ccccc1c(C[C@@H](C=O)NC)c[nH]2.O=CCNC.C(=O)[C@H]1N(C)CCC1.[C@@H](NC)(C=O)CCSC.c1(C[C@@H](C=O)NC)c[nH]cn1.CC(C)C[C@H](NC)C=O.N(C)[C@H](C=O)Cc1ccccc1
pept6,N([C@@H](Cc1c2c([nH]c1)cccc2)C=O)C.C(c1c[nH]cn1)[C@H](NC)C=O.c1cc(C[C@@H](C=O)NC)ccc1.O=C[C@H](CCSC)NC.C(NC)C=O.C([C@H](NC)C=O)C(C)C.CN1[C@H](C=O)CCC1.C([C@H](CCCCN)NC)=O
pept6,C([C@H](CCCCN)NC)=O.C(=O)[C@H](Cc1ccccc1)NC.[C@@H](Cc1c[nH]cn1)(NC)C=O.c1cccc2c1[nH]cc2C[C@@H](C=O)NC.S(C)CC[C@@H](C=O)NC.C(=O)[C@H]1N(C)CCC1.N(C)CC=O.[C@H](NC)(CC(C)C)C=O
pept6,C(CSC)[C@@H](C=O)NC.N(C)[C@H](C=O)Cc1c[nH]c2ccccc12.N(C)[C@H](C=O)CCCCN.CN[C@H](C=O)CC(C)C.CN1[C@H](C=O)CCC1.C([C@H](Cc1ccccc1)NC)=O.[nH]1cc(C[C@H](NC)C=O)nc1.N(CC=O)C
pept6,c1[nH]cc(C[C@H](NC)C=O)n1.NCCCC[C@@H](C=O)NC.N(C)[C@@H](CCSC)C=O.C(C=O)NC.C([C@H]1N(C)CCC1)=O.C([C@H](CC(C)C)NC)=O.C(c1c2ccccc2[nH]c1)[C@@H](C=O)NC.c1cc(C[C@H](NC)C=O)ccc1
pept6,[C@H](CC(C)C)(C=O)NC.O=C[C@H](CCSC)NC.O=C[C@@H](NC)Cc1c[nH]c2c1cccc2.[nH]1cnc(C[C@@H](C=O)NC)c1.c1cccc(C[C@@H](C=O)NC)c1.C(C=O)NC.N([C@@H](CCCCN)C=O)C.C1CC[C@@H](C=O)N1C
pept6,N([C@H](C=O)CCSC)C.C([C@@H](NC)CC(C)C)=O.C([C@@H](NC)Cc1c2ccccc2[nH]c1)=O.n1c[nH]cc1C[C@H](NC)C=O.C(CCN)C[C@H](NC)C=O.C([C@@H](NC)Cc1ccccc1)=O.[C@H]1(C=O)N(C)CCC1.O=CCNC
pept6,c1(C[C@H](NC)C=O)c[nH]cn1.c12c(C[C@H](NC)C=O)c[nH]c1cccc2.CN[C@H](C=O)CCSC.C(NC)C=O.O=C[C@@H](NC)CCCCN.N([C@@H](CC(C)C)C=O)C.N1(C)[C@H](C=O)CCC1.CN[C@@H](Cc1ccccc1)C=O
pept6,c1cc2c(cc1)c(C[C@H](NC)C=O)c[nH]2.C([C@@H](C=O)NC)CCCN.N1(C)[C@H](C=O)CCC1.C(SC)C[C@@H](C=O)NC.c1ccc(C[C@H](NC)C=O)cc1.O=C[C@@H](NC)Cc1nc[nH]c1.CNCC=O.C(=O)[C@@H](NC)CC(C)C
pept6,c1[nH]cc(C[C@@H](C=O)NC)n1.C(c1c2ccccc2[nH]c1)[C@@H](C=O)NC.C(c1ccccc1)[C@H](NC)C=O.C(=O)CNC.N([C@@H](CCSC)C=O)C.CC(C)C[C@H](NC)C=O.O=C[C@@H]1CCCN1C.C(C[C@H](NC)C=O)CCN
pept6,C(c1ccccc1)[C@H](NC)C=O.O=C[C@@H](NC)Cc1c[nH]cn1.O=C[C@@H]1CCCN1C.C([C@H](CC(C)C)NC)=O.C(CCC[C@H](NC)C=O)N.[C@@H](C=O)(Cc1c2ccccc2[nH]c1)NC.C(CNC)=O.C(C[C@@H](C=O)NC)SC
pept6,N(C)[C@@H](CCSC)C=O.CN[C@@H](Cc1c[nH]cn1)C=O.[C@H](C=O)(NC)Cc1ccccc1.c12c(C[C@@H](C=O)NC)c[nH]c1cccc2.CC(C[C@@H](C=O)NC)C.N(C)[C@@H](CCCCN)C=O.N1(C)[C@H](C=O)CCC1.O=CCNC
pept6,C([C@@H](NC)Cc1c[nH]cn1)=O.C(NC)C=O.CN[C@@H](CC(C)C)C=O.[nH]1cc(C[C@H](NC)C=O)c2c1cccc2.C([C@@H](NC)CCCCN)=O.CN[C@@H](Cc1ccccc1)C=O.[C@H]1(C=O)N(C)CCC1.S(CC[C@H](NC)C=O)C
pept6,C(CC[C@H](NC)C=O)CN.O=CCNC.[C@@H]1(C=O)CCCN1C.CC(C)C[C@@H](C=O)NC.C(=O)[C@H](Cc1ccccc1)NC.[C@H](C=O)(NC)CCSC.c1cc2c(C[C@@H](C=O)NC)c[nH]c2cc1.C([C@H](Cc1c[nH]cn1)NC)=O
pept6,[C@H](NC)(Cc1c[nH]cn1)C=O.O=C[C@@H](NC)CC(C)C.c1c(C[C@H](NC)C=O)cccc1.[C@H]1(C=O)N(C)CCC1.C(=O)[C@H](CCCCN)NC.N([C@H](C=O)Cc1c2ccccc2[nH]c1)C.N([C@@H](CCSC)C=O)C.N(C)CC=O
pept6,c1[nH]cc(C[C@H](NC)C=O)n1.c1ccccc1C[C@H](NC)C=O.[C@H](CCSC)(C=O)NC.N([C@@H](Cc1c2ccccc2[nH]c1)C=O)C.[C@@H](C=O)(CC(C)C)NC.O=C[C@H]1N(C)CCC1.NCCCC[C@@H](C=O)NC.N(C)CC=O
pept6,C1CN(C)[C@H](C=O)C1.C(c1nc[nH]c1)[C@@H](C=O)NC.C(NC)C=O.C([C@@H](NC)CC(C)C)=O.c1ccccc1C[C@@H](C=O)NC.c12c(cccc1)c(C[C@H](NC)C=O)c[nH]2.C(CSC)[C@H](NC)C=O.CN[C@@H](CCCCN)C=O
pept6,C(C[C@@H](C=O)NC)(C)C.O=C[C@H](Cc1ccccc1)NC.CSCC[C@H](NC)C=O.C([C@@H](C=O)NC)CCCN.O=C[C@@H]1CCCN1C.c1(C[C@H](NC)C=O)c[nH]cn1.c1cccc2c(C[C@H](NC)C=O)c[nH]c12.CNCC=O
pept6,n1c(C[C@H](NC)C=O)c[nH]c1.C([C@@H](C=O)NC)CCCN.C(=O)[C@@H](NC)CC(C)C.C([C@H](CCSC)NC)=O.O=C[C@H](Cc1ccccc1)NC.N1(C)CCC[C@H]1C=O.[C@@H](C=O)(Cc1c2ccccc2[nH]c1)NC.CNCC=O
pept7,CC[C@H](C)[C@@H](C=O)NC.CN[C@@H](C)C=O.CN[C@H](C=O)CC(=O)O.CN[C@H](C=O)CC(C)C.CN[C@H](C=O)CCC(N)=O.CN[C@H](C=O)CO.CN[C@H](C=O)Cc1ccc(O)cc1.CN[C@H](C=O)[C@@H](C)OC
pept7,O([C@@H]([C@@H](C=O)NC)C)C.C(CC[C@@H](C=O)NC)(=O)N.[C@H](C=O)(NC)CC(=O)O.C[C@@H](CC)[C@H](NC)C=O.N(C)[C@@H](CC(C)C)C=O.N(C)[C@H](C=O)C.C([C@@H](C=O)NC)c1ccc(O)cc1.O=C[C@@H](NC)CO
pept7,O=C[C@H](Cc1ccc(O)cc1)NC.O=C[C@H]([C@@H](C)CC)NC.OC[C@H](NC)C=O.C(C)(C)C[C@@H](C=O)NC.O=C(C[C@@H](C=O)NC)O.NC(=O)CC[C@H](NC)C=O.[C@@H](C=O)(C)NC.[C@H](OC)([C@@H](C=O)NC)C
pept7,C([C@@H](C=O)NC)C(=O)O.C(O)[C@H](NC)C=O.C(C(N)=O)C[C@H](NC)C=O.O=C[C@@H](NC)[C@H](OC)C.O=C[C@@H](NC)[C@@H](C)CC.c1cc(O)ccc1C[C@@H](C=O)NC.CN[C@@H](C)C=O.O=C[C@H](CC(C)C)NC
pept7,C[C@@H](CC)[C@H](NC)C=O.CN[C@H](C=O)CC(C)C.C(c1ccc(O)cc1)[C@@H](C=O)NC.O=C(C[C@@H](C=O)NC)O.O=C[C@@H](NC)C.O=C[C@@H](NC)CO.[C@H](NC)([C@@H](C)OC)C=O.NC(=O)CC[C@H](NC)C=O
pept7,C(=O)[C@@H](NC)[C@@H](C)CC.OC[C@@H](C=O)NC.C(C(=O)O)[C@H](NC)C=O.O=C[C@@H](NC)CC(C)C.O=C[C@H](Cc1ccc(O)cc1)NC.CO[C@@H]([C@H](NC)C=O)C.C(C[C@@H](C=O)NC)C(N)=O.C[C@H](NC)C=O
pept7,CN[C@@H](Cc1ccc(O)cc1)C=O.[C@H]([C@H](CC)C)(C=O)NC.C(=O)(C[C@@H](C=O)NC)O.O=C(N)CC[C@@H](C=O)NC.C([C@H](NC)C=O)O.O=C[C@H]([C@H](OC)C)NC.C(C[C@@H](C=O)NC)(C)C.[C@@H](NC)(C=O)C
pept7,N([C@@H](CCC(N)=O)C=O)C.CN[C@@H](Cc1ccc(O)cc1)C=O.C(C[C@@H](C=O)NC)(C)C.N(C)[C@H](C=O)[C@H](CC)C.CN[C@@H](C)C=O.C(C(O)=O)[C@@H](C=O)NC.[C@@H](C=O)([C@H](OC)C)NC.O=C[C@@H](NC)CO
pept7,O([C@H](C)[C@H](NC)C=O)C.NC(CC[C@@H](C=O)NC)=O.[C@@H](NC)(C=O)CO.CN[C@@H](CC(C)C)C=O.C(C[C@H](NC)C=O)(O)=O.C[C@H]([C@@H](C=O)NC)CC.CN[C@@H](Cc1ccc(O)cc1)C=O.C[C@H](NC)C=O
pept7,O=C[C@@H](NC)[C@@H](C)OC.N(C)[C@@H](CC(C)C)C=O.C([C@@H](NC)[C@H](CC)C)=O.CN[C@@H](CO)C=O.C(=O)(O)C[C@@H](C=O)NC.CN[C@H](C=O)CCC(=O)N.c1cc(O)ccc1C[C@H](NC)C=O.C(=O)[C@H](C)NC
pept7,C(c1ccc(O)cc1)[C@@H](C=O)NC.CC(C)C[C@H](NC)C=O.CN[C@H](C=O)CC(=O)O.O=C[C@H](CCC(=O)N)NC.N([C@H](C=O)C)C.CN[C@H](C=O)[C@@H](C)OC.OC[C@@H](C=O)NC.O=C[C@@H](NC)[C@H](CC)C
pept7,C(=O)[C@@H](NC)CC(=O)O.Oc1ccc(C[C@H](NC)C=O)cc1.CC(C)C[C@@H](C=O)NC.N([C@H](C=O)CCC(=O)N)C.[C@H](OC)([C@H](NC)C=O)C.CN[C@H](C=O)[C@@H](C)CC.N([C@@H](C)C=O)C.O=C[C@H](CO)NC
pept7,C[C@H]([C@@H](C=O)NC)CC.[C@H](OC)([C@H](NC)C=O)C.CN[C@@H](CCC(=O)N)C=O.c1c(O)ccc(C[C@H](NC)C=O)c1.O=C[C@@H](NC)C.N([C@@H](CO)C=O)C.CC(C[C@@H](C=O)NC)C.OC(C[C@H](NC)C=O)=O
pept7,[C@@H](NC)(C=O)CO.OC(C[C@@H](C=O)NC)=O.[C@H](NC)([C@H](CC)C)C=O.N(C)[C@H](C=O)CCC(=O)N.CC(C)C[C@H](NC)C=O.CN[C@H](C=O)[C@H](OC)C.c1cc(C[C@H](NC)C=O)ccc1O.CN[C@@H](C)C=O
pept7,C(C(N)=O)C[C@H](NC)C=O.c1c(C[C@@H](C=O)NC)ccc(O)c1.[C@@H](C=O)(CO)NC.CN[C@@H]([C@@H](C)CC)C=O.C(=O)[C@H](CC(O)=O)NC.[C@H](CC(C)C)(C=O)NC.[C@@H]([C@@H](C)OC)(NC)C=O.[C@H](C=O)(NC)C
pept7,[C@H](C)(CC)[C@H](NC)C=O.CN[C@@H](Cc1ccc(O)cc1)C=O.N(C)[C@@H](CC(C)C)C=O.O=C(N)CC[C@H](NC)C=O.O(C)[C@@H]([C@H](NC)C=O)C.OC[C@@H](C=O)NC.C[C@H](NC)C=O.C([C@@H](C=O)NC)C(O)=O
pept7,O=C[C@H](CC(C)C)NC.[C@@H](C=O)(CO)NC.N([C@@H]([C@@H](C)CC)C=O)C.C([C@@H](NC)[C@@H](C)OC)=O.C([C@H](C)NC)=O.c1(O)ccc(C[C@H](NC)C=O)cc1.C(=O)(N)CC[C@H](NC)C=O.C(=O)[C@@H](NC)CC(=O)O
pept7,N(C)[C@H](C=O)[C@H](CC)C.C[C@@H](OC)[C@@H](C=O)NC.C(=O)[C@H](CO)NC.N([C@H](C=O)CC(C)C)C.[C@@H](C=O)(CCC(N)=O)NC.C[C@H](NC)C=O.C(c1ccc(O)cc1)[C@@H](C=O)NC.C(=O)[C@@H](NC)CC(O)=O
pept7,OC[C@@H](C=O)NC.[C@H]([C@@H](C=O)NC)(C)OC.C([C@H](Cc1ccc(O)cc1)NC)=O.CC(C[C@H](NC)C=O)C.C(C[C@H](NC)C=O)C(N)=O.C([C@@H]([C@@H](C=O)NC)C)C.N([C@@H](C)C=O)C.CN[C@H](C=O)CC(=O)O
pept7,C[C@H]([C@@H](C=O)NC)OC.[C@H](C=O)(NC)CCC(N)=O.CN[C@@H](CC(C)C)C=O.[C@@H](Cc1ccc(O)cc1)(NC)C=O.O=C[C@@H](NC)[C@@H](C)CC.N([C@H](C=O)CC(O)=O)C.CN[C@H](C=O)CO.C[C@H](NC)C=O
pept7,CO[C@@H]([C@H](NC)C=O)C.[C@@H](C=O)(CO)NC.c1c(C[C@H](NC)C=O)ccc(O)c1.N(C)[C@H](C=O)CC(C)C.C(CC[C@@H](C=O)NC)(N)=O.O=C[C@H](C)NC.CN[C@@H]([C@H](CC)C)C=O.O=C(O)C[C@H](NC)C=O
pept7,CN[C@@H]([C@H](CC)C)C=O.N([C@@H](CO)C=O)C.C(CC(=O)N)[C@@H](C=O)NC.O=C[C@@H](NC)CC(O)=O.Oc1ccc(C[C@@H](C=O)NC)cc1.[C@H]([C@@H](C)OC)(C=O)NC.C(C)(C[C@@H](C=O)NC)C.CN[C@H](C=O)C
pept7,c1c(O)ccc(C[C@H](NC)C=O)c1.CN[C@@H](CC(O)=O)C=O.[C@H](C=O)(NC)C.N(C)[C@H](C=O)[C@@H](C)OC.NC(=O)CC[C@@H](C=O)NC.C([C@H](C)[C@@H](C=O)NC)C.CN[C@@H](CO)C=O.C([C@H](NC)C=O)C(C)C
pept7,[C@@H](CC(C)C)(NC)C=O.[C@@H]([C@H](NC)C=O)(OC)C.CN[C@@H](C)C=O.c1(C[C@@H](C=O)NC)ccc(O)cc1.C([C@H](NC)C=O)O.C(CC[C@H](NC)C=O)(N)=O.C(C)[C@H](C)[C@@H](C=O)NC.C([C@H](CC(O)=O)NC)=O
pept7,C(C)(C)C[C@@H](C=O)NC.[C@H]([C@H](CC)C)(C=O)NC.[C@@H](C)(NC)C=O.c1c(O)ccc(C[C@H](NC)C=O)c1.C(C(=O)O)[C@@H](C=O)NC.C([C@@H](C=O)NC)CC(=O)N.CN[C@@H](CO)C=O.C[C@@H](OC)[C@H](NC)C=O
pept7,CN[C@H](C=O)CC(C)C.C(=O)[C@@H](NC)CO.c1c(O)ccc(C[C@@H](C=O)NC)c1.C[C@@H](OC)[C@H](NC)C=O.CN[C@@H]([C@@H](C)CC)C=O.CN[C@@H](CC(=O)O)C=O.C(=O)[C@H](CCC(N)=O)NC.O=C[C@H](C)NC
pept7,[C@@H]([C@@H](C=O)NC)(OC)C.CN[C@H](C=O)Cc1ccc(O)cc1.O=C[C@H](CC(O)=O)NC.O=C[C@H](CCC(=O)N)NC.C(C[C@H](NC)C=O)(C)C.N(C)[C@H](C=O)CO.C(=O)[C@H](C)NC.N(C)[C@@H]([C@H](CC)C)C=O
pept7,O=C[C@@H](NC)[C@H](OC)C.c1c(O)ccc(C[C@H](NC)C=O)c1.C([C@@H](NC)CO)=O.[C@H](C=O)(NC)CC(=O)O.N(C)[C@H](C=O)CCC(N)=O.[C@@H]([C@H](CC)C)(NC)C=O.C([C@H](CC(C)C)NC)=O.[C@H](C)(C=O)NC
pept7,CN[C@H](C=O)[C@@H](C)CC.O=C[C@H](CC(C)C)NC.O=C(O)C[C@H](NC)C=O.[C@@H](C)(NC)C=O.CN[C@H](C=O)CO.C([C@@H](NC)CCC(N)=O)=O.CN[C@H](C=O)Cc1ccc(O)cc1.O([C@H](C)[C@H](NC)C=O)C
pept7,C([C@H](CC(C)C)NC)=O.O=C[C@@H](NC)Cc1ccc(O)cc1.N([C@H](C=O)CCC(N)=O)C.CN[C@@H](C)C=O.[C@@H](C)([C@H](NC)C=O)OC.C(=O)[C@@H](NC)CO.CC[C@H](C)[C@@H](C=O)NC.CN[C@H](C=O)CC(=O)O
pept7,O=C[C@H](CO)NC.c1cc(O)ccc1C[C@@H](C=O)NC.C(=O)[C@H]([C@H](CC)C)NC.C(C(N)=O)C[C@H](NC)C=O.N(C)[C@H](C=O)CC(C)C.O=C[C@H](C)NC.C([C@@H](NC)[C@H](OC)C)=O.O=C[C@H](CC(=O)O)NC
pept7,[C@H](C=O)(NC)CC(C)C.C(C[C@H](NC)C=O)(=O)O.CN[C@H](C=O)C.C[C@H]([C@@H](C=O)NC)CC.c1cc(O)ccc1C[C@H](NC)C=O.CN[C@@H](CCC(N)=O)C=O.O=C[C@@H](NC)[C@@H](C)OC.N([C@H](C=O)CO)C
pept7,O=C[C@@H](NC)CO.N(C)[C@H](C=O)C.CN[C@H](C=O)CC(C)C.CN[C@H](C=O)[C@@H](C)OC.O=C[C@H](CC(=O)O)NC.CN[C@H](C=O)CCC(=O)N.O=C[C@@H](NC)[C@H](CC)C.CN[C@@H](Cc1ccc(O)cc1)C=O
pept7,O=C(N)CC[C@@H](C=O)NC.C(C(O)=O)[C@H](NC)C=O.[C@H](C=O)(NC)C.c1c(O)ccc(C[C@H](NC)C=O)c1.CO[C@@H]([C@@H](C=O)NC)C.CC(C[C@@H](C=O)NC)C.[C@@H]([C@@H](C=O)NC)(CC)C.OC[C@@H](C=O)NC
pept7,C(C[C@H](NC)C=O)C(=O)N.[C@@H](C=O)(C)NC.c1(O)ccc(C[C@@H](C=O)NC)cc1.OC(=O)C[C@@H](C=O)NC.[C@H](CC)([C@H](NC)C=O)C.N([C@@H]([C@@H](C)OC)C=O)C.OC[C@H](NC)C=O.CN[C@H](C=O)CC(C)C
pept7,CN[C@H](C=O)CC(=O)O.C[C@H]([C@@H](C=O)NC)CC.N(C)[C@H](C=O)CO.[C@@H](OC)(C)[C@@H](C=O)NC.[C@@H](C=O)(C)NC.[C@@H](C=O)(CCC(=O)N)NC.CC(C[C@@H](C=O)NC)C.C(c1ccc(O)cc1)[C@@H](C=O)NC
pept7,O=C[C@H](CO)NC.CC[C@@H]([C@H](NC)C=O)C.c1(C[C@@H](C=O)NC)ccc(O)cc1.O=C[C@H](CC(C)C)NC.C(C(N)=O)C[C@H](NC)C=O.C([C@H](C)NC)=O.C[C@@H](OC)[C@@H](C=O)NC.C([C@H](CC(=O)O)NC)=O
pept7,C(C[C@@H](C=O)NC)(=O)O.[C@H](C=O)(NC)CCC(N)=O.N([C@H](C=O)CO)C.N(C)[C@@H](CC(C)C)C=O.c1cc(C[C@H](NC)C=O)ccc1O.C([C@H]([C@@H](C)CC)NC)=O.[C@H](NC)(C)C=O.N(C)[C@H](C=O)[C@@H](C)OC
pept7,[C@H]([C@@H](C)CC)(C=O)NC.O=C[C@@H](NC)Cc1ccc(O)cc1.O=C(N)CC[C@H](NC)C=O.C(O)[C@@H](C=O)NC.C([C@@H](C=O)NC)C(C)C.C(C(O)=O)[C@@H](C=O)NC.C[C@H]([C@@H](C=O)NC)OC.[C@H](C)(C=O)NC
pept7,C([C@@H](NC)[C@@H](C)OC)=O.[C@H]([C@H](NC)C=O)(C)CC.CN[C@@H](C)C=O.C([C@H](Cc1ccc(O)cc1)NC)=O.[C@H](NC)(CC(O)=O)C=O.C(C)(C)C[C@@H](C=O)NC.[C@H](CO)(C=O)NC.C([C@@H](NC)CCC(=O)N)=O
pept7,[C@H](Cc1ccc(O)cc1)(C=O)NC.[C@@H](OC)(C)[C@@H](C=O)NC.O=C[C@H](C)NC.C([C@@H](C=O)NC)C(=O)O.[C@@H](C=O)(CCC(N)=O)NC.O=C[C@@H](NC)CC(C)C.N([C@@H](CO)C=O)C.C(C)[C@@H]([C@H](NC)C=O)C
pept7,[C@@H](C=O)([C@@H](C)OC)NC.c1c(O)ccc(C[C@H](NC)C=O)c1.C([C@H](C)[C@@H](C=O)NC)C.OC(=O)C[C@@H](C=O)NC.CC(C)C[C@H](NC)C=O.C(CC[C@H](NC)C=O)(N)=O.CN[C@@H](CO)C=O.N(C)[C@H](C=O)C
pept7,C([C@@H](NC)[C@@H](C)CC)=O.N(C)[C@@H](CCC(N)=O)C=O.N([C@H](C=O)CC(C)C)C.OC(=O)C[C@H](NC)C=O.CO[C@H](C)[C@H](NC)C=O.O=C[C@H](CO)NC.c1(C[C@H](NC)C=O)ccc(O)cc1.C([C@H](C)NC)=O
pept7,O=C[C@H](C)NC.c1c(C[C@@H](C=O)NC)ccc(O)c1.C(C[C@@H](C=O)NC)C(N)=O.C(C(C)C)[C@@H](C=O)NC.C[C@@H](CC)[C@H](NC)C=O.O=C[C@H]([C@@H](C)OC)NC.CN[C@H](C=O)CC(O)=O.O=C[C@@H](NC)CO
pept7,OC[C@H](NC)C=O.[C@H](C=O)(NC)CC(=O)O.C([C@H](NC)C=O)CC(=O)N.CC[C@H](C)[C@@H](C=O)NC.[C@H](NC)(C)C=O.N(C)[C@H](C=O)[C@@H](C)OC.c1cc(O)ccc1C[C@H](NC)C=O.O=C[C@@H](NC)CC(C)C
pept7,C(=O)[C@@H](NC)CO.C([C@H]([C@H](OC)C)NC)=O.CN[C@@H]([C@H](CC)C)C=O.c1(C[C@@H](C=O)NC)ccc(O)cc1.C(=O)(CC[C@@H](C=O)NC)N.O=C[C@H](CC(C)C)NC.C([C@H](CC(O)=O)NC)=O.O=C[C@@H](NC)C
pept7,[C@H](NC)(CCC(N)=O)C=O.[C@H](C=O)(NC)CC(=O)O.c1(C[C@H](NC)C=O)ccc(O)cc1.C(=O)[C@@H](NC)[C@H](OC)C.[C@H](C)(CC)[C@H](NC)C=O.CN[C@H](C=O)C.[C@H](NC)(CC(C)C)C=O.[C@@H](CO)(NC)C=O
pept7,N(C)[C@@H](CC(C)C)C=O.C([C@H](C)[C@@H](C=O)NC)C.[C@H]([C@H](NC)C=O)(C)OC.N([C@@H](CO)C=O)C.c1(O)ccc(C[C@@H](C=O)NC)cc1.C(=O)(O)C[C@H](NC)C=O.CN[C@@H](C)C=O.CN[C@@H](CCC(N)=O)C=O
pept7,Oc1ccc(C[C@H](NC)C=O)cc1.N([C@@H]([C@H](CC)C)C=O)C.O=C[C@H]([C@H](OC)C)NC.C(C(N)=O)C[C@@H](C=O)NC.C([C@@H](NC)CO)=O.CN[C@@H](C)C=O.C(C(=O)O)[C@H](NC)C=O.[C@@H](C=O)(CC(C)C)NC
pept7,[C@@H](C=O)([C@H](OC)C)NC.[C@@H]([C@H](NC)C=O)(CC)C.O=C(O)C[C@H](NC)C=O.C([C@H](C)NC)=O.c1cc(C[C@H](NC)C=O)ccc1O.CN[C@@H](CC(C)C)C=O.C([C@H](CCC(N)=O)NC)=O.OC[C@H](NC)C=O
pept7,c1(C[C@H](NC)C=O)ccc(O)cc1.N([C@@H](CO)C=O)C.C[C@H]([C@H](NC)C=O)CC.[C@H](NC)(CC(C)C)C=O.CN[C@@H]([C@H](OC)C)C=O.NC(CC[C@@H](C=O)NC)=O.C[C@H](NC)C=O.O=C[C@@H](NC)CC(=O)O
pept7,C([C@H](CCC(=O)N)NC)=O.C(=O)[C@H](C)NC.O=C[C@H](CC(C)C)NC.[C@H](C)(CC)[C@@H](C=O)NC.N([C@@H]([C@@H](C)OC)C=O)C.CN[C@@H](CC(=O)O)C=O.Oc1ccc(C[C@@H](C=O)NC)cc1.CN[C@@H](CO)C=O
pept7,[C@H](C)(OC)[C@H](NC)C=O.C(C)(C)C[C@@H](C=O)NC.c1c(O)ccc(C[C@H](NC)C=O)c1.[C@@H](CC(O)=O)(NC)C=O.N([C@@H](CO)C=O)C.CN[C@@H](CCC(N)=O)C=O.CN[C@H](C=O)C.CC[C@@H]([C@H](NC)C=O)C
pept7,CN[C@H](C=O)Cc1ccc(O)cc1.CC(C)C[C@H](NC)C=O.CN[C@H](C=O)CO.N([C@H](C=O)CCC(=O)N)C.CN[C@@H](CC(O)=O)C=O.[C@H](OC)([C@H](NC)C=O)C.CN[C@H](C=O)C.N([C@H](C=O)[C@@H](C)CC)C
pept7,C(C(C)C)[C@@H](C=O)NC.Oc1ccc(C[C@H](NC)C=O)cc1.C([C@H]([C@@H](C)OC)NC)=O.C([C@H](C)[C@H](NC)C=O)C.[C@@H](CO)(NC)C=O.CN[C@@H](C)C=O.CN[C@@H](CC(=O)O)C=O.C(=O)(N)CC[C@@H](C=O)NC
pept7,C(CC[C@@H](C=O)NC)(N)=O.c1(C[C@@H](C=O)NC)ccc(O)cc1.C([C@@H](NC)CO)=O.C(C)(C[C@@H](C=O)NC)C.C(=O)(O)C[C@@H](C=O)NC.CC[C@@H]([C@@H](C=O)NC)C.O=C[C@@H](NC)C.C[C@@H](OC)[C@H](NC)C=O
pept7,C(=O)[C@@H](NC)CCC(=O)N.O(C)[C@H](C)[C@H](NC)C=O.C([C@H](NC)C=O)O.C(=O)[C@@H](NC)[C@H](CC)C.C[C@@H](C=O)NC.N([C@H](C=O)CC(C)C)C.O=C[C@H](CC(=O)O)NC.Oc1ccc(C[C@H](NC)C=O)cc1
pept7,C(=O)(O)C[C@@H](C=O)NC.CC(C)C[C@H](NC)C=O.[C@H](NC)(CO)C=O.C[C@H]([C@H](NC)C=O)OC.Oc1ccc(C[C@H](NC)C=O)cc1.C[C@H]([C@H](NC)C=O)CC.C(C[C@H](NC)C=O)C(=O)N.O=C[C@@H](NC)C
pept7,[C@H](NC)(CC(=O)O)C=O.CC(C)C[C@@H](C=O)NC.OC[C@H](NC)C=O.O=C[C@H](CCC(=O)N)NC.c1cc(O)ccc1C[C@@H](C=O)NC.O=C[C@@H](NC)C.C[C@H]([C@H](NC)C=O)CC.CO[C@@H]([C@H](NC)C=O)C
pept7,C(=O)[C@@H](NC)CC(O)=O.c1cc(C[C@@H](C=O)NC)ccc1O.C(C)[C@H](C)[C@H](NC)C=O.CN[C@@H](CCC(N)=O)C=O.OC[C@H](NC)C=O.C(C)(C[C@H](NC)C=O)C.CO[C@H](C)[C@@H](C=O)NC.N([C@H](C=O)C)C
pept8,CN1CCC[C@H]1C=O.CN[C@@H](C)C=O.CN[C@H](C=O)CC(C)C.CN[C@H](C=O)CC(N)=O.CN[C@H](C=O)CCCCN.CN[C@H](C=O)CCCNC(=N)N.CN[C@H](C=O)Cc1c[nH]c2ccccc12.CN[C@H](C=O)Cc1ccccc1
pept8,N(C)[C@@H](CCCNC(N)=N)C=O.CN[C@@H](Cc1ccccc1)C=O.CC(C)C[C@H](NC)C=O.C([C@@H](C=O)NC)CCCN.C1N(C)[C@H](C=O)CC1.c1ccc2c(c1)[nH]cc2C[C@@H](C=O)NC.C([C@H](CC(N)=O)NC)=O.CN[C@@H](C)C=O
pept8,c1cccc2[nH]cc(C[C@@H](C=O)NC)c12.[C@@H](C)(NC)C=O.O=C[C@@H](NC)CCCCN.NC(C[C@@H](C=O)NC)=O.[C@@H](CC(C)C)(NC)C=O.N([C@@H](CCCNC(=N)N)C=O)C.N([C@H](C=O)Cc1ccccc1)C.CN1CCC[C@H]1C=O
pept8,N([C@@H](CCCNC(=N)N)C=O)C.N([C@@H](CC(C)C)C=O)C.O=C(N)C[C@H](NC)C=O.[nH]1cc(C[C@@H](C=O)NC)c2c1cccc2.N([C@@H](CCCCN)C=O)C.C(=O)[C@@H](NC)Cc1ccccc1.N1(C)CCC[C@H]1C=O.[C@H](NC)(C)C=O
pept8,C1C[C@@H](C=O)N(C)C1.O=C[C@H](CC(C)C)NC.CN[C@H](C=O)Cc1c2c(cccc2)[nH]c1.O=C[C@@H](NC)CCCNC(=N)N.C(C(N)=O)[C@@H](C=O)NC.c1(C[C@@H](C=O)NC)ccccc1.O=C[C@H](C)NC.CN[C@H](C=O)CCCCN
pept8,C(NCCC[C@H](NC)C=O)(=N)N.O=C[C@H](C)NC.C([C@@H](C=O)NC)c1c2c(cccc2)[nH]c1.N([C@@H](CC(N)=O)C=O)C.C(C[C@H](NC)C=O)(C)C.NCCCC[C@@H](C=O)NC.CN1[C@H](C=O)CCC1.c1(C[C@H](NC)C=O)ccccc1
pept8,C(CN)CC[C@@H](C=O)NC.C(=O)[C@H](Cc1c[nH]c2c1cccc2)NC.O=C[C@H](C)NC.CC(C)C[C@@H](C=O)NC.c1ccccc1C[C@@H](C=O)NC.O=C(N)C[C@@H](C=O)NC.O=C[C@H]1N(C)CCC1.N=C(NCCC[C@@H](C=O)NC)N
pept8,C(=O)[C@H](CCCNC(=N)N)NC.C(c1ccccc1)[C@@H](C=O)NC.C1CCN(C)[C@@H]1C=O.C(=O)[C@@H](NC)CC(C)C.C(=O)[C@@H](NC)CCCCN.C(=O)(N)C[C@@H](C=O)NC.[nH]1cc(C[C@@H](C=O)NC)c2ccccc12.CN[C@H](C=O)C
pept8,c12[nH]cc(C[C@H](NC)C=O)c1cccc2.C([C@@H](C=O)NC)C(C)C.c1cccc(C[C@@H](C=O)NC)c1.NC(=O)C[C@@H](C=O)NC.N([C@H](C=O)CCCCN)C.O=C[C@H](C)NC.N1(C)[C@H](C=O)CCC1.N=C(NCCC[C@@H](C=O)NC)N
pept8,C(C)(C)C[C@H](NC)C=O.c1cccc2c1[nH]cc2C[C@@H](C=O)NC.NC(C[C@@H](C=O)NC)=O.C(CC[C@H](NC)C=O)CN.C([C@@H](NC)Cc1ccccc1)=O.O=C[C@@H](NC)C.C(=O)[C@H]1N(C)CCC1.C(C[C@H](NC)C=O)CNC(N)=N
pept8,C1CN(C)[C@H](C=O)C1.c1c(C[C@H](NC)C=O)c2ccccc2[nH]1.N=C(N)NCCC[C@H](NC)C=O.c1cccc(C[C@@H](C=O)NC)c1.C[C@@H](C=O)NC.C(C)(C)C[C@H](NC)C=O.[C@H](C=O)(NC)CCCCN.O=C(N)C[C@H](NC)C=O
pept8,C([C@@H](C=O)NC)c1c[nH]c2c1cccc2.C(=O)[C@H](CC(=O)N)NC.CN[C@@H](CCCNC(=N)N)C=O.CN[C@H](C=O)Cc1ccccc1.C[C@H](NC)C=O.NCCCC[C@@H](C=O)NC.N(C)[C@@H](CC(C)C)C=O.O=C[C@H]1N(C)CCC1
pept8,N(C)[C@H](C=O)CC(C)C.C1CN(C)[C@H](C=O)C1.C([C@@H](NC)Cc1ccccc1)=O.N(C)[C@@H](Cc1c[nH]c2ccccc12)C=O.C([C@H](CCCCN)NC)=O.N([C@@H](C)C=O)C.CN[C@@H](CC(=O)N)C=O.N(C)[C@@H](CCCNC(N)=N)C=O
pept8,C(C[C@@H](C=O)NC)(C)C.c1ccccc1C[C@H](NC)C=O.C1C[C@@H](C=O)N(C)C1.CN[C@@H](Cc1c[nH]c2c1cccc2)C=O.O=C[C@@H](NC)CC(N)=O.[C@@H](NC)(C=O)C.N([C@@H](CCCCN)C=O)C.O=C[C@@H](NC)CCCNC(=N)N
pept8,C(C)(C)C[C@H](NC)C=O.O=C[C@@H](NC)Cc1ccccc1.CN[C@@H](CCCNC(N)=N)C=O.CN[C@H](C=O)C.c1ccc2c(c(C[C@H](NC)C=O)c[nH]2)c1.[C@@H]1(C=O)CCCN1C.C(C[C@@H](C=O)NC)CCN.CN[C@H](C=O)CC(N)=O
pept8,c1cc(C[C@H](NC)C=O)ccc1.CN[C@@H](C)C=O.C(N)(C[C@H](NC)C=O)=O.O=C[C@H](CC(C)C)NC.c1ccc2c([nH]cc2C[C@@H](C=O)NC)c1.C1C[C@@H](C=O)N(C)C1.C(C[C@H](NC)C=O)CNC(=N)N.C([C@@H](NC)CCCCN)=O
pept8,[C@@H](CC(C)C)(NC)C=O.C[C@H](NC)C=O.c1cc(C[C@@H](C=O)NC)ccc1.O=C[C@H]1N(C)CCC1.C(NCCC[C@H](NC)C=O)(=N)N.[nH]1c2ccccc2c(C[C@@H](C=O)NC)c1.NC(=O)C[C@H](NC)C=O.C(CN)CC[C@H](NC)C=O
pept8,c1[nH]c2c(cccc2)c1C[C@H](NC)C=O.O=C[C@@H](NC)CCCCN.[C@@H](C=O)(CCCNC(=N)N)NC.N([C@@H](CC(C)C)C=O)C.C(C[C@H](NC)C=O)(=O)N.c1ccccc1C[C@@H](C=O)NC.CN[C@@H](C)C=O.N1(C)CCC[C@H]1C=O
pept8,C1[C@@H](C=O)N(C)CC1.C(CC[C@@H](C=O)NC)CN.CN[C@@H](C)C=O.c1cc2[nH]cc(C[C@@H](C=O)NC)c2cc1.[C@H](C=O)(NC)CC(C)C.[C@@H](NC)(C=O)Cc1ccccc1.[C@H](NC)(CC(N)=O)C=O.C(CC[C@@H](C=O)NC)NC(N)=N
pept8,C[C@@H](C=O)NC.c1cc2c(C[C@H](NC)C=O)c[nH]c2cc1.O=C[C@@H](NC)CC(C)C.CN[C@@H](CCCNC(N)=N)C=O.C(=O)[C@H]1N(C)CCC1.[C@H](NC)(Cc1ccccc1)C=O.O=C[C@@H](NC)CCCCN.N([C@@H](CC(N)=O)C=O)C
pept8,[C@H]1(C=O)N(C)CCC1.C([C@@H](NC)CC(C)C)=O.C[C@H](NC)C=O.NCCCC[C@@H](C=O)NC.O=C[C@H](CC(=O)N)NC.C(NC(=N)N)CC[C@@H](C=O)NC.CN[C@@H](Cc1ccccc1)C=O.c12ccccc1[nH]cc2C[C@H](NC)C=O
pept8,N([C@@H](CCCNC(N)=N)C=O)C.N(C)[C@@H](CC(C)C)C=O.C(c1ccccc1)[C@@H](C=O)NC.O=C[C@H](C)NC.C(CN)CC[C@H](NC)C=O.[C@H](C=O)(NC)Cc1c2ccccc2[nH]c1.[C@H](CC(N)=O)(C=O)NC.C1CN(C)[C@H](C=O)C1
pept8,C([C@@H](NC)C)=O.[nH]1c2ccccc2c(C[C@@H](C=O)NC)c1.C1N(C)[C@H](C=O)CC1.C(N)(C[C@@H](C=O)NC)=O.CC(C)C[C@H](NC)C=O.N=C(NCCC[C@@H](C=O)NC)N.NCCCC[C@H](NC)C=O.C([C@H](NC)C=O)c1ccccc1
pept8,C(C[C@@H](C=O)NC)CNC(=N)N.c1ccc2c(c(C[C@@H](C=O)NC)c[nH]2)c1.N1(C)CCC[C@H]1C=O.N([C@@H](CC(C)C)C=O)C.c1cccc(C[C@@H](C=O)NC)c1.NC(C[C@H](NC)C=O)=O.CN[C@@H](C)C=O.C(CCN)C[C@@H](C=O)NC
pept8,C(C(=O)N)[C@@H](C=O)NC.[C@H](C=O)(NC)Cc1c[nH]c2ccccc21.C(CCNC(=N)N)[C@H](NC)C=O.C(=O)[C@@H](NC)C.C([C@@H](NC)Cc1ccccc1)=O.C1N(C)[C@H](C=O)CC1.[C@@H](CC(C)C)(NC)C=O.C(C[C@H](NC)C=O)CCN
pept8,c1c(C[C@@H](C=O)NC)cccc1.c1(C[C@@H](C=O)NC)c2ccccc2[nH]c1.CN[C@H](C=O)C.O=C[C@H](CCCNC(N)=N)NC.N(C)[C@H](C=O)CC(C)C.C(CN)CC[C@@H](C=O)NC.CN[C@H](C=O)CC(N)=O.C1CC[C@@H](C=O)N1C
pept8,C([C@H](Cc1c[nH]c2ccccc12)NC)=O.c1cc(C[C@H](NC)C=O)ccc1.[C@@H](CCCNC(N)=N)(NC)C=O.O=C(N)C[C@H](NC)C=O.C(CCC[C@@H](C=O)NC)N.O=C[C@H](C)NC.CC(C)C[C@H](NC)C=O.CN1[C@H](C=O)CCC1
pept8,C[C@@H](C=O)NC.C([C@H](NC)C=O)CCCN.O=C[C@@H](NC)CCCNC(=N)N.c1cccc2[nH]cc(C[C@H](NC)C=O)c12.[C@H](CC(C)C)(C=O)NC.O=C(C[C@@H](C=O)NC)N.c1ccccc1C[C@@H](C=O)NC.N1(C)[C@H](C=O)CCC1
pept8,C1CC[C@@H](C=O)N1C.[C@@H](C=O)(CCCCN)NC.N([C@H](C=O)Cc1c2ccccc2[nH]c1)C.c1ccccc1C[C@H](NC)C=O.C(C[C@@H](C=O)NC)(C)C.C(C[C@@H](C=O)NC)CNC(=N)N.C[C@H](NC)C=O.C(N)(=O)C[C@@H](C=O)NC
pept8,[C@H](C=O)(NC)CC(C)C.C(C[C@@H](C=O)NC)CCN.C[C@H](NC)C=O.N=C(NCCC[C@@H](C=O)NC)N.c1cc2[nH]cc(C[C@H](NC)C=O)c2cc1.O=C(C[C@H](NC)C=O)N.C(c1ccccc1)[C@@H](C=O)NC.N1(C)[C@H](C=O)CCC1
pept8,C([C@@H](C=O)NC)CCNC(=N)N.N([C@@H](CC(C)C)C=O)C.[nH]1cc(C[C@@H](C=O)NC)c2ccccc12.[C@H](C=O)(NC)CCCCN.CN[C@@H](CC(N)=O)C=O.C1N(C)[C@H](C=O)CC1.N([C@@H](Cc1ccccc1)C=O)C.C[C@@H](C=O)NC
pept8,c1c(C[C@H](NC)C=O)c2ccccc2[nH]1.[C@@H](NC)(C=O)C.C([C@@H](C=O)NC)C(C)C.C([C@@H](C=O)NC)c1ccccc1.[C@H](CCCNC(N)=N)(C=O)NC.[C@H](NC)(CCCCN)C=O.O=C[C@H](CC(=O)N)NC.C1CN(C)[C@H](C=O)C1
pept8,O=C[C@@H](NC)CCCNC(N)=N.CN[C@@H](CC(N)=O)C=O.c1c2c(ccc1)c(C[C@@H](C=O)NC)c[nH]2.O=C[C@H](CC(C)C)NC.[C@@H](C=O)(CCCCN)NC.c1ccc(C[C@H](NC)C=O)cc1.C([C@@H](NC)C)=O.C(=O)[C@@H]1CCCN1C
pept8,C([C@H](CC(C)C)NC)=O.C([C@H](CC(N)=O)NC)=O.C(N)CCC[C@H](NC)C=O.N(C)[C@@H](CCCNC(=N)N)C=O.C1CCN(C)[C@@H]1C=O.c12c(C[C@H](NC)C=O)c[nH]c1cccc2.CN[C@@H](C)C=O.C(=O)[C@H](Cc1ccccc1)NC
pept8,O=C[C@@H](NC)CCCCN.C(CCNC(=N)N)[C@@H](C=O)NC.C1[C@@H](C=O)N(C)CC1.C([C@H](C)NC)=O.N(C)[C@H](C=O)CC(=O)N.N([C@H](C=O)Cc1c[nH]c2c1cccc2)C.c1c(C[C@@H](C=O)NC)cccc1.O=C[C@@H](NC)CC(C)C
pept8,N([C@H](C=O)CC(C)C)C.N([C@H](C=O)CCCCN)C.N(C)[C@H](C=O)CCCNC(N)=N.c1cc2c([nH]cc2C[C@@H](C=O)NC)cc1.c1cc(C[C@H](NC)C=O)ccc1.CN[C@H](C=O)CC(N)=O.O=C[C@@H]1CCCN1C.N([C@@H](C)C=O)C
pept8,c1ccc2[nH]cc(C[C@@H](C=O)NC)c2c1.C(=O)(N)C[C@H](NC)C=O.CN1CCC[C@H]1C=O.CN[C@@H](CCCCN)C=O.C([C@H](NC)C=O)C(C)C.C([C@H](C)NC)=O.c1ccc(C[C@H](NC)C=O)cc1.O=C[C@H](CCCNC(=N)N)NC
pept8,C(CCC[C@H](NC)C=O)N.c12c(cccc1)c(C[C@@H](C=O)NC)c[nH]2.[C@H](C)(C=O)NC.C(CC[C@@H](C=O)NC)NC(N)=N.c1ccc(C[C@H](NC)C=O)cc1.C([C@H](CC(C)C)NC)=O.NC(C[C@H](NC)C=O)=O.[C@H]1(C=O)N(C)CCC1
pept8,O=C(C[C@H](NC)C=O)N.C(C[C@@H](C=O)NC)CNC(N)=N.c1cccc(C[C@@H](C=O)NC)c1.O=C[C@@H]1CCCN1C.C([C@H](NC)C=O)c1c[nH]c2ccccc21.O=C[C@H](CCCCN)NC.[C@@H](NC)(C=O)C.C(=O)[C@H](CC(C)C)NC
pept8,c1(C[C@H](NC)C=O)ccccc1.c12ccccc1c(C[C@@H](C=O)NC)c[nH]2.NC(C[C@@H](C=O)NC)=O.O=C[C@H](C)NC.C(=O)[C@@H](NC)CCCNC(=N)N.C(=O)[C@@H](NC)CCCCN.[C@@H](NC)(C=O)CC(C)C.CN1[C@H](C=O)CCC1
pept8,[C@@H](C=O)(Cc1c[nH]c2ccccc21)NC.C1N(C)[C@H](C=O)CC1.CN[C@@H](CC(N)=O)C=O.NC(NCCC[C@H](NC)C=O)=N.[C@H](C=O)(NC)Cc1ccccc1.C(CN)CC[C@H](NC)C=O.CN[C@@H](C)C=O.N(C)[C@H](C=O)CC(C)C
pept8,c1cc(C[C@@H](C=O)NC)ccc1.c1cc2[nH]cc(C[C@@H](C=O)NC)c2cc1.CN1[C@H](C=O)CCC1.C(C[C@@H](C=O)NC)CNC(N)=N.CN[C@H](C=O)C.CC(C)C[C@@H](C=O)NC.NC(=O)C[C@H](NC)C=O.NCCCC[C@@H](C=O)NC
pept8,CN[C@@H](CC(C)C)C=O.[C@@H](NC)(C=O)C.CN[C@H](C=O)Cc1c2ccccc2[nH]c1.N([C@H](C=O)CCCCN)C.N(C)[C@@H](CCCNC(N)=N)C=O.C1N(C)[C@H](C=O)CC1.C(=O)[C@@H](NC)CC(N)=O.[C@H](C=O)(NC)Cc1ccccc1
pept8,CN[C@H](C=O)Cc1c2c([nH]c1)cccc2.C([C@@H](NC)Cc1ccccc1)=O.N1(C)[C@H](C=O)CCC1.C([C@H](CC(C)C)NC)=O.[C@@H](NC)(C=O)C.C(=O)[C@@H](NC)CCCNC(N)=N.C(=O)[C@@H](NC)CCCCN.[C@H](CC(=O)N)(C=O)NC
pept8,CN[C@@H](CCCNC(N)=N)C=O.c1c(C[C@H](NC)C=O)c2ccccc2[nH]1.[C@@H](CC(N)=O)(NC)C=O.O=C[C@H](CC(C)C)NC.c1ccc(C[C@H](NC)C=O)cc1.CN[C@H](C=O)C.C(CCCN)[C@H](NC)C=O.[C@H]1(C=O)N(C)CCC1
pept8,C(CCNC(N)=N)[C@@H](C=O)NC.CN[C@@H](CCCCN)C=O.CC(C)C[C@@H](C=O)NC.C([C@H]1N(C)CCC1)=O.C([C@@H](NC)Cc1c[nH]c2c1cccc2)=O.c1c(C[C@H](NC)C=O)cccc1.CN[C@@H](CC(N)=O)C=O.O=C[C@@H](NC)C
pept8,N(C)[C@H](C=O)CCCNC(=N)N.NCCCC[C@H](NC)C=O.O=C[C@H](Cc1c[nH]c2c1cccc2)NC.N([C@H](C=O)CC(C)C)C.C(=O)[C@H](CC(N)=O)NC.C1[C@@H](C=O)N(C)CC1.O=C[C@H](Cc1ccccc1)NC.O=C[C@@H](NC)C
pept8,CN[C@@H](C)C=O.C1CC[C@@H](C=O)N1C.C(CNC(N)=N)C[C@@H](C=O)NC.N(C)[C@H](C=O)Cc1ccccc1.O=C[C@H](Cc1c2ccccc2[nH]c1)NC.C(=O)[C@@H](NC)CCCCN.CN[C@@H](CC(C)C)C=O.C(=O)(N)C[C@@H](C=O)NC
pept8,C1N(C)[C@H](C=O)CC1.C(C[C@@H](C=O)NC)(C)C.C([C@H](NC)C=O)C(=O)N.[C@H](C=O)(NC)CCCCN.c1cc2c(cc1)[nH]cc2C[C@@H](C=O)NC.O=C[C@@H](NC)C.C([C@H](Cc1ccccc1)NC)=O.CN[C@@H](CCCNC(=N)N)C=O
pept8,c1cccc2c(C[C@@H](C=O)NC)c[nH]c12.C([C@@H](C=O)NC)C(C)C.N1(C)[C@H](C=O)CCC1.c1c(C[C@H](NC)C=O)cccc1.C([C@H](NC)C=O)CCCN.CN[C@H](C=O)CC(N)=O.O=C[C@H](C)NC.N([C@@H](CCCNC(N)=N)C=O)C
pept8,[C@@H]1(C=O)CCCN1C.[C@@H](NC)(C=O)CCCNC(=N)N.O=C(C[C@@H](C=O)NC)N.N(C)[C@@H](C)C=O.c1c(C[C@@H](C=O)NC)cccc1.[C@H](NC)(Cc1c2c([nH]c1)cccc2)C=O.NCCCC[C@@H](C=O)NC.CC(C[C@@H](C=O)NC)C
pept8,C(=O)[C@@H]1CCCN1C.C(CCCN)[C@@H](C=O)NC.[C@@H](Cc1c[nH]c2ccccc12)(NC)C=O.[C@@H](C)(NC)C=O.O=C[C@H](CC(C)C)NC.C(C(N)=O)[C@@H](C=O)NC.c1cccc(C[C@@H](C=O)NC)c1.C([C@H](NC)C=O)CCNC(N)=N
pept8,C1CC[C@@H](C=O)N1C.CN[C@H](C=O)CCCNC(N)=N.c12ccccc1c(C[C@H](NC)C=O)c[nH]2.O=C[C@H](C)NC.CN[C@H](C=O)CCCCN.NC(=O)C[C@H](NC)C=O.C([C@@H](NC)Cc1ccccc1)=O.[C@@H](CC(C)C)(NC)C=O
pept8,C(C[C@@H](C=O)NC)CNC(N)=N.CN[C@H](C=O)CC(=O)N.C(=O)[C@@H](NC)Cc1ccccc1.CC(C[C@@H](C=O)NC)C.O=C[C@@H](NC)CCCCN.N([C@@H](C)C=O)C.c1c2c(c(C[C@@H](C=O)NC)c[nH]2)ccc1.N1(C)[C@H](C=O)CCC1
pept8,O=C[C@@H]1CCCN1C.C(CCN)C[C@H](NC)C=O.CN[C@@H](Cc1c[nH]c2c1cccc2)C=O.CC(C[C@@H](C=O)NC)C.N(C)[C@@H](C)C=O.C([C@@H](NC)CCCNC(N)=N)=O.O=C(N)C[C@@H](C=O)NC.CN[C@@H](Cc1ccccc1)C=O
pept8,c1cccc(C[C@H](NC)C=O)c1.N(C)[C@H](C=O)CCCCN.C(CNC(N)=N)C[C@H](NC)C=O.N([C@H](C=O)CC(C)C)C.O=C(C[C@H](NC)C=O)N.N1(C)[C@H](C=O)CCC1.N([C@H](C=O)Cc1c2ccccc2[nH]c1)C.CN[C@H](C=O)C
pept8,C([C@H](Cc1c[nH]c2ccccc21)NC)=O.N([C@H](C=O)CC(C)C)C.CN[C@@H](C)C=O.[C@@H](NC)(C=O)CCCNC(N)=N.CN1CCC[C@H]1C=O.C(=O)[C@H](CC(N)=O)NC.c1(C[C@H](NC)C=O)ccccc1.CN[C@@H](CCCCN)C=O
pept8,c1c2c(C[C@@H](C=O)NC)c[nH]c2ccc1.c1c(C[C@H](NC)C=O)cccc1.O=C[C@@H](NC)CCCCN.C(C)(C)C[C@H](NC)C=O.O=C[C@H]1N(C)CCC1.C(NCCC[C@@H](C=O)NC)(N)=N.O=C[C@H](C)NC.CN[C@@H](CC(=O)N)C=O
pept8,O=C[C@H](CCCCN)NC.[C@@H](CC(N)=O)(NC)C=O.C(CCNC(N)=N)[C@@H](C=O)NC.c1ccc2c(C[C@H](NC)C=O)c[nH]c2c1.c1ccccc1C[C@H](NC)C=O.O=C[C@H](CC(C)C)NC.O=C[C@H]1N(C)CCC1.C(=O)[C@H](C)NC
pept8,[C@@H](C=O)(Cc1ccccc1)NC.c1[nH]c2ccccc2c1C[C@@H](C=O)NC.[C@@H](NC)(C=O)CCCCN.N(C)[C@@H](CCCNC(=N)N)C=O.C(=O)[C@H](C)NC.CC(C[C@H](NC)C=O)C.C([C@@H](NC)CC(N)=O)=O.CN1CCC[C@H]1C=O
pept9,CC[C@H](C)[C@@H](C=O)NC.CNCC=O.CN[C@H](C=O)C(C)C.CN[C@H](C=O)CC(=O)O.CN[C@H](C=O)CCC(N)=O.CN[C@H](C=O)CCSC.CN[C@H](C=O)Cc1c[nH]cn1.CN[C@H](C=O)[C@@H](C)OC
pept9,O(C)[C@H](C)[C@H](NC)C=O.[C@@H](CCSC)(NC)C=O.O=C[C@H]([C@H](CC)C)NC.C(C(N)=O)C[C@@H](C=O)NC.C(C)(C)[C@@H](C=O)NC.C(C(O)=O)[C@@H](C=O)NC.N(CC=O)C.[C@H](NC)(Cc1c[nH]cn1)C=O
pept9,N(CC=O)C.[C@H](NC)(C(C)C)C=O.c1nc(C[C@H](NC)C=O)c[nH]1.C([C@H]([C@H](CC)C)NC)=O.N([C@H](C=O)CCSC)C.C([C@@H](NC)CC(O)=O)=O.O=C[C@H]([C@H](OC)C)NC.N(C)[C@H](C=O)CCC(=O)N
pept9,CN[C@@H](Cc1nc[nH]c1)C=O.C(C)[C@H](C)[C@H](NC)C=O.N(C)[C@@H]([C@@H](C)OC)C=O.N(C)CC=O.N(C)[C@@H](CCC(N)=O)C=O.CN[C@H](C=O)CC(O)=O.C(=O)[C@H](CCSC)NC.C(C)([C@@H](C=O)NC)C
pept9,C([C@@H](C=O)NC)C(=O)O.[C@H](NC)(CCSC)C=O.CC([C@H](NC)C=O)C.C(CC[C@H](NC)C=O)(N)=O.CO[C@H](C)[C@H](NC)C=O.[C@@H]([C@@H](C)CC)(NC)C=O.C(CNC)=O.N([C@H](C=O)Cc1c[nH]cn1)C
pept9,C([C@@H](C=O)NC)CC(N)=O.C([C@@H](NC)[C@@H](C)CC)=O.O=C[C@H](CC(=O)O)NC.N(C)[C@@H]([C@@H](C)OC)C=O.[C@H](C=O)(NC)Cc1c[nH]cn1.CNCC=O.CC([C@@H](C=O)NC)C.S(C)CC[C@@H](C=O)NC
pept9,N(C)[C@H](C=O)[C@@H](C)CC.C(SC)C[C@@H](C=O)NC.c1nc(C[C@H](NC)C=O)c[nH]1.O=C(O)C[C@H](NC)C=O.CO[C@H](C)[C@H](NC)C=O.NC(=O)CC[C@H](NC)C=O.CC(C)[C@H](NC)C=O.C(CNC)=O
pept9,C(CSC)[C@@H](C=O)NC.N(C)[C@H](C=O)CC(O)=O.O=C[C@H](Cc1nc[nH]c1)NC.NC(=O)CC[C@@H](C=O)NC.N([C@@H](C(C)C)C=O)C.CN[C@@H]([C@@H](C)OC)C=O.C(=O)[C@H]([C@@H](C)CC)NC.C(CNC)=O
pept9,CN[C@@H]([C@H](OC)C)C=O.O=C[C@@H](NC)CCSC.C([C@H](Cc1nc[nH]c1)NC)=O.[C@@H](NC)(C=O)C(C)C.OC(=O)C[C@H](NC)C=O.C[C@H]([C@H](NC)C=O)CC.C(C=O)NC.C(=O)[C@H](CCC(N)=O)NC
pept9,N([C@@H]([C@@H](C)OC)C=O)C.O=C(CC[C@@H](C=O)NC)N.N([C@H](C=O)CC(=O)O)C.[C@H](C=O)(NC)Cc1nc[nH]c1.N([C@@H](C(C)C)C=O)C.CN[C@@H]([C@@H](C)CC)C=O.N(C)CC=O.S(C)CC[C@H](NC)C=O
pept9,CC(C)[C@H](NC)C=O.[C@@H](OC)(C)[C@@H](C=O)NC.OC(=O)C[C@H](NC)C=O.C([C@H](CCC(N)=O)NC)=O.C([C@H]([C@H](CC)C)NC)=O.CN[C@@H](Cc1c[nH]cn1)C=O.O=C[C@H](CCSC)NC.C(C=O)NC
pept9,O=CCNC.C(C)(C)[C@H](NC)C=O.C([C@@H](NC)CC(O)=O)=O.[C@H](Cc1nc[nH]c1)(C=O)NC.C(=O)[C@@H](NC)[C@@H](C)CC.C([C@H]([C@H](OC)C)NC)=O.NC(=O)CC[C@@H](C=O)NC.C([C@@H](NC)CCSC)=O
pept9,NC(CC[C@@H](C=O)NC)=O.CC([C@H](NC)C=O)C.CC[C@H](C)[C@@H](C=O)NC.O=C[C@H](CC(O)=O)NC.c1(C[C@H](NC)C=O)nc[nH]c1.C(=O)CNC.CO[C@H](C)[C@@H](C=O)NC.CN[C@H](C=O)CCSC
pept9,C([C@@H](NC)CCC(N)=O)=O.O=C(O)C[C@@H](C=O)NC.O=C[C@H](Cc1nc[nH]c1)NC.C(=O)[C@@H](NC)CCSC.C[C@H]([C@H](NC)C=O)OC.C([C@@H](NC)C(C)C)=O.[C@@H](CC)(C)[C@H](NC)C=O.CNCC=O
pept9,N(C)[C@@H](CC(O)=O)C=O.c1c(C[C@@H](C=O)NC)nc[nH]1.N(C)[C@@H](CCC(=O)N)C=O.C([C@H](C)[C@@H](C=O)NC)C.CN[C@H](C=O)CCSC.CO[C@@H]([C@H](NC)C=O)C.CN[C@@H](C(C)C)C=O.O=CCNC
pept9,CSCC[C@H](NC)C=O.CN[C@H](C=O)CCC(N)=O.C([C@@H](NC)[C@@H](C)OC)=O.CN[C@@H](CC(=O)O)C=O.C([C@H]([C@@H](C)CC)NC)=O.CC([C@H](NC)C=O)C.C(c1c[nH]cn1)[C@@H](C=O)NC.O=CCNC
pept9,C([C@@H](C=O)NC)c1c[nH]cn1.O=C[C@@H](NC)CCC(=O)N.C([C@H](NC)C=O)C(O)=O.O=C[C@@H](NC)C(C)C.C(=O)CNC.O=C[C@H]([C@@H](C)CC)NC.[C@@H](NC)(C=O)[C@@H](C)OC.[C@@H](NC)(C=O)CCSC
pept9,C(=O)[C@@H](NC)[C@H](OC)C.CC(C)[C@H](NC)C=O.O=C[C@@H](NC)Cc1nc[nH]c1.C(CC(=O)N)[C@@H](C=O)NC.C(C(O)=O)[C@H](NC)C=O.C(=O)CNC.C(=O)[C@H]([C@@H](C)CC)NC.C(SC)C[C@@H](C=O)NC
pept9,C([C@@H](C=O)NC)CC(N)=O.CO[C@H](C)[C@H](NC)C=O.O=CCNC.C(SC)C[C@H](NC)C=O.CC([C@H](NC)C=O)C.CN[C@@H](Cc1c[nH]cn1)C=O.[C@@H]([C@@H](C)CC)(NC)C=O.[C@@H](NC)(C=O)CC(=O)O
pept9,N(C)[C@@H](CCSC)C=O.O=CCNC.CN[C@@H](CC(=O)O)C=O.[C@H](NC)(C(C)C)C=O.C([C@@H](C=O)NC)CC(N)=O.N(C)[C@@H]([C@H](CC)C)C=O.CN[C@@H](Cc1c[nH]cn1)C=O.C([C@@H](NC)[C@@H](C)OC)=O
pept9,c1c(C[C@H](NC)C=O)nc[nH]1.N(CC=O)C.[C@@H](NC)(C=O)CCC(N)=O.[C@H](OC)([C@@H](C=O)NC)C.N(C)[C@H](C=O)[C@@H](C)CC.CN[C@@H](CCSC)C=O.[C@H](NC)(C(C)C)C=O.O=C(C[C@H](NC)C=O)O
pept9,C([C@H](CCSC)NC)=O.NC(=O)CC[C@H](NC)C=O.O=C[C@@H](NC)C(C)C.OC(C[C@H](NC)C=O)=O.[nH]1cc(C[C@H](NC)C=O)nc1.[C@@H](C)([C@@H](C=O)NC)OC.CNCC=O.O=C[C@H]([C@@H](C)CC)NC
pept9,CN[C@@H](C(C)C)C=O.O=C[C@@H](NC)CC(=O)O.c1(C[C@H](NC)C=O)nc[nH]c1.C([C@@H](NC)[C@H](CC)C)=O.N([C@H](C=O)CCC(N)=O)C.N(C)[C@@H]([C@@H](C)OC)C=O.C(NC)C=O.C([C@H](CCSC)NC)=O
pept9,N([C@@H](Cc1nc[nH]c1)C=O)C.C(C(=O)N)C[C@H](NC)C=O.C[C@@H](CC)[C@H](NC)C=O.N(C)CC=O.C([C@@H](NC)CC(=O)O)=O.CN[C@@H](C(C)C)C=O.C(=O)[C@H]([C@H](OC)C)NC.C(SC)C[C@@H](C=O)NC
pept9,C([C@H](NC)C=O)CC(N)=O.N(C)[C@@H](CCSC)C=O.O=C(O)C[C@H](NC)C=O.O=CCNC.c1(C[C@@H](C=O)NC)nc[nH]c1.C[C@H]([C@H](NC)C=O)OC.CN[C@H](C=O)C(C)C.CN[C@H](C=O)[C@@H](C)CC
pept9,C(C[C@H](NC)C=O)SC.OC(=O)C[C@H](NC)C=O.c1c(C[C@H](NC)C=O)nc[nH]1.O=C(N)CC[C@H](NC)C=O.CC[C@H](C)[C@@H](C=O)NC.[C@H](NC)([C@H](OC)C)C=O.O=C[C@H](C(C)C)NC.C(CNC)=O
pept9,[C@@H](Cc1nc[nH]c1)(NC)C=O.C[C@@H](OC)[C@H](NC)C=O.C(=O)[C@H]([C@H](CC)C)NC.CSCC[C@@H](C=O)NC.O=CCNC.C([C@H](NC)C=O)(C)C.O=C[C@H](CC(=O)O)NC.C(N)(=O)CC[C@@H](C=O)NC
pept9,O(C)[C@@H]([C@H](NC)C=O)C.S(CC[C@H](NC)C=O)C.CNCC=O.[C@H](C)(CC)[C@H](NC)C=O.c1(C[C@H](NC)C=O)c[nH]cn1.C(=O)[C@H](CC(=O)O)NC.CC(C)[C@H](NC)C=O.[C@@H](C=O)(CCC(=O)N)NC
pept9,O=C[C@@H](NC)CC(O)=O.C(=O)[C@@H](NC)CCC(N)=O.C([C@H](NC)C=O)(C)C.N(C)[C@H](C=O)[C@H](CC)C.C(NC)C=O.O=C[C@H](Cc1nc[nH]c1)NC.CO[C@@H]([C@@H](C=O)NC)C.CSCC[C@@H](C=O)NC
pept9,N([C@@H](CCSC)C=O)C.[nH]1cnc(C[C@@H](C=O)NC)c1.N([C@H](C=O)[C@H](CC)C)C.C(=O)[C@@H](NC)CCC(=O)N.[C@@H](C=O)(CC(O)=O)NC.O(C)[C@H](C)[C@@H](C=O)NC.[C@H](C(C)C)(C=O)NC.C(=O)CNC
pept9,CO[C@@H]([C@@H](C=O)NC)C.n1c(C[C@H](NC)C=O)c[nH]c1.C[C@@H](CC)[C@@H](C=O)NC.C(C[C@@H](C=O)NC)(O)=O.N(C)CC=O.S(CC[C@@H](C=O)NC)C.CN[C@H](C=O)C(C)C.N(C)[C@@H](CCC(N)=O)C=O
pept9,n1c[nH]cc1C[C@@H](C=O)NC.[C@@H](C(C)C)(NC)C=O.[C@@H](CCC(=O)N)(NC)C=O.N(C)[C@@H](CCSC)C=O.N([C@H](C=O)[C@H](CC)C)C.O([C@@H]([C@H](NC)C=O)C)C.N(C)CC=O.CN[C@H](C=O)CC(O)=O
pept9,N(C)[C@H](C=O)CC(=O)O.C(=O)[C@@H](NC)CCSC.[C@@H](Cc1c[nH]cn1)(NC)C=O.C(C)(C)[C@H](NC)C=O.O=C[C@@H](NC)[C@@H](C)CC.[C@@H]([C@@H](C)OC)(NC)C=O.O=C(CC[C@@H](C=O)NC)N.O=CCNC
pept9,C(CSC)[C@@H](C=O)NC.C(C(=O)N)C[C@@H](C=O)NC.O=C(O)C[C@H](NC)C=O.c1[nH]cc(C[C@H](NC)C=O)n1.C[C@H]([C@@H](C=O)NC)OC.CN[C@@H](C(C)C)C=O.[C@@H](C=O)([C@H](CC)C)NC.N(CC=O)C
pept9,C([C@@H](C=O)NC)c1c[nH]cn1.[C@@H](OC)(C)[C@@H](C=O)NC.C(CC[C@@H](C=O)NC)(=O)N.C([C@@H](NC)C(C)C)=O.C(=O)[C@H](CCSC)NC.C[C@@H](CC)[C@H](NC)C=O.C(=O)(C[C@H](NC)C=O)O.C(NC)C=O
pept9,C(=O)CNC.S(C)CC[C@@H](C=O)NC.N([C@H](C=O)[C@H](CC)C)C.CN[C@H](C=O)CC(O)=O.CC([C@H](NC)C=O)C.n1c[nH]cc1C[C@@H](C=O)NC.NC(=O)CC[C@@H](C=O)NC.[C@H](OC)([C@H](NC)C=O)C
pept9,C(CC(N)=O)[C@@H](C=O)NC.C(SC)C[C@H](NC)C=O.C([C@H]([C@H](OC)C)NC)=O.C(=O)[C@H](C(C)C)NC.CNCC=O.C([C@@H]([C@H](NC)C=O)C)C.c1[nH]cnc1C[C@H](NC)C=O.N(C)[C@@H](CC(O)=O)C=O
pept9,N(CC=O)C.O=C[C@@H](NC)[C@H](CC)C.C(=O)(N)CC[C@H](NC)C=O.[C@@H](NC)(C=O)[C@@H](C)OC.c1(C[C@@H](C=O)NC)nc[nH]c1.N(C)[C@@H](CC(=O)O)C=O.O=C[C@@H](NC)CCSC.CN[C@H](C=O)C(C)C
pept9,[C@H](Cc1nc[nH]c1)(C=O)NC.N([C@H](C=O)C(C)C)C.O=C[C@@H](NC)CCC(=O)N.[C@@H](CC)(C)[C@H](NC)C=O.N([C@H](C=O)CCSC)C.C(=O)[C@@H](NC)[C@H](OC)C.N(CC=O)C.OC(=O)C[C@H](NC)C=O
pept9,C(=O)[C@@H](NC)CCC(=O)N.CO[C@H](C)[C@@H](C=O)NC.O=C[C@@H](NC)[C@@H](C)CC.C(=O)CNC.CSCC[C@H](NC)C=O.CN[C@H](C=O)C(C)C.[C@H](Cc1c[nH]cn1)(C=O)NC.C(C[C@@H](C=O)NC)(O)=O
pept9,O=CCNC.C([C@H]([C@H](CC)C)NC)=O.C([C@@H](C=O)NC)C(=O)O.N([C@H](C=O)CCSC)C.n1c(C[C@@H](C=O)NC)c[nH]c1.CN[C@@H](C(C)C)C=O.[C@@H](CCC(=O)N)(NC)C=O.O=C[C@H]([C@H](OC)C)NC
pept9,CN[C@@H](Cc1c[nH]cn1)C=O.C(=O)(C[C@H](NC)C=O)O.CC(C)[C@H](NC)C=O.C(=O)CNC.N(C)[C@H](C=O)CCC(N)=O.C([C@H]([C@@H](C)CC)NC)=O.C(=O)[C@H]([C@@H](C)OC)NC.C(=O)[C@H](CCSC)NC
pept9,O=C(N)CC[C@H](NC)C=O.C(=O)[C@@H](NC)[C@H](CC)C.C(C)(C)[C@H](NC)C=O.O=C[C@@H](NC)[C@@H](C)OC.n1c(C[C@@H](C=O)NC)c[nH]c1.CN[C@@H](CCSC)C=O.C(=O)CNC.N([C@@H](CC(O)=O)C=O)C
pept9,O=C[C@H](CCSC)NC.CC[C@H](C)[C@@H](C=O)NC.[C@H](NC)([C@H](OC)C)C=O.N(CC=O)C.N([C@H](C=O)C(C)C)C.CN[C@H](C=O)CC(O)=O.[nH]1cnc(C[C@@H](C=O)NC)c1.NC(CC[C@H](NC)C=O)=O
pept9,C(C(N)=O)C[C@@H](C=O)NC.O=C[C@@H](NC)C(C)C.CC[C@H](C)[C@@H](C=O)NC.c1c(C[C@@H](C=O)NC)nc[nH]1.O=C(C[C@@H](C=O)NC)O.CO[C@@H]([C@@H](C=O)NC)C.O=CCNC.C([C@H](CCSC)NC)=O
pept9,O=C[C@@H](NC)[C@H](OC)C.O=C[C@@H](NC)C(C)C.O=C[C@@H](NC)Cc1nc[nH]c1.CSCC[C@H](NC)C=O.C(=O)CNC.C[C@H]([C@H](NC)C=O)CC.CN[C@@H](CCC(=O)N)C=O.C(O)(C[C@H](NC)C=O)=O
pept9,O=C[C@H](Cc1c[nH]cn1)NC.[C@@H](CCC(=O)N)(NC)C=O.C(CSC)[C@@H](C=O)NC.CN[C@H](C=O)CC(O)=O.CN[C@@H]([C@@H](C)CC)C=O.CC(C)[C@H](NC)C=O.C(=O)CNC.C[C@@H](OC)[C@H](NC)C=O
pept9,[C@@H](CC)(C)[C@H](NC)C=O.CN[C@@H](C(C)C)C=O.CN[C@H](C=O)[C@@H](C)OC.O=C(N)CC[C@@H](C=O)NC.C(c1c[nH]cn1)[C@H](NC)C=O.O=C[C@H](CC(O)=O)NC.N(C)[C@@H](CCSC)C=O.N(CC=O)C
pept9,c1[nH]cnc1C[C@@H](C=O)NC.C([C@@H](NC)CCC(=O)N)=O.C([C@@H](C=O)NC)CSC.CNCC=O.[C@H](NC)(C(C)C)C=O.O=C[C@@H](NC)CC(=O)O.CN[C@@H]([C@@H](C)CC)C=O.[C@H](C)(OC)[C@@H](C=O)NC
pept9,CN[C@H](C=O)[C@@H](C)OC.n1c[nH]cc1C[C@H](NC)C=O.C(CC(=O)N)[C@H](NC)C=O.CN[C@@H](C(C)C)C=O.CC[C@@H]([C@H](NC)C=O)C.C([C@@H](C=O)NC)C(O)=O.C(=O)CNC.S(CC[C@H](NC)C=O)C
pept9,[C@@H](CC)(C)[C@H](NC)C=O.O=C[C@H](CC(=O)O)NC.[C@H](C=O)(NC)CCC(N)=O.CO[C@@H]([C@H](NC)C=O)C.n1c(C[C@@H](C=O)NC)c[nH]c1.CN[C@@H](CCSC)C=O.N(CC=O)C.CN[C@@H](C(C)C)C=O
pept9,C(=O)[C@H](Cc1nc[nH]c1)NC.O=C(C[C@H](NC)C=O)O.C(C[C@@H](C=O)NC)SC.[C@@H](NC)(C=O)[C@H](OC)C.O=C[C@H]([C@H](CC)C)NC.C(CC[C@@H](C=O)NC)(N)=O.C(=O)[C@H](C(C)C)NC.C(C=O)NC
pept9,C(=O)[C@H](CCC(N)=O)NC.O=C[C@H](Cc1nc[nH]c1)NC.N([C@@H]([C@@H](C)CC)C=O)C.CC(C)[C@H](NC)C=O.C(=O)CNC.O(C)[C@@H]([C@H](NC)C=O)C.CN[C@@H](CCSC)C=O.C([C@H](CC(O)=O)NC)=O
pept9,C[C@H]([C@H](NC)C=O)OC.[C@@H]([C@H](NC)C=O)(CC)C.O=C[C@@H](NC)C(C)C.C(=O)[C@H](Cc1nc[nH]c1)NC.C(N)(=O)CC[C@H](NC)C=O.C(C[C@@H](C=O)NC)(O)=O.S(C)CC[C@@H](C=O)NC.N(CC=O)C
pept9,C(C[C@H](NC)C=O)C(N)=O.C(C[C@@H](C=O)NC)(=O)O.C(=O)[C@H]([C@H](CC)C)NC.C([C@@H](C=O)NC)CSC.C(=O)[C@H]([C@H](OC)C)NC.n1c[nH]cc1C[C@H](NC)C=O.C(C)([C@H](NC)C=O)C.N(C)CC=O
pept9,C[C@H]([C@@H](C=O)NC)CC.NC(CC[C@@H](C=O)NC)=O.OC(C[C@@H](C=O)NC)=O.C([C@@H](NC)C(C)C)=O.O=C[C@H](Cc1nc[nH]c1)NC.N(C)CC=O.CO[C@H](C)[C@H](NC)C=O.S(CC[C@@H](C=O)NC)C
pept9,C(C(=O)O)[C@@H](C=O)NC.O(C)[C@@H]([C@@H](C=O)NC)C.c1[nH]cc(C[C@H](NC)C=O)n1.[C@@H](CC)(C)[C@@H](C=O)NC.O=C[C@@H](NC)CCSC.C(C)(C)[C@H](NC)C=O.N(C)CC=O.O=C[C@H](CCC(N)=O)NC
pept9,[nH]1cc(C[C@@H](C=O)NC)nc1.NC(CC[C@H](NC)C=O)=O.C(=O)CNC.C([C@H](C)[C@H](NC)C=O)C.[C@@H](NC)(C=O)CC(=O)O.[C@@H](C)([C@@H](C=O)NC)OC.O=C[C@H](C(C)C)NC.CSCC[C@@H](C=O)NC
pept9,CC([C@H](NC)C=O)C.C(CC(N)=O)[C@@H](C=O)NC.C(C)[C@H](C)[C@H](NC)C=O.C(C=O)NC.O=C[C@@H](NC)Cc1nc[nH]c1.C(=O)[C@H](CCSC)NC.CN[C@H](C=O)[C@@H](C)OC.OC(=O)C[C@H](NC)C=O
pept9,NC(CC[C@@H](C=O)NC)=O.N(C)[C@H](C=O)CCSC.C([C@H]([C@@H](C)CC)NC)=O.C(C)([C@H](NC)C=O)C.O=C[C@H](Cc1c[nH]cn1)NC.CN[C@@H]([C@H](OC)C)C=O.N(C)[C@H](C=O)CC(O)=O.C(NC)C=O
pept10,CN1CCC[C@H]1C=O.CN[C@@H](C)C=O.CN[C@H](C=O)CC(C)C.CN[C@H](C=O)CCCCN.CN[C@H](C=O)CO.CN[C@H](C=O)Cc1c[nH]c2ccccc12.CN[C@H](C=O)Cc1ccc(O)cc1.CN[C@H](C=O)Cc1ccccc1
pept10,C1CC[C@@H](C=O)N1C.C([C@H](NC)C=O)O.NCCCC[C@H](NC)C=O.C(C)(C[C@@H](C=O)NC)C.C(=O)[C@@H](NC)Cc1ccc(O)cc1.O=C[C@@H](NC)Cc1c[nH]c2c1cccc2.C(=O)[C@@H](NC)Cc1ccccc1.CN[C@@H](C)C=O
pept10,O=C[C@H](Cc1ccc(O)cc1)NC.[C@H](Cc1ccccc1)(C=O)NC.C([C@H](CCCCN)NC)=O.C(=O)[C@H](Cc1c[nH]c2ccccc12)NC.O=C[C@H](CC(C)C)NC.C(=O)[C@@H]1CCCN1C.[C@@H](C)(NC)C=O.C(O)[C@@H](C=O)NC
pept10,C(C[C@H](NC)C=O)CCN.C[C@@H](C=O)NC.c1c(C[C@H](NC)C=O)ccc(O)c1.C1C[C@@H](C=O)N(C)C1.c1c2c(c(C[C@H](NC)C=O)c[nH]2)ccc1.O=C[C@H](Cc1ccccc1)NC.C([C@H](CO)NC)=O.C(C)(C[C@@H](C=O)NC)C
pept10,CN[C@@H](Cc1ccc(O)cc1)C=O.O=C[C@@H](NC)CO.c1ccc(C[C@H](NC)C=O)cc1.O=C[C@@H]1CCCN1C.CC(C[C@@H](C=O)NC)C.CN[C@@H](Cc1c2ccccc2[nH]c1)C=O.N(C)[C@H](C=O)CCCCN.N([C@@H](C)C=O)C
pept10,N(C)[C@H](C=O)CC(C)C.C([C@@H]1CCCN1C)=O.C([C@H](CCCCN)NC)=O.c1cccc2c1[nH]cc2C[C@@H](C=O)NC.C([C@H](NC)C=O)c1ccc(O)cc1.C(O)[C@@H](C=O)NC.c1ccc(C[C@@H](C=O)NC)cc1.C[C@@H](C=O)NC
pept10,N([C@H](C=O)Cc1ccccc1)C.OC[C@H](NC)C=O.CN[C@@H](C)C=O.c1cc2c(C[C@H](NC)C=O)c[nH]c2cc1.c1(C[C@@H](C=O)NC)ccc(O)cc1.CN[C@H](C=O)CC(C)C.N([C@@H](CCCCN)C=O)C.N1(C)CCC[C@H]1C=O
pept10,C([C@H](C)NC)=O.[C@H](NC)(Cc1c2c(cccc2)[nH]c1)C=O.C(C)(C)C[C@@H](C=O)NC.C(O)[C@H](NC)C=O.[C@H](Cc1ccc(O)cc1)(C=O)NC.O=C[C@H](Cc1ccccc1)NC.O=C[C@H]1N(C)CCC1.[C@H](CCCCN)(C=O)NC
pept10,O=C[C@@H](NC)CC(C)C.c1c(O)ccc(C[C@@H](C=O)NC)c1.NCCCC[C@H](NC)C=O.N(C)[C@H](C=O)Cc1c2ccccc2[nH]c1.C1N(C)[C@H](C=O)CC1.OC[C@@H](C=O)NC.N([C@H](C=O)C)C.c1c(C[C@@H](C=O)NC)cccc1
pept10,C(=O)[C@H](CC(C)C)NC.c1c(C[C@@H](C=O)NC)cccc1.C([C@@H](NC)CO)=O.c1cccc2c1[nH]cc2C[C@@H](C=O)NC.C(CCN)C[C@H](NC)C=O.C1C[C@@H](C=O)N(C)C1.N(C)[C@H](C=O)Cc1ccc(O)cc1.C[C@H](NC)C=O
pept10,c12ccccc1[nH]cc2C[C@@H](C=O)NC.c1ccc(C[C@H](NC)C=O)cc1.C([C@@H](NC)CO)=O.c1cc(C[C@H](NC)C=O)ccc1O.C([C@@H](NC)CCCCN)=O.C([C@@H](NC)C)=O.O=C[C@@H](NC)CC(C)C.C(=O)[C@@H]1CCCN1C
pept10,c1(C[C@@H](C=O)NC)c[nH]c2ccccc12.C[C@H](NC)C=O.C([C@H](CC(C)C)NC)=O.C(=O)[C@@H]1CCCN1C.[C@@H](NC)(C=O)Cc1ccc(O)cc1.c1cc(C[C@H](NC)C=O)ccc1.C([C@@H](C=O)NC)CCCN.C([C@@H](NC)CO)=O
pept10,O=C[C@@H](NC)CC(C)C.C(c1ccc(O)cc1)[C@H](NC)C=O.[nH]1c2ccccc2c(C[C@H](NC)C=O)c1.C(CC[C@@H](C=O)NC)CN.N1(C)CCC[C@H]1C=O.c1(C[C@H](NC)C=O)ccccc1.O=C[C@@H](NC)CO.C(=O)[C@H](C)NC
pept10,CN[C@@H](Cc1ccccc1)C=O.CN[C@H](C=O)CC(C)C.C(CC[C@H](NC)C=O)CN.C([C@@H](NC)Cc1ccc(O)cc1)=O.C([C@@H](NC)CO)=O.C(=O)[C@H](C)NC.[C@@H]1(C=O)CCCN1C.c1ccc2[nH]cc(C[C@H](NC)C=O)c2c1
pept10,CC(C[C@H](NC)C=O)C.c1cc(O)ccc1C[C@@H](C=O)NC.[C@H](CO)(C=O)NC.CN[C@@H](Cc1ccccc1)C=O.C(c1c[nH]c2ccccc12)[C@H](NC)C=O.[C@@H](C=O)(C)NC.CN[C@H](C=O)CCCCN.C1CC[C@@H](C=O)N1C
pept10,C(=O)[C@@H](NC)Cc1ccccc1.c1cc(C[C@H](NC)C=O)ccc1O.C(=O)[C@H](C)NC.O=C[C@H](Cc1c[nH]c2ccccc21)NC.C1C[C@@H](C=O)N(C)C1.CC(C)C[C@@H](C=O)NC.CN[C@@H](CO)C=O.O=C[C@@H](NC)CCCCN
pept10,N(C)[C@@H](Cc1c2ccccc2[nH]c1)C=O.C(=O)[C@@H](NC)Cc1ccccc1.C([C@@H](NC)CC(C)C)=O.[C@H](CO)(C=O)NC.CN[C@H](C=O)Cc1ccc(O)cc1.C(C[C@H](NC)C=O)CCN.[C@H](C=O)(NC)C.[C@@H]1(C=O)CCCN1C
pept10,O=C[C@@H](NC)CCCCN.[C@H](C)(C=O)NC.C(=O)[C@@H](NC)CC(C)C.N(C)[C@H](C=O)Cc1ccc(O)cc1.C([C@@H](NC)Cc1c2c(cccc2)[nH]c1)=O.c1c(C[C@@H](C=O)NC)cccc1.[C@@H](C=O)(CO)NC.C1CN(C)[C@H](C=O)C1
pept10,[C@H](NC)(Cc1ccc(O)cc1)C=O.C(C[C@@H](C=O)NC)CCN.O=C[C@@H](NC)C.C(C(C)C)[C@H](NC)C=O.[nH]1c2c(c(C[C@@H](C=O)NC)c1)cccc2.c1ccccc1C[C@@H](C=O)NC.O=C[C@@H](NC)CO.C1[C@@H](C=O)N(C)CC1
pept10,CN[C@H](C=O)C.c1c(C[C@H](NC)C=O)ccc(O)c1.c1ccccc1C[C@@H](C=O)NC.c1cc2c(C[C@H](NC)C=O)c[nH]c2cc1.CC(C[C@@H](C=O)NC)C.C(=O)[C@H](CCCCN)NC.CN[C@@H](CO)C=O.C1C[C@@H](C=O)N(C)C1
pept10,c1cc(C[C@H](NC)C=O)ccc1.[nH]1c2ccccc2c(C[C@@H](C=O)NC)c1.N1(C)CCC[C@H]1C=O.CN[C@@H](Cc1ccc(O)cc1)C=O.N(C)[C@@H](CO)C=O.CN[C@H](C=O)C.CC(C)C[C@H](NC)C=O.O=C[C@@H](NC)CCCCN
pept10,c1cccc2c1c(C[C@@H](C=O)NC)c[nH]2.CC(C)C[C@@H](C=O)NC.c1ccccc1C[C@H](NC)C=O.C(CCN)C[C@H](NC)C=O.c1c(C[C@H](NC)C=O)ccc(O)c1.OC[C@@H](C=O)NC.C([C@H](C)NC)=O.N1(C)CCC[C@H]1C=O
pept10,N1(C)CCC[C@H]1C=O.O=C[C@H](C)NC.O=C[C@@H](NC)Cc1ccc(O)cc1.N(C)[C@@H](CC(C)C)C=O.[C@H](NC)(Cc1ccccc1)C=O.[C@H](CO)(C=O)NC.C(=O)[C@@H](NC)CCCCN.CN[C@H](C=O)Cc1c[nH]c2ccccc21
pept10,[nH]1c2ccccc2c(C[C@@H](C=O)NC)c1.[C@H](Cc1ccc(O)cc1)(C=O)NC.c1ccccc1C[C@H](NC)C=O.C([C@@H](C=O)NC)O.CN[C@@H](C)C=O.C(CCCN)[C@@H](C=O)NC.CN[C@H](C=O)CC(C)C.C1[C@@H](C=O)N(C)CC1
pept10,N([C@H](C=O)C)C.C([C@H](NC)C=O)c1ccccc1.c1c2[nH]cc(C[C@H](NC)C=O)c2ccc1.O=C[C@H](CO)NC.CN1CCC[C@H]1C=O.C(=O)[C@@H](NC)Cc1ccc(O)cc1.C(CN)CC[C@H](NC)C=O.N(C)[C@H](C=O)CC(C)C
pept10,CN[C@@H](Cc1ccc(O)cc1)C=O.O=C[C@H](C)NC.C(N)CCC[C@@H](C=O)NC.c1ccc(C[C@H](NC)C=O)cc1.N([C@H](C=O)CC(C)C)C.C1CN(C)[C@H](C=O)C1.OC[C@@H](C=O)NC.c12c(cccc1)[nH]cc2C[C@@H](C=O)NC
pept10,O=C[C@@H](NC)C.c1cc2c(c(C[C@@H](C=O)NC)c[nH]2)cc1.C([C@@H](C=O)NC)c1ccc(O)cc1.[C@H](NC)(CCCCN)C=O.CN1CCC[C@H]1C=O.c1(C[C@H](NC)C=O)ccccc1.O=C[C@@H](NC)CO.C(C[C@@H](C=O)NC)(C)C
pept10,[C@@H]1(C=O)CCCN1C.N([C@@H](C)C=O)C.CN[C@H](C=O)CCCCN.c1ccc(C[C@H](NC)C=O)cc1.N(C)[C@H](C=O)CC(C)C.C([C@@H](C=O)NC)O.Oc1ccc(C[C@@H](C=O)NC)cc1.c12ccccc1[nH]cc2C[C@H](NC)C=O
pept10,c1cc(O)ccc1C[C@@H](C=O)NC.C(CN)CC[C@@H](C=O)NC.C1C[C@@H](C=O)N(C)C1.C([C@@H](C=O)NC)C(C)C.N(C)[C@@H](C)C=O.CN[C@H](C=O)Cc1ccccc1.N([C@H](C=O)Cc1c[nH]c2c1cccc2)C.OC[C@@H](C=O)NC
pept10,C([C@@H](NC)CC(C)C)=O.c1cc(O)ccc1C[C@H](NC)C=O.c1cc(C[C@H](NC)C=O)ccc1.C(N)CCC[C@H](NC)C=O.CN[C@@H](C)C=O.C1CN(C)[C@H](C=O)C1.[C@@H](CO)(NC)C=O.C(c1c2c([nH]c1)cccc2)[C@@H](C=O)NC
pept10,C(=O)[C@@H](NC)CC(C)C.C([C@H]1N(C)CCC1)=O.c12c([nH]cc1C[C@@H](C=O)NC)cccc2.c1cc(C[C@H](NC)C=O)ccc1O.C(CC[C@H](NC)C=O)CN.O=C[C@@H](NC)C.c1c(C[C@@H](C=O)NC)cccc1.O=C[C@@H](NC)CO
pept10,[C@@H](NC)(C=O)Cc1ccc(O)cc1.CN[C@@H](C)C=O.N([C@H](C=O)CO)C.c1ccccc1C[C@H](NC)C=O.C(CCN)C[C@@H](C=O)NC.c1c(C[C@H](NC)C=O)c2ccccc2[nH]1.C1C[C@@H](C=O)N(C)C1.O=C[C@@H](NC)CC(C)C
pept10,[C@H]1(C=O)N(C)CCC1.N([C@@H](Cc1ccccc1)C=O)C.C([C@@H](NC)Cc1ccc(O)cc1)=O.[C@H](C=O)(NC)CCCCN.CN[C@@H](CC(C)C)C=O.c1c(C[C@H](NC)C=O)c2ccccc2[nH]1.[C@H](C=O)(NC)CO.[C@H](C)(C=O)NC
pept10,CN1[C@H](C=O)CCC1.[C@H](C)(C=O)NC.c1ccc(C[C@H](NC)C=O)cc1.C(c1ccc(O)cc1)[C@@H](C=O)NC.c1c2c(ccc1)c(C[C@H](NC)C=O)c[nH]2.CC(C[C@@H](C=O)NC)C.C([C@@H](C=O)NC)CCCN.OC[C@H](NC)C=O
pept10,c1cc(C[C@H](NC)C=O)ccc1O.C(C[C@H](NC)C=O)CCN.C(c1ccccc1)[C@H](NC)C=O.CN1CCC[C@H]1C=O.c1cccc2c1[nH]cc2C[C@H](NC)C=O.[C@@H](NC)(C=O)CO.CC(C)C[C@@H](C=O)NC.[C@@H](C)(NC)C=O
pept10,O=C[C@H](CC(C)C)NC.c1(C[C@@H](C=O)NC)ccccc1.C([C@@H](C=O)NC)CCCN.[C@@H](C=O)(Cc1ccc(O)cc1)NC.CN1[C@H](C=O)CCC1.C([C@@H](C=O)NC)c1c2ccccc2[nH]c1.OC[C@@H](C=O)NC.C[C@@H](C=O)NC
pept10,c1(C[C@@H](C=O)NC)ccccc1.c1cc(O)ccc1C[C@@H](C=O)NC.C([C@H](C)NC)=O.C([C@@H](NC)CC(C)C)=O.N([C@H](C=O)CO)C.C(C[C@H](NC)C=O)CCN.C1CCN(C)[C@@H]1C=O.C(=O)[C@@H](NC)Cc1c2c(cccc2)[nH]c1
pept10,O=C[C@@H](NC)CC(C)C.c12ccccc1c(C[C@H](NC)C=O)c[nH]2.C(=O)[C@H](C)NC.c1c(O)ccc(C[C@H](NC)C=O)c1.[C@@H](NC)(C=O)CO.N1(C)CCC[C@H]1C=O.c1cc(C[C@@H](C=O)NC)ccc1.C(CCCN)[C@H](NC)C=O
pept10,CN[C@@H](C)C=O.N(C)[C@@H](Cc1ccccc1)C=O.C(=O)[C@H](CO)NC.c12ccccc1c(C[C@@H](C=O)NC)c[nH]2.C(CCCN)[C@H](NC)C=O.C([C@H](CC(C)C)NC)=O.c1c(C[C@H](NC)C=O)ccc(O)c1.N1(C)CCC[C@H]1C=O
pept10,c1(C[C@H](NC)C=O)ccc(O)cc1.c1ccccc1C[C@@H](C=O)NC.[C@H](CC(C)C)(C=O)NC.C1N(C)[C@H](C=O)CC1.c1c2c(ccc1)[nH]cc2C[C@H](NC)C=O.NCCCC[C@@H](C=O)NC.[C@H](C=O)(NC)CO.CN[C@H](C=O)C
pept10,O=C[C@H](Cc1ccc(O)cc1)NC.CN1[C@H](C=O)CCC1.CN[C@H](C=O)C.c1cc2c([nH]cc2C[C@@H](C=O)NC)cc1.C([C@@H](NC)CC(C)C)=O.N([C@H](C=O)Cc1ccccc1)C.NCCCC[C@H](NC)C=O.O=C[C@H](CO)NC
pept10,C([C@H](CO)NC)=O.N1(C)CCC[C@H]1C=O.C([C@H](Cc1ccc(O)cc1)NC)=O.C[C@H](NC)C=O.C(CCN)C[C@H](NC)C=O.N(C)[C@H](C=O)CC(C)C.c1(C[C@H](NC)C=O)c2c(cccc2)[nH]c1.N([C@@H](Cc1ccccc1)C=O)C
pept10,CN[C@@H](CCCCN)C=O.c1cc(C[C@@H](C=O)NC)ccc1.C(=O)[C@@H]1CCCN1C.[C@@H](NC)(C=O)CO.c1c(O)ccc(C[C@@H](C=O)NC)c1.[C@@H](CC(C)C)(NC)C=O.c1(C[C@H](NC)C=O)c[nH]c2c1cccc2.C(=O)[C@@H](NC)C
pept10,c1cc(C[C@@H](C=O)NC)ccc1.O=C[C@H]1N(C)CCC1.C(N)CCC[C@@H](C=O)NC.N([C@@H](CO)C=O)C.C(=O)[C@@H](NC)C.C([C@H](NC)C=O)C(C)C.c1(C[C@@H](C=O)NC)ccc(O)cc1.c12ccccc1c(C[C@@H](C=O)NC)c[nH]2
pept10,N([C@@H](Cc1c2c([nH]c1)cccc2)C=O)C.O=C[C@H](Cc1ccc(O)cc1)NC.C([C@H](C)NC)=O.C([C@H](CCCCN)NC)=O.O=C[C@H](Cc1ccccc1)NC.CC(C)C[C@H](NC)C=O.[C@H](CO)(C=O)NC.CN1CCC[C@H]1C=O
pept10,c1cccc2c1[nH]cc2C[C@@H](C=O)NC.CN[C@H](C=O)C.N1(C)[C@H](C=O)CCC1.c1c(C[C@@H](C=O)NC)cccc1.[C@H](CCCCN)(C=O)NC.Oc1ccc(C[C@H](NC)C=O)cc1.C(O)[C@H](NC)C=O.CC(C[C@@H](C=O)NC)C
pept10,CN1CCC[C@H]1C=O.[C@@H](C=O)(CO)NC.NCCCC[C@@H](C=O)NC.c1(O)ccc(C[C@@H](C=O)NC)cc1.N(C)[C@H](C=O)CC(C)C.c12ccccc1[nH]cc2C[C@@H](C=O)NC.[C@H](NC)(C)C=O.c1ccccc1C[C@H](NC)C=O
pept10,O=C[C@@H](NC)CC(C)C.N(C)[C@@H](Cc1ccc(O)cc1)C=O.c1c2c(C[C@H](NC)C=O)c[nH]c2ccc1.c1ccc(C[C@H](NC)C=O)cc1.C1N(C)[C@H](C=O)CC1.O=C[C@@H](NC)CCCCN.OC[C@@H](C=O)NC.N(C)[C@H](C=O)C
pept10,CN[C@@H](Cc1ccc(O)cc1)C=O.C(CCN)C[C@H](NC)C=O.c1c(C[C@H](NC)C=O)cccc1.C(=O)[C@H](Cc1c2ccccc2[nH]c1)NC.C([C@@H](C=O)NC)C(C)C.CN[C@H](C=O)CO.C1CN(C)[C@H](C=O)C1.CN[C@H](C=O)C
pept10,C[C@@H](C=O)NC.C([C@H](CC(C)C)NC)=O.[C@@H]1(C=O)CCCN1C.c1(C[C@H](NC)C=O)c[nH]c2c1cccc2.N(C)[C@H](C=O)Cc1ccccc1.C(c1ccc(O)cc1)[C@@H](C=O)NC.O=C[C@H](CCCCN)NC.[C@H](NC)(CO)C=O
pept10,C(=O)[C@H]1N(C)CCC1.[C@@H](C)(NC)C=O.N([C@@H](CO)C=O)C.c1c(C[C@H](NC)C=O)cccc1.O=C[C@H](Cc1ccc(O)cc1)NC.c1c(C[C@H](NC)C=O)c2c(cccc2)[nH]1.[C@H](NC)(CC(C)C)C=O.C(CCN)C[C@@H](C=O)NC
pept10,C([C@@H](NC)CCCCN)=O.c1(C[C@H](NC)C=O)c2ccccc2[nH]c1.C([C@H](Cc1ccccc1)NC)=O.[C@@H](C=O)(Cc1ccc(O)cc1)NC.C(=O)[C@@H]1CCCN1C.C(C(C)C)[C@H](NC)C=O.CN[C@H](C=O)CO.N(C)[C@H](C=O)C
pept10,CC(C)C[C@H](NC)C=O.NCCCC[C@H](NC)C=O.c1cccc2[nH]cc(C[C@@H](C=O)NC)c12.[C@H]1(C=O)N(C)CCC1.CN[C@@H](Cc1ccc(O)cc1)C=O.O=C[C@@H](NC)Cc1ccccc1.C([C@H](C)NC)=O.C(=O)[C@H](CO)NC
pept10,[C@H]1(C=O)N(C)CCC1.O=C[C@H](Cc1c[nH]c2ccccc21)NC.C(=O)[C@H](CCCCN)NC.N([C@H](C=O)CO)C.CC(C)C[C@@H](C=O)NC.c1c(O)ccc(C[C@@H](C=O)NC)c1.O=C[C@@H](NC)C.c1cccc(C[C@@H](C=O)NC)c1
pept10,C(C(C)C)[C@@H](C=O)NC.C(CN)CC[C@@H](C=O)NC.c1cccc(C[C@H](NC)C=O)c1.[nH]1cc(C[C@H](NC)C=O)c2ccccc12.c1c(O)ccc(C[C@@H](C=O)NC)c1.[C@@H]1(C=O)CCCN1C.N(C)[C@@H](CO)C=O.[C@H](NC)(C)C=O
pept10,C([C@H](Cc1ccc(O)cc1)NC)=O.O=C[C@@H](NC)CCCCN.c1cccc(C[C@@H](C=O)NC)c1.C([C@@H](NC)CC(C)C)=O.N([C@H](C=O)CO)C.C1CN(C)[C@H](C=O)C1.c1c2[nH]cc(C[C@H](NC)C=O)c2ccc1.N([C@@H](C)C=O)C
pept10,C(CCC[C@@H](C=O)NC)N.c1cc(O)ccc1C[C@@H](C=O)NC.C([C@H](NC)C=O)c1ccccc1.C(O)[C@@H](C=O)NC.C1CC[C@@H](C=O)N1C.c1c2c([nH]cc2C[C@H](NC)C=O)ccc1.CC(C[C@H](NC)C=O)C.CN[C@@H](C)C=O
pept10,C([C@@H](C=O)NC)c1c2ccccc2[nH]c1.N(C)[C@@H](CO)C=O.N([C@H](C=O)Cc1ccccc1)C.N(C)[C@H](C=O)CCCCN.O=C[C@H](Cc1ccc(O)cc1)NC.CN[C@@H](C)C=O.[C@@H](C=O)(CC(C)C)NC.CN1CCC[C@H]1C=O
pept10,C([C@H](NC)C=O)CCCN.C([C@H](CO)NC)=O.[C@@H](Cc1ccc(O)cc1)(NC)C=O.CN[C@H](C=O)Cc1ccccc1.CN1CCC[C@H]1C=O.c12[nH]cc(C[C@@H](C=O)NC)c1cccc2.CN[C@@H](CC(C)C)C=O.[C@H](NC)(C)C=O
pept10,N(C)[C@H](C=O)CC(C)C.c1c(C[C@H](NC)C=O)cccc1.c12ccccc1[nH]cc2C[C@@H](C=O)NC.C(=O)[C@H]1N(C)CCC1.c1cc(O)ccc1C[C@@H](C=O)NC.[C@H](C=O)(NC)C.N(C)[C@H](C=O)CCCCN.C(O)[C@@H](C=O)NC
pept11,CC[C@H](C)[C@@H](C=O)NC.CN[C@@H](C)C=O.CN[C@H](C=O)CC(=O)O.CN[C@H](C=O)CC(C)C.CN[C@H](C=O)CCC(N)=O.CN[C@H](C=O)CCCNC(=N)N.CN[C@H](C=O)CCSC.CN[C@H](C=O)[C@@H](C)OC
pept11,CN[C@@H]([C@H](OC)C)C=O.C(C[C@H](NC)C=O)C(N)=O.N(C(=N)N)CCC[C@H](NC)C=O.CN[C@H](C=O)CCSC.N([C@H](C=O)[C@H](CC)C)C.CN[C@@H](CC(C)C)C=O.C([C@H](CC(O)=O)NC)=O.CN[C@H](C=O)C
pept11,CN[C@@H](CCC(N)=O)C=O.O=C[C@@H](NC)[C@H](CC)C.[C@@H]([C@H](OC)C)(NC)C=O.N(CCC[C@@H](C=O)NC)C(N)=N.N(C)[C@H](C=O)CC(=O)O.O=C[C@@H](NC)CC(C)C.CN[C@H](C=O)CCSC.[C@@H](C=O)(C)NC
pept11,C(=O)[C@H](CC(C)C)NC.C(=O)[C@H]([C@@H](C)CC)NC.C[C@@H](C=O)NC.C(=O)[C@H](CCSC)NC.NC(NCCC[C@H](NC)C=O)=N.C(=O)[C@H](CC(O)=O)NC.CN[C@H](C=O)[C@H](OC)C.NC(=O)CC[C@H](NC)C=O
pept11,C(NCCC[C@H](NC)C=O)(=N)N.N(C)[C@@H]([C@@H](C)OC)C=O.C(=O)[C@@H](NC)CC(C)C.[C@@H](NC)(C=O)C.CN[C@H](C=O)CCC(N)=O.CSCC[C@H](NC)C=O.C([C@H]([C@H](CC)C)NC)=O.C(O)(C[C@@H](C=O)NC)=O
pept11,[C@@H](C=O)([C@@H](C)OC)NC.CN[C@@H](C)C=O.C(C)[C@H](C)[C@H](NC)C=O.[C@@H](CCC(N)=O)(NC)C=O.C([C@@H](C=O)NC)C(O)=O.CN[C@H](C=O)CCSC.CN[C@H](C=O)CC(C)C.C(CNC(=N)N)C[C@@H](C=O)NC
pept11,C[C@H]([C@H](NC)C=O)OC.C(NCCC[C@H](NC)C=O)(N)=N.N([C@H](C=O)CC(O)=O)C.S(C)CC[C@H](NC)C=O.C(C)[C@H](C)[C@H](NC)C=O.N(C)[C@H](C=O)C.[C@H](NC)(CC(C)C)C=O.[C@H](NC)(CCC(=O)N)C=O
pept11,C(=O)[C@@H](NC)CC(O)=O.O=C[C@H](CCC(N)=O)NC.O=C[C@H](CCSC)NC.[C@H]([C@H](NC)C=O)(C)CC.N([C@@H]([C@H](OC)C)C=O)C.N([C@H](C=O)CCCNC(N)=N)C.CN[C@@H](CC(C)C)C=O.[C@H](NC)(C)C=O
pept11,C(C(C)C)[C@@H](C=O)NC.C([C@H](CCSC)NC)=O.N([C@H](C=O)CC(=O)O)C.N(C)[C@H](C=O)CCC(N)=O.C([C@H]([C@H](OC)C)NC)=O.CN[C@@H](C)C=O.C(NC(N)=N)CC[C@@H](C=O)NC.[C@@H]([C@H](CC)C)(NC)C=O
pept11,O=C[C@@H](NC)C.O=C[C@H](CC(C)C)NC.N([C@H](C=O)CCSC)C.N(CCC[C@H](NC)C=O)C(=N)N.C([C@H](NC)C=O)C(=O)O.C[C@@H](OC)[C@H](NC)C=O.CC[C@@H]([C@@H](C=O)NC)C.NC(=O)CC[C@@H](C=O)NC
pept11,O=C[C@H]([C@H](CC)C)NC.O=C[C@@H](NC)C.O=C[C@H](CCSC)NC.N=C(N)NCCC[C@@H](C=O)NC.O=C(CC[C@@H](C=O)NC)N.N(C)[C@@H]([C@@H](C)OC)C=O.[C@@H](CC(=O)O)(NC)C=O.O=C[C@H](CC(C)C)NC
pept11,N([C@@H]([C@@H](C)OC)C=O)C.CN[C@H](C=O)CCSC.C(C(O)=O)[C@@H](C=O)NC.N(C)[C@@H](CCC(=O)N)C=O.C[C@@H](C=O)NC.O=C[C@@H](NC)CC(C)C.O=C[C@H](CCCNC(=N)N)NC.CN[C@@H]([C@H](CC)C)C=O
pept11,C(=O)[C@H](CC(C)C)NC.C([C@H](CCSC)NC)=O.[C@H](C=O)(NC)C.C(=O)[C@H](CCCNC(N)=N)NC.[C@@H](C)([C@@H](C=O)NC)OC.[C@@H]([C@@H](C=O)NC)(CC)C.N(C)[C@H](C=O)CCC(=O)N.C(C(O)=O)[C@@H](C=O)NC
pept11,[C@H](C=O)(NC)CC(=O)O.C(C)(C[C@H](NC)C=O)C.CN[C@H](C=O)CCSC.CN[C@H](C=O)CCC(=O)N.[C@@H](CC)(C)[C@H](NC)C=O.O=C[C@H](C)NC.C([C@H]([C@@H](C)OC)NC)=O.CN[C@H](C=O)CCCNC(=N)N
pept11,CC(C)C[C@@H](C=O)NC.CN[C@H](C=O)CC(O)=O.S(CC[C@H](NC)C=O)C.C([C@@H](NC)CCCNC(N)=N)=O.[C@@H]([C@@H](C=O)NC)(OC)C.N([C@@H](C)C=O)C.O=C[C@H]([C@H](CC)C)NC.O=C[C@@H](NC)CCC(=O)N
pept11,CC(C)C[C@@H](C=O)NC.CN[C@H](C=O)[C@@H](C)OC.C([C@@H](C=O)NC)C(O)=O.[C@@H](C=O)(CCCNC(N)=N)NC.NC(=O)CC[C@@H](C=O)NC.[C@H](C=O)(NC)C.[C@H](NC)([C@@H](C)CC)C=O.C([C@H](CCSC)NC)=O
pept11,N=C(NCCC[C@H](NC)C=O)N.O=C[C@@H](NC)CCSC.N(C)[C@H](C=O)CC(C)C.C(=O)(CC[C@H](NC)C=O)N.O=C(O)C[C@@H](C=O)NC.C(=O)[C@@H](NC)[C@@H](C)CC.[C@@H](C=O)([C@@H](C)OC)NC.N([C@@H](C)C=O)C
pept11,CN[C@@H](CCC(N)=O)C=O.C([C@@H](C=O)NC)C(O)=O.C(=O)[C@H](C)NC.C([C@H](NC)C=O)C(C)C.CN[C@@H](CCCNC(N)=N)C=O.CSCC[C@H](NC)C=O.N(C)[C@@H]([C@@H](C)CC)C=O.[C@@H](C)([C@@H](C=O)NC)OC
pept11,NC(=N)NCCC[C@H](NC)C=O.CN[C@@H](C)C=O.N(C)[C@@H](CC(C)C)C=O.CN[C@@H]([C@@H](C)CC)C=O.C(C(=O)O)[C@H](NC)C=O.[C@H](C=O)(NC)CCSC.CO[C@H](C)[C@H](NC)C=O.CN[C@@H](CCC(=O)N)C=O
pept11,C(=N)(N)NCCC[C@@H](C=O)NC.CC[C@@H]([C@@H](C=O)NC)C.[C@@H](CC(O)=O)(NC)C=O.C(C[C@@H](C=O)NC)C(=O)N.[C@@H](NC)(C=O)CCSC.CO[C@@H]([C@@H](C=O)NC)C.CC(C)C[C@H](NC)C=O.N(C)[C@@H](C)C=O
pept11,C(CSC)[C@H](NC)C=O.C(=O)[C@H](CC(=O)O)NC.C(NC(=N)N)CC[C@H](NC)C=O.C([C@@H](NC)[C@H](CC)C)=O.CN[C@@H](CCC(=O)N)C=O.CC(C)C[C@H](NC)C=O.O([C@H](C)[C@H](NC)C=O)C.CN[C@@H](C)C=O
pept11,[C@H](OC)([C@H](NC)C=O)C.NC(=O)CC[C@H](NC)C=O.S(CC[C@@H](C=O)NC)C.N([C@@H]([C@@H](C)CC)C=O)C.CN[C@@H](CC(C)C)C=O.CN[C@@H](C)C=O.N=C(NCCC[C@@H](C=O)NC)N.C([C@@H](C=O)NC)C(=O)O
pept11,N([C@@H](CCCNC(=N)N)C=O)C.O=C[C@H](C)NC.C(=O)[C@@H](NC)[C@@H](C)CC.S(CC[C@@H](C=O)NC)C.CN[C@H](C=O)CCC(N)=O.C([C@@H](NC)CC(O)=O)=O.[C@H](C=O)(NC)[C@H](OC)C.C([C@H](NC)C=O)C(C)C
pept11,[C@H](CC)([C@@H](C=O)NC)C.[C@@H](C=O)(CC(=O)O)NC.N(CCC[C@H](NC)C=O)C(=N)N.C(CC[C@H](NC)C=O)(N)=O.C([C@H]([C@@H](C)OC)NC)=O.O=C[C@H](C)NC.N(C)[C@H](C=O)CC(C)C.C(SC)C[C@@H](C=O)NC
pept11,N([C@@H](CCSC)C=O)C.N(C)[C@@H](CCC(=O)N)C=O.N(C)[C@H](C=O)[C@@H](C)OC.C(CC[C@H](NC)C=O)NC(N)=N.C[C@@H](C=O)NC.C(C)[C@H](C)[C@@H](C=O)NC.O=C[C@H](CC(=O)O)NC.C(C)(C)C[C@H](NC)C=O
pept11,CC[C@H](C)[C@@H](C=O)NC.N(C)[C@H](C=O)CC(C)C.CSCC[C@@H](C=O)NC.CN[C@@H](CC(=O)O)C=O.N(CCC[C@@H](C=O)NC)C(=N)N.CN[C@@H](CCC(N)=O)C=O.[C@H](C)(C=O)NC.O=C[C@@H](NC)[C@@H](C)OC
pept11,[C@@H](NC)(C=O)CC(C)C.CN[C@@H](CCCNC(=N)N)C=O.OC(C[C@@H](C=O)NC)=O.O=C[C@H](C)NC.C([C@@H](NC)[C@@H](C)CC)=O.C[C@H]([C@@H](C=O)NC)OC.[C@@H](NC)(C=O)CCC(N)=O.N(C)[C@@H](CCSC)C=O
pept11,C(CC[C@@H](C=O)NC)NC(N)=N.[C@@H](NC)(C=O)C.[C@H](C)(OC)[C@H](NC)C=O.[C@H](CC)([C@@H](C=O)NC)C.C(C[C@H](NC)C=O)SC.C(C(O)=O)[C@@H](C=O)NC.C(=O)[C@@H](NC)CC(C)C.NC(CC[C@H](NC)C=O)=O
pept11,C([C@@H](NC)CC(=O)O)=O.N=C(N)NCCC[C@@H](C=O)NC.C(SC)C[C@@H](C=O)NC.[C@H]([C@H](CC)C)(C=O)NC.CN[C@@H]([C@@H](C)OC)C=O.NC(=O)CC[C@@H](C=O)NC.O=C[C@H](CC(C)C)NC.N([C@@H](C)C=O)C
pept11,O=C[C@@H](NC)CC(O)=O.O=C(CC[C@@H](C=O)NC)N.N([C@@H](C)C=O)C.C[C@H]([C@H](NC)C=O)OC.[C@H](C=O)(NC)CCSC.C([C@H](C)[C@H](NC)C=O)C.C(CC[C@@H](C=O)NC)NC(=N)N.C(C(C)C)[C@H](NC)C=O
pept11,[C@@H](CC(C)C)(NC)C=O.OC(=O)C[C@@H](C=O)NC.[C@@H](NC)(C=O)CCCNC(N)=N.S(CC[C@@H](C=O)NC)C.C([C@@H](NC)CCC(N)=O)=O.N(C)[C@@H]([C@@H](C)CC)C=O.CO[C@@H]([C@@H](C=O)NC)C.N([C@H](C=O)C)C
pept11,CN[C@H](C=O)CCCNC(=N)N.CC(C[C@H](NC)C=O)C.C(CC(=O)N)[C@H](NC)C=O.CO[C@@H]([C@@H](C=O)NC)C.[C@@H](C)(NC)C=O.C([C@H](NC)C=O)CSC.C[C@H]([C@H](NC)C=O)CC.[C@@H](NC)(C=O)CC(O)=O
pept11,[C@H](C)(C=O)NC.CSCC[C@H](NC)C=O.N=C(N)NCCC[C@@H](C=O)NC.[C@@H]([C@@H](C)OC)(NC)C=O.C(N)(CC[C@H](NC)C=O)=O.C([C@H](CC(C)C)NC)=O.O=C(O)C[C@H](NC)C=O.CC[C@H](C)[C@H](NC)C=O
pept11,NC(=O)CC[C@@H](C=O)NC.O=C[C@H]([C@@H](C)CC)NC.[C@H]([C@H](NC)C=O)(C)OC.C(C(C)C)[C@H](NC)C=O.NC(=N)NCCC[C@@H](C=O)NC.CN[C@@H](CC(O)=O)C=O.C([C@@H](NC)C)=O.CN[C@H](C=O)CCSC
pept11,C([C@H](C)[C@H](NC)C=O)C.CN[C@H](C=O)C.O=C(CC[C@H](NC)C=O)N.C(=N)(NCCC[C@@H](C=O)NC)N.OC(C[C@@H](C=O)NC)=O.CN[C@@H](CC(C)C)C=O.N([C@H](C=O)[C@@H](C)OC)C.S(CC[C@H](NC)C=O)C
pept11,CC(C[C@@H](C=O)NC)C.[C@H]([C@H](OC)C)(C=O)NC.C(C[C@H](NC)C=O)SC.C(O)(=O)C[C@H](NC)C=O.[C@@H](NC)(C=O)CCC(=O)N.C(=O)[C@@H](NC)[C@@H](C)CC.C(=O)[C@H](CCCNC(N)=N)NC.CN[C@H](C=O)C
pept11,O=C[C@@H](NC)C.C[C@@H](OC)[C@@H](C=O)NC.C(C)[C@@H]([C@@H](C=O)NC)C.O=C[C@@H](NC)CC(C)C.C(C[C@H](NC)C=O)(O)=O.N=C(NCCC[C@H](NC)C=O)N.C([C@H](CCSC)NC)=O.N(C)[C@@H](CCC(N)=O)C=O
pept11,CSCC[C@H](NC)C=O.[C@@H](CC)(C)[C@@H](C=O)NC.C(=O)(C[C@H](NC)C=O)O.C[C@@H](OC)[C@@H](C=O)NC.C(=O)[C@H](CCC(=O)N)NC.O=C[C@H](CCCNC(=N)N)NC.N(C)[C@H](C=O)CC(C)C.N(C)[C@@H](C)C=O
pept11,CO[C@@H]([C@@H](C=O)NC)C.N([C@@H]([C@@H](C)CC)C=O)C.CC(C[C@H](NC)C=O)C.O=C[C@H](CC(O)=O)NC.O=C[C@@H](NC)CCSC.C([C@@H](NC)CCC(N)=O)=O.C(=O)[C@H](CCCNC(=N)N)NC.N(C)[C@@H](C)C=O
pept11,C([C@H]([C@@H](C)OC)NC)=O.N(C)[C@H](C=O)CC(C)C.C(=O)[C@H](CCCNC(N)=N)NC.C([C@H](CC(O)=O)NC)=O.CN[C@H](C=O)CCSC.CC[C@H](C)[C@H](NC)C=O.C[C@@H](C=O)NC.C(C[C@@H](C=O)NC)C(=O)N
pept11,O=C(N)CC[C@H](NC)C=O.C[C@H]([C@H](NC)C=O)OC.N([C@H](C=O)C)C.N([C@H](C=O)[C@H](CC)C)C.C([C@H](NC)C=O)C(C)C.[C@H](NC)(CC(O)=O)C=O.S(CC[C@@H](C=O)NC)C.C(NC(N)=N)CC[C@@H](C=O)NC
pept11,C([C@@H](NC)[C@@H](C)OC)=O.C(SC)C[C@@H](C=O)NC.CC(C[C@@H](C=O)NC)C.N(C)[C@H](C=O)CCC(=O)N.O=C[C@@H](NC)[C@H](CC)C.O=C[C@H](CCCNC(N)=N)NC.CN[C@H](C=O)CC(=O)O.CN[C@@H](C)C=O
pept11,C(=O)[C@H]([C@@H](C)OC)NC.N=C(N)NCCC[C@@H](C=O)NC.C(C[C@H](NC)C=O)SC.CC(C[C@H](NC)C=O)C.N([C@H](C=O)CCC(N)=O)C.OC(C[C@@H](C=O)NC)=O.CN[C@@H]([C@H](CC)C)C=O.C[C@H](NC)C=O
pept11,C(NC(N)=N)CC[C@@H](C=O)NC.C(=O)[C@@H](NC)[C@H](OC)C.N([C@@H]([C@H](CC)C)C=O)C.O=C[C@H](CC(C)C)NC.N([C@@H](C)C=O)C.N([C@@H](CCC(N)=O)C=O)C.S(C)CC[C@H](NC)C=O.CN[C@@H](CC(=O)O)C=O
pept11,CC[C@@H]([C@@H](C=O)NC)C.O=C[C@H](CCCNC(N)=N)NC.O=C[C@@H](NC)CCSC.C(=O)[C@H](CC(C)C)NC.[C@H](C=O)(NC)CCC(N)=O.N(C)[C@H](C=O)CC(=O)O.O=C[C@@H](NC)C.CN[C@H](C=O)[C@@H](C)OC
pept11,CN[C@H](C=O)CCSC.O=C[C@@H](NC)CC(C)C.CC[C@H](C)[C@H](NC)C=O.CN[C@H](C=O)CCCNC(N)=N.C(C[C@@H](C=O)NC)(=O)O.CO[C@H](C)[C@@H](C=O)NC.N(C)[C@H](C=O)CCC(N)=O.C([C@H](C)NC)=O
pept11,C(=O)[C@H](CC(C)C)NC.N([C@@H]([C@H](OC)C)C=O)C.CSCC[C@H](NC)C=O.O=C[C@H]([C@H](CC)C)NC.C(C(O)=O)[C@H](NC)C=O.C(C(N)=O)C[C@@H](C=O)NC.C(=O)[C@H](C)NC.[C@@H](NC)(C=O)CCCNC(N)=N
pept11,N=C(N)NCCC[C@H](NC)C=O.CN[C@@H]([C@@H](C)CC)C=O.O=C[C@@H](NC)CC(=O)O.CN[C@H](C=O)CCSC.C(C(C)C)[C@@H](C=O)NC.[C@H]([C@H](NC)C=O)(C)OC.N([C@H](C=O)CCC(=O)N)C.O=C[C@H](C)NC
pept11,C[C@@H](CC)[C@@H](C=O)NC.C(NC(=N)N)CC[C@H](NC)C=O.NC(CC[C@H](NC)C=O)=O.CSCC[C@@H](C=O)NC.OC(=O)C[C@@H](C=O)NC.N([C@@H]([C@H](OC)C)C=O)C.C[C@H](NC)C=O.CC(C)C[C@@H](C=O)NC
pept11,C([C@@H](NC)CC(O)=O)=O.CN[C@H](C=O)[C@H](OC)C.C([C@H]([C@@H](C)CC)NC)=O.C(=O)[C@@H](NC)CCCNC(N)=N.[C@H](CCC(=O)N)(C=O)NC.C(=O)[C@H](CC(C)C)NC.C(CSC)[C@@H](C=O)NC.[C@@H](NC)(C=O)C
pept11,CC[C@@H]([C@@H](C=O)NC)C.N([C@H](C=O)CC(O)=O)C.N([C@@H](CCSC)C=O)C.[C@H]([C@H](OC)C)(C=O)NC.C(=N)(N)NCCC[C@H](NC)C=O.CN[C@H](C=O)CC(C)C.C(C(N)=O)C[C@H](NC)C=O.N([C@H](C=O)C)C
pept11,[C@H](CC)([C@@H](C=O)NC)C.C[C@@H](C=O)NC.[C@H](NC)(CCCNC(N)=N)C=O.[C@H](NC)(CC(C)C)C=O.O=C(O)C[C@@H](C=O)NC.NC(=O)CC[C@@H](C=O)NC.N(C)[C@H](C=O)CCSC.C[C@H]([C@H](NC)C=O)OC
pept11,[C@@H](NC)(C=O)CCC(=O)N.C(CSC)[C@H](NC)C=O.CN[C@H](C=O)C.N(C(N)=N)CCC[C@@H](C=O)NC.C[C@@H](CC)[C@H](NC)C=O.C[C@H]([C@H](NC)C=O)OC.C(C[C@H](NC)C=O)(C)C.CN[C@H](C=O)CC(O)=O
pept11,C([C@H](NC)C=O)C(=O)O.C(CCNC(N)=N)[C@H](NC)C=O.O=C[C@@H](NC)CC(C)C.C(CC[C@@H](C=O)NC)(N)=O.[C@H](NC)(CCSC)C=O.CO[C@@H]([C@@H](C=O)NC)C.[C@@H](C)([C@H](NC)C=O)CC.CN[C@@H](C)C=O
pept11,O(C)[C@H](C)[C@@H](C=O)NC.S(CC[C@H](NC)C=O)C.N(C)[C@@H](CC(C)C)C=O.[C@@H](CCC(N)=O)(NC)C=O.N([C@H](C=O)C)C.CN[C@@H](CC(=O)O)C=O.C(CNC(N)=N)C[C@H](NC)C=O.[C@@H](CC)(C)[C@@H](C=O)NC
pept11,C(SC)C[C@@H](C=O)NC.C([C@@H](NC)CCC(N)=O)=O.CN[C@H](C=O)CCCNC(=N)N.O=C[C@H](CC(C)C)NC.C[C@H]([C@@H](C=O)NC)CC.C(=O)[C@H](C)NC.C([C@@H](NC)[C@H](OC)C)=O.[C@@H](CC(=O)O)(NC)C=O
pept11,C(C[C@H](NC)C=O)(O)=O.[C@@H](NC)(C=O)CCCNC(N)=N.N(C)[C@@H](CCSC)C=O.CN[C@@H](CCC(N)=O)C=O.[C@H](NC)([C@@H](C)OC)C=O.C[C@@H](CC)[C@@H](C=O)NC.N(C)[C@@H](C)C=O.C([C@@H](NC)CC(C)C)=O
pept11,CN[C@@H](CCCNC(N)=N)C=O.O=C[C@H](CC(=O)O)NC.C(C[C@@H](C=O)NC)SC.CC(C)C[C@H](NC)C=O.CO[C@H](C)[C@H](NC)C=O.O=C(CC[C@@H](C=O)NC)N.C[C@H](NC)C=O.[C@H](NC)([C@@H](C)CC)C=O
pept11,CN[C@H](C=O)[C@H](CC)C.CN[C@@H](CC(=O)O)C=O.C([C@H](NC)C=O)CC(=O)N.O=C[C@@H](NC)CCCNC(=N)N.CC(C[C@@H](C=O)NC)C.C([C@H]([C@H](OC)C)NC)=O.S(C)CC[C@@H](C=O)NC.C[C@@H](C=O)NC
pept11,C(CCNC(N)=N)[C@@H](C=O)NC.[C@@H](C)([C@H](NC)C=O)CC.[C@@H](NC)(C=O)CCC(=O)N.O=C(C[C@H](NC)C=O)O.O=C[C@@H](NC)C.C(C(C)C)[C@H](NC)C=O.CO[C@@H]([C@H](NC)C=O)C.N([C@@H](CCSC)C=O)C
