$File,SMILES,pseq,%C,apol,arorings,ast_fraglike,ast_fraglike_ext,ast_violation,ast_violation_ext,a_acc,a_acid,a_aro,a_base,a_count,a_don,a_donacc,a_heavy,a_hyd,a_IC,a_ICM,a_nB,a_nBr,a_nC,a_nCl,a_nF,a_nH,a_nI,a_nN,a_nNO,a_nO,a_nP,a_nS,balabanJ,BCUT_PEOE_0,BCUT_PEOE_1,BCUT_PEOE_2,BCUT_PEOE_3,BCUT_SLOGP_0,BCUT_SLOGP_1,BCUT_SLOGP_2,BCUT_SLOGP_3,BCUT_SMR_0,BCUT_SMR_1,BCUT_SMR_2,BCUT_SMR_3,bpol,b_1rotN,b_1rotR,b_ar,b_count,b_double,b_heavy,b_max1len,b_rotN,b_rotR,b_single,b_triple,chi0,chi0v,chi0v_C,chi0_C,chi1,chi1v,chi1v_C,chi1_C,chiral,chiral_u,density,diameter,FCharge,GCUT_PEOE_0,GCUT_PEOE_1,GCUT_PEOE_2,GCUT_PEOE_3,GCUT_SLOGP_0,GCUT_SLOGP_1,GCUT_SLOGP_2,GCUT_SLOGP_3,GCUT_SMR_0,GCUT_SMR_1,GCUT_SMR_2,GCUT_SMR_3,h_ema,h_emd,h_emd_C,h_logD,h_logP,h_logS,h_log_dbo,h_log_pbo,h_mr,h_pavgQ,h_pKa,h_pKb,h_pstates,h_pstrain,Kier1,Kier2,Kier3,KierA1,KierA2,KierA3,KierFlex,lip_acc,lip_don,lip_druglike,lip_violation,logP(o/w),logS,mr,mutagenic,nmol,opr_brigid,opr_leadlike,opr_nring,opr_nrot,opr_violation,PC+,PC-,PEOE_PC+,PEOE_PC-,PEOE_RPC+,PEOE_RPC-,PEOE_VSA+0,PEOE_VSA+1,PEOE_VSA+2,PEOE_VSA+3,PEOE_VSA+4,PEOE_VSA+5,PEOE_VSA+6,PEOE_VSA-0,PEOE_VSA-1,PEOE_VSA-2,PEOE_VSA-3,PEOE_VSA-4,PEOE_VSA-5,PEOE_VSA-6,PEOE_VSA_FHYD,PEOE_VSA_FNEG,PEOE_VSA_FPNEG,PEOE_VSA_FPOL,PEOE_VSA_FPOS,PEOE_VSA_FPPOS,PEOE_VSA_HYD,PEOE_VSA_NEG,PEOE_VSA_PNEG,PEOE_VSA_POL,PEOE_VSA_POS,PEOE_VSA_PPOS,petitjean,petitjeanSC,Q_PC+,Q_PC-,Q_RPC+,Q_RPC-,Q_VSA_FHYD,Q_VSA_FNEG,Q_VSA_FPNEG,Q_VSA_FPOL,Q_VSA_FPOS,Q_VSA_FPPOS,Q_VSA_HYD,Q_VSA_NEG,Q_VSA_PNEG,Q_VSA_POL,Q_VSA_POS,Q_VSA_PPOS,radius,RBC,reactive,rings,RPC+,RPC-,rsynth,SlogP,SlogP_VSA0,SlogP_VSA1,SlogP_VSA2,SlogP_VSA3,SlogP_VSA4,SlogP_VSA5,SlogP_VSA6,SlogP_VSA7,SlogP_VSA8,SlogP_VSA9,SMR,SMR_VSA0,SMR_VSA1,SMR_VSA2,SMR_VSA3,SMR_VSA4,SMR_VSA5,SMR_VSA6,SMR_VSA7,TPSA,VAdjEq,VAdjMa,VDistEq,VDistMa,vdw_area,vdw_vol,vsa_acc,vsa_acid,vsa_base,vsa_don,vsa_hyd,vsa_other,vsa_pol,Weight,weinerPath,weinerPol,zagreb,ID
C:/Users/MICROSOFT/Documents/nauval_mrnavac/cycpeptmp_standalone/runs/run_20260102_172000_moe/sdf/peptide.sdf,O=C[C@@]([N+]C)CCCNC(=[N+])N,1,70.185471,29.524275,0,1,0,0,2,1,0,0,4,30,0,1,12,5,44.496582,1.4832195,0,0,7,0,0,18,0,4,5,1,0,0,3.1832407,-2.6428211,-0.25709745,0.45383966,2.6744454,-3.3969638,-0.21899655,0.34474427,2.5848007,-2.4494517,-0.11915371,0.39426759,2.8676727,19.975725,6,0.54545456,0,29,2,11,5,7,0.63636363,27,0,9.3973408,7.4163198,4.776021,4.9831276,5.7019072,4.068871,1.7415817,1.8164966,1,0,0.69998908,8,2,-0.86460483,-0.23877159,0.15412463,2.4478712,-2.2476473,-0.29869443,0.079673365,2.2938242,-0.63584369,-0.14028196,0.085686699,2.6084948,1.4824752,39.099854,9.4227448,-3.7120297,-7.1228423,3.6760967,0,2.0302486,4.9611225,1.7012628,7.3710861,14,1.8480068,0.21144332,12.0,7.6388888,7.4380164,9.2505112,5.7344513,5.4677176,4.4205503,5,7,1,1,-0.236,-0.065329999,4.7834554,1,1,1,0,0,7,2,0,0,3.5142875,-1.5142876,0.098738931,0.22665185,25.762857,57.757942,11.676732,18.504883,0,43.095066,32.919601,8.701313,0.0,0,0,0,27.00605,0.0,0.54299229,0.15840058,0.1198009,0.45700774,0.8415994,0.33720684,122.40373,35.707363,27.00605,103.02071,189.71709,76.014664,0.5,1,0,0,0,0,1,0,0,0,1,0,225.42445,0,0,0,225.42445,0,4,6,1,0,0,0,0.25,-3.8092999,100.59065,1.8990928,47.989407,18.439579,0.0,32.897186,0,0.0,37.736813,0,4.6057901,23.862217,49.682716,18.01075,3.9819686,32.897186,37.736813,20.338671,53.042408,97.32,0.61674827,4.4594316,2.9182212,6.8052278,225.42445,248.92958,13.566921,0,46.850132,46.850132,92.515511,37.740047,60.417053,174.248,249,11,46,EXT1
C:/Users/MICROSOFT/Documents/nauval_mrnavac/cycpeptmp_standalone/runs/run_20260102_172000_moe/sdf/peptide.sdf,O=C[C@@]([N+]C)CCCNC(=[N+])N,2,70.185471,29.524275,0,1,0,0,2,1,0,0,4,30,0,1,12,5,44.496582,1.4832195,0,0,7,0,0,18,0,4,5,1,0,0,3.1832407,-2.6428211,-0.25709745,0.45383966,2.6744454,-3.3969638,-0.21899655,0.34474427,2.5848007,-2.4494517,-0.11915371,0.39426759,2.8676727,19.975725,6,0.54545456,0,29,2,11,5,7,0.63636363,27,0,9.3973408,7.4163198,4.776021,4.9831276,5.7019072,4.068871,1.7415817,1.8164966,1,0,0.69998908,8,2,-0.86460483,-0.23877159,0.15412463,2.4478712,-2.2476473,-0.29869443,0.079673365,2.2938242,-0.63584369,-0.14028196,0.085686699,2.6084948,1.4824752,39.099854,9.4227448,-3.7120297,-7.1228423,3.6760967,0,2.0302486,4.9611225,1.7012628,7.3710861,14,1.8480068,0.21144332,12.0,7.6388888,7.4380164,9.2505112,5.7344513,5.4677176,4.4205503,5,7,1,1,-0.236,-0.065329999,4.7834554,1,1,1,0,0,7,2,0,0,3.5142875,-1.5142876,0.098738931,0.22665185,25.762857,57.757942,11.676732,18.504883,0,43.095066,32.919601,8.701313,0.0,0,0,0,27.00605,0.0,0.54299229,0.15840058,0.1198009,0.45700774,0.8415994,0.33720684,122.40373,35.707363,27.00605,103.02071,189.71709,76.014664,0.5,1,0,0,0,0,1,0,0,0,1,0,225.42445,0,0,0,225.42445,0,4,6,1,0,0,0,0.25,-3.8092999,100.59065,1.8990928,47.989407,18.439579,0.0,32.897186,0,0.0,37.736813,0,4.6057901,23.862217,49.682716,18.01075,3.9819686,32.897186,37.736813,20.338671,53.042408,97.32,0.61674827,4.4594316,2.9182212,6.8052278,225.42445,248.92958,13.566921,0,46.850132,46.850132,92.515511,37.740047,60.417053,174.248,249,11,46,EXT2
C:/Users/MICROSOFT/Documents/nauval_mrnavac/cycpeptmp_standalone/runs/run_20260102_172000_moe/sdf/peptide.sdf,O=C[C@@]([N+]C)CCCNC(=[N+])N,3,70.185471,29.524275,0,1,0,0,2,1,0,0,4,30,0,1,12,5,44.496582,1.4832195,0,0,7,0,0,18,0,4,5,1,0,0,3.1832407,-2.6428211,-0.25709745,0.45383966,2.6744454,-3.3969638,-0.21899655,0.34474427,2.5848007,-2.4494517,-0.11915371,0.39426759,2.8676727,19.975725,6,0.54545456,0,29,2,11,5,7,0.63636363,27,0,9.3973408,7.4163198,4.776021,4.9831276,5.7019072,4.068871,1.7415817,1.8164966,1,0,0.69998908,8,2,-0.86460483,-0.23877159,0.15412463,2.4478712,-2.2476473,-0.29869443,0.079673365,2.2938242,-0.63584369,-0.14028196,0.085686699,2.6084948,1.4824752,39.099854,9.4227448,-3.7120297,-7.1228423,3.6760967,0,2.0302486,4.9611225,1.7012628,7.3710861,14,1.8480068,0.21144332,12.0,7.6388888,7.4380164,9.2505112,5.7344513,5.4677176,4.4205503,5,7,1,1,-0.236,-0.065329999,4.7834554,1,1,1,0,0,7,2,0,0,3.5142875,-1.5142876,0.098738931,0.22665185,25.762857,57.757942,11.676732,18.504883,0,43.095066,32.919601,8.701313,0.0,0,0,0,27.00605,0.0,0.54299229,0.15840058,0.1198009,0.45700774,0.8415994,0.33720684,122.40373,35.707363,27.00605,103.02071,189.71709,76.014664,0.5,1,0,0,0,0,1,0,0,0,1,0,225.42445,0,0,0,225.42445,0,4,6,1,0,0,0,0.25,-3.8092999,100.59065,1.8990928,47.989407,18.439579,0.0,32.897186,0,0.0,37.736813,0,4.6057901,23.862217,49.682716,18.01075,3.9819686,32.897186,37.736813,20.338671,53.042408,97.32,0.61674827,4.4594316,2.9182212,6.8052278,225.42445,248.92958,13.566921,0,46.850132,46.850132,92.515511,37.740047,60.417053,174.248,249,11,46,EXT3
C:/Users/MICROSOFT/Documents/nauval_mrnavac/cycpeptmp_standalone/runs/run_20260102_172000_moe/sdf/peptide.sdf,O=C[C@@]([N+]C)CCCNC(=[N+])N,4,70.185471,29.524275,0,1,0,0,2,1,0,0,4,30,0,1,12,5,44.496582,1.4832195,0,0,7,0,0,18,0,4,5,1,0,0,3.1832407,-2.6428211,-0.25709745,0.45383966,2.6744454,-3.3969638,-0.21899655,0.34474427,2.5848007,-2.4494517,-0.11915371,0.39426759,2.8676727,19.975725,6,0.54545456,0,29,2,11,5,7,0.63636363,27,0,9.3973408,7.4163198,4.776021,4.9831276,5.7019072,4.068871,1.7415817,1.8164966,1,0,0.69998908,8,2,-0.86460483,-0.23877159,0.15412463,2.4478712,-2.2476473,-0.29869443,0.079673365,2.2938242,-0.63584369,-0.14028196,0.085686699,2.6084948,1.4824752,39.099854,9.4227448,-3.7120297,-7.1228423,3.6760967,0,2.0302486,4.9611225,1.7012628,7.3710861,14,1.8480068,0.21144332,12.0,7.6388888,7.4380164,9.2505112,5.7344513,5.4677176,4.4205503,5,7,1,1,-0.236,-0.065329999,4.7834554,1,1,1,0,0,7,2,0,0,3.5142875,-1.5142876,0.098738931,0.22665185,25.762857,57.757942,11.676732,18.504883,0,43.095066,32.919601,8.701313,0.0,0,0,0,27.00605,0.0,0.54299229,0.15840058,0.1198009,0.45700774,0.8415994,0.33720684,122.40373,35.707363,27.00605,103.02071,189.71709,76.014664,0.5,1,0,0,0,0,1,0,0,0,1,0,225.42445,0,0,0,225.42445,0,4,6,1,0,0,0,0.25,-3.8092999,100.59065,1.8990928,47.989407,18.439579,0.0,32.897186,0,0.0,37.736813,0,4.6057901,23.862217,49.682716,18.01075,3.9819686,32.897186,37.736813,20.338671,53.042408,97.32,0.61674827,4.4594316,2.9182212,6.8052278,225.42445,248.92958,13.566921,0,46.850132,46.850132,92.515511,37.740047,60.417053,174.248,249,11,46,EXT4
C:/Users/MICROSOFT/Documents/nauval_mrnavac/cycpeptmp_standalone/runs/run_20260102_172000_moe/sdf/peptide.sdf,O=C[C@@]([N+]C)CCCNC(=[N+])N,5,70.185471,29.524275,0,1,0,0,2,1,0,0,4,30,0,1,12,5,44.496582,1.4832195,0,0,7,0,0,18,0,4,5,1,0,0,3.1832407,-2.6428211,-0.25709745,0.45383966,2.6744454,-3.3969638,-0.21899655,0.34474427,2.5848007,-2.4494517,-0.11915371,0.39426759,2.8676727,19.975725,6,0.54545456,0,29,2,11,5,7,0.63636363,27,0,9.3973408,7.4163198,4.776021,4.9831276,5.7019072,4.068871,1.7415817,1.8164966,1,0,0.69998908,8,2,-0.86460483,-0.23877159,0.15412463,2.4478712,-2.2476473,-0.29869443,0.079673365,2.2938242,-0.63584369,-0.14028196,0.085686699,2.6084948,1.4824752,39.099854,9.4227448,-3.7120297,-7.1228423,3.6760967,0,2.0302486,4.9611225,1.7012628,7.3710861,14,1.8480068,0.21144332,12.0,7.6388888,7.4380164,9.2505112,5.7344513,5.4677176,4.4205503,5,7,1,1,-0.236,-0.065329999,4.7834554,1,1,1,0,0,7,2,0,0,3.5142875,-1.5142876,0.098738931,0.22665185,25.762857,57.757942,11.676732,18.504883,0,43.095066,32.919601,8.701313,0.0,0,0,0,27.00605,0.0,0.54299229,0.15840058,0.1198009,0.45700774,0.8415994,0.33720684,122.40373,35.707363,27.00605,103.02071,189.71709,76.014664,0.5,1,0,0,0,0,1,0,0,0,1,0,225.42445,0,0,0,225.42445,0,4,6,1,0,0,0,0.25,-3.8092999,100.59065,1.8990928,47.989407,18.439579,0.0,32.897186,0,0.0,37.736813,0,4.6057901,23.862217,49.682716,18.01075,3.9819686,32.897186,37.736813,20.338671,53.042408,97.32,0.61674827,4.4594316,2.9182212,6.8052278,225.42445,248.92958,13.566921,0,46.850132,46.850132,92.515511,37.740047,60.417053,174.248,249,11,46,EXT5
C:/Users/MICROSOFT/Documents/nauval_mrnavac/cycpeptmp_standalone/runs/run_20260102_172000_moe/sdf/peptide.sdf,O=C[C@@]([N+]C)CCCNC(=[N+])N,6,70.185471,29.524275,0,1,0,0,2,1,0,0,4,30,0,1,12,5,44.496582,1.4832195,0,0,7,0,0,18,0,4,5,1,0,0,3.1832407,-2.6428211,-0.25709745,0.45383966,2.6744454,-3.3969638,-0.21899655,0.34474427,2.5848007,-2.4494517,-0.11915371,0.39426759,2.8676727,19.975725,6,0.54545456,0,29,2,11,5,7,0.63636363,27,0,9.3973408,7.4163198,4.776021,4.9831276,5.7019072,4.068871,1.7415817,1.8164966,1,0,0.69998908,8,2,-0.86460483,-0.23877159,0.15412463,2.4478712,-2.2476473,-0.29869443,0.079673365,2.2938242,-0.63584369,-0.14028196,0.085686699,2.6084948,1.4824752,39.099854,9.4227448,-3.7120297,-7.1228423,3.6760967,0,2.0302486,4.9611225,1.7012628,7.3710861,14,1.8480068,0.21144332,12.0,7.6388888,7.4380164,9.2505112,5.7344513,5.4677176,4.4205503,5,7,1,1,-0.236,-0.065329999,4.7834554,1,1,1,0,0,7,2,0,0,3.5142875,-1.5142876,0.098738931,0.22665185,25.762857,57.757942,11.676732,18.504883,0,43.095066,32.919601,8.701313,0.0,0,0,0,27.00605,0.0,0.54299229,0.15840058,0.1198009,0.45700774,0.8415994,0.33720684,122.40373,35.707363,27.00605,103.02071,189.71709,76.014664,0.5,1,0,0,0,0,1,0,0,0,1,0,225.42445,0,0,0,225.42445,0,4,6,1,0,0,0,0.25,-3.8092999,100.59065,1.8990928,47.989407,18.439579,0.0,32.897186,0,0.0,37.736813,0,4.6057901,23.862217,49.682716,18.01075,3.9819686,32.897186,37.736813,20.338671,53.042408,97.32,0.61674827,4.4594316,2.9182212,6.8052278,225.42445,248.92958,13.566921,0,46.850132,46.850132,92.515511,37.740047,60.417053,174.248,249,11,46,EXT6
C:/Users/MICROSOFT/Documents/nauval_mrnavac/cycpeptmp_standalone/runs/run_20260102_172000_moe/sdf/peptide.sdf,O=C[C@@]([N+]C)CCCNC(=[N+])N,7,70.185471,29.524275,0,1,0,0,2,1,0,0,4,30,0,1,12,5,44.496582,1.4832195,0,0,7,0,0,18,0,4,5,1,0,0,3.1832407,-2.6428211,-0.25709745,0.45383966,2.6744454,-3.3969638,-0.21899655,0.34474427,2.5848007,-2.4494517,-0.11915371,0.39426759,2.8676727,19.975725,6,0.54545456,0,29,2,11,5,7,0.63636363,27,0,9.3973408,7.4163198,4.776021,4.9831276,5.7019072,4.068871,1.7415817,1.8164966,1,0,0.69998908,8,2,-0.86460483,-0.23877159,0.15412463,2.4478712,-2.2476473,-0.29869443,0.079673365,2.2938242,-0.63584369,-0.14028196,0.085686699,2.6084948,1.4824752,39.099854,9.4227448,-3.7120297,-7.1228423,3.6760967,0,2.0302486,4.9611225,1.7012628,7.3710861,14,1.8480068,0.21144332,12.0,7.6388888,7.4380164,9.2505112,5.7344513,5.4677176,4.4205503,5,7,1,1,-0.236,-0.065329999,4.7834554,1,1,1,0,0,7,2,0,0,3.5142875,-1.5142876,0.098738931,0.22665185,25.762857,57.757942,11.676732,18.504883,0,43.095066,32.919601,8.701313,0.0,0,0,0,27.00605,0.0,0.54299229,0.15840058,0.1198009,0.45700774,0.8415994,0.33720684,122.40373,35.707363,27.00605,103.02071,189.71709,76.014664,0.5,1,0,0,0,0,1,0,0,0,1,0,225.42445,0,0,0,225.42445,0,4,6,1,0,0,0,0.25,-3.8092999,100.59065,1.8990928,47.989407,18.439579,0.0,32.897186,0,0.0,37.736813,0,4.6057901,23.862217,49.682716,18.01075,3.9819686,32.897186,37.736813,20.338671,53.042408,97.32,0.61674827,4.4594316,2.9182212,6.8052278,225.42445,248.92958,13.566921,0,46.850132,46.850132,92.515511,37.740047,60.417053,174.248,249,11,46,EXT7
C:/Users/MICROSOFT/Documents/nauval_mrnavac/cycpeptmp_standalone/runs/run_20260102_172000_moe/sdf/peptide.sdf,O=C[C@@]([N+]C)CCCNC(=[N+])N,8,70.185471,29.524275,0,1,0,0,2,1,0,0,4,30,0,1,12,5,44.496582,1.4832195,0,0,7,0,0,18,0,4,5,1,0,0,3.1832407,-2.6428211,-0.25709745,0.45383966,2.6744454,-3.3969638,-0.21899655,0.34474427,2.5848007,-2.4494517,-0.11915371,0.39426759,2.8676727,19.975725,6,0.54545456,0,29,2,11,5,7,0.63636363,27,0,9.3973408,7.4163198,4.776021,4.9831276,5.7019072,4.068871,1.7415817,1.8164966,1,0,0.69998908,8,2,-0.86460483,-0.23877159,0.15412463,2.4478712,-2.2476473,-0.29869443,0.079673365,2.2938242,-0.63584369,-0.14028196,0.085686699,2.6084948,1.4824752,39.099854,9.4227448,-3.7120297,-7.1228423,3.6760967,0,2.0302486,4.9611225,1.7012628,7.3710861,14,1.8480068,0.21144332,12.0,7.6388888,7.4380164,9.2505112,5.7344513,5.4677176,4.4205503,5,7,1,1,-0.236,-0.065329999,4.7834554,1,1,1,0,0,7,2,0,0,3.5142875,-1.5142876,0.098738931,0.22665185,25.762857,57.757942,11.676732,18.504883,0,43.095066,32.919601,8.701313,0.0,0,0,0,27.00605,0.0,0.54299229,0.15840058,0.1198009,0.45700774,0.8415994,0.33720684,122.40373,35.707363,27.00605,103.02071,189.71709,76.014664,0.5,1,0,0,0,0,1,0,0,0,1,0,225.42445,0,0,0,225.42445,0,4,6,1,0,0,0,0.25,-3.8092999,100.59065,1.8990928,47.989407,18.439579,0.0,32.897186,0,0.0,37.736813,0,4.6057901,23.862217,49.682716,18.01075,3.9819686,32.897186,37.736813,20.338671,53.042408,97.32,0.61674827,4.4594316,2.9182212,6.8052278,225.42445,248.92958,13.566921,0,46.850132,46.850132,92.515511,37.740047,60.417053,174.248,249,11,46,EXT8
C:/Users/MICROSOFT/Documents/nauval_mrnavac/cycpeptmp_standalone/runs/run_20260102_172000_moe/sdf/peptide.sdf,O=C[C@@]([N+]C)CCCNC(=[N+])N,9,70.185471,29.524275,0,1,0,0,2,1,0,0,4,30,0,1,12,5,44.496582,1.4832195,0,0,7,0,0,18,0,4,5,1,0,0,3.1832407,-2.6428211,-0.25709745,0.45383966,2.6744454,-3.3969638,-0.21899655,0.34474427,2.5848007,-2.4494517,-0.11915371,0.39426759,2.8676727,19.975725,6,0.54545456,0,29,2,11,5,7,0.63636363,27,0,9.3973408,7.4163198,4.776021,4.9831276,5.7019072,4.068871,1.7415817,1.8164966,1,0,0.69998908,8,2,-0.86460483,-0.23877159,0.15412463,2.4478712,-2.2476473,-0.29869443,0.079673365,2.2938242,-0.63584369,-0.14028196,0.085686699,2.6084948,1.4824752,39.099854,9.4227448,-3.7120297,-7.1228423,3.6760967,0,2.0302486,4.9611225,1.7012628,7.3710861,14,1.8480068,0.21144332,12.0,7.6388888,7.4380164,9.2505112,5.7344513,5.4677176,4.4205503,5,7,1,1,-0.236,-0.065329999,4.7834554,1,1,1,0,0,7,2,0,0,3.5142875,-1.5142876,0.098738931,0.22665185,25.762857,57.757942,11.676732,18.504883,0,43.095066,32.919601,8.701313,0.0,0,0,0,27.00605,0.0,0.54299229,0.15840058,0.1198009,0.45700774,0.8415994,0.33720684,122.40373,35.707363,27.00605,103.02071,189.71709,76.014664,0.5,1,0,0,0,0,1,0,0,0,1,0,225.42445,0,0,0,225.42445,0,4,6,1,0,0,0,0.25,-3.8092999,100.59065,1.8990928,47.989407,18.439579,0.0,32.897186,0,0.0,37.736813,0,4.6057901,23.862217,49.682716,18.01075,3.9819686,32.897186,37.736813,20.338671,53.042408,97.32,0.61674827,4.4594316,2.9182212,6.8052278,225.42445,248.92958,13.566921,0,46.850132,46.850132,92.515511,37.740047,60.417053,174.248,249,11,46,EXT9
C:/Users/MICROSOFT/Documents/nauval_mrnavac/cycpeptmp_standalone/runs/run_20260102_172000_moe/sdf/peptide.sdf,O=C[C@@]([N+]C)CCCNC(=[N+])N,10,70.185471,29.524275,0,1,0,0,2,1,0,0,4,30,0,1,12,5,44.496582,1.4832195,0,0,7,0,0,18,0,4,5,1,0,0,3.1832407,-2.6428211,-0.25709745,0.45383966,2.6744454,-3.3969638,-0.21899655,0.34474427,2.5848007,-2.4494517,-0.11915371,0.39426759,2.8676727,19.975725,6,0.54545456,0,29,2,11,5,7,0.63636363,27,0,9.3973408,7.4163198,4.776021,4.9831276,5.7019072,4.068871,1.7415817,1.8164966,1,0,0.69998908,8,2,-0.86460483,-0.23877159,0.15412463,2.4478712,-2.2476473,-0.29869443,0.079673365,2.2938242,-0.63584369,-0.14028196,0.085686699,2.6084948,1.4824752,39.099854,9.4227448,-3.7120297,-7.1228423,3.6760967,0,2.0302486,4.9611225,1.7012628,7.3710861,14,1.8480068,0.21144332,12.0,7.6388888,7.4380164,9.2505112,5.7344513,5.4677176,4.4205503,5,7,1,1,-0.236,-0.065329999,4.7834554,1,1,1,0,0,7,2,0,0,3.5142875,-1.5142876,0.098738931,0.22665185,25.762857,57.757942,11.676732,18.504883,0,43.095066,32.919601,8.701313,0.0,0,0,0,27.00605,0.0,0.54299229,0.15840058,0.1198009,0.45700774,0.8415994,0.33720684,122.40373,35.707363,27.00605,103.02071,189.71709,76.014664,0.5,1,0,0,0,0,1,0,0,0,1,0,225.42445,0,0,0,225.42445,0,4,6,1,0,0,0,0.25,-3.8092999,100.59065,1.8990928,47.989407,18.439579,0.0,32.897186,0,0.0,37.736813,0,4.6057901,23.862217,49.682716,18.01075,3.9819686,32.897186,37.736813,20.338671,53.042408,97.32,0.61674827,4.4594316,2.9182212,6.8052278,225.42445,248.92958,13.566921,0,46.850132,46.850132,92.515511,37.740047,60.417053,174.248,249,11,46,EXT10
C:/Users/MICROSOFT/Documents/nauval_mrnavac/cycpeptmp_standalone/runs/run_20260102_172000_moe/sdf/peptide.sdf,O=C[C@@]([N+]C)CCCNC(=[N+])N,11,70.185471,29.524275,0,1,0,0,2,1,0,0,4,30,0,1,12,5,44.496582,1.4832195,0,0,7,0,0,18,0,4,5,1,0,0,3.1832407,-2.6428211,-0.25709745,0.45383966,2.6744454,-3.3969638,-0.21899655,0.34474427,2.5848007,-2.4494517,-0.11915371,0.39426759,2.8676727,19.975725,6,0.54545456,0,29,2,11,5,7,0.63636363,27,0,9.3973408,7.4163198,4.776021,4.9831276,5.7019072,4.068871,1.7415817,1.8164966,1,0,0.69998908,8,2,-0.86460483,-0.23877159,0.15412463,2.4478712,-2.2476473,-0.29869443,0.079673365,2.2938242,-0.63584369,-0.14028196,0.085686699,2.6084948,1.4824752,39.099854,9.4227448,-3.7120297,-7.1228423,3.6760967,0,2.0302486,4.9611225,1.7012628,7.3710861,14,1.8480068,0.21144332,12.0,7.6388888,7.4380164,9.2505112,5.7344513,5.4677176,4.4205503,5,7,1,1,-0.236,-0.065329999,4.7834554,1,1,1,0,0,7,2,0,0,3.5142875,-1.5142876,0.098738931,0.22665185,25.762857,57.757942,11.676732,18.504883,0,43.095066,32.919601,8.701313,0.0,0,0,0,27.00605,0.0,0.54299229,0.15840058,0.1198009,0.45700774,0.8415994,0.33720684,122.40373,35.707363,27.00605,103.02071,189.71709,76.014664,0.5,1,0,0,0,0,1,0,0,0,1,0,225.42445,0,0,0,225.42445,0,4,6,1,0,0,0,0.25,-3.8092999,100.59065,1.8990928,47.989407,18.439579,0.0,32.897186,0,0.0,37.736813,0,4.6057901,23.862217,49.682716,18.01075,3.9819686,32.897186,37.736813,20.338671,53.042408,97.32,0.61674827,4.4594316,2.9182212,6.8052278,225.42445,248.92958,13.566921,0,46.850132,46.850132,92.515511,37.740047,60.417053,174.248,249,11,46,EXT11
C:/Users/MICROSOFT/Documents/nauval_mrnavac/cycpeptmp_standalone/runs/run_20260102_172000_moe/sdf/peptide.sdf,O=C[C@@]([N+]C)CCCNC(=[N+])N,12,70.185471,29.524275,0,1,0,0,2,1,0,0,4,30,0,1,12,5,44.496582,1.4832195,0,0,7,0,0,18,0,4,5,1,0,0,3.1832407,-2.6428211,-0.25709745,0.45383966,2.6744454,-3.3969638,-0.21899655,0.34474427,2.5848007,-2.4494517,-0.11915371,0.39426759,2.8676727,19.975725,6,0.54545456,0,29,2,11,5,7,0.63636363,27,0,9.3973408,7.4163198,4.776021,4.9831276,5.7019072,4.068871,1.7415817,1.8164966,1,0,0.69998908,8,2,-0.86460483,-0.23877159,0.15412463,2.4478712,-2.2476473,-0.29869443,0.079673365,2.2938242,-0.63584369,-0.14028196,0.085686699,2.6084948,1.4824752,39.099854,9.4227448,-3.7120297,-7.1228423,3.6760967,0,2.0302486,4.9611225,1.7012628,7.3710861,14,1.8480068,0.21144332,12.0,7.6388888,7.4380164,9.2505112,5.7344513,5.4677176,4.4205503,5,7,1,1,-0.236,-0.065329999,4.7834554,1,1,1,0,0,7,2,0,0,3.5142875,-1.5142876,0.098738931,0.22665185,25.762857,57.757942,11.676732,18.504883,0,43.095066,32.919601,8.701313,0.0,0,0,0,27.00605,0.0,0.54299229,0.15840058,0.1198009,0.45700774,0.8415994,0.33720684,122.40373,35.707363,27.00605,103.02071,189.71709,76.014664,0.5,1,0,0,0,0,1,0,0,0,1,0,225.42445,0,0,0,225.42445,0,4,6,1,0,0,0,0.25,-3.8092999,100.59065,1.8990928,47.989407,18.439579,0.0,32.897186,0,0.0,37.736813,0,4.6057901,23.862217,49.682716,18.01075,3.9819686,32.897186,37.736813,20.338671,53.042408,97.32,0.61674827,4.4594316,2.9182212,6.8052278,225.42445,248.92958,13.566921,0,46.850132,46.850132,92.515511,37.740047,60.417053,174.248,249,11,46,EXT12
C:/Users/MICROSOFT/Documents/nauval_mrnavac/cycpeptmp_standalone/runs/run_20260102_172000_moe/sdf/peptide.sdf,O=C[C@@]([N+]C)CCCNC(=[N+])N,13,70.185471,29.524275,0,1,0,0,2,1,0,0,4,30,0,1,12,5,44.496582,1.4832195,0,0,7,0,0,18,0,4,5,1,0,0,3.1832407,-2.6428211,-0.25709745,0.45383966,2.6744454,-3.3969638,-0.21899655,0.34474427,2.5848007,-2.4494517,-0.11915371,0.39426759,2.8676727,19.975725,6,0.54545456,0,29,2,11,5,7,0.63636363,27,0,9.3973408,7.4163198,4.776021,4.9831276,5.7019072,4.068871,1.7415817,1.8164966,1,0,0.69998908,8,2,-0.86460483,-0.23877159,0.15412463,2.4478712,-2.2476473,-0.29869443,0.079673365,2.2938242,-0.63584369,-0.14028196,0.085686699,2.6084948,1.4824752,39.099854,9.4227448,-3.7120297,-7.1228423,3.6760967,0,2.0302486,4.9611225,1.7012628,7.3710861,14,1.8480068,0.21144332,12.0,7.6388888,7.4380164,9.2505112,5.7344513,5.4677176,4.4205503,5,7,1,1,-0.236,-0.065329999,4.7834554,1,1,1,0,0,7,2,0,0,3.5142875,-1.5142876,0.098738931,0.22665185,25.762857,57.757942,11.676732,18.504883,0,43.095066,32.919601,8.701313,0.0,0,0,0,27.00605,0.0,0.54299229,0.15840058,0.1198009,0.45700774,0.8415994,0.33720684,122.40373,35.707363,27.00605,103.02071,189.71709,76.014664,0.5,1,0,0,0,0,1,0,0,0,1,0,225.42445,0,0,0,225.42445,0,4,6,1,0,0,0,0.25,-3.8092999,100.59065,1.8990928,47.989407,18.439579,0.0,32.897186,0,0.0,37.736813,0,4.6057901,23.862217,49.682716,18.01075,3.9819686,32.897186,37.736813,20.338671,53.042408,97.32,0.61674827,4.4594316,2.9182212,6.8052278,225.42445,248.92958,13.566921,0,46.850132,46.850132,92.515511,37.740047,60.417053,174.248,249,11,46,EXT13
C:/Users/MICROSOFT/Documents/nauval_mrnavac/cycpeptmp_standalone/runs/run_20260102_172000_moe/sdf/peptide.sdf,O=C[C@@]([N+]C)CCCNC(=[N+])N,14,70.185471,29.524275,0,1,0,0,2,1,0,0,4,30,0,1,12,5,44.496582,1.4832195,0,0,7,0,0,18,0,4,5,1,0,0,3.1832407,-2.6428211,-0.25709745,0.45383966,2.6744454,-3.3969638,-0.21899655,0.34474427,2.5848007,-2.4494517,-0.11915371,0.39426759,2.8676727,19.975725,6,0.54545456,0,29,2,11,5,7,0.63636363,27,0,9.3973408,7.4163198,4.776021,4.9831276,5.7019072,4.068871,1.7415817,1.8164966,1,0,0.69998908,8,2,-0.86460483,-0.23877159,0.15412463,2.4478712,-2.2476473,-0.29869443,0.079673365,2.2938242,-0.63584369,-0.14028196,0.085686699,2.6084948,1.4824752,39.099854,9.4227448,-3.7120297,-7.1228423,3.6760967,0,2.0302486,4.9611225,1.7012628,7.3710861,14,1.8480068,0.21144332,12.0,7.6388888,7.4380164,9.2505112,5.7344513,5.4677176,4.4205503,5,7,1,1,-0.236,-0.065329999,4.7834554,1,1,1,0,0,7,2,0,0,3.5142875,-1.5142876,0.098738931,0.22665185,25.762857,57.757942,11.676732,18.504883,0,43.095066,32.919601,8.701313,0.0,0,0,0,27.00605,0.0,0.54299229,0.15840058,0.1198009,0.45700774,0.8415994,0.33720684,122.40373,35.707363,27.00605,103.02071,189.71709,76.014664,0.5,1,0,0,0,0,1,0,0,0,1,0,225.42445,0,0,0,225.42445,0,4,6,1,0,0,0,0.25,-3.8092999,100.59065,1.8990928,47.989407,18.439579,0.0,32.897186,0,0.0,37.736813,0,4.6057901,23.862217,49.682716,18.01075,3.9819686,32.897186,37.736813,20.338671,53.042408,97.32,0.61674827,4.4594316,2.9182212,6.8052278,225.42445,248.92958,13.566921,0,46.850132,46.850132,92.515511,37.740047,60.417053,174.248,249,11,46,EXT14
C:/Users/MICROSOFT/Documents/nauval_mrnavac/cycpeptmp_standalone/runs/run_20260102_172000_moe/sdf/peptide.sdf,O=C[C@@]([N+]C)CCCNC(=[N+])N,15,70.185471,29.524275,0,1,0,0,2,1,0,0,4,30,0,1,12,5,44.496582,1.4832195,0,0,7,0,0,18,0,4,5,1,0,0,3.1832407,-2.6428211,-0.25709745,0.45383966,2.6744454,-3.3969638,-0.21899655,0.34474427,2.5848007,-2.4494517,-0.11915371,0.39426759,2.8676727,19.975725,6,0.54545456,0,29,2,11,5,7,0.63636363,27,0,9.3973408,7.4163198,4.776021,4.9831276,5.7019072,4.068871,1.7415817,1.8164966,1,0,0.69998908,8,2,-0.86460483,-0.23877159,0.15412463,2.4478712,-2.2476473,-0.29869443,0.079673365,2.2938242,-0.63584369,-0.14028196,0.085686699,2.6084948,1.4824752,39.099854,9.4227448,-3.7120297,-7.1228423,3.6760967,0,2.0302486,4.9611225,1.7012628,7.3710861,14,1.8480068,0.21144332,12.0,7.6388888,7.4380164,9.2505112,5.7344513,5.4677176,4.4205503,5,7,1,1,-0.236,-0.065329999,4.7834554,1,1,1,0,0,7,2,0,0,3.5142875,-1.5142876,0.098738931,0.22665185,25.762857,57.757942,11.676732,18.504883,0,43.095066,32.919601,8.701313,0.0,0,0,0,27.00605,0.0,0.54299229,0.15840058,0.1198009,0.45700774,0.8415994,0.33720684,122.40373,35.707363,27.00605,103.02071,189.71709,76.014664,0.5,1,0,0,0,0,1,0,0,0,1,0,225.42445,0,0,0,225.42445,0,4,6,1,0,0,0,0.25,-3.8092999,100.59065,1.8990928,47.989407,18.439579,0.0,32.897186,0,0.0,37.736813,0,4.6057901,23.862217,49.682716,18.01075,3.9819686,32.897186,37.736813,20.338671,53.042408,97.32,0.61674827,4.4594316,2.9182212,6.8052278,225.42445,248.92958,13.566921,0,46.850132,46.850132,92.515511,37.740047,60.417053,174.248,249,11,46,EXT15
C:/Users/MICROSOFT/Documents/nauval_mrnavac/cycpeptmp_standalone/runs/run_20260102_172000_moe/sdf/peptide.sdf,O=C[C@@]([N+]C)CCCNC(=[N+])N,16,70.185471,29.524275,0,1,0,0,2,1,0,0,4,30,0,1,12,5,44.496582,1.4832195,0,0,7,0,0,18,0,4,5,1,0,0,3.1832407,-2.6428211,-0.25709745,0.45383966,2.6744454,-3.3969638,-0.21899655,0.34474427,2.5848007,-2.4494517,-0.11915371,0.39426759,2.8676727,19.975725,6,0.54545456,0,29,2,11,5,7,0.63636363,27,0,9.3973408,7.4163198,4.776021,4.9831276,5.7019072,4.068871,1.7415817,1.8164966,1,0,0.69998908,8,2,-0.86460483,-0.23877159,0.15412463,2.4478712,-2.2476473,-0.29869443,0.079673365,2.2938242,-0.63584369,-0.14028196,0.085686699,2.6084948,1.4824752,39.099854,9.4227448,-3.7120297,-7.1228423,3.6760967,0,2.0302486,4.9611225,1.7012628,7.3710861,14,1.8480068,0.21144332,12.0,7.6388888,7.4380164,9.2505112,5.7344513,5.4677176,4.4205503,5,7,1,1,-0.236,-0.065329999,4.7834554,1,1,1,0,0,7,2,0,0,3.5142875,-1.5142876,0.098738931,0.22665185,25.762857,57.757942,11.676732,18.504883,0,43.095066,32.919601,8.701313,0.0,0,0,0,27.00605,0.0,0.54299229,0.15840058,0.1198009,0.45700774,0.8415994,0.33720684,122.40373,35.707363,27.00605,103.02071,189.71709,76.014664,0.5,1,0,0,0,0,1,0,0,0,1,0,225.42445,0,0,0,225.42445,0,4,6,1,0,0,0,0.25,-3.8092999,100.59065,1.8990928,47.989407,18.439579,0.0,32.897186,0,0.0,37.736813,0,4.6057901,23.862217,49.682716,18.01075,3.9819686,32.897186,37.736813,20.338671,53.042408,97.32,0.61674827,4.4594316,2.9182212,6.8052278,225.42445,248.92958,13.566921,0,46.850132,46.850132,92.515511,37.740047,60.417053,174.248,249,11,46,EXT16
C:/Users/MICROSOFT/Documents/nauval_mrnavac/cycpeptmp_standalone/runs/run_20260102_172000_moe/sdf/peptide.sdf,O=C[C@@]([N+]C)CCCNC(=[N+])N,17,70.185471,29.524275,0,1,0,0,2,1,0,0,4,30,0,1,12,5,44.496582,1.4832195,0,0,7,0,0,18,0,4,5,1,0,0,3.1832407,-2.6428211,-0.25709745,0.45383966,2.6744454,-3.3969638,-0.21899655,0.34474427,2.5848007,-2.4494517,-0.11915371,0.39426759,2.8676727,19.975725,6,0.54545456,0,29,2,11,5,7,0.63636363,27,0,9.3973408,7.4163198,4.776021,4.9831276,5.7019072,4.068871,1.7415817,1.8164966,1,0,0.69998908,8,2,-0.86460483,-0.23877159,0.15412463,2.4478712,-2.2476473,-0.29869443,0.079673365,2.2938242,-0.63584369,-0.14028196,0.085686699,2.6084948,1.4824752,39.099854,9.4227448,-3.7120297,-7.1228423,3.6760967,0,2.0302486,4.9611225,1.7012628,7.3710861,14,1.8480068,0.21144332,12.0,7.6388888,7.4380164,9.2505112,5.7344513,5.4677176,4.4205503,5,7,1,1,-0.236,-0.065329999,4.7834554,1,1,1,0,0,7,2,0,0,3.5142875,-1.5142876,0.098738931,0.22665185,25.762857,57.757942,11.676732,18.504883,0,43.095066,32.919601,8.701313,0.0,0,0,0,27.00605,0.0,0.54299229,0.15840058,0.1198009,0.45700774,0.8415994,0.33720684,122.40373,35.707363,27.00605,103.02071,189.71709,76.014664,0.5,1,0,0,0,0,1,0,0,0,1,0,225.42445,0,0,0,225.42445,0,4,6,1,0,0,0,0.25,-3.8092999,100.59065,1.8990928,47.989407,18.439579,0.0,32.897186,0,0.0,37.736813,0,4.6057901,23.862217,49.682716,18.01075,3.9819686,32.897186,37.736813,20.338671,53.042408,97.32,0.61674827,4.4594316,2.9182212,6.8052278,225.42445,248.92958,13.566921,0,46.850132,46.850132,92.515511,37.740047,60.417053,174.248,249,11,46,EXT17
C:/Users/MICROSOFT/Documents/nauval_mrnavac/cycpeptmp_standalone/runs/run_20260102_172000_moe/sdf/peptide.sdf,O=C[C@@]([N+]C)CCCNC(=[N+])N,18,70.185471,29.524275,0,1,0,0,2,1,0,0,4,30,0,1,12,5,44.496582,1.4832195,0,0,7,0,0,18,0,4,5,1,0,0,3.1832407,-2.6428211,-0.25709745,0.45383966,2.6744454,-3.3969638,-0.21899655,0.34474427,2.5848007,-2.4494517,-0.11915371,0.39426759,2.8676727,19.975725,6,0.54545456,0,29,2,11,5,7,0.63636363,27,0,9.3973408,7.4163198,4.776021,4.9831276,5.7019072,4.068871,1.7415817,1.8164966,1,0,0.69998908,8,2,-0.86460483,-0.23877159,0.15412463,2.4478712,-2.2476473,-0.29869443,0.079673365,2.2938242,-0.63584369,-0.14028196,0.085686699,2.6084948,1.4824752,39.099854,9.4227448,-3.7120297,-7.1228423,3.6760967,0,2.0302486,4.9611225,1.7012628,7.3710861,14,1.8480068,0.21144332,12.0,7.6388888,7.4380164,9.2505112,5.7344513,5.4677176,4.4205503,5,7,1,1,-0.236,-0.065329999,4.7834554,1,1,1,0,0,7,2,0,0,3.5142875,-1.5142876,0.098738931,0.22665185,25.762857,57.757942,11.676732,18.504883,0,43.095066,32.919601,8.701313,0.0,0,0,0,27.00605,0.0,0.54299229,0.15840058,0.1198009,0.45700774,0.8415994,0.33720684,122.40373,35.707363,27.00605,103.02071,189.71709,76.014664,0.5,1,0,0,0,0,1,0,0,0,1,0,225.42445,0,0,0,225.42445,0,4,6,1,0,0,0,0.25,-3.8092999,100.59065,1.8990928,47.989407,18.439579,0.0,32.897186,0,0.0,37.736813,0,4.6057901,23.862217,49.682716,18.01075,3.9819686,32.897186,37.736813,20.338671,53.042408,97.32,0.61674827,4.4594316,2.9182212,6.8052278,225.42445,248.92958,13.566921,0,46.850132,46.850132,92.515511,37.740047,60.417053,174.248,249,11,46,EXT18
C:/Users/MICROSOFT/Documents/nauval_mrnavac/cycpeptmp_standalone/runs/run_20260102_172000_moe/sdf/peptide.sdf,O=C[C@@]([N+]C)CCCNC(=[N+])N,19,70.185471,29.524275,0,1,0,0,2,1,0,0,4,30,0,1,12,5,44.496582,1.4832195,0,0,7,0,0,18,0,4,5,1,0,0,3.1832407,-2.6428211,-0.25709745,0.45383966,2.6744454,-3.3969638,-0.21899655,0.34474427,2.5848007,-2.4494517,-0.11915371,0.39426759,2.8676727,19.975725,6,0.54545456,0,29,2,11,5,7,0.63636363,27,0,9.3973408,7.4163198,4.776021,4.9831276,5.7019072,4.068871,1.7415817,1.8164966,1,0,0.69998908,8,2,-0.86460483,-0.23877159,0.15412463,2.4478712,-2.2476473,-0.29869443,0.079673365,2.2938242,-0.63584369,-0.14028196,0.085686699,2.6084948,1.4824752,39.099854,9.4227448,-3.7120297,-7.1228423,3.6760967,0,2.0302486,4.9611225,1.7012628,7.3710861,14,1.8480068,0.21144332,12.0,7.6388888,7.4380164,9.2505112,5.7344513,5.4677176,4.4205503,5,7,1,1,-0.236,-0.065329999,4.7834554,1,1,1,0,0,7,2,0,0,3.5142875,-1.5142876,0.098738931,0.22665185,25.762857,57.757942,11.676732,18.504883,0,43.095066,32.919601,8.701313,0.0,0,0,0,27.00605,0.0,0.54299229,0.15840058,0.1198009,0.45700774,0.8415994,0.33720684,122.40373,35.707363,27.00605,103.02071,189.71709,76.014664,0.5,1,0,0,0,0,1,0,0,0,1,0,225.42445,0,0,0,225.42445,0,4,6,1,0,0,0,0.25,-3.8092999,100.59065,1.8990928,47.989407,18.439579,0.0,32.897186,0,0.0,37.736813,0,4.6057901,23.862217,49.682716,18.01075,3.9819686,32.897186,37.736813,20.338671,53.042408,97.32,0.61674827,4.4594316,2.9182212,6.8052278,225.42445,248.92958,13.566921,0,46.850132,46.850132,92.515511,37.740047,60.417053,174.248,249,11,46,EXT19
C:/Users/MICROSOFT/Documents/nauval_mrnavac/cycpeptmp_standalone/runs/run_20260102_172000_moe/sdf/peptide.sdf,O=C[C@@]([N+]C)CCCNC(=[N+])N,20,70.185471,29.524275,0,1,0,0,2,1,0,0,4,30,0,1,12,5,44.496582,1.4832195,0,0,7,0,0,18,0,4,5,1,0,0,3.1832407,-2.6428211,-0.25709745,0.45383966,2.6744454,-3.3969638,-0.21899655,0.34474427,2.5848007,-2.4494517,-0.11915371,0.39426759,2.8676727,19.975725,6,0.54545456,0,29,2,11,5,7,0.63636363,27,0,9.3973408,7.4163198,4.776021,4.9831276,5.7019072,4.068871,1.7415817,1.8164966,1,0,0.69998908,8,2,-0.86460483,-0.23877159,0.15412463,2.4478712,-2.2476473,-0.29869443,0.079673365,2.2938242,-0.63584369,-0.14028196,0.085686699,2.6084948,1.4824752,39.099854,9.4227448,-3.7120297,-7.1228423,3.6760967,0,2.0302486,4.9611225,1.7012628,7.3710861,14,1.8480068,0.21144332,12.0,7.6388888,7.4380164,9.2505112,5.7344513,5.4677176,4.4205503,5,7,1,1,-0.236,-0.065329999,4.7834554,1,1,1,0,0,7,2,0,0,3.5142875,-1.5142876,0.098738931,0.22665185,25.762857,57.757942,11.676732,18.504883,0,43.095066,32.919601,8.701313,0.0,0,0,0,27.00605,0.0,0.54299229,0.15840058,0.1198009,0.45700774,0.8415994,0.33720684,122.40373,35.707363,27.00605,103.02071,189.71709,76.014664,0.5,1,0,0,0,0,1,0,0,0,1,0,225.42445,0,0,0,225.42445,0,4,6,1,0,0,0,0.25,-3.8092999,100.59065,1.8990928,47.989407,18.439579,0.0,32.897186,0,0.0,37.736813,0,4.6057901,23.862217,49.682716,18.01075,3.9819686,32.897186,37.736813,20.338671,53.042408,97.32,0.61674827,4.4594316,2.9182212,6.8052278,225.42445,248.92958,13.566921,0,46.850132,46.850132,92.515511,37.740047,60.417053,174.248,249,11,46,EXT20
C:/Users/MICROSOFT/Documents/nauval_mrnavac/cycpeptmp_standalone/runs/run_20260102_172000_moe/sdf/peptide.sdf,O=C[C@@]([N+]C)CCCNC(=[N+])N,21,70.185471,29.524275,0,1,0,0,2,1,0,0,4,30,0,1,12,5,44.496582,1.4832195,0,0,7,0,0,18,0,4,5,1,0,0,3.1832407,-2.6428211,-0.25709745,0.45383966,2.6744454,-3.3969638,-0.21899655,0.34474427,2.5848007,-2.4494517,-0.11915371,0.39426759,2.8676727,19.975725,6,0.54545456,0,29,2,11,5,7,0.63636363,27,0,9.3973408,7.4163198,4.776021,4.9831276,5.7019072,4.068871,1.7415817,1.8164966,1,0,0.69998908,8,2,-0.86460483,-0.23877159,0.15412463,2.4478712,-2.2476473,-0.29869443,0.079673365,2.2938242,-0.63584369,-0.14028196,0.085686699,2.6084948,1.4824752,39.099854,9.4227448,-3.7120297,-7.1228423,3.6760967,0,2.0302486,4.9611225,1.7012628,7.3710861,14,1.8480068,0.21144332,12.0,7.6388888,7.4380164,9.2505112,5.7344513,5.4677176,4.4205503,5,7,1,1,-0.236,-0.065329999,4.7834554,1,1,1,0,0,7,2,0,0,3.5142875,-1.5142876,0.098738931,0.22665185,25.762857,57.757942,11.676732,18.504883,0,43.095066,32.919601,8.701313,0.0,0,0,0,27.00605,0.0,0.54299229,0.15840058,0.1198009,0.45700774,0.8415994,0.33720684,122.40373,35.707363,27.00605,103.02071,189.71709,76.014664,0.5,1,0,0,0,0,1,0,0,0,1,0,225.42445,0,0,0,225.42445,0,4,6,1,0,0,0,0.25,-3.8092999,100.59065,1.8990928,47.989407,18.439579,0.0,32.897186,0,0.0,37.736813,0,4.6057901,23.862217,49.682716,18.01075,3.9819686,32.897186,37.736813,20.338671,53.042408,97.32,0.61674827,4.4594316,2.9182212,6.8052278,225.42445,248.92958,13.566921,0,46.850132,46.850132,92.515511,37.740047,60.417053,174.248,249,11,46,EXT21
C:/Users/MICROSOFT/Documents/nauval_mrnavac/cycpeptmp_standalone/runs/run_20260102_172000_moe/sdf/peptide.sdf,O=C[C@@]([N+]C)CCCNC(=[N+])N,22,70.185478,29.524275,0,1,0,0,2,1,0,0,4,30,0,1,12,5,44.496582,1.4832195,0,0,7,0,0,18,0,4,5,1,0,0,3.1832407,-2.6428211,-0.25709745,0.45383966,2.6744454,-3.3969638,-0.21899655,0.34474427,2.5848007,-2.4494517,-0.11915371,0.39426759,2.8676727,19.975725,6,0.54545456,0,29,2,11,5,7,0.63636363,27,0,9.3973408,7.4163198,4.776021,4.9831276,5.7019072,4.068871,1.7415817,1.8164966,1,0,0.69998908,8,2,-0.86460483,-0.23877159,0.15412463,2.4478712,-2.2476473,-0.29869443,0.079673365,2.2938242,-0.63584369,-0.14028196,0.085686699,2.6084948,1.4824752,39.099854,9.4227448,-3.7120297,-7.1228423,3.6760967,0,2.0302486,4.9611225,1.7012628,7.3710861,14,1.8480068,0.21144326,12.0,7.6388888,7.4380164,9.2505112,5.7344513,5.4677176,4.4205503,5,7,1,1,-0.236,-0.065329999,4.7834554,1,1,1,0,0,7,2,0,0,3.5142875,-1.5142876,0.098738931,0.22665185,25.762857,57.757942,11.676732,18.504883,0,43.095066,32.919601,8.701313,0.0,0,0,0,27.00605,0.0,0.54299229,0.15840058,0.1198009,0.45700774,0.8415994,0.33720684,122.40373,35.707363,27.00605,103.02071,189.71709,76.014664,0.5,1,0,0,0,0,1,0,0,0,1,0,225.42445,0,0,0,225.42445,0,4,6,1,0,0,0,0.25,-3.8092999,100.59065,1.8990928,47.989407,18.439579,0.0,32.897186,0,0.0,37.736813,0,4.6057901,23.862217,49.682716,18.01075,3.9819686,32.897186,37.736813,20.338671,53.042408,97.32,0.61674827,4.4594316,2.9182212,6.8052278,225.42445,248.92958,13.566921,0,46.850132,46.850132,92.515511,37.740047,60.417053,174.248,249,11,46,EXT22
C:/Users/MICROSOFT/Documents/nauval_mrnavac/cycpeptmp_standalone/runs/run_20260102_172000_moe/sdf/peptide.sdf,O=C[C@@]([N+]C)CCCNC(=[N+])N,23,70.185471,29.524275,0,1,0,0,2,1,0,0,4,30,0,1,12,5,44.496582,1.4832195,0,0,7,0,0,18,0,4,5,1,0,0,3.1832407,-2.6428211,-0.25709745,0.45383966,2.6744454,-3.3969638,-0.21899655,0.34474427,2.5848007,-2.4494517,-0.11915371,0.39426759,2.8676727,19.975725,6,0.54545456,0,29,2,11,5,7,0.63636363,27,0,9.3973408,7.4163198,4.776021,4.9831276,5.7019072,4.068871,1.7415817,1.8164966,1,0,0.69998908,8,2,-0.86460483,-0.23877159,0.15412463,2.4478712,-2.2476473,-0.29869443,0.079673365,2.2938242,-0.63584369,-0.14028196,0.085686699,2.6084948,1.4824752,39.099854,9.4227448,-3.7120297,-7.1228423,3.6760967,0,2.0302486,4.9611225,1.7012628,7.3710861,14,1.8480068,0.21144332,12.0,7.6388888,7.4380164,9.2505112,5.7344513,5.4677176,4.4205503,5,7,1,1,-0.236,-0.065329999,4.7834554,1,1,1,0,0,7,2,0,0,3.5142875,-1.5142876,0.098738931,0.22665185,25.762857,57.757942,11.676732,18.504883,0,43.095066,32.919601,8.701313,0.0,0,0,0,27.00605,0.0,0.54299229,0.15840058,0.1198009,0.45700774,0.8415994,0.33720684,122.40373,35.707363,27.00605,103.02071,189.71709,76.014664,0.5,1,0,0,0,0,1,0,0,0,1,0,225.42445,0,0,0,225.42445,0,4,6,1,0,0,0,0.25,-3.8092999,100.59065,1.8990928,47.989407,18.439579,0.0,32.897186,0,0.0,37.736813,0,4.6057901,23.862217,49.682716,18.01075,3.9819686,32.897186,37.736813,20.338671,53.042408,97.32,0.61674827,4.4594316,2.9182212,6.8052278,225.42445,248.92958,13.566921,0,46.850132,46.850132,92.515511,37.740047,60.417053,174.248,249,11,46,EXT23
C:/Users/MICROSOFT/Documents/nauval_mrnavac/cycpeptmp_standalone/runs/run_20260102_172000_moe/sdf/peptide.sdf,O=C[C@@]([N+]C)CCCNC(=[N+])N,24,70.185471,29.524275,0,1,0,0,2,1,0,0,4,30,0,1,12,5,44.496582,1.4832195,0,0,7,0,0,18,0,4,5,1,0,0,3.1832407,-2.6428211,-0.25709745,0.45383966,2.6744454,-3.3969638,-0.21899655,0.34474427,2.5848007,-2.4494517,-0.11915371,0.39426759,2.8676727,19.975725,6,0.54545456,0,29,2,11,5,7,0.63636363,27,0,9.3973408,7.4163198,4.776021,4.9831276,5.7019072,4.068871,1.7415817,1.8164966,1,0,0.69998908,8,2,-0.86460483,-0.23877159,0.15412463,2.4478712,-2.2476473,-0.29869443,0.079673365,2.2938242,-0.63584369,-0.14028196,0.085686699,2.6084948,1.4824752,39.099854,9.4227448,-3.7120297,-7.1228423,3.6760967,0,2.0302486,4.9611225,1.7012628,7.3710861,14,1.8480068,0.21144332,12.0,7.6388888,7.4380164,9.2505112,5.7344513,5.4677176,4.4205503,5,7,1,1,-0.236,-0.065329999,4.7834554,1,1,1,0,0,7,2,0,0,3.5142875,-1.5142876,0.098738931,0.22665185,25.762857,57.757942,11.676732,18.504883,0,43.095066,32.919601,8.701313,0.0,0,0,0,27.00605,0.0,0.54299229,0.15840058,0.1198009,0.45700774,0.8415994,0.33720684,122.40373,35.707363,27.00605,103.02071,189.71709,76.014664,0.5,1,0,0,0,0,1,0,0,0,1,0,225.42445,0,0,0,225.42445,0,4,6,1,0,0,0,0.25,-3.8092999,100.59065,1.8990928,47.989407,18.439579,0.0,32.897186,0,0.0,37.736813,0,4.6057901,23.862217,49.682716,18.01075,3.9819686,32.897186,37.736813,20.338671,53.042408,97.32,0.61674827,4.4594316,2.9182212,6.8052278,225.42445,248.92958,13.566921,0,46.850132,46.850132,92.515511,37.740047,60.417053,174.248,249,11,46,EXT24
C:/Users/MICROSOFT/Documents/nauval_mrnavac/cycpeptmp_standalone/runs/run_20260102_172000_moe/sdf/peptide.sdf,O=C[C@@]([N+]C)CCCNC(=[N+])N,25,70.185471,29.524275,0,1,0,0,2,1,0,0,4,30,0,1,12,5,44.496582,1.4832195,0,0,7,0,0,18,0,4,5,1,0,0,3.1832407,-2.6428211,-0.25709745,0.45383966,2.6744454,-3.3969638,-0.21899655,0.34474427,2.5848007,-2.4494517,-0.11915371,0.39426759,2.8676727,19.975725,6,0.54545456,0,29,2,11,5,7,0.63636363,27,0,9.3973408,7.4163198,4.776021,4.9831276,5.7019072,4.068871,1.7415817,1.8164966,1,0,0.69998908,8,2,-0.86460483,-0.23877159,0.15412463,2.4478712,-2.2476473,-0.29869443,0.079673365,2.2938242,-0.63584369,-0.14028196,0.085686699,2.6084948,1.4824752,39.099854,9.4227448,-3.7120297,-7.1228423,3.6760967,0,2.0302486,4.9611225,1.7012628,7.3710861,14,1.8480068,0.21144332,12.0,7.6388888,7.4380164,9.2505112,5.7344513,5.4677176,4.4205503,5,7,1,1,-0.236,-0.065329999,4.7834554,1,1,1,0,0,7,2,0,0,3.5142875,-1.5142876,0.098738931,0.22665185,25.762857,57.757942,11.676732,18.504883,0,43.095066,32.919601,8.701313,0.0,0,0,0,27.00605,0.0,0.54299229,0.15840058,0.1198009,0.45700774,0.8415994,0.33720684,122.40373,35.707363,27.00605,103.02071,189.71709,76.014664,0.5,1,0,0,0,0,1,0,0,0,1,0,225.42445,0,0,0,225.42445,0,4,6,1,0,0,0,0.25,-3.8092999,100.59065,1.8990928,47.989407,18.439579,0.0,32.897186,0,0.0,37.736813,0,4.6057901,23.862217,49.682716,18.01075,3.9819686,32.897186,37.736813,20.338671,53.042408,97.32,0.61674827,4.4594316,2.9182212,6.8052278,225.42445,248.92958,13.566921,0,46.850132,46.850132,92.515511,37.740047,60.417053,174.248,249,11,46,EXT25
C:/Users/MICROSOFT/Documents/nauval_mrnavac/cycpeptmp_standalone/runs/run_20260102_172000_moe/sdf/peptide.sdf,O=C[C@@]([N+]C)CCCNC(=[N+])N,26,70.185471,29.524275,0,1,0,0,2,1,0,0,4,30,0,1,12,5,44.496582,1.4832195,0,0,7,0,0,18,0,4,5,1,0,0,3.1832407,-2.6428211,-0.25709745,0.45383966,2.6744454,-3.3969638,-0.21899655,0.34474427,2.5848007,-2.4494517,-0.11915371,0.39426759,2.8676727,19.975725,6,0.54545456,0,29,2,11,5,7,0.63636363,27,0,9.3973408,7.4163198,4.776021,4.9831276,5.7019072,4.068871,1.7415817,1.8164966,1,0,0.69998908,8,2,-0.86460483,-0.23877159,0.15412463,2.4478712,-2.2476473,-0.29869443,0.079673365,2.2938242,-0.63584369,-0.14028196,0.085686699,2.6084948,1.4824752,39.099854,9.4227448,-3.7120297,-7.1228423,3.6760967,0,2.0302486,4.9611225,1.7012628,7.3710861,14,1.8480068,0.21144332,12.0,7.6388888,7.4380164,9.2505112,5.7344513,5.4677176,4.4205503,5,7,1,1,-0.236,-0.065329999,4.7834554,1,1,1,0,0,7,2,0,0,3.5142875,-1.5142876,0.098738931,0.22665185,25.762857,57.757942,11.676732,18.504883,0,43.095066,32.919601,8.701313,0.0,0,0,0,27.00605,0.0,0.54299229,0.15840058,0.1198009,0.45700774,0.8415994,0.33720684,122.40373,35.707363,27.00605,103.02071,189.71709,76.014664,0.5,1,0,0,0,0,1,0,0,0,1,0,225.42445,0,0,0,225.42445,0,4,6,1,0,0,0,0.25,-3.8092999,100.59065,1.8990928,47.989407,18.439579,0.0,32.897186,0,0.0,37.736813,0,4.6057901,23.862217,49.682716,18.01075,3.9819686,32.897186,37.736813,20.338671,53.042408,97.32,0.61674827,4.4594316,2.9182212,6.8052278,225.42445,248.92958,13.566921,0,46.850132,46.850132,92.515511,37.740047,60.417053,174.248,249,11,46,EXT26
C:/Users/MICROSOFT/Documents/nauval_mrnavac/cycpeptmp_standalone/runs/run_20260102_172000_moe/sdf/peptide.sdf,O=C[C@@]([N+]C)CCCNC(=[N+])N,27,70.185478,29.524275,0,1,0,0,2,1,0,0,4,30,0,1,12,5,44.496582,1.4832195,0,0,7,0,0,18,0,4,5,1,0,0,3.1832407,-2.6428211,-0.25709745,0.45383966,2.6744454,-3.3969638,-0.21899655,0.34474427,2.5848007,-2.4494517,-0.11915371,0.39426759,2.8676727,19.975725,6,0.54545456,0,29,2,11,5,7,0.63636363,27,0,9.3973408,7.4163198,4.776021,4.9831276,5.7019072,4.068871,1.7415817,1.8164966,1,0,0.69998908,8,2,-0.86460483,-0.23877159,0.15412463,2.4478712,-2.2476473,-0.29869443,0.079673365,2.2938242,-0.63584369,-0.14028196,0.085686699,2.6084948,1.4824752,39.099854,9.4227448,-3.7120297,-7.1228423,3.6760967,0,2.0302486,4.9611225,1.7012628,7.3710861,14,1.8480068,0.21144326,12.0,7.6388888,7.4380164,9.2505112,5.7344513,5.4677176,4.4205503,5,7,1,1,-0.236,-0.065329999,4.7834554,1,1,1,0,0,7,2,0,0,3.5142875,-1.5142876,0.098738931,0.22665185,25.762857,57.757942,11.676732,18.504883,0,43.095066,32.919601,8.701313,0.0,0,0,0,27.00605,0.0,0.54299229,0.15840058,0.1198009,0.45700774,0.8415994,0.33720684,122.40373,35.707363,27.00605,103.02071,189.71709,76.014664,0.5,1,0,0,0,0,1,0,0,0,1,0,225.42445,0,0,0,225.42445,0,4,6,1,0,0,0,0.25,-3.8092999,100.59065,1.8990928,47.989407,18.439579,0.0,32.897186,0,0.0,37.736813,0,4.6057901,23.862217,49.682716,18.01075,3.9819686,32.897186,37.736813,20.338671,53.042408,97.32,0.61674827,4.4594316,2.9182212,6.8052278,225.42445,248.92958,13.566921,0,46.850132,46.850132,92.515511,37.740047,60.417053,174.248,249,11,46,EXT27
C:/Users/MICROSOFT/Documents/nauval_mrnavac/cycpeptmp_standalone/runs/run_20260102_172000_moe/sdf/peptide.sdf,O=C[C@@]([N+]C)CCCNC(=[N+])N,28,70.185471,29.524275,0,1,0,0,2,1,0,0,4,30,0,1,12,5,44.496582,1.4832195,0,0,7,0,0,18,0,4,5,1,0,0,3.1832407,-2.6428211,-0.25709745,0.45383966,2.6744454,-3.3969638,-0.21899655,0.34474427,2.5848007,-2.4494517,-0.11915371,0.39426759,2.8676727,19.975725,6,0.54545456,0,29,2,11,5,7,0.63636363,27,0,9.3973408,7.4163198,4.776021,4.9831276,5.7019072,4.068871,1.7415817,1.8164966,1,0,0.69998908,8,2,-0.86460483,-0.23877159,0.15412463,2.4478712,-2.2476473,-0.29869443,0.079673365,2.2938242,-0.63584369,-0.14028196,0.085686699,2.6084948,1.4824752,39.099854,9.4227448,-3.7120297,-7.1228423,3.6760967,0,2.0302486,4.9611225,1.7012628,7.3710861,14,1.8480068,0.21144332,12.0,7.6388888,7.4380164,9.2505112,5.7344513,5.4677176,4.4205503,5,7,1,1,-0.236,-0.065329999,4.7834554,1,1,1,0,0,7,2,0,0,3.5142875,-1.5142876,0.098738931,0.22665185,25.762857,57.757942,11.676732,18.504883,0,43.095066,32.919601,8.701313,0.0,0,0,0,27.00605,0.0,0.54299229,0.15840058,0.1198009,0.45700774,0.8415994,0.33720684,122.40373,35.707363,27.00605,103.02071,189.71709,76.014664,0.5,1,0,0,0,0,1,0,0,0,1,0,225.42445,0,0,0,225.42445,0,4,6,1,0,0,0,0.25,-3.8092999,100.59065,1.8990928,47.989407,18.439579,0.0,32.897186,0,0.0,37.736813,0,4.6057901,23.862217,49.682716,18.01075,3.9819686,32.897186,37.736813,20.338671,53.042408,97.32,0.61674827,4.4594316,2.9182212,6.8052278,225.42445,248.92958,13.566921,0,46.850132,46.850132,92.515511,37.740047,60.417053,174.248,249,11,46,EXT28
C:/Users/MICROSOFT/Documents/nauval_mrnavac/cycpeptmp_standalone/runs/run_20260102_172000_moe/sdf/peptide.sdf,O=C[C@@]([N+]C)CCCNC(=[N+])N,29,70.185478,29.524275,0,1,0,0,2,1,0,0,4,30,0,1,12,5,44.496582,1.4832195,0,0,7,0,0,18,0,4,5,1,0,0,3.1832407,-2.6428211,-0.25709745,0.45383966,2.6744454,-3.3969638,-0.21899655,0.34474427,2.5848007,-2.4494517,-0.11915371,0.39426759,2.8676727,19.975725,6,0.54545456,0,29,2,11,5,7,0.63636363,27,0,9.3973408,7.4163198,4.776021,4.9831276,5.7019072,4.068871,1.7415817,1.8164966,1,0,0.69998908,8,2,-0.86460483,-0.23877159,0.15412463,2.4478712,-2.2476473,-0.29869443,0.079673365,2.2938242,-0.63584369,-0.14028196,0.085686699,2.6084948,1.4824752,39.099854,9.4227448,-3.7120297,-7.1228423,3.6760967,0,2.0302486,4.9611225,1.7012628,7.3710861,14,1.8480068,0.21144326,12.0,7.6388888,7.4380164,9.2505112,5.7344513,5.4677176,4.4205503,5,7,1,1,-0.236,-0.065329999,4.7834554,1,1,1,0,0,7,2,0,0,3.5142875,-1.5142876,0.098738931,0.22665185,25.762857,57.757942,11.676732,18.504883,0,43.095066,32.919601,8.701313,0.0,0,0,0,27.00605,0.0,0.54299229,0.15840058,0.1198009,0.45700774,0.8415994,0.33720684,122.40373,35.707363,27.00605,103.02071,189.71709,76.014664,0.5,1,0,0,0,0,1,0,0,0,1,0,225.42445,0,0,0,225.42445,0,4,6,1,0,0,0,0.25,-3.8092999,100.59065,1.8990928,47.989407,18.439579,0.0,32.897186,0,0.0,37.736813,0,4.6057901,23.862217,49.682716,18.01075,3.9819686,32.897186,37.736813,20.338671,53.042408,97.32,0.61674827,4.4594316,2.9182212,6.8052278,225.42445,248.92958,13.566921,0,46.850132,46.850132,92.515511,37.740047,60.417053,174.248,249,11,46,EXT29
C:/Users/MICROSOFT/Documents/nauval_mrnavac/cycpeptmp_standalone/runs/run_20260102_172000_moe/sdf/peptide.sdf,O=C[C@@]([N+]C)CCCNC(=[N+])N,30,70.185471,29.524275,0,1,0,0,2,1,0,0,4,30,0,1,12,5,44.496582,1.4832195,0,0,7,0,0,18,0,4,5,1,0,0,3.1832407,-2.6428211,-0.25709745,0.45383966,2.6744454,-3.3969638,-0.21899655,0.34474427,2.5848007,-2.4494517,-0.11915371,0.39426759,2.8676727,19.975725,6,0.54545456,0,29,2,11,5,7,0.63636363,27,0,9.3973408,7.4163198,4.776021,4.9831276,5.7019072,4.068871,1.7415817,1.8164966,1,0,0.69998908,8,2,-0.86460483,-0.23877159,0.15412463,2.4478712,-2.2476473,-0.29869443,0.079673365,2.2938242,-0.63584369,-0.14028196,0.085686699,2.6084948,1.4824752,39.099854,9.4227448,-3.7120297,-7.1228423,3.6760967,0,2.0302486,4.9611225,1.7012628,7.3710861,14,1.8480068,0.21144332,12.0,7.6388888,7.4380164,9.2505112,5.7344513,5.4677176,4.4205503,5,7,1,1,-0.236,-0.065329999,4.7834554,1,1,1,0,0,7,2,0,0,3.5142875,-1.5142876,0.098738931,0.22665185,25.762857,57.757942,11.676732,18.504883,0,43.095066,32.919601,8.701313,0.0,0,0,0,27.00605,0.0,0.54299229,0.15840058,0.1198009,0.45700774,0.8415994,0.33720684,122.40373,35.707363,27.00605,103.02071,189.71709,76.014664,0.5,1,0,0,0,0,1,0,0,0,1,0,225.42445,0,0,0,225.42445,0,4,6,1,0,0,0,0.25,-3.8092999,100.59065,1.8990928,47.989407,18.439579,0.0,32.897186,0,0.0,37.736813,0,4.6057901,23.862217,49.682716,18.01075,3.9819686,32.897186,37.736813,20.338671,53.042408,97.32,0.61674827,4.4594316,2.9182212,6.8052278,225.42445,248.92958,13.566921,0,46.850132,46.850132,92.515511,37.740047,60.417053,174.248,249,11,46,EXT30
C:/Users/MICROSOFT/Documents/nauval_mrnavac/cycpeptmp_standalone/runs/run_20260102_172000_moe/sdf/peptide.sdf,O=C[C@@]([N+]C)CCCNC(=[N+])N,31,70.185471,29.524275,0,1,0,0,2,1,0,0,4,30,0,1,12,5,44.496582,1.4832195,0,0,7,0,0,18,0,4,5,1,0,0,3.1832407,-2.6428211,-0.25709745,0.45383966,2.6744454,-3.3969638,-0.21899655,0.34474427,2.5848007,-2.4494517,-0.11915371,0.39426759,2.8676727,19.975725,6,0.54545456,0,29,2,11,5,7,0.63636363,27,0,9.3973408,7.4163198,4.776021,4.9831276,5.7019072,4.068871,1.7415817,1.8164966,1,0,0.69998908,8,2,-0.86460483,-0.23877159,0.15412463,2.4478712,-2.2476473,-0.29869443,0.079673365,2.2938242,-0.63584369,-0.14028196,0.085686699,2.6084948,1.4824752,39.099854,9.4227448,-3.7120297,-7.1228423,3.6760967,0,2.0302486,4.9611225,1.7012628,7.3710861,14,1.8480068,0.21144332,12.0,7.6388888,7.4380164,9.2505112,5.7344513,5.4677176,4.4205503,5,7,1,1,-0.236,-0.065329999,4.7834554,1,1,1,0,0,7,2,0,0,3.5142875,-1.5142876,0.098738931,0.22665185,25.762857,57.757942,11.676732,18.504883,0,43.095066,32.919601,8.701313,0.0,0,0,0,27.00605,0.0,0.54299229,0.15840058,0.1198009,0.45700774,0.8415994,0.33720684,122.40373,35.707363,27.00605,103.02071,189.71709,76.014664,0.5,1,0,0,0,0,1,0,0,0,1,0,225.42445,0,0,0,225.42445,0,4,6,1,0,0,0,0.25,-3.8092999,100.59065,1.8990928,47.989407,18.439579,0.0,32.897186,0,0.0,37.736813,0,4.6057901,23.862217,49.682716,18.01075,3.9819686,32.897186,37.736813,20.338671,53.042408,97.32,0.61674827,4.4594316,2.9182212,6.8052278,225.42445,248.92958,13.566921,0,46.850132,46.850132,92.515511,37.740047,60.417053,174.248,249,11,46,EXT31
C:/Users/MICROSOFT/Documents/nauval_mrnavac/cycpeptmp_standalone/runs/run_20260102_172000_moe/sdf/peptide.sdf,O=C[C@@]([N+]C)CCCNC(=[N+])N,32,70.185471,29.524275,0,1,0,0,2,1,0,0,4,30,0,1,12,5,44.496582,1.4832195,0,0,7,0,0,18,0,4,5,1,0,0,3.1832407,-2.6428211,-0.25709745,0.45383966,2.6744454,-3.3969638,-0.21899655,0.34474427,2.5848007,-2.4494517,-0.11915371,0.39426759,2.8676727,19.975725,6,0.54545456,0,29,2,11,5,7,0.63636363,27,0,9.3973408,7.4163198,4.776021,4.9831276,5.7019072,4.068871,1.7415817,1.8164966,1,0,0.69998908,8,2,-0.86460483,-0.23877159,0.15412463,2.4478712,-2.2476473,-0.29869443,0.079673365,2.2938242,-0.63584369,-0.14028196,0.085686699,2.6084948,1.4824752,39.099854,9.4227448,-3.7120297,-7.1228423,3.6760967,0,2.0302486,4.9611225,1.7012628,7.3710861,14,1.8480068,0.21144332,12.0,7.6388888,7.4380164,9.2505112,5.7344513,5.4677176,4.4205503,5,7,1,1,-0.236,-0.065329999,4.7834554,1,1,1,0,0,7,2,0,0,3.5142875,-1.5142876,0.098738931,0.22665185,25.762857,57.757942,11.676732,18.504883,0,43.095066,32.919601,8.701313,0.0,0,0,0,27.00605,0.0,0.54299229,0.15840058,0.1198009,0.45700774,0.8415994,0.33720684,122.40373,35.707363,27.00605,103.02071,189.71709,76.014664,0.5,1,0,0,0,0,1,0,0,0,1,0,225.42445,0,0,0,225.42445,0,4,6,1,0,0,0,0.25,-3.8092999,100.59065,1.8990928,47.989407,18.439579,0.0,32.897186,0,0.0,37.736813,0,4.6057901,23.862217,49.682716,18.01075,3.9819686,32.897186,37.736813,20.338671,53.042408,97.32,0.61674827,4.4594316,2.9182212,6.8052278,225.42445,248.92958,13.566921,0,46.850132,46.850132,92.515511,37.740047,60.417053,174.248,249,11,46,EXT32
C:/Users/MICROSOFT/Documents/nauval_mrnavac/cycpeptmp_standalone/runs/run_20260102_172000_moe/sdf/peptide.sdf,O=C[C@@]([N+]C)CCCNC(=[N+])N,33,70.185471,29.524275,0,1,0,0,2,1,0,0,4,30,0,1,12,5,44.496582,1.4832195,0,0,7,0,0,18,0,4,5,1,0,0,3.1832407,-2.6428211,-0.25709745,0.45383966,2.6744454,-3.3969638,-0.21899655,0.34474427,2.5848007,-2.4494517,-0.11915371,0.39426759,2.8676727,19.975725,6,0.54545456,0,29,2,11,5,7,0.63636363,27,0,9.3973408,7.4163198,4.776021,4.9831276,5.7019072,4.068871,1.7415817,1.8164966,1,0,0.69998908,8,2,-0.86460483,-0.23877159,0.15412463,2.4478712,-2.2476473,-0.29869443,0.079673365,2.2938242,-0.63584369,-0.14028196,0.085686699,2.6084948,1.4824752,39.099854,9.4227448,-3.7120297,-7.1228423,3.6760967,0,2.0302486,4.9611225,1.7012628,7.3710861,14,1.8480068,0.21144332,12.0,7.6388888,7.4380164,9.2505112,5.7344513,5.4677176,4.4205503,5,7,1,1,-0.236,-0.065329999,4.7834554,1,1,1,0,0,7,2,0,0,3.5142875,-1.5142876,0.098738931,0.22665185,25.762857,57.757942,11.676732,18.504883,0,43.095066,32.919601,8.701313,0.0,0,0,0,27.00605,0.0,0.54299229,0.15840058,0.1198009,0.45700774,0.8415994,0.33720684,122.40373,35.707363,27.00605,103.02071,189.71709,76.014664,0.5,1,0,0,0,0,1,0,0,0,1,0,225.42445,0,0,0,225.42445,0,4,6,1,0,0,0,0.25,-3.8092999,100.59065,1.8990928,47.989407,18.439579,0.0,32.897186,0,0.0,37.736813,0,4.6057901,23.862217,49.682716,18.01075,3.9819686,32.897186,37.736813,20.338671,53.042408,97.32,0.61674827,4.4594316,2.9182212,6.8052278,225.42445,248.92958,13.566921,0,46.850132,46.850132,92.515511,37.740047,60.417053,174.248,249,11,46,EXT33
C:/Users/MICROSOFT/Documents/nauval_mrnavac/cycpeptmp_standalone/runs/run_20260102_172000_moe/sdf/peptide.sdf,O=C[C@@]([N+]C)CCCNC(=[N+])N,34,70.185471,29.524275,0,1,0,0,2,1,0,0,4,30,0,1,12,5,44.496582,1.4832195,0,0,7,0,0,18,0,4,5,1,0,0,3.1832407,-2.6428211,-0.25709745,0.45383966,2.6744454,-3.3969638,-0.21899655,0.34474427,2.5848007,-2.4494517,-0.11915371,0.39426759,2.8676727,19.975725,6,0.54545456,0,29,2,11,5,7,0.63636363,27,0,9.3973408,7.4163198,4.776021,4.9831276,5.7019072,4.068871,1.7415817,1.8164966,1,0,0.69998908,8,2,-0.86460483,-0.23877159,0.15412463,2.4478712,-2.2476473,-0.29869443,0.079673365,2.2938242,-0.63584369,-0.14028196,0.085686699,2.6084948,1.4824752,39.099854,9.4227448,-3.7120297,-7.1228423,3.6760967,0,2.0302486,4.9611225,1.7012628,7.3710861,14,1.8480068,0.21144332,12.0,7.6388888,7.4380164,9.2505112,5.7344513,5.4677176,4.4205503,5,7,1,1,-0.236,-0.065329999,4.7834554,1,1,1,0,0,7,2,0,0,3.5142875,-1.5142876,0.098738931,0.22665185,25.762857,57.757942,11.676732,18.504883,0,43.095066,32.919601,8.701313,0.0,0,0,0,27.00605,0.0,0.54299229,0.15840058,0.1198009,0.45700774,0.8415994,0.33720684,122.40373,35.707363,27.00605,103.02071,189.71709,76.014664,0.5,1,0,0,0,0,1,0,0,0,1,0,225.42445,0,0,0,225.42445,0,4,6,1,0,0,0,0.25,-3.8092999,100.59065,1.8990928,47.989407,18.439579,0.0,32.897186,0,0.0,37.736813,0,4.6057901,23.862217,49.682716,18.01075,3.9819686,32.897186,37.736813,20.338671,53.042408,97.32,0.61674827,4.4594316,2.9182212,6.8052278,225.42445,248.92958,13.566921,0,46.850132,46.850132,92.515511,37.740047,60.417053,174.248,249,11,46,EXT34
C:/Users/MICROSOFT/Documents/nauval_mrnavac/cycpeptmp_standalone/runs/run_20260102_172000_moe/sdf/peptide.sdf,O=C[C@@]([N+]C)CCCNC(=[N+])N,35,70.185471,29.524275,0,1,0,0,2,1,0,0,4,30,0,1,12,5,44.496582,1.4832195,0,0,7,0,0,18,0,4,5,1,0,0,3.1832407,-2.6428211,-0.25709745,0.45383966,2.6744454,-3.3969638,-0.21899655,0.34474427,2.5848007,-2.4494517,-0.11915371,0.39426759,2.8676727,19.975725,6,0.54545456,0,29,2,11,5,7,0.63636363,27,0,9.3973408,7.4163198,4.776021,4.9831276,5.7019072,4.068871,1.7415817,1.8164966,1,0,0.69998908,8,2,-0.86460483,-0.23877159,0.15412463,2.4478712,-2.2476473,-0.29869443,0.079673365,2.2938242,-0.63584369,-0.14028196,0.085686699,2.6084948,1.4824752,39.099854,9.4227448,-3.7120297,-7.1228423,3.6760967,0,2.0302486,4.9611225,1.7012628,7.3710861,14,1.8480068,0.21144332,12.0,7.6388888,7.4380164,9.2505112,5.7344513,5.4677176,4.4205503,5,7,1,1,-0.236,-0.065329999,4.7834554,1,1,1,0,0,7,2,0,0,3.5142875,-1.5142876,0.098738931,0.22665185,25.762857,57.757942,11.676732,18.504883,0,43.095066,32.919601,8.701313,0.0,0,0,0,27.00605,0.0,0.54299229,0.15840058,0.1198009,0.45700774,0.8415994,0.33720684,122.40373,35.707363,27.00605,103.02071,189.71709,76.014664,0.5,1,0,0,0,0,1,0,0,0,1,0,225.42445,0,0,0,225.42445,0,4,6,1,0,0,0,0.25,-3.8092999,100.59065,1.8990928,47.989407,18.439579,0.0,32.897186,0,0.0,37.736813,0,4.6057901,23.862217,49.682716,18.01075,3.9819686,32.897186,37.736813,20.338671,53.042408,97.32,0.61674827,4.4594316,2.9182212,6.8052278,225.42445,248.92958,13.566921,0,46.850132,46.850132,92.515511,37.740047,60.417053,174.248,249,11,46,EXT35
C:/Users/MICROSOFT/Documents/nauval_mrnavac/cycpeptmp_standalone/runs/run_20260102_172000_moe/sdf/peptide.sdf,O=C[C@@]([N+]C)CCCNC(=[N+])N,36,70.185471,29.524275,0,1,0,0,2,1,0,0,4,30,0,1,12,5,44.496582,1.4832195,0,0,7,0,0,18,0,4,5,1,0,0,3.1832407,-2.6428211,-0.25709745,0.45383966,2.6744454,-3.3969638,-0.21899655,0.34474427,2.5848007,-2.4494517,-0.11915371,0.39426759,2.8676727,19.975725,6,0.54545456,0,29,2,11,5,7,0.63636363,27,0,9.3973408,7.4163198,4.776021,4.9831276,5.7019072,4.068871,1.7415817,1.8164966,1,0,0.69998908,8,2,-0.86460483,-0.23877159,0.15412463,2.4478712,-2.2476473,-0.29869443,0.079673365,2.2938242,-0.63584369,-0.14028196,0.085686699,2.6084948,1.4824752,39.099854,9.4227448,-3.7120297,-7.1228423,3.6760967,0,2.0302486,4.9611225,1.7012628,7.3710861,14,1.8480068,0.21144332,12.0,7.6388888,7.4380164,9.2505112,5.7344513,5.4677176,4.4205503,5,7,1,1,-0.236,-0.065329999,4.7834554,1,1,1,0,0,7,2,0,0,3.5142875,-1.5142876,0.098738931,0.22665185,25.762857,57.757942,11.676732,18.504883,0,43.095066,32.919601,8.701313,0.0,0,0,0,27.00605,0.0,0.54299229,0.15840058,0.1198009,0.45700774,0.8415994,0.33720684,122.40373,35.707363,27.00605,103.02071,189.71709,76.014664,0.5,1,0,0,0,0,1,0,0,0,1,0,225.42445,0,0,0,225.42445,0,4,6,1,0,0,0,0.25,-3.8092999,100.59065,1.8990928,47.989407,18.439579,0.0,32.897186,0,0.0,37.736813,0,4.6057901,23.862217,49.682716,18.01075,3.9819686,32.897186,37.736813,20.338671,53.042408,97.32,0.61674827,4.4594316,2.9182212,6.8052278,225.42445,248.92958,13.566921,0,46.850132,46.850132,92.515511,37.740047,60.417053,174.248,249,11,46,EXT36
C:/Users/MICROSOFT/Documents/nauval_mrnavac/cycpeptmp_standalone/runs/run_20260102_172000_moe/sdf/peptide.sdf,O=C[C@@]([N+]C)CCCNC(=[N+])N,37,70.185478,29.524275,0,1,0,0,2,1,0,0,4,30,0,1,12,5,44.496582,1.4832195,0,0,7,0,0,18,0,4,5,1,0,0,3.1832407,-2.6428211,-0.25709745,0.45383966,2.6744454,-3.3969638,-0.21899655,0.34474427,2.5848007,-2.4494517,-0.11915371,0.39426759,2.8676727,19.975725,6,0.54545456,0,29,2,11,5,7,0.63636363,27,0,9.3973408,7.4163198,4.776021,4.9831276,5.7019072,4.068871,1.7415817,1.8164966,1,0,0.69998908,8,2,-0.86460483,-0.23877159,0.15412463,2.4478712,-2.2476473,-0.29869443,0.079673365,2.2938242,-0.63584369,-0.14028196,0.085686699,2.6084948,1.4824752,39.099854,9.4227448,-3.7120297,-7.1228423,3.6760967,0,2.0302486,4.9611225,1.7012628,7.3710861,14,1.8480068,0.21144326,12.0,7.6388888,7.4380164,9.2505112,5.7344513,5.4677176,4.4205503,5,7,1,1,-0.236,-0.065329999,4.7834554,1,1,1,0,0,7,2,0,0,3.5142875,-1.5142876,0.098738931,0.22665185,25.762857,57.757942,11.676732,18.504883,0,43.095066,32.919601,8.701313,0.0,0,0,0,27.00605,0.0,0.54299229,0.15840058,0.1198009,0.45700774,0.8415994,0.33720684,122.40373,35.707363,27.00605,103.02071,189.71709,76.014664,0.5,1,0,0,0,0,1,0,0,0,1,0,225.42445,0,0,0,225.42445,0,4,6,1,0,0,0,0.25,-3.8092999,100.59065,1.8990928,47.989407,18.439579,0.0,32.897186,0,0.0,37.736813,0,4.6057901,23.862217,49.682716,18.01075,3.9819686,32.897186,37.736813,20.338671,53.042408,97.32,0.61674827,4.4594316,2.9182212,6.8052278,225.42445,248.92958,13.566921,0,46.850132,46.850132,92.515511,37.740047,60.417053,174.248,249,11,46,EXT37
C:/Users/MICROSOFT/Documents/nauval_mrnavac/cycpeptmp_standalone/runs/run_20260102_172000_moe/sdf/peptide.sdf,O=C[C@@]([N+]C)CCCNC(=[N+])N,38,70.185471,29.524275,0,1,0,0,2,1,0,0,4,30,0,1,12,5,44.496582,1.4832195,0,0,7,0,0,18,0,4,5,1,0,0,3.1832407,-2.6428211,-0.25709745,0.45383966,2.6744454,-3.3969638,-0.21899655,0.34474427,2.5848007,-2.4494517,-0.11915371,0.39426759,2.8676727,19.975725,6,0.54545456,0,29,2,11,5,7,0.63636363,27,0,9.3973408,7.4163198,4.776021,4.9831276,5.7019072,4.068871,1.7415817,1.8164966,1,0,0.69998908,8,2,-0.86460483,-0.23877159,0.15412463,2.4478712,-2.2476473,-0.29869443,0.079673365,2.2938242,-0.63584369,-0.14028196,0.085686699,2.6084948,1.4824752,39.099854,9.4227448,-3.7120297,-7.1228423,3.6760967,0,2.0302486,4.9611225,1.7012628,7.3710861,14,1.8480068,0.21144332,12.0,7.6388888,7.4380164,9.2505112,5.7344513,5.4677176,4.4205503,5,7,1,1,-0.236,-0.065329999,4.7834554,1,1,1,0,0,7,2,0,0,3.5142875,-1.5142876,0.098738931,0.22665185,25.762857,57.757942,11.676732,18.504883,0,43.095066,32.919601,8.701313,0.0,0,0,0,27.00605,0.0,0.54299229,0.15840058,0.1198009,0.45700774,0.8415994,0.33720684,122.40373,35.707363,27.00605,103.02071,189.71709,76.014664,0.5,1,0,0,0,0,1,0,0,0,1,0,225.42445,0,0,0,225.42445,0,4,6,1,0,0,0,0.25,-3.8092999,100.59065,1.8990928,47.989407,18.439579,0.0,32.897186,0,0.0,37.736813,0,4.6057901,23.862217,49.682716,18.01075,3.9819686,32.897186,37.736813,20.338671,53.042408,97.32,0.61674827,4.4594316,2.9182212,6.8052278,225.42445,248.92958,13.566921,0,46.850132,46.850132,92.515511,37.740047,60.417053,174.248,249,11,46,EXT38
C:/Users/MICROSOFT/Documents/nauval_mrnavac/cycpeptmp_standalone/runs/run_20260102_172000_moe/sdf/peptide.sdf,O=C[C@@]([N+]C)CCCNC(=[N+])N,39,70.185471,29.524275,0,1,0,0,2,1,0,0,4,30,0,1,12,5,44.496582,1.4832195,0,0,7,0,0,18,0,4,5,1,0,0,3.1832407,-2.6428211,-0.25709745,0.45383966,2.6744454,-3.3969638,-0.21899655,0.34474427,2.5848007,-2.4494517,-0.11915371,0.39426759,2.8676727,19.975725,6,0.54545456,0,29,2,11,5,7,0.63636363,27,0,9.3973408,7.4163198,4.776021,4.9831276,5.7019072,4.068871,1.7415817,1.8164966,1,0,0.69998908,8,2,-0.86460483,-0.23877159,0.15412463,2.4478712,-2.2476473,-0.29869443,0.079673365,2.2938242,-0.63584369,-0.14028196,0.085686699,2.6084948,1.4824752,39.099854,9.4227448,-3.7120297,-7.1228423,3.6760967,0,2.0302486,4.9611225,1.7012628,7.3710861,14,1.8480068,0.21144332,12.0,7.6388888,7.4380164,9.2505112,5.7344513,5.4677176,4.4205503,5,7,1,1,-0.236,-0.065329999,4.7834554,1,1,1,0,0,7,2,0,0,3.5142875,-1.5142876,0.098738931,0.22665185,25.762857,57.757942,11.676732,18.504883,0,43.095066,32.919601,8.701313,0.0,0,0,0,27.00605,0.0,0.54299229,0.15840058,0.1198009,0.45700774,0.8415994,0.33720684,122.40373,35.707363,27.00605,103.02071,189.71709,76.014664,0.5,1,0,0,0,0,1,0,0,0,1,0,225.42445,0,0,0,225.42445,0,4,6,1,0,0,0,0.25,-3.8092999,100.59065,1.8990928,47.989407,18.439579,0.0,32.897186,0,0.0,37.736813,0,4.6057901,23.862217,49.682716,18.01075,3.9819686,32.897186,37.736813,20.338671,53.042408,97.32,0.61674827,4.4594316,2.9182212,6.8052278,225.42445,248.92958,13.566921,0,46.850132,46.850132,92.515511,37.740047,60.417053,174.248,249,11,46,EXT39
C:/Users/MICROSOFT/Documents/nauval_mrnavac/cycpeptmp_standalone/runs/run_20260102_172000_moe/sdf/peptide.sdf,O=C[C@@]([N+]C)CCCNC(=[N+])N,40,70.185471,29.524275,0,1,0,0,2,1,0,0,4,30,0,1,12,5,44.496582,1.4832195,0,0,7,0,0,18,0,4,5,1,0,0,3.1832407,-2.6428211,-0.25709745,0.45383966,2.6744454,-3.3969638,-0.21899655,0.34474427,2.5848007,-2.4494517,-0.11915371,0.39426759,2.8676727,19.975725,6,0.54545456,0,29,2,11,5,7,0.63636363,27,0,9.3973408,7.4163198,4.776021,4.9831276,5.7019072,4.068871,1.7415817,1.8164966,1,0,0.69998908,8,2,-0.86460483,-0.23877159,0.15412463,2.4478712,-2.2476473,-0.29869443,0.079673365,2.2938242,-0.63584369,-0.14028196,0.085686699,2.6084948,1.4824752,39.099854,9.4227448,-3.7120297,-7.1228423,3.6760967,0,2.0302486,4.9611225,1.7012628,7.3710861,14,1.8480068,0.21144332,12.0,7.6388888,7.4380164,9.2505112,5.7344513,5.4677176,4.4205503,5,7,1,1,-0.236,-0.065329999,4.7834554,1,1,1,0,0,7,2,0,0,3.5142875,-1.5142876,0.098738931,0.22665185,25.762857,57.757942,11.676732,18.504883,0,43.095066,32.919601,8.701313,0.0,0,0,0,27.00605,0.0,0.54299229,0.15840058,0.1198009,0.45700774,0.8415994,0.33720684,122.40373,35.707363,27.00605,103.02071,189.71709,76.014664,0.5,1,0,0,0,0,1,0,0,0,1,0,225.42445,0,0,0,225.42445,0,4,6,1,0,0,0,0.25,-3.8092999,100.59065,1.8990928,47.989407,18.439579,0.0,32.897186,0,0.0,37.736813,0,4.6057901,23.862217,49.682716,18.01075,3.9819686,32.897186,37.736813,20.338671,53.042408,97.32,0.61674827,4.4594316,2.9182212,6.8052278,225.42445,248.92958,13.566921,0,46.850132,46.850132,92.515511,37.740047,60.417053,174.248,249,11,46,EXT40
C:/Users/MICROSOFT/Documents/nauval_mrnavac/cycpeptmp_standalone/runs/run_20260102_172000_moe/sdf/peptide.sdf,O=C[C@@]([N+]C)CCCNC(=[N+])N,41,70.185471,29.524275,0,1,0,0,2,1,0,0,4,30,0,1,12,5,44.496582,1.4832195,0,0,7,0,0,18,0,4,5,1,0,0,3.1832407,-2.6428211,-0.25709745,0.45383966,2.6744454,-3.3969638,-0.21899655,0.34474427,2.5848007,-2.4494517,-0.11915371,0.39426759,2.8676727,19.975725,6,0.54545456,0,29,2,11,5,7,0.63636363,27,0,9.3973408,7.4163198,4.776021,4.9831276,5.7019072,4.068871,1.7415817,1.8164966,1,0,0.69998908,8,2,-0.86460483,-0.23877159,0.15412463,2.4478712,-2.2476473,-0.29869443,0.079673365,2.2938242,-0.63584369,-0.14028196,0.085686699,2.6084948,1.4824752,39.099854,9.4227448,-3.7120297,-7.1228423,3.6760967,0,2.0302486,4.9611225,1.7012628,7.3710861,14,1.8480068,0.21144332,12.0,7.6388888,7.4380164,9.2505112,5.7344513,5.4677176,4.4205503,5,7,1,1,-0.236,-0.065329999,4.7834554,1,1,1,0,0,7,2,0,0,3.5142875,-1.5142876,0.098738931,0.22665185,25.762857,57.757942,11.676732,18.504883,0,43.095066,32.919601,8.701313,0.0,0,0,0,27.00605,0.0,0.54299229,0.15840058,0.1198009,0.45700774,0.8415994,0.33720684,122.40373,35.707363,27.00605,103.02071,189.71709,76.014664,0.5,1,0,0,0,0,1,0,0,0,1,0,225.42445,0,0,0,225.42445,0,4,6,1,0,0,0,0.25,-3.8092999,100.59065,1.8990928,47.989407,18.439579,0.0,32.897186,0,0.0,37.736813,0,4.6057901,23.862217,49.682716,18.01075,3.9819686,32.897186,37.736813,20.338671,53.042408,97.32,0.61674827,4.4594316,2.9182212,6.8052278,225.42445,248.92958,13.566921,0,46.850132,46.850132,92.515511,37.740047,60.417053,174.248,249,11,46,EXT41
C:/Users/MICROSOFT/Documents/nauval_mrnavac/cycpeptmp_standalone/runs/run_20260102_172000_moe/sdf/peptide.sdf,O=C[C@@]([N+]C)CCCNC(=[N+])N,42,70.185471,29.524275,0,1,0,0,2,1,0,0,4,30,0,1,12,5,44.496582,1.4832195,0,0,7,0,0,18,0,4,5,1,0,0,3.1832407,-2.6428211,-0.25709745,0.45383966,2.6744454,-3.3969638,-0.21899655,0.34474427,2.5848007,-2.4494517,-0.11915371,0.39426759,2.8676727,19.975725,6,0.54545456,0,29,2,11,5,7,0.63636363,27,0,9.3973408,7.4163198,4.776021,4.9831276,5.7019072,4.068871,1.7415817,1.8164966,1,0,0.69998908,8,2,-0.86460483,-0.23877159,0.15412463,2.4478712,-2.2476473,-0.29869443,0.079673365,2.2938242,-0.63584369,-0.14028196,0.085686699,2.6084948,1.4824752,39.099854,9.4227448,-3.7120297,-7.1228423,3.6760967,0,2.0302486,4.9611225,1.7012628,7.3710861,14,1.8480068,0.21144332,12.0,7.6388888,7.4380164,9.2505112,5.7344513,5.4677176,4.4205503,5,7,1,1,-0.236,-0.065329999,4.7834554,1,1,1,0,0,7,2,0,0,3.5142875,-1.5142876,0.098738931,0.22665185,25.762857,57.757942,11.676732,18.504883,0,43.095066,32.919601,8.701313,0.0,0,0,0,27.00605,0.0,0.54299229,0.15840058,0.1198009,0.45700774,0.8415994,0.33720684,122.40373,35.707363,27.00605,103.02071,189.71709,76.014664,0.5,1,0,0,0,0,1,0,0,0,1,0,225.42445,0,0,0,225.42445,0,4,6,1,0,0,0,0.25,-3.8092999,100.59065,1.8990928,47.989407,18.439579,0.0,32.897186,0,0.0,37.736813,0,4.6057901,23.862217,49.682716,18.01075,3.9819686,32.897186,37.736813,20.338671,53.042408,97.32,0.61674827,4.4594316,2.9182212,6.8052278,225.42445,248.92958,13.566921,0,46.850132,46.850132,92.515511,37.740047,60.417053,174.248,249,11,46,EXT42
C:/Users/MICROSOFT/Documents/nauval_mrnavac/cycpeptmp_standalone/runs/run_20260102_172000_moe/sdf/peptide.sdf,O=C[C@@]([N+]C)CCCNC(=[N+])N,43,70.185471,29.524275,0,1,0,0,2,1,0,0,4,30,0,1,12,5,44.496582,1.4832195,0,0,7,0,0,18,0,4,5,1,0,0,3.1832407,-2.6428211,-0.25709745,0.45383966,2.6744454,-3.3969638,-0.21899655,0.34474427,2.5848007,-2.4494517,-0.11915371,0.39426759,2.8676727,19.975725,6,0.54545456,0,29,2,11,5,7,0.63636363,27,0,9.3973408,7.4163198,4.776021,4.9831276,5.7019072,4.068871,1.7415817,1.8164966,1,0,0.69998908,8,2,-0.86460483,-0.23877159,0.15412463,2.4478712,-2.2476473,-0.29869443,0.079673365,2.2938242,-0.63584369,-0.14028196,0.085686699,2.6084948,1.4824752,39.099854,9.4227448,-3.7120297,-7.1228423,3.6760967,0,2.0302486,4.9611225,1.7012628,7.3710861,14,1.8480068,0.21144332,12.0,7.6388888,7.4380164,9.2505112,5.7344513,5.4677176,4.4205503,5,7,1,1,-0.236,-0.065329999,4.7834554,1,1,1,0,0,7,2,0,0,3.5142875,-1.5142876,0.098738931,0.22665185,25.762857,57.757942,11.676732,18.504883,0,43.095066,32.919601,8.701313,0.0,0,0,0,27.00605,0.0,0.54299229,0.15840058,0.1198009,0.45700774,0.8415994,0.33720684,122.40373,35.707363,27.00605,103.02071,189.71709,76.014664,0.5,1,0,0,0,0,1,0,0,0,1,0,225.42445,0,0,0,225.42445,0,4,6,1,0,0,0,0.25,-3.8092999,100.59065,1.8990928,47.989407,18.439579,0.0,32.897186,0,0.0,37.736813,0,4.6057901,23.862217,49.682716,18.01075,3.9819686,32.897186,37.736813,20.338671,53.042408,97.32,0.61674827,4.4594316,2.9182212,6.8052278,225.42445,248.92958,13.566921,0,46.850132,46.850132,92.515511,37.740047,60.417053,174.248,249,11,46,EXT43
C:/Users/MICROSOFT/Documents/nauval_mrnavac/cycpeptmp_standalone/runs/run_20260102_172000_moe/sdf/peptide.sdf,O=C[C@@]([N+]C)CCCNC(=[N+])N,44,70.185471,29.524275,0,1,0,0,2,1,0,0,4,30,0,1,12,5,44.496582,1.4832195,0,0,7,0,0,18,0,4,5,1,0,0,3.1832407,-2.6428211,-0.25709745,0.45383966,2.6744454,-3.3969638,-0.21899655,0.34474427,2.5848007,-2.4494517,-0.11915371,0.39426759,2.8676727,19.975725,6,0.54545456,0,29,2,11,5,7,0.63636363,27,0,9.3973408,7.4163198,4.776021,4.9831276,5.7019072,4.068871,1.7415817,1.8164966,1,0,0.69998908,8,2,-0.86460483,-0.23877159,0.15412463,2.4478712,-2.2476473,-0.29869443,0.079673365,2.2938242,-0.63584369,-0.14028196,0.085686699,2.6084948,1.4824752,39.099854,9.4227448,-3.7120297,-7.1228423,3.6760967,0,2.0302486,4.9611225,1.7012628,7.3710861,14,1.8480068,0.21144332,12.0,7.6388888,7.4380164,9.2505112,5.7344513,5.4677176,4.4205503,5,7,1,1,-0.236,-0.065329999,4.7834554,1,1,1,0,0,7,2,0,0,3.5142875,-1.5142876,0.098738931,0.22665185,25.762857,57.757942,11.676732,18.504883,0,43.095066,32.919601,8.701313,0.0,0,0,0,27.00605,0.0,0.54299229,0.15840058,0.1198009,0.45700774,0.8415994,0.33720684,122.40373,35.707363,27.00605,103.02071,189.71709,76.014664,0.5,1,0,0,0,0,1,0,0,0,1,0,225.42445,0,0,0,225.42445,0,4,6,1,0,0,0,0.25,-3.8092999,100.59065,1.8990928,47.989407,18.439579,0.0,32.897186,0,0.0,37.736813,0,4.6057901,23.862217,49.682716,18.01075,3.9819686,32.897186,37.736813,20.338671,53.042408,97.32,0.61674827,4.4594316,2.9182212,6.8052278,225.42445,248.92958,13.566921,0,46.850132,46.850132,92.515511,37.740047,60.417053,174.248,249,11,46,EXT44
C:/Users/MICROSOFT/Documents/nauval_mrnavac/cycpeptmp_standalone/runs/run_20260102_172000_moe/sdf/peptide.sdf,O=C[C@@]([N+]C)CCCNC(=[N+])N,45,70.185471,29.524275,0,1,0,0,2,1,0,0,4,30,0,1,12,5,44.496582,1.4832195,0,0,7,0,0,18,0,4,5,1,0,0,3.1832407,-2.6428211,-0.25709745,0.45383966,2.6744454,-3.3969638,-0.21899655,0.34474427,2.5848007,-2.4494517,-0.11915371,0.39426759,2.8676727,19.975725,6,0.54545456,0,29,2,11,5,7,0.63636363,27,0,9.3973408,7.4163198,4.776021,4.9831276,5.7019072,4.068871,1.7415817,1.8164966,1,0,0.69998908,8,2,-0.86460483,-0.23877159,0.15412463,2.4478712,-2.2476473,-0.29869443,0.079673365,2.2938242,-0.63584369,-0.14028196,0.085686699,2.6084948,1.4824752,39.099854,9.4227448,-3.7120297,-7.1228423,3.6760967,0,2.0302486,4.9611225,1.7012628,7.3710861,14,1.8480068,0.21144332,12.0,7.6388888,7.4380164,9.2505112,5.7344513,5.4677176,4.4205503,5,7,1,1,-0.236,-0.065329999,4.7834554,1,1,1,0,0,7,2,0,0,3.5142875,-1.5142876,0.098738931,0.22665185,25.762857,57.757942,11.676732,18.504883,0,43.095066,32.919601,8.701313,0.0,0,0,0,27.00605,0.0,0.54299229,0.15840058,0.1198009,0.45700774,0.8415994,0.33720684,122.40373,35.707363,27.00605,103.02071,189.71709,76.014664,0.5,1,0,0,0,0,1,0,0,0,1,0,225.42445,0,0,0,225.42445,0,4,6,1,0,0,0,0.25,-3.8092999,100.59065,1.8990928,47.989407,18.439579,0.0,32.897186,0,0.0,37.736813,0,4.6057901,23.862217,49.682716,18.01075,3.9819686,32.897186,37.736813,20.338671,53.042408,97.32,0.61674827,4.4594316,2.9182212,6.8052278,225.42445,248.92958,13.566921,0,46.850132,46.850132,92.515511,37.740047,60.417053,174.248,249,11,46,EXT45
C:/Users/MICROSOFT/Documents/nauval_mrnavac/cycpeptmp_standalone/runs/run_20260102_172000_moe/sdf/peptide.sdf,O=C[C@@]([N+]C)CCCNC(=[N+])N,46,70.185471,29.524275,0,1,0,0,2,1,0,0,4,30,0,1,12,5,44.496582,1.4832195,0,0,7,0,0,18,0,4,5,1,0,0,3.1832407,-2.6428211,-0.25709745,0.45383966,2.6744454,-3.3969638,-0.21899655,0.34474427,2.5848007,-2.4494517,-0.11915371,0.39426759,2.8676727,19.975725,6,0.54545456,0,29,2,11,5,7,0.63636363,27,0,9.3973408,7.4163198,4.776021,4.9831276,5.7019072,4.068871,1.7415817,1.8164966,1,0,0.69998908,8,2,-0.86460483,-0.23877159,0.15412463,2.4478712,-2.2476473,-0.29869443,0.079673365,2.2938242,-0.63584369,-0.14028196,0.085686699,2.6084948,1.4824752,39.099854,9.4227448,-3.7120297,-7.1228423,3.6760967,0,2.0302486,4.9611225,1.7012628,7.3710861,14,1.8480068,0.21144332,12.0,7.6388888,7.4380164,9.2505112,5.7344513,5.4677176,4.4205503,5,7,1,1,-0.236,-0.065329999,4.7834554,1,1,1,0,0,7,2,0,0,3.5142875,-1.5142876,0.098738931,0.22665185,25.762857,57.757942,11.676732,18.504883,0,43.095066,32.919601,8.701313,0.0,0,0,0,27.00605,0.0,0.54299229,0.15840058,0.1198009,0.45700774,0.8415994,0.33720684,122.40373,35.707363,27.00605,103.02071,189.71709,76.014664,0.5,1,0,0,0,0,1,0,0,0,1,0,225.42445,0,0,0,225.42445,0,4,6,1,0,0,0,0.25,-3.8092999,100.59065,1.8990928,47.989407,18.439579,0.0,32.897186,0,0.0,37.736813,0,4.6057901,23.862217,49.682716,18.01075,3.9819686,32.897186,37.736813,20.338671,53.042408,97.32,0.61674827,4.4594316,2.9182212,6.8052278,225.42445,248.92958,13.566921,0,46.850132,46.850132,92.515511,37.740047,60.417053,174.248,249,11,46,EXT46
C:/Users/MICROSOFT/Documents/nauval_mrnavac/cycpeptmp_standalone/runs/run_20260102_172000_moe/sdf/peptide.sdf,O=C[C@@]([N+]C)CCCNC(=[N+])N,47,70.185478,29.524275,0,1,0,0,2,1,0,0,4,30,0,1,12,5,44.496582,1.4832195,0,0,7,0,0,18,0,4,5,1,0,0,3.1832407,-2.6428211,-0.25709745,0.45383966,2.6744454,-3.3969638,-0.21899655,0.34474427,2.5848007,-2.4494517,-0.11915371,0.39426759,2.8676727,19.975725,6,0.54545456,0,29,2,11,5,7,0.63636363,27,0,9.3973408,7.4163198,4.776021,4.9831276,5.7019072,4.068871,1.7415817,1.8164966,1,0,0.69998908,8,2,-0.86460483,-0.23877159,0.15412463,2.4478712,-2.2476473,-0.29869443,0.079673365,2.2938242,-0.63584369,-0.14028196,0.085686699,2.6084948,1.4824752,39.099854,9.4227448,-3.7120297,-7.1228423,3.6760967,0,2.0302486,4.9611225,1.7012628,7.3710861,14,1.8480068,0.21144326,12.0,7.6388888,7.4380164,9.2505112,5.7344513,5.4677176,4.4205503,5,7,1,1,-0.236,-0.065329999,4.7834554,1,1,1,0,0,7,2,0,0,3.5142875,-1.5142876,0.098738931,0.22665185,25.762857,57.757942,11.676732,18.504883,0,43.095066,32.919601,8.701313,0.0,0,0,0,27.00605,0.0,0.54299229,0.15840058,0.1198009,0.45700774,0.8415994,0.33720684,122.40373,35.707363,27.00605,103.02071,189.71709,76.014664,0.5,1,0,0,0,0,1,0,0,0,1,0,225.42445,0,0,0,225.42445,0,4,6,1,0,0,0,0.25,-3.8092999,100.59065,1.8990928,47.989407,18.439579,0.0,32.897186,0,0.0,37.736813,0,4.6057901,23.862217,49.682716,18.01075,3.9819686,32.897186,37.736813,20.338671,53.042408,97.32,0.61674827,4.4594316,2.9182212,6.8052278,225.42445,248.92958,13.566921,0,46.850132,46.850132,92.515511,37.740047,60.417053,174.248,249,11,46,EXT47
C:/Users/MICROSOFT/Documents/nauval_mrnavac/cycpeptmp_standalone/runs/run_20260102_172000_moe/sdf/peptide.sdf,O=C[C@@]([N+]C)CCCNC(=[N+])N,48,70.185471,29.524275,0,1,0,0,2,1,0,0,4,30,0,1,12,5,44.496582,1.4832195,0,0,7,0,0,18,0,4,5,1,0,0,3.1832407,-2.6428211,-0.25709745,0.45383966,2.6744454,-3.3969638,-0.21899655,0.34474427,2.5848007,-2.4494517,-0.11915371,0.39426759,2.8676727,19.975725,6,0.54545456,0,29,2,11,5,7,0.63636363,27,0,9.3973408,7.4163198,4.776021,4.9831276,5.7019072,4.068871,1.7415817,1.8164966,1,0,0.69998908,8,2,-0.86460483,-0.23877159,0.15412463,2.4478712,-2.2476473,-0.29869443,0.079673365,2.2938242,-0.63584369,-0.14028196,0.085686699,2.6084948,1.4824752,39.099854,9.4227448,-3.7120297,-7.1228423,3.6760967,0,2.0302486,4.9611225,1.7012628,7.3710861,14,1.8480068,0.21144332,12.0,7.6388888,7.4380164,9.2505112,5.7344513,5.4677176,4.4205503,5,7,1,1,-0.236,-0.065329999,4.7834554,1,1,1,0,0,7,2,0,0,3.5142875,-1.5142876,0.098738931,0.22665185,25.762857,57.757942,11.676732,18.504883,0,43.095066,32.919601,8.701313,0.0,0,0,0,27.00605,0.0,0.54299229,0.15840058,0.1198009,0.45700774,0.8415994,0.33720684,122.40373,35.707363,27.00605,103.02071,189.71709,76.014664,0.5,1,0,0,0,0,1,0,0,0,1,0,225.42445,0,0,0,225.42445,0,4,6,1,0,0,0,0.25,-3.8092999,100.59065,1.8990928,47.989407,18.439579,0.0,32.897186,0,0.0,37.736813,0,4.6057901,23.862217,49.682716,18.01075,3.9819686,32.897186,37.736813,20.338671,53.042408,97.32,0.61674827,4.4594316,2.9182212,6.8052278,225.42445,248.92958,13.566921,0,46.850132,46.850132,92.515511,37.740047,60.417053,174.248,249,11,46,EXT48
C:/Users/MICROSOFT/Documents/nauval_mrnavac/cycpeptmp_standalone/runs/run_20260102_172000_moe/sdf/peptide.sdf,O=C[C@@]([N+]C)CCCNC(=[N+])N,49,70.185471,29.524275,0,1,0,0,2,1,0,0,4,30,0,1,12,5,44.496582,1.4832195,0,0,7,0,0,18,0,4,5,1,0,0,3.1832407,-2.6428211,-0.25709745,0.45383966,2.6744454,-3.3969638,-0.21899655,0.34474427,2.5848007,-2.4494517,-0.11915371,0.39426759,2.8676727,19.975725,6,0.54545456,0,29,2,11,5,7,0.63636363,27,0,9.3973408,7.4163198,4.776021,4.9831276,5.7019072,4.068871,1.7415817,1.8164966,1,0,0.69998908,8,2,-0.86460483,-0.23877159,0.15412463,2.4478712,-2.2476473,-0.29869443,0.079673365,2.2938242,-0.63584369,-0.14028196,0.085686699,2.6084948,1.4824752,39.099854,9.4227448,-3.7120297,-7.1228423,3.6760967,0,2.0302486,4.9611225,1.7012628,7.3710861,14,1.8480068,0.21144332,12.0,7.6388888,7.4380164,9.2505112,5.7344513,5.4677176,4.4205503,5,7,1,1,-0.236,-0.065329999,4.7834554,1,1,1,0,0,7,2,0,0,3.5142875,-1.5142876,0.098738931,0.22665185,25.762857,57.757942,11.676732,18.504883,0,43.095066,32.919601,8.701313,0.0,0,0,0,27.00605,0.0,0.54299229,0.15840058,0.1198009,0.45700774,0.8415994,0.33720684,122.40373,35.707363,27.00605,103.02071,189.71709,76.014664,0.5,1,0,0,0,0,1,0,0,0,1,0,225.42445,0,0,0,225.42445,0,4,6,1,0,0,0,0.25,-3.8092999,100.59065,1.8990928,47.989407,18.439579,0.0,32.897186,0,0.0,37.736813,0,4.6057901,23.862217,49.682716,18.01075,3.9819686,32.897186,37.736813,20.338671,53.042408,97.32,0.61674827,4.4594316,2.9182212,6.8052278,225.42445,248.92958,13.566921,0,46.850132,46.850132,92.515511,37.740047,60.417053,174.248,249,11,46,EXT49
C:/Users/MICROSOFT/Documents/nauval_mrnavac/cycpeptmp_standalone/runs/run_20260102_172000_moe/sdf/peptide.sdf,O=C[C@@]([N+]C)CCCNC(=[N+])N,50,70.185471,29.524275,0,1,0,0,2,1,0,0,4,30,0,1,12,5,44.496582,1.4832195,0,0,7,0,0,18,0,4,5,1,0,0,3.1832407,-2.6428211,-0.25709745,0.45383966,2.6744454,-3.3969638,-0.21899655,0.34474427,2.5848007,-2.4494517,-0.11915371,0.39426759,2.8676727,19.975725,6,0.54545456,0,29,2,11,5,7,0.63636363,27,0,9.3973408,7.4163198,4.776021,4.9831276,5.7019072,4.068871,1.7415817,1.8164966,1,0,0.69998908,8,2,-0.86460483,-0.23877159,0.15412463,2.4478712,-2.2476473,-0.29869443,0.079673365,2.2938242,-0.63584369,-0.14028196,0.085686699,2.6084948,1.4824752,39.099854,9.4227448,-3.7120297,-7.1228423,3.6760967,0,2.0302486,4.9611225,1.7012628,7.3710861,14,1.8480068,0.21144332,12.0,7.6388888,7.4380164,9.2505112,5.7344513,5.4677176,4.4205503,5,7,1,1,-0.236,-0.065329999,4.7834554,1,1,1,0,0,7,2,0,0,3.5142875,-1.5142876,0.098738931,0.22665185,25.762857,57.757942,11.676732,18.504883,0,43.095066,32.919601,8.701313,0.0,0,0,0,27.00605,0.0,0.54299229,0.15840058,0.1198009,0.45700774,0.8415994,0.33720684,122.40373,35.707363,27.00605,103.02071,189.71709,76.014664,0.5,1,0,0,0,0,1,0,0,0,1,0,225.42445,0,0,0,225.42445,0,4,6,1,0,0,0,0.25,-3.8092999,100.59065,1.8990928,47.989407,18.439579,0.0,32.897186,0,0.0,37.736813,0,4.6057901,23.862217,49.682716,18.01075,3.9819686,32.897186,37.736813,20.338671,53.042408,97.32,0.61674827,4.4594316,2.9182212,6.8052278,225.42445,248.92958,13.566921,0,46.850132,46.850132,92.515511,37.740047,60.417053,174.248,249,11,46,EXT50
C:/Users/MICROSOFT/Documents/nauval_mrnavac/cycpeptmp_standalone/runs/run_20260102_172000_moe/sdf/peptide.sdf,O=C[C@@]([N+]C)CCCNC(=[N+])N,51,70.185471,29.524275,0,1,0,0,2,1,0,0,4,30,0,1,12,5,44.496582,1.4832195,0,0,7,0,0,18,0,4,5,1,0,0,3.1832407,-2.6428211,-0.25709745,0.45383966,2.6744454,-3.3969638,-0.21899655,0.34474427,2.5848007,-2.4494517,-0.11915371,0.39426759,2.8676727,19.975725,6,0.54545456,0,29,2,11,5,7,0.63636363,27,0,9.3973408,7.4163198,4.776021,4.9831276,5.7019072,4.068871,1.7415817,1.8164966,1,0,0.69998908,8,2,-0.86460483,-0.23877159,0.15412463,2.4478712,-2.2476473,-0.29869443,0.079673365,2.2938242,-0.63584369,-0.14028196,0.085686699,2.6084948,1.4824752,39.099854,9.4227448,-3.7120297,-7.1228423,3.6760967,0,2.0302486,4.9611225,1.7012628,7.3710861,14,1.8480068,0.21144332,12.0,7.6388888,7.4380164,9.2505112,5.7344513,5.4677176,4.4205503,5,7,1,1,-0.236,-0.065329999,4.7834554,1,1,1,0,0,7,2,0,0,3.5142875,-1.5142876,0.098738931,0.22665185,25.762857,57.757942,11.676732,18.504883,0,43.095066,32.919601,8.701313,0.0,0,0,0,27.00605,0.0,0.54299229,0.15840058,0.1198009,0.45700774,0.8415994,0.33720684,122.40373,35.707363,27.00605,103.02071,189.71709,76.014664,0.5,1,0,0,0,0,1,0,0,0,1,0,225.42445,0,0,0,225.42445,0,4,6,1,0,0,0,0.25,-3.8092999,100.59065,1.8990928,47.989407,18.439579,0.0,32.897186,0,0.0,37.736813,0,4.6057901,23.862217,49.682716,18.01075,3.9819686,32.897186,37.736813,20.338671,53.042408,97.32,0.61674827,4.4594316,2.9182212,6.8052278,225.42445,248.92958,13.566921,0,46.850132,46.850132,92.515511,37.740047,60.417053,174.248,249,11,46,EXT51
C:/Users/MICROSOFT/Documents/nauval_mrnavac/cycpeptmp_standalone/runs/run_20260102_172000_moe/sdf/peptide.sdf,O=C[C@@]([N+]C)CCCNC(=[N+])N,52,70.185471,29.524275,0,1,0,0,2,1,0,0,4,30,0,1,12,5,44.496582,1.4832195,0,0,7,0,0,18,0,4,5,1,0,0,3.1832407,-2.6428211,-0.25709745,0.45383966,2.6744454,-3.3969638,-0.21899655,0.34474427,2.5848007,-2.4494517,-0.11915371,0.39426759,2.8676727,19.975725,6,0.54545456,0,29,2,11,5,7,0.63636363,27,0,9.3973408,7.4163198,4.776021,4.9831276,5.7019072,4.068871,1.7415817,1.8164966,1,0,0.69998908,8,2,-0.86460483,-0.23877159,0.15412463,2.4478712,-2.2476473,-0.29869443,0.079673365,2.2938242,-0.63584369,-0.14028196,0.085686699,2.6084948,1.4824752,39.099854,9.4227448,-3.7120297,-7.1228423,3.6760967,0,2.0302486,4.9611225,1.7012628,7.3710861,14,1.8480068,0.21144332,12.0,7.6388888,7.4380164,9.2505112,5.7344513,5.4677176,4.4205503,5,7,1,1,-0.236,-0.065329999,4.7834554,1,1,1,0,0,7,2,0,0,3.5142875,-1.5142876,0.098738931,0.22665185,25.762857,57.757942,11.676732,18.504883,0,43.095066,32.919601,8.701313,0.0,0,0,0,27.00605,0.0,0.54299229,0.15840058,0.1198009,0.45700774,0.8415994,0.33720684,122.40373,35.707363,27.00605,103.02071,189.71709,76.014664,0.5,1,0,0,0,0,1,0,0,0,1,0,225.42445,0,0,0,225.42445,0,4,6,1,0,0,0,0.25,-3.8092999,100.59065,1.8990928,47.989407,18.439579,0.0,32.897186,0,0.0,37.736813,0,4.6057901,23.862217,49.682716,18.01075,3.9819686,32.897186,37.736813,20.338671,53.042408,97.32,0.61674827,4.4594316,2.9182212,6.8052278,225.42445,248.92958,13.566921,0,46.850132,46.850132,92.515511,37.740047,60.417053,174.248,249,11,46,EXT52
C:/Users/MICROSOFT/Documents/nauval_mrnavac/cycpeptmp_standalone/runs/run_20260102_172000_moe/sdf/peptide.sdf,O=C[C@@]([N+]C)CCCNC(=[N+])N,53,70.185478,29.524275,0,1,0,0,2,1,0,0,4,30,0,1,12,5,44.496582,1.4832195,0,0,7,0,0,18,0,4,5,1,0,0,3.1832407,-2.6428211,-0.25709745,0.45383966,2.6744454,-3.3969638,-0.21899655,0.34474427,2.5848007,-2.4494517,-0.11915371,0.39426759,2.8676727,19.975725,6,0.54545456,0,29,2,11,5,7,0.63636363,27,0,9.3973408,7.4163198,4.776021,4.9831276,5.7019072,4.068871,1.7415817,1.8164966,1,0,0.69998908,8,2,-0.86460483,-0.23877159,0.15412463,2.4478712,-2.2476473,-0.29869443,0.079673365,2.2938242,-0.63584369,-0.14028196,0.085686699,2.6084948,1.4824752,39.099854,9.4227448,-3.7120297,-7.1228423,3.6760967,0,2.0302486,4.9611225,1.7012628,7.3710861,14,1.8480068,0.21144326,12.0,7.6388888,7.4380164,9.2505112,5.7344513,5.4677176,4.4205503,5,7,1,1,-0.236,-0.065329999,4.7834554,1,1,1,0,0,7,2,0,0,3.5142875,-1.5142876,0.098738931,0.22665185,25.762857,57.757942,11.676732,18.504883,0,43.095066,32.919601,8.701313,0.0,0,0,0,27.00605,0.0,0.54299229,0.15840058,0.1198009,0.45700774,0.8415994,0.33720684,122.40373,35.707363,27.00605,103.02071,189.71709,76.014664,0.5,1,0,0,0,0,1,0,0,0,1,0,225.42445,0,0,0,225.42445,0,4,6,1,0,0,0,0.25,-3.8092999,100.59065,1.8990928,47.989407,18.439579,0.0,32.897186,0,0.0,37.736813,0,4.6057901,23.862217,49.682716,18.01075,3.9819686,32.897186,37.736813,20.338671,53.042408,97.32,0.61674827,4.4594316,2.9182212,6.8052278,225.42445,248.92958,13.566921,0,46.850132,46.850132,92.515511,37.740047,60.417053,174.248,249,11,46,EXT53
C:/Users/MICROSOFT/Documents/nauval_mrnavac/cycpeptmp_standalone/runs/run_20260102_172000_moe/sdf/peptide.sdf,O=C[C@@]([N+]C)CCCNC(=[N+])N,54,70.185471,29.524275,0,1,0,0,2,1,0,0,4,30,0,1,12,5,44.496582,1.4832195,0,0,7,0,0,18,0,4,5,1,0,0,3.1832407,-2.6428211,-0.25709745,0.45383966,2.6744454,-3.3969638,-0.21899655,0.34474427,2.5848007,-2.4494517,-0.11915371,0.39426759,2.8676727,19.975725,6,0.54545456,0,29,2,11,5,7,0.63636363,27,0,9.3973408,7.4163198,4.776021,4.9831276,5.7019072,4.068871,1.7415817,1.8164966,1,0,0.69998908,8,2,-0.86460483,-0.23877159,0.15412463,2.4478712,-2.2476473,-0.29869443,0.079673365,2.2938242,-0.63584369,-0.14028196,0.085686699,2.6084948,1.4824752,39.099854,9.4227448,-3.7120297,-7.1228423,3.6760967,0,2.0302486,4.9611225,1.7012628,7.3710861,14,1.8480068,0.21144332,12.0,7.6388888,7.4380164,9.2505112,5.7344513,5.4677176,4.4205503,5,7,1,1,-0.236,-0.065329999,4.7834554,1,1,1,0,0,7,2,0,0,3.5142875,-1.5142876,0.098738931,0.22665185,25.762857,57.757942,11.676732,18.504883,0,43.095066,32.919601,8.701313,0.0,0,0,0,27.00605,0.0,0.54299229,0.15840058,0.1198009,0.45700774,0.8415994,0.33720684,122.40373,35.707363,27.00605,103.02071,189.71709,76.014664,0.5,1,0,0,0,0,1,0,0,0,1,0,225.42445,0,0,0,225.42445,0,4,6,1,0,0,0,0.25,-3.8092999,100.59065,1.8990928,47.989407,18.439579,0.0,32.897186,0,0.0,37.736813,0,4.6057901,23.862217,49.682716,18.01075,3.9819686,32.897186,37.736813,20.338671,53.042408,97.32,0.61674827,4.4594316,2.9182212,6.8052278,225.42445,248.92958,13.566921,0,46.850132,46.850132,92.515511,37.740047,60.417053,174.248,249,11,46,EXT54
C:/Users/MICROSOFT/Documents/nauval_mrnavac/cycpeptmp_standalone/runs/run_20260102_172000_moe/sdf/peptide.sdf,O=C[C@@]([N+]C)CCCNC(=[N+])N,55,70.185471,29.524275,0,1,0,0,2,1,0,0,4,30,0,1,12,5,44.496582,1.4832195,0,0,7,0,0,18,0,4,5,1,0,0,3.1832407,-2.6428211,-0.25709745,0.45383966,2.6744454,-3.3969638,-0.21899655,0.34474427,2.5848007,-2.4494517,-0.11915371,0.39426759,2.8676727,19.975725,6,0.54545456,0,29,2,11,5,7,0.63636363,27,0,9.3973408,7.4163198,4.776021,4.9831276,5.7019072,4.068871,1.7415817,1.8164966,1,0,0.69998908,8,2,-0.86460483,-0.23877159,0.15412463,2.4478712,-2.2476473,-0.29869443,0.079673365,2.2938242,-0.63584369,-0.14028196,0.085686699,2.6084948,1.4824752,39.099854,9.4227448,-3.7120297,-7.1228423,3.6760967,0,2.0302486,4.9611225,1.7012628,7.3710861,14,1.8480068,0.21144332,12.0,7.6388888,7.4380164,9.2505112,5.7344513,5.4677176,4.4205503,5,7,1,1,-0.236,-0.065329999,4.7834554,1,1,1,0,0,7,2,0,0,3.5142875,-1.5142876,0.098738931,0.22665185,25.762857,57.757942,11.676732,18.504883,0,43.095066,32.919601,8.701313,0.0,0,0,0,27.00605,0.0,0.54299229,0.15840058,0.1198009,0.45700774,0.8415994,0.33720684,122.40373,35.707363,27.00605,103.02071,189.71709,76.014664,0.5,1,0,0,0,0,1,0,0,0,1,0,225.42445,0,0,0,225.42445,0,4,6,1,0,0,0,0.25,-3.8092999,100.59065,1.8990928,47.989407,18.439579,0.0,32.897186,0,0.0,37.736813,0,4.6057901,23.862217,49.682716,18.01075,3.9819686,32.897186,37.736813,20.338671,53.042408,97.32,0.61674827,4.4594316,2.9182212,6.8052278,225.42445,248.92958,13.566921,0,46.850132,46.850132,92.515511,37.740047,60.417053,174.248,249,11,46,EXT55
C:/Users/MICROSOFT/Documents/nauval_mrnavac/cycpeptmp_standalone/runs/run_20260102_172000_moe/sdf/peptide.sdf,O=C[C@@]([N+]C)CCCNC(=[N+])N,56,70.185471,29.524275,0,1,0,0,2,1,0,0,4,30,0,1,12,5,44.496582,1.4832195,0,0,7,0,0,18,0,4,5,1,0,0,3.1832407,-2.6428211,-0.25709745,0.45383966,2.6744454,-3.3969638,-0.21899655,0.34474427,2.5848007,-2.4494517,-0.11915371,0.39426759,2.8676727,19.975725,6,0.54545456,0,29,2,11,5,7,0.63636363,27,0,9.3973408,7.4163198,4.776021,4.9831276,5.7019072,4.068871,1.7415817,1.8164966,1,0,0.69998908,8,2,-0.86460483,-0.23877159,0.15412463,2.4478712,-2.2476473,-0.29869443,0.079673365,2.2938242,-0.63584369,-0.14028196,0.085686699,2.6084948,1.4824752,39.099854,9.4227448,-3.7120297,-7.1228423,3.6760967,0,2.0302486,4.9611225,1.7012628,7.3710861,14,1.8480068,0.21144332,12.0,7.6388888,7.4380164,9.2505112,5.7344513,5.4677176,4.4205503,5,7,1,1,-0.236,-0.065329999,4.7834554,1,1,1,0,0,7,2,0,0,3.5142875,-1.5142876,0.098738931,0.22665185,25.762857,57.757942,11.676732,18.504883,0,43.095066,32.919601,8.701313,0.0,0,0,0,27.00605,0.0,0.54299229,0.15840058,0.1198009,0.45700774,0.8415994,0.33720684,122.40373,35.707363,27.00605,103.02071,189.71709,76.014664,0.5,1,0,0,0,0,1,0,0,0,1,0,225.42445,0,0,0,225.42445,0,4,6,1,0,0,0,0.25,-3.8092999,100.59065,1.8990928,47.989407,18.439579,0.0,32.897186,0,0.0,37.736813,0,4.6057901,23.862217,49.682716,18.01075,3.9819686,32.897186,37.736813,20.338671,53.042408,97.32,0.61674827,4.4594316,2.9182212,6.8052278,225.42445,248.92958,13.566921,0,46.850132,46.850132,92.515511,37.740047,60.417053,174.248,249,11,46,EXT56
C:/Users/MICROSOFT/Documents/nauval_mrnavac/cycpeptmp_standalone/runs/run_20260102_172000_moe/sdf/peptide.sdf,O=C[C@@]([N+]C)CCCNC(=[N+])N,57,70.185471,29.524275,0,1,0,0,2,1,0,0,4,30,0,1,12,5,44.496582,1.4832195,0,0,7,0,0,18,0,4,5,1,0,0,3.1832407,-2.6428211,-0.25709745,0.45383966,2.6744454,-3.3969638,-0.21899655,0.34474427,2.5848007,-2.4494517,-0.11915371,0.39426759,2.8676727,19.975725,6,0.54545456,0,29,2,11,5,7,0.63636363,27,0,9.3973408,7.4163198,4.776021,4.9831276,5.7019072,4.068871,1.7415817,1.8164966,1,0,0.69998908,8,2,-0.86460483,-0.23877159,0.15412463,2.4478712,-2.2476473,-0.29869443,0.079673365,2.2938242,-0.63584369,-0.14028196,0.085686699,2.6084948,1.4824752,39.099854,9.4227448,-3.7120297,-7.1228423,3.6760967,0,2.0302486,4.9611225,1.7012628,7.3710861,14,1.8480068,0.21144332,12.0,7.6388888,7.4380164,9.2505112,5.7344513,5.4677176,4.4205503,5,7,1,1,-0.236,-0.065329999,4.7834554,1,1,1,0,0,7,2,0,0,3.5142875,-1.5142876,0.098738931,0.22665185,25.762857,57.757942,11.676732,18.504883,0,43.095066,32.919601,8.701313,0.0,0,0,0,27.00605,0.0,0.54299229,0.15840058,0.1198009,0.45700774,0.8415994,0.33720684,122.40373,35.707363,27.00605,103.02071,189.71709,76.014664,0.5,1,0,0,0,0,1,0,0,0,1,0,225.42445,0,0,0,225.42445,0,4,6,1,0,0,0,0.25,-3.8092999,100.59065,1.8990928,47.989407,18.439579,0.0,32.897186,0,0.0,37.736813,0,4.6057901,23.862217,49.682716,18.01075,3.9819686,32.897186,37.736813,20.338671,53.042408,97.32,0.61674827,4.4594316,2.9182212,6.8052278,225.42445,248.92958,13.566921,0,46.850132,46.850132,92.515511,37.740047,60.417053,174.248,249,11,46,EXT57
C:/Users/MICROSOFT/Documents/nauval_mrnavac/cycpeptmp_standalone/runs/run_20260102_172000_moe/sdf/peptide.sdf,O=C[C@@]([N+]C)CCCNC(=[N+])N,58,70.185471,29.524275,0,1,0,0,2,1,0,0,4,30,0,1,12,5,44.496582,1.4832195,0,0,7,0,0,18,0,4,5,1,0,0,3.1832407,-2.6428211,-0.25709745,0.45383966,2.6744454,-3.3969638,-0.21899655,0.34474427,2.5848007,-2.4494517,-0.11915371,0.39426759,2.8676727,19.975725,6,0.54545456,0,29,2,11,5,7,0.63636363,27,0,9.3973408,7.4163198,4.776021,4.9831276,5.7019072,4.068871,1.7415817,1.8164966,1,0,0.69998908,8,2,-0.86460483,-0.23877159,0.15412463,2.4478712,-2.2476473,-0.29869443,0.079673365,2.2938242,-0.63584369,-0.14028196,0.085686699,2.6084948,1.4824752,39.099854,9.4227448,-3.7120297,-7.1228423,3.6760967,0,2.0302486,4.9611225,1.7012628,7.3710861,14,1.8480068,0.21144332,12.0,7.6388888,7.4380164,9.2505112,5.7344513,5.4677176,4.4205503,5,7,1,1,-0.236,-0.065329999,4.7834554,1,1,1,0,0,7,2,0,0,3.5142875,-1.5142876,0.098738931,0.22665185,25.762857,57.757942,11.676732,18.504883,0,43.095066,32.919601,8.701313,0.0,0,0,0,27.00605,0.0,0.54299229,0.15840058,0.1198009,0.45700774,0.8415994,0.33720684,122.40373,35.707363,27.00605,103.02071,189.71709,76.014664,0.5,1,0,0,0,0,1,0,0,0,1,0,225.42445,0,0,0,225.42445,0,4,6,1,0,0,0,0.25,-3.8092999,100.59065,1.8990928,47.989407,18.439579,0.0,32.897186,0,0.0,37.736813,0,4.6057901,23.862217,49.682716,18.01075,3.9819686,32.897186,37.736813,20.338671,53.042408,97.32,0.61674827,4.4594316,2.9182212,6.8052278,225.42445,248.92958,13.566921,0,46.850132,46.850132,92.515511,37.740047,60.417053,174.248,249,11,46,EXT58
C:/Users/MICROSOFT/Documents/nauval_mrnavac/cycpeptmp_standalone/runs/run_20260102_172000_moe/sdf/peptide.sdf,O=C[C@@]([N+]C)CCCNC(=[N+])N,59,70.185471,29.524275,0,1,0,0,2,1,0,0,4,30,0,1,12,5,44.496582,1.4832195,0,0,7,0,0,18,0,4,5,1,0,0,3.1832407,-2.6428211,-0.25709745,0.45383966,2.6744454,-3.3969638,-0.21899655,0.34474427,2.5848007,-2.4494517,-0.11915371,0.39426759,2.8676727,19.975725,6,0.54545456,0,29,2,11,5,7,0.63636363,27,0,9.3973408,7.4163198,4.776021,4.9831276,5.7019072,4.068871,1.7415817,1.8164966,1,0,0.69998908,8,2,-0.86460483,-0.23877159,0.15412463,2.4478712,-2.2476473,-0.29869443,0.079673365,2.2938242,-0.63584369,-0.14028196,0.085686699,2.6084948,1.4824752,39.099854,9.4227448,-3.7120297,-7.1228423,3.6760967,0,2.0302486,4.9611225,1.7012628,7.3710861,14,1.8480068,0.21144332,12.0,7.6388888,7.4380164,9.2505112,5.7344513,5.4677176,4.4205503,5,7,1,1,-0.236,-0.065329999,4.7834554,1,1,1,0,0,7,2,0,0,3.5142875,-1.5142876,0.098738931,0.22665185,25.762857,57.757942,11.676732,18.504883,0,43.095066,32.919601,8.701313,0.0,0,0,0,27.00605,0.0,0.54299229,0.15840058,0.1198009,0.45700774,0.8415994,0.33720684,122.40373,35.707363,27.00605,103.02071,189.71709,76.014664,0.5,1,0,0,0,0,1,0,0,0,1,0,225.42445,0,0,0,225.42445,0,4,6,1,0,0,0,0.25,-3.8092999,100.59065,1.8990928,47.989407,18.439579,0.0,32.897186,0,0.0,37.736813,0,4.6057901,23.862217,49.682716,18.01075,3.9819686,32.897186,37.736813,20.338671,53.042408,97.32,0.61674827,4.4594316,2.9182212,6.8052278,225.42445,248.92958,13.566921,0,46.850132,46.850132,92.515511,37.740047,60.417053,174.248,249,11,46,EXT59
C:/Users/MICROSOFT/Documents/nauval_mrnavac/cycpeptmp_standalone/runs/run_20260102_172000_moe/sdf/peptide.sdf,O=C[C@@]([N+]C)CCCNC(=[N+])N,60,70.185471,29.524275,0,1,0,0,2,1,0,0,4,30,0,1,12,5,44.496582,1.4832195,0,0,7,0,0,18,0,4,5,1,0,0,3.1832407,-2.6428211,-0.25709745,0.45383966,2.6744454,-3.3969638,-0.21899655,0.34474427,2.5848007,-2.4494517,-0.11915371,0.39426759,2.8676727,19.975725,6,0.54545456,0,29,2,11,5,7,0.63636363,27,0,9.3973408,7.4163198,4.776021,4.9831276,5.7019072,4.068871,1.7415817,1.8164966,1,0,0.69998908,8,2,-0.86460483,-0.23877159,0.15412463,2.4478712,-2.2476473,-0.29869443,0.079673365,2.2938242,-0.63584369,-0.14028196,0.085686699,2.6084948,1.4824752,39.099854,9.4227448,-3.7120297,-7.1228423,3.6760967,0,2.0302486,4.9611225,1.7012628,7.3710861,14,1.8480068,0.21144332,12.0,7.6388888,7.4380164,9.2505112,5.7344513,5.4677176,4.4205503,5,7,1,1,-0.236,-0.065329999,4.7834554,1,1,1,0,0,7,2,0,0,3.5142875,-1.5142876,0.098738931,0.22665185,25.762857,57.757942,11.676732,18.504883,0,43.095066,32.919601,8.701313,0.0,0,0,0,27.00605,0.0,0.54299229,0.15840058,0.1198009,0.45700774,0.8415994,0.33720684,122.40373,35.707363,27.00605,103.02071,189.71709,76.014664,0.5,1,0,0,0,0,1,0,0,0,1,0,225.42445,0,0,0,225.42445,0,4,6,1,0,0,0,0.25,-3.8092999,100.59065,1.8990928,47.989407,18.439579,0.0,32.897186,0,0.0,37.736813,0,4.6057901,23.862217,49.682716,18.01075,3.9819686,32.897186,37.736813,20.338671,53.042408,97.32,0.61674827,4.4594316,2.9182212,6.8052278,225.42445,248.92958,13.566921,0,46.850132,46.850132,92.515511,37.740047,60.417053,174.248,249,11,46,EXT60
C:/Users/MICROSOFT/Documents/nauval_mrnavac/cycpeptmp_standalone/runs/run_20260102_172000_moe/sdf/peptide.sdf,O=C[C@@]([N+]C)Cc1c2c([nH]c1)cccc2,61,72.948227,34.123894,2,1,0,0,1,1,0,9,1,30,1,2,15,11,43.583809,1.4527936,0,0,12,0,0,15,0,2,3,1,0,0,1.8832458,-2.5753837,-0.51070541,0.63159698,2.6140077,-3.3993351,-0.48028001,0.67918652,2.4460392,-2.3932612,-0.41845077,0.73808181,2.803618,18.016106,4,0.25,10,31,1,16,3,4,0.25,20,0,10.673362,8.7341576,7.2485585,8.2591486,7.3468666,5.1462216,3.4611604,4.6161566,1,0,0.69306386,8,1,-0.86534745,-0.33929288,0.16223003,2.4948657,-2.2476585,-0.2618283,0.13669883,2.5070097,-0.63572836,-0.19903611,0.16753262,2.7427032,1.4807214,23.353228,8.324172,1.2495927,-2.0702543,-0.15256533,0,5.3082604,6.0752621,0.72948229,7.430819,14,1.7927901,0.1880424,11.484375,5.3650794,2.5714285,8.2204742,3.7390726,1.7530622,2.04913,3,3,1,0,2.017,-1.48491,6.14047,1,1,10,1,2,4,0,0,0,2.2252789,-1.2252787,0.1559376,0.29410812,42.886093,57.361778,11.676732,27.123898,0,0.0,17.238026,14.463444,36.764713,0,0,0,13.566921,0.13689101,0.86012995,0.29351962,0.061946955,0.13987003,0.70648038,0.077923082,190.27666,64.931969,13.703812,30.941837,156.28653,17.238026,0.5,1,0,0,0,0,1,0,0,0,1,0,221.21849,0,0,0,221.21849,0,4,4,1,2,0,0,0.46666667,0.47106999,18.01075,0.0,64.774933,0.0,3.185575,51.765594,0,92.504196,0.0,0,5.9704099,23.862217,18.01075,16.78553,7.1675434,4.7171016,106.6555,0.0,53.042408,49.470001,0.59002918,5.0,2.8061838,7.5068669,221.21849,293.28467,13.566921,0,5.6825762,11.365152,151.05762,22.058474,24.932074,203.265,371,20,74,EXT61
C:/Users/MICROSOFT/Documents/nauval_mrnavac/cycpeptmp_standalone/runs/run_20260102_172000_moe/sdf/peptide.sdf,O=C[C@@]([N+]C)Cc1c2c([nH]c1)cccc2,62,72.948227,34.123894,2,1,0,0,1,1,0,9,1,30,1,2,15,11,43.583809,1.4527936,0,0,12,0,0,15,0,2,3,1,0,0,1.8832458,-2.5753837,-0.51070541,0.63159698,2.6140077,-3.3993351,-0.48028001,0.67918652,2.4460392,-2.3932612,-0.41845077,0.73808181,2.803618,18.016106,4,0.25,10,31,1,16,3,4,0.25,20,0,10.673362,8.7341576,7.2485585,8.2591486,7.3468666,5.1462216,3.4611604,4.6161566,1,0,0.69306386,8,1,-0.86534745,-0.33929288,0.16223003,2.4948657,-2.2476585,-0.2618283,0.13669883,2.5070097,-0.63572836,-0.19903611,0.16753262,2.7427032,1.4807214,23.353228,8.324172,1.2495927,-2.0702543,-0.15256533,0,5.3082604,6.0752621,0.72948229,7.430819,14,1.7927901,0.1880424,11.484375,5.3650794,2.5714285,8.2204742,3.7390726,1.7530622,2.04913,3,3,1,0,2.017,-1.48491,6.14047,1,1,10,1,2,4,0,0,0,2.2252789,-1.2252787,0.1559376,0.29410812,42.886093,57.361778,11.676732,27.123898,0,0.0,17.238026,14.463444,36.764713,0,0,0,13.566921,0.13689101,0.86012995,0.29351962,0.061946955,0.13987003,0.70648038,0.077923082,190.27666,64.931969,13.703812,30.941837,156.28653,17.238026,0.5,1,0,0,0,0,1,0,0,0,1,0,221.21849,0,0,0,221.21849,0,4,4,1,2,0,0,0.46666667,0.47106999,18.01075,0.0,64.774933,0.0,3.185575,51.765594,0,92.504196,0.0,0,5.9704099,23.862217,18.01075,16.78553,7.1675434,4.7171016,106.6555,0.0,53.042408,49.470001,0.59002918,5.0,2.8061838,7.5068669,221.21849,293.28467,13.566921,0,5.6825762,11.365152,151.05762,22.058474,24.932074,203.265,371,20,74,EXT62
C:/Users/MICROSOFT/Documents/nauval_mrnavac/cycpeptmp_standalone/runs/run_20260102_172000_moe/sdf/peptide.sdf,O=C[C@@]([N+]C)Cc1c2c([nH]c1)cccc2,63,72.948227,34.123894,2,1,0,0,1,1,0,9,1,30,1,2,15,11,43.583809,1.4527936,0,0,12,0,0,15,0,2,3,1,0,0,1.8832458,-2.5753837,-0.51070541,0.63159698,2.6140077,-3.3993351,-0.48028001,0.67918652,2.4460392,-2.3932612,-0.41845077,0.73808181,2.803618,18.016106,4,0.25,10,31,1,16,3,4,0.25,20,0,10.673362,8.7341576,7.2485585,8.2591486,7.3468666,5.1462216,3.4611604,4.6161566,1,0,0.69306386,8,1,-0.86534745,-0.33929288,0.16223003,2.4948657,-2.2476585,-0.2618283,0.13669883,2.5070097,-0.63572836,-0.19903611,0.16753262,2.7427032,1.4807214,23.353228,8.324172,1.2495927,-2.0702543,-0.15256533,0,5.3082604,6.0752621,0.72948229,7.430819,14,1.7927901,0.1880424,11.484375,5.3650794,2.5714285,8.2204742,3.7390726,1.7530622,2.04913,3,3,1,0,2.017,-1.48491,6.14047,1,1,10,1,2,4,0,0,0,2.2252789,-1.2252787,0.1559376,0.29410812,42.886093,57.361778,11.676732,27.123898,0,0.0,17.238026,14.463444,36.764713,0,0,0,13.566921,0.13689101,0.86012995,0.29351962,0.061946955,0.13987003,0.70648038,0.077923082,190.27666,64.931969,13.703812,30.941837,156.28653,17.238026,0.5,1,0,0,0,0,1,0,0,0,1,0,221.21849,0,0,0,221.21849,0,4,4,1,2,0,0,0.46666667,0.47106999,18.01075,0.0,64.774933,0.0,3.185575,51.765594,0,92.504196,0.0,0,5.9704099,23.862217,18.01075,16.78553,7.1675434,4.7171016,106.6555,0.0,53.042408,49.470001,0.59002918,5.0,2.8061838,7.5068669,221.21849,293.28467,13.566921,0,5.6825762,11.365152,151.05762,22.058474,24.932074,203.265,371,20,74,EXT63
C:/Users/MICROSOFT/Documents/nauval_mrnavac/cycpeptmp_standalone/runs/run_20260102_172000_moe/sdf/peptide.sdf,O=C[C@@]([N+]C)Cc1c2c([nH]c1)cccc2,64,72.948227,34.123894,2,1,0,0,1,1,0,9,1,30,1,2,15,11,43.583809,1.4527936,0,0,12,0,0,15,0,2,3,1,0,0,1.8832458,-2.5753837,-0.51070541,0.63159698,2.6140077,-3.3993351,-0.48028001,0.67918652,2.4460392,-2.3932612,-0.41845077,0.73808181,2.803618,18.016106,4,0.25,10,31,1,16,3,4,0.25,20,0,10.673362,8.7341576,7.2485585,8.2591486,7.3468666,5.1462216,3.4611604,4.6161566,1,0,0.69306386,8,1,-0.86534745,-0.33929288,0.16223003,2.4948657,-2.2476585,-0.2618283,0.13669883,2.5070097,-0.63572836,-0.19903611,0.16753262,2.7427032,1.4807214,23.353228,8.324172,1.2495927,-2.0702543,-0.15256533,0,5.3082604,6.0752621,0.72948229,7.430819,14,1.7927901,0.1880424,11.484375,5.3650794,2.5714285,8.2204742,3.7390726,1.7530622,2.04913,3,3,1,0,2.017,-1.48491,6.14047,1,1,10,1,2,4,0,0,0,2.2252789,-1.2252787,0.1559376,0.29410812,42.886093,57.361778,11.676732,27.123898,0,0.0,17.238026,14.463444,36.764713,0,0,0,13.566921,0.13689101,0.86012995,0.29351962,0.061946955,0.13987003,0.70648038,0.077923082,190.27666,64.931969,13.703812,30.941837,156.28653,17.238026,0.5,1,0,0,0,0,1,0,0,0,1,0,221.21849,0,0,0,221.21849,0,4,4,1,2,0,0,0.46666667,0.47106999,18.01075,0.0,64.774933,0.0,3.185575,51.765594,0,92.504196,0.0,0,5.9704099,23.862217,18.01075,16.78553,7.1675434,4.7171016,106.6555,0.0,53.042408,49.470001,0.59002918,5.0,2.8061838,7.5068669,221.21849,293.28467,13.566921,0,5.6825762,11.365152,151.05762,22.058474,24.932074,203.265,371,20,74,EXT64
C:/Users/MICROSOFT/Documents/nauval_mrnavac/cycpeptmp_standalone/runs/run_20260102_172000_moe/sdf/peptide.sdf,O=C[C@@]([N+]C)Cc1c2c([nH]c1)cccc2,65,72.948227,34.123894,2,1,0,0,1,1,0,9,1,30,1,2,15,11,43.583809,1.4527936,0,0,12,0,0,15,0,2,3,1,0,0,1.8832458,-2.5753837,-0.51070541,0.63159698,2.6140077,-3.3993351,-0.48028001,0.67918652,2.4460392,-2.3932612,-0.41845077,0.73808181,2.803618,18.016106,4,0.25,10,31,1,16,3,4,0.25,20,0,10.673362,8.7341576,7.2485585,8.2591486,7.3468666,5.1462216,3.4611604,4.6161566,1,0,0.69306386,8,1,-0.86534745,-0.33929288,0.16223003,2.4948657,-2.2476585,-0.2618283,0.13669883,2.5070097,-0.63572836,-0.19903611,0.16753262,2.7427032,1.4807214,23.353228,8.324172,1.2495927,-2.0702543,-0.15256533,0,5.3082604,6.0752621,0.72948229,7.430819,14,1.7927901,0.1880424,11.484375,5.3650794,2.5714285,8.2204742,3.7390726,1.7530622,2.04913,3,3,1,0,2.017,-1.48491,6.14047,1,1,10,1,2,4,0,0,0,2.2252789,-1.2252787,0.1559376,0.29410812,42.886093,57.361778,11.676732,27.123898,0,0.0,17.238026,14.463444,36.764713,0,0,0,13.566921,0.13689101,0.86012995,0.29351962,0.061946955,0.13987003,0.70648038,0.077923082,190.27666,64.931969,13.703812,30.941837,156.28653,17.238026,0.5,1,0,0,0,0,1,0,0,0,1,0,221.21849,0,0,0,221.21849,0,4,4,1,2,0,0,0.46666667,0.47106999,18.01075,0.0,64.774933,0.0,3.185575,51.765594,0,92.504196,0.0,0,5.9704099,23.862217,18.01075,16.78553,7.1675434,4.7171016,106.6555,0.0,53.042408,49.470001,0.59002918,5.0,2.8061838,7.5068669,221.21849,293.28467,13.566921,0,5.6825762,11.365152,151.05762,22.058474,24.932074,203.265,371,20,74,EXT65
C:/Users/MICROSOFT/Documents/nauval_mrnavac/cycpeptmp_standalone/runs/run_20260102_172000_moe/sdf/peptide.sdf,O=C[C@@]([N+]C)Cc1c2c([nH]c1)cccc2,66,72.948227,34.123894,2,1,0,0,1,1,0,9,1,30,1,2,15,11,43.583809,1.4527936,0,0,12,0,0,15,0,2,3,1,0,0,1.8832458,-2.5753837,-0.51070541,0.63159698,2.6140077,-3.3993351,-0.48028001,0.67918652,2.4460392,-2.3932612,-0.41845077,0.73808181,2.803618,18.016106,4,0.25,10,31,1,16,3,4,0.25,20,0,10.673362,8.7341576,7.2485585,8.2591486,7.3468666,5.1462216,3.4611604,4.6161566,1,0,0.69306386,8,1,-0.86534745,-0.33929288,0.16223003,2.4948657,-2.2476585,-0.2618283,0.13669883,2.5070097,-0.63572836,-0.19903611,0.16753262,2.7427032,1.4807214,23.353228,8.324172,1.2495927,-2.0702543,-0.15256533,0,5.3082604,6.0752621,0.72948229,7.430819,14,1.7927901,0.1880424,11.484375,5.3650794,2.5714285,8.2204742,3.7390726,1.7530622,2.04913,3,3,1,0,2.017,-1.48491,6.14047,1,1,10,1,2,4,0,0,0,2.2252789,-1.2252787,0.1559376,0.29410812,42.886093,57.361778,11.676732,27.123898,0,0.0,17.238026,14.463444,36.764713,0,0,0,13.566921,0.13689101,0.86012995,0.29351962,0.061946955,0.13987003,0.70648038,0.077923082,190.27666,64.931969,13.703812,30.941837,156.28653,17.238026,0.5,1,0,0,0,0,1,0,0,0,1,0,221.21849,0,0,0,221.21849,0,4,4,1,2,0,0,0.46666667,0.47106999,18.01075,0.0,64.774933,0.0,3.185575,51.765594,0,92.504196,0.0,0,5.9704099,23.862217,18.01075,16.78553,7.1675434,4.7171016,106.6555,0.0,53.042408,49.470001,0.59002918,5.0,2.8061838,7.5068669,221.21849,293.28467,13.566921,0,5.6825762,11.365152,151.05762,22.058474,24.932074,203.265,371,20,74,EXT66
C:/Users/MICROSOFT/Documents/nauval_mrnavac/cycpeptmp_standalone/runs/run_20260102_172000_moe/sdf/peptide.sdf,O=C[C@@]([N+]C)Cc1c2c([nH]c1)cccc2,67,72.948227,34.123894,2,1,0,0,1,1,0,9,1,30,1,2,15,11,43.583809,1.4527936,0,0,12,0,0,15,0,2,3,1,0,0,1.8832458,-2.5753837,-0.51070541,0.63159698,2.6140077,-3.3993351,-0.48028001,0.67918652,2.4460392,-2.3932612,-0.41845077,0.73808181,2.803618,18.016106,4,0.25,10,31,1,16,3,4,0.25,20,0,10.673362,8.7341576,7.2485585,8.2591486,7.3468666,5.1462216,3.4611604,4.6161566,1,0,0.69306386,8,1,-0.86534745,-0.33929288,0.16223003,2.4948657,-2.2476585,-0.2618283,0.13669883,2.5070097,-0.63572836,-0.19903611,0.16753262,2.7427032,1.4807214,23.353228,8.324172,1.2495927,-2.0702543,-0.15256533,0,5.3082604,6.0752621,0.72948229,7.430819,14,1.7927901,0.1880424,11.484375,5.3650794,2.5714285,8.2204742,3.7390726,1.7530622,2.04913,3,3,1,0,2.017,-1.48491,6.14047,1,1,10,1,2,4,0,0,0,2.2252789,-1.2252787,0.1559376,0.29410812,42.886093,57.361778,11.676732,27.123898,0,0.0,17.238026,14.463444,36.764713,0,0,0,13.566921,0.13689101,0.86012995,0.29351962,0.061946955,0.13987003,0.70648038,0.077923082,190.27666,64.931969,13.703812,30.941837,156.28653,17.238026,0.5,1,0,0,0,0,1,0,0,0,1,0,221.21849,0,0,0,221.21849,0,4,4,1,2,0,0,0.46666667,0.47106999,18.01075,0.0,64.774933,0.0,3.185575,51.765594,0,92.504196,0.0,0,5.9704099,23.862217,18.01075,16.78553,7.1675434,4.7171016,106.6555,0.0,53.042408,49.470001,0.59002918,5.0,2.8061838,7.5068669,221.21849,293.28467,13.566921,0,5.6825762,11.365152,151.05762,22.058474,24.932074,203.265,371,20,74,EXT67
C:/Users/MICROSOFT/Documents/nauval_mrnavac/cycpeptmp_standalone/runs/run_20260102_172000_moe/sdf/peptide.sdf,O=C[C@@]([N+]C)Cc1c2c([nH]c1)cccc2,68,72.948227,34.123894,2,1,0,0,1,1,0,9,1,30,1,2,15,11,43.583809,1.4527936,0,0,12,0,0,15,0,2,3,1,0,0,1.8832458,-2.5753837,-0.51070541,0.63159698,2.6140077,-3.3993351,-0.48028001,0.67918652,2.4460392,-2.3932612,-0.41845077,0.73808181,2.803618,18.016106,4,0.25,10,31,1,16,3,4,0.25,20,0,10.673362,8.7341576,7.2485585,8.2591486,7.3468666,5.1462216,3.4611604,4.6161566,1,0,0.69306386,8,1,-0.86534745,-0.33929288,0.16223003,2.4948657,-2.2476585,-0.2618283,0.13669883,2.5070097,-0.63572836,-0.19903611,0.16753262,2.7427032,1.4807214,23.353228,8.324172,1.2495927,-2.0702543,-0.15256533,0,5.3082604,6.0752621,0.72948229,7.430819,14,1.7927901,0.1880424,11.484375,5.3650794,2.5714285,8.2204742,3.7390726,1.7530622,2.04913,3,3,1,0,2.017,-1.48491,6.14047,1,1,10,1,2,4,0,0,0,2.2252789,-1.2252787,0.1559376,0.29410812,42.886093,57.361778,11.676732,27.123898,0,0.0,17.238026,14.463444,36.764713,0,0,0,13.566921,0.13689101,0.86012995,0.29351962,0.061946955,0.13987003,0.70648038,0.077923082,190.27666,64.931969,13.703812,30.941837,156.28653,17.238026,0.5,1,0,0,0,0,1,0,0,0,1,0,221.21849,0,0,0,221.21849,0,4,4,1,2,0,0,0.46666667,0.47106999,18.01075,0.0,64.774933,0.0,3.185575,51.765594,0,92.504196,0.0,0,5.9704099,23.862217,18.01075,16.78553,7.1675434,4.7171016,106.6555,0.0,53.042408,49.470001,0.59002918,5.0,2.8061838,7.5068669,221.21849,293.28467,13.566921,0,5.6825762,11.365152,151.05762,22.058474,24.932074,203.265,371,20,74,EXT68
C:/Users/MICROSOFT/Documents/nauval_mrnavac/cycpeptmp_standalone/runs/run_20260102_172000_moe/sdf/peptide.sdf,O=C[C@@]([N+]C)Cc1c2c([nH]c1)cccc2,69,72.948227,34.123894,2,1,0,0,1,1,0,9,1,30,1,2,15,11,43.583809,1.4527936,0,0,12,0,0,15,0,2,3,1,0,0,1.8832458,-2.5753837,-0.51070541,0.63159698,2.6140077,-3.3993351,-0.48028001,0.67918652,2.4460392,-2.3932612,-0.41845077,0.73808181,2.803618,18.016106,4,0.25,10,31,1,16,3,4,0.25,20,0,10.673362,8.7341576,7.2485585,8.2591486,7.3468666,5.1462216,3.4611604,4.6161566,1,0,0.69306386,8,1,-0.86534745,-0.33929288,0.16223003,2.4948657,-2.2476585,-0.2618283,0.13669883,2.5070097,-0.63572836,-0.19903611,0.16753262,2.7427032,1.4807214,23.353228,8.324172,1.2495927,-2.0702543,-0.15256533,0,5.3082604,6.0752621,0.72948229,7.430819,14,1.7927901,0.1880424,11.484375,5.3650794,2.5714285,8.2204742,3.7390726,1.7530622,2.04913,3,3,1,0,2.017,-1.48491,6.14047,1,1,10,1,2,4,0,0,0,2.2252789,-1.2252787,0.1559376,0.29410812,42.886093,57.361778,11.676732,27.123898,0,0.0,17.238026,14.463444,36.764713,0,0,0,13.566921,0.13689101,0.86012995,0.29351962,0.061946955,0.13987003,0.70648038,0.077923082,190.27666,64.931969,13.703812,30.941837,156.28653,17.238026,0.5,1,0,0,0,0,1,0,0,0,1,0,221.21849,0,0,0,221.21849,0,4,4,1,2,0,0,0.46666667,0.47106999,18.01075,0.0,64.774933,0.0,3.185575,51.765594,0,92.504196,0.0,0,5.9704099,23.862217,18.01075,16.78553,7.1675434,4.7171016,106.6555,0.0,53.042408,49.470001,0.59002918,5.0,2.8061838,7.5068669,221.21849,293.28467,13.566921,0,5.6825762,11.365152,151.05762,22.058474,24.932074,203.265,371,20,74,EXT69
C:/Users/MICROSOFT/Documents/nauval_mrnavac/cycpeptmp_standalone/runs/run_20260102_172000_moe/sdf/peptide.sdf,O=C[C@@]([N+]C)Cc1c2c([nH]c1)cccc2,70,72.948227,34.123894,2,1,0,0,1,1,0,9,1,30,1,2,15,11,43.583809,1.4527936,0,0,12,0,0,15,0,2,3,1,0,0,1.8832458,-2.5753837,-0.51070541,0.63159698,2.6140077,-3.3993351,-0.48028001,0.67918652,2.4460392,-2.3932612,-0.41845077,0.73808181,2.803618,18.016106,4,0.25,10,31,1,16,3,4,0.25,20,0,10.673362,8.7341576,7.2485585,8.2591486,7.3468666,5.1462216,3.4611604,4.6161566,1,0,0.69306386,8,1,-0.86534745,-0.33929288,0.16223003,2.4948657,-2.2476585,-0.2618283,0.13669883,2.5070097,-0.63572836,-0.19903611,0.16753262,2.7427032,1.4807214,23.353228,8.324172,1.2495927,-2.0702543,-0.15256533,0,5.3082604,6.0752621,0.72948229,7.430819,14,1.7927901,0.1880424,11.484375,5.3650794,2.5714285,8.2204742,3.7390726,1.7530622,2.04913,3,3,1,0,2.017,-1.48491,6.14047,1,1,10,1,2,4,0,0,0,2.2252789,-1.2252787,0.1559376,0.29410812,42.886093,57.361778,11.676732,27.123898,0,0.0,17.238026,14.463444,36.764713,0,0,0,13.566921,0.13689101,0.86012995,0.29351962,0.061946955,0.13987003,0.70648038,0.077923082,190.27666,64.931969,13.703812,30.941837,156.28653,17.238026,0.5,1,0,0,0,0,1,0,0,0,1,0,221.21849,0,0,0,221.21849,0,4,4,1,2,0,0,0.46666667,0.47106999,18.01075,0.0,64.774933,0.0,3.185575,51.765594,0,92.504196,0.0,0,5.9704099,23.862217,18.01075,16.78553,7.1675434,4.7171016,106.6555,0.0,53.042408,49.470001,0.59002918,5.0,2.8061838,7.5068669,221.21849,293.28467,13.566921,0,5.6825762,11.365152,151.05762,22.058474,24.932074,203.265,371,20,74,EXT70
C:/Users/MICROSOFT/Documents/nauval_mrnavac/cycpeptmp_standalone/runs/run_20260102_172000_moe/sdf/peptide.sdf,O=C[C@@]([N+]C)Cc1c2c([nH]c1)cccc2,71,72.948227,34.123894,2,1,0,0,1,1,0,9,1,30,1,2,15,11,43.583809,1.4527936,0,0,12,0,0,15,0,2,3,1,0,0,1.8832458,-2.5753837,-0.51070541,0.63159698,2.6140077,-3.3993351,-0.48028001,0.67918652,2.4460392,-2.3932612,-0.41845077,0.73808181,2.803618,18.016106,4,0.25,10,31,1,16,3,4,0.25,20,0,10.673362,8.7341576,7.2485585,8.2591486,7.3468666,5.1462216,3.4611604,4.6161566,1,0,0.69306386,8,1,-0.86534745,-0.33929288,0.16223003,2.4948657,-2.2476585,-0.2618283,0.13669883,2.5070097,-0.63572836,-0.19903611,0.16753262,2.7427032,1.4807214,23.353228,8.324172,1.2495927,-2.0702543,-0.15256533,0,5.3082604,6.0752621,0.72948229,7.430819,14,1.7927901,0.1880424,11.484375,5.3650794,2.5714285,8.2204742,3.7390726,1.7530622,2.04913,3,3,1,0,2.017,-1.48491,6.14047,1,1,10,1,2,4,0,0,0,2.2252789,-1.2252787,0.1559376,0.29410812,42.886093,57.361778,11.676732,27.123898,0,0.0,17.238026,14.463444,36.764713,0,0,0,13.566921,0.13689101,0.86012995,0.29351962,0.061946955,0.13987003,0.70648038,0.077923082,190.27666,64.931969,13.703812,30.941837,156.28653,17.238026,0.5,1,0,0,0,0,1,0,0,0,1,0,221.21849,0,0,0,221.21849,0,4,4,1,2,0,0,0.46666667,0.47106999,18.01075,0.0,64.774933,0.0,3.185575,51.765594,0,92.504196,0.0,0,5.9704099,23.862217,18.01075,16.78553,7.1675434,4.7171016,106.6555,0.0,53.042408,49.470001,0.59002918,5.0,2.8061838,7.5068669,221.21849,293.28467,13.566921,0,5.6825762,11.365152,151.05762,22.058474,24.932074,203.265,371,20,74,EXT71
C:/Users/MICROSOFT/Documents/nauval_mrnavac/cycpeptmp_standalone/runs/run_20260102_172000_moe/sdf/peptide.sdf,O=C[C@@]([N+]C)Cc1c2c([nH]c1)cccc2,72,72.948227,34.123894,2,1,0,0,1,1,0,9,1,30,1,2,15,11,43.583809,1.4527936,0,0,12,0,0,15,0,2,3,1,0,0,1.8832458,-2.5753837,-0.51070541,0.63159698,2.6140077,-3.3993351,-0.48028001,0.67918652,2.4460392,-2.3932612,-0.41845077,0.73808181,2.803618,18.016106,4,0.25,10,31,1,16,3,4,0.25,20,0,10.673362,8.7341576,7.2485585,8.2591486,7.3468666,5.1462216,3.4611604,4.6161566,1,0,0.69306386,8,1,-0.86534745,-0.33929288,0.16223003,2.4948657,-2.2476585,-0.2618283,0.13669883,2.5070097,-0.63572836,-0.19903611,0.16753262,2.7427032,1.4807214,23.353228,8.324172,1.2495927,-2.0702543,-0.15256533,0,5.3082604,6.0752621,0.72948229,7.430819,14,1.7927901,0.1880424,11.484375,5.3650794,2.5714285,8.2204742,3.7390726,1.7530622,2.04913,3,3,1,0,2.017,-1.48491,6.14047,1,1,10,1,2,4,0,0,0,2.2252789,-1.2252787,0.1559376,0.29410812,42.886093,57.361778,11.676732,27.123898,0,0.0,17.238026,14.463444,36.764713,0,0,0,13.566921,0.13689101,0.86012995,0.29351962,0.061946955,0.13987003,0.70648038,0.077923082,190.27666,64.931969,13.703812,30.941837,156.28653,17.238026,0.5,1,0,0,0,0,1,0,0,0,1,0,221.21849,0,0,0,221.21849,0,4,4,1,2,0,0,0.46666667,0.47106999,18.01075,0.0,64.774933,0.0,3.185575,51.765594,0,92.504196,0.0,0,5.9704099,23.862217,18.01075,16.78553,7.1675434,4.7171016,106.6555,0.0,53.042408,49.470001,0.59002918,5.0,2.8061838,7.5068669,221.21849,293.28467,13.566921,0,5.6825762,11.365152,151.05762,22.058474,24.932074,203.265,371,20,74,EXT72
C:/Users/MICROSOFT/Documents/nauval_mrnavac/cycpeptmp_standalone/runs/run_20260102_172000_moe/sdf/peptide.sdf,O=C[C@@]([N+]C)Cc1c2c([nH]c1)cccc2,73,72.948227,34.123894,2,1,0,0,1,1,0,9,1,30,1,2,15,11,43.583809,1.4527936,0,0,12,0,0,15,0,2,3,1,0,0,1.8832458,-2.5753837,-0.51070541,0.63159698,2.6140077,-3.3993351,-0.48028001,0.67918652,2.4460392,-2.3932612,-0.41845077,0.73808181,2.803618,18.016106,4,0.25,10,31,1,16,3,4,0.25,20,0,10.673362,8.7341576,7.2485585,8.2591486,7.3468666,5.1462216,3.4611604,4.6161566,1,0,0.69306386,8,1,-0.86534745,-0.33929288,0.16223003,2.4948657,-2.2476585,-0.2618283,0.13669883,2.5070097,-0.63572836,-0.19903611,0.16753262,2.7427032,1.4807214,23.353228,8.324172,1.2495927,-2.0702543,-0.15256533,0,5.3082604,6.0752621,0.72948229,7.430819,14,1.7927901,0.1880424,11.484375,5.3650794,2.5714285,8.2204742,3.7390726,1.7530622,2.04913,3,3,1,0,2.017,-1.48491,6.14047,1,1,10,1,2,4,0,0,0,2.2252789,-1.2252787,0.1559376,0.29410812,42.886093,57.361778,11.676732,27.123898,0,0.0,17.238026,14.463444,36.764713,0,0,0,13.566921,0.13689101,0.86012995,0.29351962,0.061946955,0.13987003,0.70648038,0.077923082,190.27666,64.931969,13.703812,30.941837,156.28653,17.238026,0.5,1,0,0,0,0,1,0,0,0,1,0,221.21849,0,0,0,221.21849,0,4,4,1,2,0,0,0.46666667,0.47106999,18.01075,0.0,64.774933,0.0,3.185575,51.765594,0,92.504196,0.0,0,5.9704099,23.862217,18.01075,16.78553,7.1675434,4.7171016,106.6555,0.0,53.042408,49.470001,0.59002918,5.0,2.8061838,7.5068669,221.21849,293.28467,13.566921,0,5.6825762,11.365152,151.05762,22.058474,24.932074,203.265,371,20,74,EXT73
C:/Users/MICROSOFT/Documents/nauval_mrnavac/cycpeptmp_standalone/runs/run_20260102_172000_moe/sdf/peptide.sdf,O=C[C@@]([N+]C)Cc1c2c([nH]c1)cccc2,74,72.948227,34.123894,2,1,0,0,1,1,0,9,1,30,1,2,15,11,43.583809,1.4527936,0,0,12,0,0,15,0,2,3,1,0,0,1.8832458,-2.5753837,-0.51070541,0.63159698,2.6140077,-3.3993351,-0.48028001,0.67918652,2.4460392,-2.3932612,-0.41845077,0.73808181,2.803618,18.016106,4,0.25,10,31,1,16,3,4,0.25,20,0,10.673362,8.7341576,7.2485585,8.2591486,7.3468666,5.1462216,3.4611604,4.6161566,1,0,0.69306386,8,1,-0.86534745,-0.33929288,0.16223003,2.4948657,-2.2476585,-0.2618283,0.13669883,2.5070097,-0.63572836,-0.19903611,0.16753262,2.7427032,1.4807214,23.353228,8.324172,1.2495927,-2.0702543,-0.15256533,0,5.3082604,6.0752621,0.72948229,7.430819,14,1.7927901,0.1880424,11.484375,5.3650794,2.5714285,8.2204742,3.7390726,1.7530622,2.04913,3,3,1,0,2.017,-1.48491,6.14047,1,1,10,1,2,4,0,0,0,2.2252789,-1.2252787,0.1559376,0.29410812,42.886093,57.361778,11.676732,27.123898,0,0.0,17.238026,14.463444,36.764713,0,0,0,13.566921,0.13689101,0.86012995,0.29351962,0.061946955,0.13987003,0.70648038,0.077923082,190.27666,64.931969,13.703812,30.941837,156.28653,17.238026,0.5,1,0,0,0,0,1,0,0,0,1,0,221.21849,0,0,0,221.21849,0,4,4,1,2,0,0,0.46666667,0.47106999,18.01075,0.0,64.774933,0.0,3.185575,51.765594,0,92.504196,0.0,0,5.9704099,23.862217,18.01075,16.78553,7.1675434,4.7171016,106.6555,0.0,53.042408,49.470001,0.59002918,5.0,2.8061838,7.5068669,221.21849,293.28467,13.566921,0,5.6825762,11.365152,151.05762,22.058474,24.932074,203.265,371,20,74,EXT74
C:/Users/MICROSOFT/Documents/nauval_mrnavac/cycpeptmp_standalone/runs/run_20260102_172000_moe/sdf/peptide.sdf,O=C[C@@]([N+]C)Cc1c2c([nH]c1)cccc2,75,72.948227,34.123894,2,1,0,0,1,1,0,9,1,30,1,2,15,11,43.583809,1.4527936,0,0,12,0,0,15,0,2,3,1,0,0,1.8832458,-2.5753837,-0.51070541,0.63159698,2.6140077,-3.3993351,-0.48028001,0.67918652,2.4460392,-2.3932612,-0.41845077,0.73808181,2.803618,18.016106,4,0.25,10,31,1,16,3,4,0.25,20,0,10.673362,8.7341576,7.2485585,8.2591486,7.3468666,5.1462216,3.4611604,4.6161566,1,0,0.69306386,8,1,-0.86534745,-0.33929288,0.16223003,2.4948657,-2.2476585,-0.2618283,0.13669883,2.5070097,-0.63572836,-0.19903611,0.16753262,2.7427032,1.4807214,23.353228,8.324172,1.2495927,-2.0702543,-0.15256533,0,5.3082604,6.0752621,0.72948229,7.430819,14,1.7927901,0.1880424,11.484375,5.3650794,2.5714285,8.2204742,3.7390726,1.7530622,2.04913,3,3,1,0,2.017,-1.48491,6.14047,1,1,10,1,2,4,0,0,0,2.2252789,-1.2252787,0.1559376,0.29410812,42.886093,57.361778,11.676732,27.123898,0,0.0,17.238026,14.463444,36.764713,0,0,0,13.566921,0.13689101,0.86012995,0.29351962,0.061946955,0.13987003,0.70648038,0.077923082,190.27666,64.931969,13.703812,30.941837,156.28653,17.238026,0.5,1,0,0,0,0,1,0,0,0,1,0,221.21849,0,0,0,221.21849,0,4,4,1,2,0,0,0.46666667,0.47106999,18.01075,0.0,64.774933,0.0,3.185575,51.765594,0,92.504196,0.0,0,5.9704099,23.862217,18.01075,16.78553,7.1675434,4.7171016,106.6555,0.0,53.042408,49.470001,0.59002918,5.0,2.8061838,7.5068669,221.21849,293.28467,13.566921,0,5.6825762,11.365152,151.05762,22.058474,24.932074,203.265,371,20,74,EXT75
C:/Users/MICROSOFT/Documents/nauval_mrnavac/cycpeptmp_standalone/runs/run_20260102_172000_moe/sdf/peptide.sdf,O=C[C@@]([N+]C)Cc1c2c([nH]c1)cccc2,76,72.948227,34.123894,2,1,0,0,1,1,0,9,1,30,1,2,15,11,43.583809,1.4527936,0,0,12,0,0,15,0,2,3,1,0,0,1.8832458,-2.5753837,-0.51070541,0.63159698,2.6140077,-3.3993351,-0.48028001,0.67918652,2.4460392,-2.3932612,-0.41845077,0.73808181,2.803618,18.016106,4,0.25,10,31,1,16,3,4,0.25,20,0,10.673362,8.7341576,7.2485585,8.2591486,7.3468666,5.1462216,3.4611604,4.6161566,1,0,0.69306386,8,1,-0.86534745,-0.33929288,0.16223003,2.4948657,-2.2476585,-0.2618283,0.13669883,2.5070097,-0.63572836,-0.19903611,0.16753262,2.7427032,1.4807214,23.353228,8.324172,1.2495927,-2.0702543,-0.15256533,0,5.3082604,6.0752621,0.72948229,7.430819,14,1.7927901,0.1880424,11.484375,5.3650794,2.5714285,8.2204742,3.7390726,1.7530622,2.04913,3,3,1,0,2.017,-1.48491,6.14047,1,1,10,1,2,4,0,0,0,2.2252789,-1.2252787,0.1559376,0.29410812,42.886093,57.361778,11.676732,27.123898,0,0.0,17.238026,14.463444,36.764713,0,0,0,13.566921,0.13689101,0.86012995,0.29351962,0.061946955,0.13987003,0.70648038,0.077923082,190.27666,64.931969,13.703812,30.941837,156.28653,17.238026,0.5,1,0,0,0,0,1,0,0,0,1,0,221.21849,0,0,0,221.21849,0,4,4,1,2,0,0,0.46666667,0.47106999,18.01075,0.0,64.774933,0.0,3.185575,51.765594,0,92.504196,0.0,0,5.9704099,23.862217,18.01075,16.78553,7.1675434,4.7171016,106.6555,0.0,53.042408,49.470001,0.59002918,5.0,2.8061838,7.5068669,221.21849,293.28467,13.566921,0,5.6825762,11.365152,151.05762,22.058474,24.932074,203.265,371,20,74,EXT76
C:/Users/MICROSOFT/Documents/nauval_mrnavac/cycpeptmp_standalone/runs/run_20260102_172000_moe/sdf/peptide.sdf,O=C[C@@]([N+]C)Cc1c2c([nH]c1)cccc2,77,72.948227,34.123894,2,1,0,0,1,1,0,9,1,30,1,2,15,11,43.583809,1.4527936,0,0,12,0,0,15,0,2,3,1,0,0,1.8832458,-2.5753837,-0.51070541,0.63159698,2.6140077,-3.3993351,-0.48028001,0.67918652,2.4460392,-2.3932612,-0.41845077,0.73808181,2.803618,18.016106,4,0.25,10,31,1,16,3,4,0.25,20,0,10.673362,8.7341576,7.2485585,8.2591486,7.3468666,5.1462216,3.4611604,4.6161566,1,0,0.69306386,8,1,-0.86534745,-0.33929288,0.16223003,2.4948657,-2.2476585,-0.2618283,0.13669883,2.5070097,-0.63572836,-0.19903611,0.16753262,2.7427032,1.4807214,23.353228,8.324172,1.2495927,-2.0702543,-0.15256533,0,5.3082604,6.0752621,0.72948229,7.430819,14,1.7927901,0.1880424,11.484375,5.3650794,2.5714285,8.2204742,3.7390726,1.7530622,2.04913,3,3,1,0,2.017,-1.48491,6.14047,1,1,10,1,2,4,0,0,0,2.2252789,-1.2252787,0.1559376,0.29410812,42.886093,57.361778,11.676732,27.123898,0,0.0,17.238026,14.463444,36.764713,0,0,0,13.566921,0.13689101,0.86012995,0.29351962,0.061946955,0.13987003,0.70648038,0.077923082,190.27666,64.931969,13.703812,30.941837,156.28653,17.238026,0.5,1,0,0,0,0,1,0,0,0,1,0,221.21849,0,0,0,221.21849,0,4,4,1,2,0,0,0.46666667,0.47106999,18.01075,0.0,64.774933,0.0,3.185575,51.765594,0,92.504196,0.0,0,5.9704099,23.862217,18.01075,16.78553,7.1675434,4.7171016,106.6555,0.0,53.042408,49.470001,0.59002918,5.0,2.8061838,7.5068669,221.21849,293.28467,13.566921,0,5.6825762,11.365152,151.05762,22.058474,24.932074,203.265,371,20,74,EXT77
C:/Users/MICROSOFT/Documents/nauval_mrnavac/cycpeptmp_standalone/runs/run_20260102_172000_moe/sdf/peptide.sdf,O=C[C@@]([N+]C)Cc1c2c([nH]c1)cccc2,78,72.948227,34.123894,2,1,0,0,1,1,0,9,1,30,1,2,15,11,43.583809,1.4527936,0,0,12,0,0,15,0,2,3,1,0,0,1.8832458,-2.5753837,-0.51070541,0.63159698,2.6140077,-3.3993351,-0.48028001,0.67918652,2.4460392,-2.3932612,-0.41845077,0.73808181,2.803618,18.016106,4,0.25,10,31,1,16,3,4,0.25,20,0,10.673362,8.7341576,7.2485585,8.2591486,7.3468666,5.1462216,3.4611604,4.6161566,1,0,0.69306386,8,1,-0.86534745,-0.33929288,0.16223003,2.4948657,-2.2476585,-0.2618283,0.13669883,2.5070097,-0.63572836,-0.19903611,0.16753262,2.7427032,1.4807214,23.353228,8.324172,1.2495927,-2.0702543,-0.15256533,0,5.3082604,6.0752621,0.72948229,7.430819,14,1.7927901,0.1880424,11.484375,5.3650794,2.5714285,8.2204742,3.7390726,1.7530622,2.04913,3,3,1,0,2.017,-1.48491,6.14047,1,1,10,1,2,4,0,0,0,2.2252789,-1.2252787,0.1559376,0.29410812,42.886093,57.361778,11.676732,27.123898,0,0.0,17.238026,14.463444,36.764713,0,0,0,13.566921,0.13689101,0.86012995,0.29351962,0.061946955,0.13987003,0.70648038,0.077923082,190.27666,64.931969,13.703812,30.941837,156.28653,17.238026,0.5,1,0,0,0,0,1,0,0,0,1,0,221.21849,0,0,0,221.21849,0,4,4,1,2,0,0,0.46666667,0.47106999,18.01075,0.0,64.774933,0.0,3.185575,51.765594,0,92.504196,0.0,0,5.9704099,23.862217,18.01075,16.78553,7.1675434,4.7171016,106.6555,0.0,53.042408,49.470001,0.59002918,5.0,2.8061838,7.5068669,221.21849,293.28467,13.566921,0,5.6825762,11.365152,151.05762,22.058474,24.932074,203.265,371,20,74,EXT78
C:/Users/MICROSOFT/Documents/nauval_mrnavac/cycpeptmp_standalone/runs/run_20260102_172000_moe/sdf/peptide.sdf,O=C[C@@]([N+]C)Cc1c2c([nH]c1)cccc2,79,72.948227,34.123894,2,1,0,0,1,1,0,9,1,30,1,2,15,11,43.583809,1.4527936,0,0,12,0,0,15,0,2,3,1,0,0,1.8832458,-2.5753837,-0.51070541,0.63159698,2.6140077,-3.3993351,-0.48028001,0.67918652,2.4460392,-2.3932612,-0.41845077,0.73808181,2.803618,18.016106,4,0.25,10,31,1,16,3,4,0.25,20,0,10.673362,8.7341576,7.2485585,8.2591486,7.3468666,5.1462216,3.4611604,4.6161566,1,0,0.69306386,8,1,-0.86534745,-0.33929288,0.16223003,2.4948657,-2.2476585,-0.2618283,0.13669883,2.5070097,-0.63572836,-0.19903611,0.16753262,2.7427032,1.4807214,23.353228,8.324172,1.2495927,-2.0702543,-0.15256533,0,5.3082604,6.0752621,0.72948229,7.430819,14,1.7927901,0.1880424,11.484375,5.3650794,2.5714285,8.2204742,3.7390726,1.7530622,2.04913,3,3,1,0,2.017,-1.48491,6.14047,1,1,10,1,2,4,0,0,0,2.2252789,-1.2252787,0.1559376,0.29410812,42.886093,57.361778,11.676732,27.123898,0,0.0,17.238026,14.463444,36.764713,0,0,0,13.566921,0.13689101,0.86012995,0.29351962,0.061946955,0.13987003,0.70648038,0.077923082,190.27666,64.931969,13.703812,30.941837,156.28653,17.238026,0.5,1,0,0,0,0,1,0,0,0,1,0,221.21849,0,0,0,221.21849,0,4,4,1,2,0,0,0.46666667,0.47106999,18.01075,0.0,64.774933,0.0,3.185575,51.765594,0,92.504196,0.0,0,5.9704099,23.862217,18.01075,16.78553,7.1675434,4.7171016,106.6555,0.0,53.042408,49.470001,0.59002918,5.0,2.8061838,7.5068669,221.21849,293.28467,13.566921,0,5.6825762,11.365152,151.05762,22.058474,24.932074,203.265,371,20,74,EXT79
C:/Users/MICROSOFT/Documents/nauval_mrnavac/cycpeptmp_standalone/runs/run_20260102_172000_moe/sdf/peptide.sdf,O=C[C@@]([N+]C)Cc1c2c([nH]c1)cccc2,80,72.948227,34.123894,2,1,0,0,1,1,0,9,1,30,1,2,15,11,43.583809,1.4527936,0,0,12,0,0,15,0,2,3,1,0,0,1.8832458,-2.5753837,-0.51070541,0.63159698,2.6140077,-3.3993351,-0.48028001,0.67918652,2.4460392,-2.3932612,-0.41845077,0.73808181,2.803618,18.016106,4,0.25,10,31,1,16,3,4,0.25,20,0,10.673362,8.7341576,7.2485585,8.2591486,7.3468666,5.1462216,3.4611604,4.6161566,1,0,0.69306386,8,1,-0.86534745,-0.33929288,0.16223003,2.4948657,-2.2476585,-0.2618283,0.13669883,2.5070097,-0.63572836,-0.19903611,0.16753262,2.7427032,1.4807214,23.353228,8.324172,1.2495927,-2.0702543,-0.15256533,0,5.3082604,6.0752621,0.72948229,7.430819,14,1.7927901,0.1880424,11.484375,5.3650794,2.5714285,8.2204742,3.7390726,1.7530622,2.04913,3,3,1,0,2.017,-1.48491,6.14047,1,1,10,1,2,4,0,0,0,2.2252789,-1.2252787,0.1559376,0.29410812,42.886093,57.361778,11.676732,27.123898,0,0.0,17.238026,14.463444,36.764713,0,0,0,13.566921,0.13689101,0.86012995,0.29351962,0.061946955,0.13987003,0.70648038,0.077923082,190.27666,64.931969,13.703812,30.941837,156.28653,17.238026,0.5,1,0,0,0,0,1,0,0,0,1,0,221.21849,0,0,0,221.21849,0,4,4,1,2,0,0,0.46666667,0.47106999,18.01075,0.0,64.774933,0.0,3.185575,51.765594,0,92.504196,0.0,0,5.9704099,23.862217,18.01075,16.78553,7.1675434,4.7171016,106.6555,0.0,53.042408,49.470001,0.59002918,5.0,2.8061838,7.5068669,221.21849,293.28467,13.566921,0,5.6825762,11.365152,151.05762,22.058474,24.932074,203.265,371,20,74,EXT80
C:/Users/MICROSOFT/Documents/nauval_mrnavac/cycpeptmp_standalone/runs/run_20260102_172000_moe/sdf/peptide.sdf,O=C[C@@]([N+]C)Cc1c2c([nH]c1)cccc2,81,72.948227,34.123894,2,1,0,0,1,1,0,9,1,30,1,2,15,11,43.583809,1.4527936,0,0,12,0,0,15,0,2,3,1,0,0,1.8832458,-2.5753837,-0.51070541,0.63159698,2.6140077,-3.3993351,-0.48028001,0.67918652,2.4460392,-2.3932612,-0.41845077,0.73808181,2.803618,18.016106,4,0.25,10,31,1,16,3,4,0.25,20,0,10.673362,8.7341576,7.2485585,8.2591486,7.3468666,5.1462216,3.4611604,4.6161566,1,0,0.69306386,8,1,-0.86534745,-0.33929288,0.16223003,2.4948657,-2.2476585,-0.2618283,0.13669883,2.5070097,-0.63572836,-0.19903611,0.16753262,2.7427032,1.4807214,23.353228,8.324172,1.2495927,-2.0702543,-0.15256533,0,5.3082604,6.0752621,0.72948229,7.430819,14,1.7927901,0.1880424,11.484375,5.3650794,2.5714285,8.2204742,3.7390726,1.7530622,2.04913,3,3,1,0,2.017,-1.48491,6.14047,1,1,10,1,2,4,0,0,0,2.2252789,-1.2252787,0.1559376,0.29410812,42.886093,57.361778,11.676732,27.123898,0,0.0,17.238026,14.463444,36.764713,0,0,0,13.566921,0.13689101,0.86012995,0.29351962,0.061946955,0.13987003,0.70648038,0.077923082,190.27666,64.931969,13.703812,30.941837,156.28653,17.238026,0.5,1,0,0,0,0,1,0,0,0,1,0,221.21849,0,0,0,221.21849,0,4,4,1,2,0,0,0.46666667,0.47106999,18.01075,0.0,64.774933,0.0,3.185575,51.765594,0,92.504196,0.0,0,5.9704099,23.862217,18.01075,16.78553,7.1675434,4.7171016,106.6555,0.0,53.042408,49.470001,0.59002918,5.0,2.8061838,7.5068669,221.21849,293.28467,13.566921,0,5.6825762,11.365152,151.05762,22.058474,24.932074,203.265,371,20,74,EXT81
C:/Users/MICROSOFT/Documents/nauval_mrnavac/cycpeptmp_standalone/runs/run_20260102_172000_moe/sdf/peptide.sdf,O=C[C@@]([N+]C)Cc1c2c([nH]c1)cccc2,82,72.948227,34.123894,2,1,0,0,1,1,0,9,1,30,1,2,15,11,43.583809,1.4527936,0,0,12,0,0,15,0,2,3,1,0,0,1.8832458,-2.5753837,-0.51070541,0.63159698,2.6140077,-3.3993351,-0.48028001,0.67918652,2.4460392,-2.3932612,-0.41845077,0.73808181,2.803618,18.016106,4,0.25,10,31,1,16,3,4,0.25,20,0,10.673362,8.7341576,7.2485585,8.2591486,7.3468666,5.1462216,3.4611604,4.6161566,1,0,0.69306386,8,1,-0.86534745,-0.33929288,0.16223003,2.4948657,-2.2476585,-0.2618283,0.13669883,2.5070097,-0.63572836,-0.19903611,0.16753262,2.7427032,1.4807214,23.353228,8.324172,1.2495927,-2.0702543,-0.15256533,0,5.3082604,6.0752621,0.72948229,7.430819,14,1.7927901,0.1880424,11.484375,5.3650794,2.5714285,8.2204742,3.7390726,1.7530622,2.04913,3,3,1,0,2.017,-1.48491,6.14047,1,1,10,1,2,4,0,0,0,2.2252789,-1.2252787,0.1559376,0.29410812,42.886093,57.361778,11.676732,27.123898,0,0.0,17.238026,14.463444,36.764713,0,0,0,13.566921,0.13689101,0.86012995,0.29351962,0.061946955,0.13987003,0.70648038,0.077923082,190.27666,64.931969,13.703812,30.941837,156.28653,17.238026,0.5,1,0,0,0,0,1,0,0,0,1,0,221.21849,0,0,0,221.21849,0,4,4,1,2,0,0,0.46666667,0.47106999,18.01075,0.0,64.774933,0.0,3.185575,51.765594,0,92.504196,0.0,0,5.9704099,23.862217,18.01075,16.78553,7.1675434,4.7171016,106.6555,0.0,53.042408,49.470001,0.59002918,5.0,2.8061838,7.5068669,221.21849,293.28467,13.566921,0,5.6825762,11.365152,151.05762,22.058474,24.932074,203.265,371,20,74,EXT82
C:/Users/MICROSOFT/Documents/nauval_mrnavac/cycpeptmp_standalone/runs/run_20260102_172000_moe/sdf/peptide.sdf,O=C[C@@]([N+]C)Cc1c2c([nH]c1)cccc2,83,72.948227,34.123894,2,1,0,0,1,1,0,9,1,30,1,2,15,11,43.583809,1.4527936,0,0,12,0,0,15,0,2,3,1,0,0,1.8832458,-2.5753837,-0.51070541,0.63159698,2.6140077,-3.3993351,-0.48028001,0.67918652,2.4460392,-2.3932612,-0.41845077,0.73808181,2.803618,18.016106,4,0.25,10,31,1,16,3,4,0.25,20,0,10.673362,8.7341576,7.2485585,8.2591486,7.3468666,5.1462216,3.4611604,4.6161566,1,0,0.69306386,8,1,-0.86534745,-0.33929288,0.16223003,2.4948657,-2.2476585,-0.2618283,0.13669883,2.5070097,-0.63572836,-0.19903611,0.16753262,2.7427032,1.4807214,23.353228,8.324172,1.2495927,-2.0702543,-0.15256533,0,5.3082604,6.0752621,0.72948229,7.430819,14,1.7927901,0.1880424,11.484375,5.3650794,2.5714285,8.2204742,3.7390726,1.7530622,2.04913,3,3,1,0,2.017,-1.48491,6.14047,1,1,10,1,2,4,0,0,0,2.2252789,-1.2252787,0.1559376,0.29410812,42.886093,57.361778,11.676732,27.123898,0,0.0,17.238026,14.463444,36.764713,0,0,0,13.566921,0.13689101,0.86012995,0.29351962,0.061946955,0.13987003,0.70648038,0.077923082,190.27666,64.931969,13.703812,30.941837,156.28653,17.238026,0.5,1,0,0,0,0,1,0,0,0,1,0,221.21849,0,0,0,221.21849,0,4,4,1,2,0,0,0.46666667,0.47106999,18.01075,0.0,64.774933,0.0,3.185575,51.765594,0,92.504196,0.0,0,5.9704099,23.862217,18.01075,16.78553,7.1675434,4.7171016,106.6555,0.0,53.042408,49.470001,0.59002918,5.0,2.8061838,7.5068669,221.21849,293.28467,13.566921,0,5.6825762,11.365152,151.05762,22.058474,24.932074,203.265,371,20,74,EXT83
C:/Users/MICROSOFT/Documents/nauval_mrnavac/cycpeptmp_standalone/runs/run_20260102_172000_moe/sdf/peptide.sdf,O=C[C@@]([N+]C)Cc1c2c([nH]c1)cccc2,84,72.948227,34.123894,2,1,0,0,1,1,0,9,1,30,1,2,15,11,43.583809,1.4527936,0,0,12,0,0,15,0,2,3,1,0,0,1.8832458,-2.5753837,-0.51070541,0.63159698,2.6140077,-3.3993351,-0.48028001,0.67918652,2.4460392,-2.3932612,-0.41845077,0.73808181,2.803618,18.016106,4,0.25,10,31,1,16,3,4,0.25,20,0,10.673362,8.7341576,7.2485585,8.2591486,7.3468666,5.1462216,3.4611604,4.6161566,1,0,0.69306386,8,1,-0.86534745,-0.33929288,0.16223003,2.4948657,-2.2476585,-0.2618283,0.13669883,2.5070097,-0.63572836,-0.19903611,0.16753262,2.7427032,1.4807214,23.353228,8.324172,1.2495927,-2.0702543,-0.15256533,0,5.3082604,6.0752621,0.72948229,7.430819,14,1.7927901,0.1880424,11.484375,5.3650794,2.5714285,8.2204742,3.7390726,1.7530622,2.04913,3,3,1,0,2.017,-1.48491,6.14047,1,1,10,1,2,4,0,0,0,2.2252789,-1.2252787,0.1559376,0.29410812,42.886093,57.361778,11.676732,27.123898,0,0.0,17.238026,14.463444,36.764713,0,0,0,13.566921,0.13689101,0.86012995,0.29351962,0.061946955,0.13987003,0.70648038,0.077923082,190.27666,64.931969,13.703812,30.941837,156.28653,17.238026,0.5,1,0,0,0,0,1,0,0,0,1,0,221.21849,0,0,0,221.21849,0,4,4,1,2,0,0,0.46666667,0.47106999,18.01075,0.0,64.774933,0.0,3.185575,51.765594,0,92.504196,0.0,0,5.9704099,23.862217,18.01075,16.78553,7.1675434,4.7171016,106.6555,0.0,53.042408,49.470001,0.59002918,5.0,2.8061838,7.5068669,221.21849,293.28467,13.566921,0,5.6825762,11.365152,151.05762,22.058474,24.932074,203.265,371,20,74,EXT84
C:/Users/MICROSOFT/Documents/nauval_mrnavac/cycpeptmp_standalone/runs/run_20260102_172000_moe/sdf/peptide.sdf,O=C[C@@]([N+]C)Cc1c2c([nH]c1)cccc2,85,72.948227,34.123894,2,1,0,0,1,1,0,9,1,30,1,2,15,11,43.583809,1.4527936,0,0,12,0,0,15,0,2,3,1,0,0,1.8832458,-2.5753837,-0.51070541,0.63159698,2.6140077,-3.3993351,-0.48028001,0.67918652,2.4460392,-2.3932612,-0.41845077,0.73808181,2.803618,18.016106,4,0.25,10,31,1,16,3,4,0.25,20,0,10.673362,8.7341576,7.2485585,8.2591486,7.3468666,5.1462216,3.4611604,4.6161566,1,0,0.69306386,8,1,-0.86534745,-0.33929288,0.16223003,2.4948657,-2.2476585,-0.2618283,0.13669883,2.5070097,-0.63572836,-0.19903611,0.16753262,2.7427032,1.4807214,23.353228,8.324172,1.2495927,-2.0702543,-0.15256533,0,5.3082604,6.0752621,0.72948229,7.430819,14,1.7927901,0.1880424,11.484375,5.3650794,2.5714285,8.2204742,3.7390726,1.7530622,2.04913,3,3,1,0,2.017,-1.48491,6.14047,1,1,10,1,2,4,0,0,0,2.2252789,-1.2252787,0.1559376,0.29410812,42.886093,57.361778,11.676732,27.123898,0,0.0,17.238026,14.463444,36.764713,0,0,0,13.566921,0.13689101,0.86012995,0.29351962,0.061946955,0.13987003,0.70648038,0.077923082,190.27666,64.931969,13.703812,30.941837,156.28653,17.238026,0.5,1,0,0,0,0,1,0,0,0,1,0,221.21849,0,0,0,221.21849,0,4,4,1,2,0,0,0.46666667,0.47106999,18.01075,0.0,64.774933,0.0,3.185575,51.765594,0,92.504196,0.0,0,5.9704099,23.862217,18.01075,16.78553,7.1675434,4.7171016,106.6555,0.0,53.042408,49.470001,0.59002918,5.0,2.8061838,7.5068669,221.21849,293.28467,13.566921,0,5.6825762,11.365152,151.05762,22.058474,24.932074,203.265,371,20,74,EXT85
C:/Users/MICROSOFT/Documents/nauval_mrnavac/cycpeptmp_standalone/runs/run_20260102_172000_moe/sdf/peptide.sdf,O=C[C@@]([N+]C)Cc1c2c([nH]c1)cccc2,86,72.948227,34.123894,2,1,0,0,1,1,0,9,1,30,1,2,15,11,43.583809,1.4527936,0,0,12,0,0,15,0,2,3,1,0,0,1.8832458,-2.5753837,-0.51070541,0.63159698,2.6140077,-3.3993351,-0.48028001,0.67918652,2.4460392,-2.3932612,-0.41845077,0.73808181,2.803618,18.016106,4,0.25,10,31,1,16,3,4,0.25,20,0,10.673362,8.7341576,7.2485585,8.2591486,7.3468666,5.1462216,3.4611604,4.6161566,1,0,0.69306386,8,1,-0.86534745,-0.33929288,0.16223003,2.4948657,-2.2476585,-0.2618283,0.13669883,2.5070097,-0.63572836,-0.19903611,0.16753262,2.7427032,1.4807214,23.353228,8.324172,1.2495927,-2.0702543,-0.15256533,0,5.3082604,6.0752621,0.72948229,7.430819,14,1.7927901,0.1880424,11.484375,5.3650794,2.5714285,8.2204742,3.7390726,1.7530622,2.04913,3,3,1,0,2.017,-1.48491,6.14047,1,1,10,1,2,4,0,0,0,2.2252789,-1.2252787,0.1559376,0.29410812,42.886093,57.361778,11.676732,27.123898,0,0.0,17.238026,14.463444,36.764713,0,0,0,13.566921,0.13689101,0.86012995,0.29351962,0.061946955,0.13987003,0.70648038,0.077923082,190.27666,64.931969,13.703812,30.941837,156.28653,17.238026,0.5,1,0,0,0,0,1,0,0,0,1,0,221.21849,0,0,0,221.21849,0,4,4,1,2,0,0,0.46666667,0.47106999,18.01075,0.0,64.774933,0.0,3.185575,51.765594,0,92.504196,0.0,0,5.9704099,23.862217,18.01075,16.78553,7.1675434,4.7171016,106.6555,0.0,53.042408,49.470001,0.59002918,5.0,2.8061838,7.5068669,221.21849,293.28467,13.566921,0,5.6825762,11.365152,151.05762,22.058474,24.932074,203.265,371,20,74,EXT86
C:/Users/MICROSOFT/Documents/nauval_mrnavac/cycpeptmp_standalone/runs/run_20260102_172000_moe/sdf/peptide.sdf,O=C[C@@]([N+]C)Cc1c2c([nH]c1)cccc2,87,72.948227,34.123894,2,1,0,0,1,1,0,9,1,30,1,2,15,11,43.583809,1.4527936,0,0,12,0,0,15,0,2,3,1,0,0,1.8832458,-2.5753837,-0.51070541,0.63159698,2.6140077,-3.3993351,-0.48028001,0.67918652,2.4460392,-2.3932612,-0.41845077,0.73808181,2.803618,18.016106,4,0.25,10,31,1,16,3,4,0.25,20,0,10.673362,8.7341576,7.2485585,8.2591486,7.3468666,5.1462216,3.4611604,4.6161566,1,0,0.69306386,8,1,-0.86534745,-0.33929288,0.16223003,2.4948657,-2.2476585,-0.2618283,0.13669883,2.5070097,-0.63572836,-0.19903611,0.16753262,2.7427032,1.4807214,23.353228,8.324172,1.2495927,-2.0702543,-0.15256533,0,5.3082604,6.0752621,0.72948229,7.430819,14,1.7927901,0.1880424,11.484375,5.3650794,2.5714285,8.2204742,3.7390726,1.7530622,2.04913,3,3,1,0,2.017,-1.48491,6.14047,1,1,10,1,2,4,0,0,0,2.2252789,-1.2252787,0.1559376,0.29410812,42.886093,57.361778,11.676732,27.123898,0,0.0,17.238026,14.463444,36.764713,0,0,0,13.566921,0.13689101,0.86012995,0.29351962,0.061946955,0.13987003,0.70648038,0.077923082,190.27666,64.931969,13.703812,30.941837,156.28653,17.238026,0.5,1,0,0,0,0,1,0,0,0,1,0,221.21849,0,0,0,221.21849,0,4,4,1,2,0,0,0.46666667,0.47106999,18.01075,0.0,64.774933,0.0,3.185575,51.765594,0,92.504196,0.0,0,5.9704099,23.862217,18.01075,16.78553,7.1675434,4.7171016,106.6555,0.0,53.042408,49.470001,0.59002918,5.0,2.8061838,7.5068669,221.21849,293.28467,13.566921,0,5.6825762,11.365152,151.05762,22.058474,24.932074,203.265,371,20,74,EXT87
C:/Users/MICROSOFT/Documents/nauval_mrnavac/cycpeptmp_standalone/runs/run_20260102_172000_moe/sdf/peptide.sdf,O=C[C@@]([N+]C)Cc1c2c([nH]c1)cccc2,88,72.948227,34.123894,2,1,0,0,1,1,0,9,1,30,1,2,15,11,43.583809,1.4527936,0,0,12,0,0,15,0,2,3,1,0,0,1.8832458,-2.5753837,-0.51070541,0.63159698,2.6140077,-3.3993351,-0.48028001,0.67918652,2.4460392,-2.3932612,-0.41845077,0.73808181,2.803618,18.016106,4,0.25,10,31,1,16,3,4,0.25,20,0,10.673362,8.7341576,7.2485585,8.2591486,7.3468666,5.1462216,3.4611604,4.6161566,1,0,0.69306386,8,1,-0.86534745,-0.33929288,0.16223003,2.4948657,-2.2476585,-0.2618283,0.13669883,2.5070097,-0.63572836,-0.19903611,0.16753262,2.7427032,1.4807214,23.353228,8.324172,1.2495927,-2.0702543,-0.15256533,0,5.3082604,6.0752621,0.72948229,7.430819,14,1.7927901,0.1880424,11.484375,5.3650794,2.5714285,8.2204742,3.7390726,1.7530622,2.04913,3,3,1,0,2.017,-1.48491,6.14047,1,1,10,1,2,4,0,0,0,2.2252789,-1.2252787,0.1559376,0.29410812,42.886093,57.361778,11.676732,27.123898,0,0.0,17.238026,14.463444,36.764713,0,0,0,13.566921,0.13689101,0.86012995,0.29351962,0.061946955,0.13987003,0.70648038,0.077923082,190.27666,64.931969,13.703812,30.941837,156.28653,17.238026,0.5,1,0,0,0,0,1,0,0,0,1,0,221.21849,0,0,0,221.21849,0,4,4,1,2,0,0,0.46666667,0.47106999,18.01075,0.0,64.774933,0.0,3.185575,51.765594,0,92.504196,0.0,0,5.9704099,23.862217,18.01075,16.78553,7.1675434,4.7171016,106.6555,0.0,53.042408,49.470001,0.59002918,5.0,2.8061838,7.5068669,221.21849,293.28467,13.566921,0,5.6825762,11.365152,151.05762,22.058474,24.932074,203.265,371,20,74,EXT88
C:/Users/MICROSOFT/Documents/nauval_mrnavac/cycpeptmp_standalone/runs/run_20260102_172000_moe/sdf/peptide.sdf,O=C[C@@]([N+]C)Cc1c2c([nH]c1)cccc2,89,72.948227,34.123894,2,1,0,0,1,1,0,9,1,30,1,2,15,11,43.583809,1.4527936,0,0,12,0,0,15,0,2,3,1,0,0,1.8832458,-2.5753837,-0.51070541,0.63159698,2.6140077,-3.3993351,-0.48028001,0.67918652,2.4460392,-2.3932612,-0.41845077,0.73808181,2.803618,18.016106,4,0.25,10,31,1,16,3,4,0.25,20,0,10.673362,8.7341576,7.2485585,8.2591486,7.3468666,5.1462216,3.4611604,4.6161566,1,0,0.69306386,8,1,-0.86534745,-0.33929288,0.16223003,2.4948657,-2.2476585,-0.2618283,0.13669883,2.5070097,-0.63572836,-0.19903611,0.16753262,2.7427032,1.4807214,23.353228,8.324172,1.2495927,-2.0702543,-0.15256533,0,5.3082604,6.0752621,0.72948229,7.430819,14,1.7927901,0.1880424,11.484375,5.3650794,2.5714285,8.2204742,3.7390726,1.7530622,2.04913,3,3,1,0,2.017,-1.48491,6.14047,1,1,10,1,2,4,0,0,0,2.2252789,-1.2252787,0.1559376,0.29410812,42.886093,57.361778,11.676732,27.123898,0,0.0,17.238026,14.463444,36.764713,0,0,0,13.566921,0.13689101,0.86012995,0.29351962,0.061946955,0.13987003,0.70648038,0.077923082,190.27666,64.931969,13.703812,30.941837,156.28653,17.238026,0.5,1,0,0,0,0,1,0,0,0,1,0,221.21849,0,0,0,221.21849,0,4,4,1,2,0,0,0.46666667,0.47106999,18.01075,0.0,64.774933,0.0,3.185575,51.765594,0,92.504196,0.0,0,5.9704099,23.862217,18.01075,16.78553,7.1675434,4.7171016,106.6555,0.0,53.042408,49.470001,0.59002918,5.0,2.8061838,7.5068669,221.21849,293.28467,13.566921,0,5.6825762,11.365152,151.05762,22.058474,24.932074,203.265,371,20,74,EXT89
C:/Users/MICROSOFT/Documents/nauval_mrnavac/cycpeptmp_standalone/runs/run_20260102_172000_moe/sdf/peptide.sdf,O=C[C@@]([N+]C)Cc1c2c([nH]c1)cccc2,90,72.948227,34.123894,2,1,0,0,1,1,0,9,1,30,1,2,15,11,43.583809,1.4527936,0,0,12,0,0,15,0,2,3,1,0,0,1.8832458,-2.5753837,-0.51070541,0.63159698,2.6140077,-3.3993351,-0.48028001,0.67918652,2.4460392,-2.3932612,-0.41845077,0.73808181,2.803618,18.016106,4,0.25,10,31,1,16,3,4,0.25,20,0,10.673362,8.7341576,7.2485585,8.2591486,7.3468666,5.1462216,3.4611604,4.6161566,1,0,0.69306386,8,1,-0.86534745,-0.33929288,0.16223003,2.4948657,-2.2476585,-0.2618283,0.13669883,2.5070097,-0.63572836,-0.19903611,0.16753262,2.7427032,1.4807214,23.353228,8.324172,1.2495927,-2.0702543,-0.15256533,0,5.3082604,6.0752621,0.72948229,7.430819,14,1.7927901,0.1880424,11.484375,5.3650794,2.5714285,8.2204742,3.7390726,1.7530622,2.04913,3,3,1,0,2.017,-1.48491,6.14047,1,1,10,1,2,4,0,0,0,2.2252789,-1.2252787,0.1559376,0.29410812,42.886093,57.361778,11.676732,27.123898,0,0.0,17.238026,14.463444,36.764713,0,0,0,13.566921,0.13689101,0.86012995,0.29351962,0.061946955,0.13987003,0.70648038,0.077923082,190.27666,64.931969,13.703812,30.941837,156.28653,17.238026,0.5,1,0,0,0,0,1,0,0,0,1,0,221.21849,0,0,0,221.21849,0,4,4,1,2,0,0,0.46666667,0.47106999,18.01075,0.0,64.774933,0.0,3.185575,51.765594,0,92.504196,0.0,0,5.9704099,23.862217,18.01075,16.78553,7.1675434,4.7171016,106.6555,0.0,53.042408,49.470001,0.59002918,5.0,2.8061838,7.5068669,221.21849,293.28467,13.566921,0,5.6825762,11.365152,151.05762,22.058474,24.932074,203.265,371,20,74,EXT90
C:/Users/MICROSOFT/Documents/nauval_mrnavac/cycpeptmp_standalone/runs/run_20260102_172000_moe/sdf/peptide.sdf,O=C[C@@]([N+]C)Cc1c2c([nH]c1)cccc2,91,72.948227,34.123894,2,1,0,0,1,1,0,9,1,30,1,2,15,11,43.583809,1.4527936,0,0,12,0,0,15,0,2,3,1,0,0,1.8832458,-2.5753837,-0.51070541,0.63159698,2.6140077,-3.3993351,-0.48028001,0.67918652,2.4460392,-2.3932612,-0.41845077,0.73808181,2.803618,18.016106,4,0.25,10,31,1,16,3,4,0.25,20,0,10.673362,8.7341576,7.2485585,8.2591486,7.3468666,5.1462216,3.4611604,4.6161566,1,0,0.69306386,8,1,-0.86534745,-0.33929288,0.16223003,2.4948657,-2.2476585,-0.2618283,0.13669883,2.5070097,-0.63572836,-0.19903611,0.16753262,2.7427032,1.4807214,23.353228,8.324172,1.2495927,-2.0702543,-0.15256533,0,5.3082604,6.0752621,0.72948229,7.430819,14,1.7927901,0.1880424,11.484375,5.3650794,2.5714285,8.2204742,3.7390726,1.7530622,2.04913,3,3,1,0,2.017,-1.48491,6.14047,1,1,10,1,2,4,0,0,0,2.2252789,-1.2252787,0.1559376,0.29410812,42.886093,57.361778,11.676732,27.123898,0,0.0,17.238026,14.463444,36.764713,0,0,0,13.566921,0.13689101,0.86012995,0.29351962,0.061946955,0.13987003,0.70648038,0.077923082,190.27666,64.931969,13.703812,30.941837,156.28653,17.238026,0.5,1,0,0,0,0,1,0,0,0,1,0,221.21849,0,0,0,221.21849,0,4,4,1,2,0,0,0.46666667,0.47106999,18.01075,0.0,64.774933,0.0,3.185575,51.765594,0,92.504196,0.0,0,5.9704099,23.862217,18.01075,16.78553,7.1675434,4.7171016,106.6555,0.0,53.042408,49.470001,0.59002918,5.0,2.8061838,7.5068669,221.21849,293.28467,13.566921,0,5.6825762,11.365152,151.05762,22.058474,24.932074,203.265,371,20,74,EXT91
C:/Users/MICROSOFT/Documents/nauval_mrnavac/cycpeptmp_standalone/runs/run_20260102_172000_moe/sdf/peptide.sdf,O=C[C@@]([N+]C)Cc1c2c([nH]c1)cccc2,92,72.948227,34.123894,2,1,0,0,1,1,0,9,1,30,1,2,15,11,43.583809,1.4527936,0,0,12,0,0,15,0,2,3,1,0,0,1.8832458,-2.5753837,-0.51070541,0.63159698,2.6140077,-3.3993351,-0.48028001,0.67918652,2.4460392,-2.3932612,-0.41845077,0.73808181,2.803618,18.016106,4,0.25,10,31,1,16,3,4,0.25,20,0,10.673362,8.7341576,7.2485585,8.2591486,7.3468666,5.1462216,3.4611604,4.6161566,1,0,0.69306386,8,1,-0.86534745,-0.33929288,0.16223003,2.4948657,-2.2476585,-0.2618283,0.13669883,2.5070097,-0.63572836,-0.19903611,0.16753262,2.7427032,1.4807214,23.353228,8.324172,1.2495927,-2.0702543,-0.15256533,0,5.3082604,6.0752621,0.72948229,7.430819,14,1.7927901,0.1880424,11.484375,5.3650794,2.5714285,8.2204742,3.7390726,1.7530622,2.04913,3,3,1,0,2.017,-1.48491,6.14047,1,1,10,1,2,4,0,0,0,2.2252789,-1.2252787,0.1559376,0.29410812,42.886093,57.361778,11.676732,27.123898,0,0.0,17.238026,14.463444,36.764713,0,0,0,13.566921,0.13689101,0.86012995,0.29351962,0.061946955,0.13987003,0.70648038,0.077923082,190.27666,64.931969,13.703812,30.941837,156.28653,17.238026,0.5,1,0,0,0,0,1,0,0,0,1,0,221.21849,0,0,0,221.21849,0,4,4,1,2,0,0,0.46666667,0.47106999,18.01075,0.0,64.774933,0.0,3.185575,51.765594,0,92.504196,0.0,0,5.9704099,23.862217,18.01075,16.78553,7.1675434,4.7171016,106.6555,0.0,53.042408,49.470001,0.59002918,5.0,2.8061838,7.5068669,221.21849,293.28467,13.566921,0,5.6825762,11.365152,151.05762,22.058474,24.932074,203.265,371,20,74,EXT92
C:/Users/MICROSOFT/Documents/nauval_mrnavac/cycpeptmp_standalone/runs/run_20260102_172000_moe/sdf/peptide.sdf,O=C[C@@]([N+]C)Cc1c2c([nH]c1)cccc2,93,72.948227,34.123894,2,1,0,0,1,1,0,9,1,30,1,2,15,11,43.583809,1.4527936,0,0,12,0,0,15,0,2,3,1,0,0,1.8832458,-2.5753837,-0.51070541,0.63159698,2.6140077,-3.3993351,-0.48028001,0.67918652,2.4460392,-2.3932612,-0.41845077,0.73808181,2.803618,18.016106,4,0.25,10,31,1,16,3,4,0.25,20,0,10.673362,8.7341576,7.2485585,8.2591486,7.3468666,5.1462216,3.4611604,4.6161566,1,0,0.69306386,8,1,-0.86534745,-0.33929288,0.16223003,2.4948657,-2.2476585,-0.2618283,0.13669883,2.5070097,-0.63572836,-0.19903611,0.16753262,2.7427032,1.4807214,23.353228,8.324172,1.2495927,-2.0702543,-0.15256533,0,5.3082604,6.0752621,0.72948229,7.430819,14,1.7927901,0.1880424,11.484375,5.3650794,2.5714285,8.2204742,3.7390726,1.7530622,2.04913,3,3,1,0,2.017,-1.48491,6.14047,1,1,10,1,2,4,0,0,0,2.2252789,-1.2252787,0.1559376,0.29410812,42.886093,57.361778,11.676732,27.123898,0,0.0,17.238026,14.463444,36.764713,0,0,0,13.566921,0.13689101,0.86012995,0.29351962,0.061946955,0.13987003,0.70648038,0.077923082,190.27666,64.931969,13.703812,30.941837,156.28653,17.238026,0.5,1,0,0,0,0,1,0,0,0,1,0,221.21849,0,0,0,221.21849,0,4,4,1,2,0,0,0.46666667,0.47106999,18.01075,0.0,64.774933,0.0,3.185575,51.765594,0,92.504196,0.0,0,5.9704099,23.862217,18.01075,16.78553,7.1675434,4.7171016,106.6555,0.0,53.042408,49.470001,0.59002918,5.0,2.8061838,7.5068669,221.21849,293.28467,13.566921,0,5.6825762,11.365152,151.05762,22.058474,24.932074,203.265,371,20,74,EXT93
C:/Users/MICROSOFT/Documents/nauval_mrnavac/cycpeptmp_standalone/runs/run_20260102_172000_moe/sdf/peptide.sdf,O=C[C@@]([N+]C)Cc1c2c([nH]c1)cccc2,94,72.948227,34.123894,2,1,0,0,1,1,0,9,1,30,1,2,15,11,43.583809,1.4527936,0,0,12,0,0,15,0,2,3,1,0,0,1.8832458,-2.5753837,-0.51070541,0.63159698,2.6140077,-3.3993351,-0.48028001,0.67918652,2.4460392,-2.3932612,-0.41845077,0.73808181,2.803618,18.016106,4,0.25,10,31,1,16,3,4,0.25,20,0,10.673362,8.7341576,7.2485585,8.2591486,7.3468666,5.1462216,3.4611604,4.6161566,1,0,0.69306386,8,1,-0.86534745,-0.33929288,0.16223003,2.4948657,-2.2476585,-0.2618283,0.13669883,2.5070097,-0.63572836,-0.19903611,0.16753262,2.7427032,1.4807214,23.353228,8.324172,1.2495927,-2.0702543,-0.15256533,0,5.3082604,6.0752621,0.72948229,7.430819,14,1.7927901,0.1880424,11.484375,5.3650794,2.5714285,8.2204742,3.7390726,1.7530622,2.04913,3,3,1,0,2.017,-1.48491,6.14047,1,1,10,1,2,4,0,0,0,2.2252789,-1.2252787,0.1559376,0.29410812,42.886093,57.361778,11.676732,27.123898,0,0.0,17.238026,14.463444,36.764713,0,0,0,13.566921,0.13689101,0.86012995,0.29351962,0.061946955,0.13987003,0.70648038,0.077923082,190.27666,64.931969,13.703812,30.941837,156.28653,17.238026,0.5,1,0,0,0,0,1,0,0,0,1,0,221.21849,0,0,0,221.21849,0,4,4,1,2,0,0,0.46666667,0.47106999,18.01075,0.0,64.774933,0.0,3.185575,51.765594,0,92.504196,0.0,0,5.9704099,23.862217,18.01075,16.78553,7.1675434,4.7171016,106.6555,0.0,53.042408,49.470001,0.59002918,5.0,2.8061838,7.5068669,221.21849,293.28467,13.566921,0,5.6825762,11.365152,151.05762,22.058474,24.932074,203.265,371,20,74,EXT94
C:/Users/MICROSOFT/Documents/nauval_mrnavac/cycpeptmp_standalone/runs/run_20260102_172000_moe/sdf/peptide.sdf,O=C[C@@]([N+]C)Cc1c2c([nH]c1)cccc2,95,72.948227,34.123894,2,1,0,0,1,1,0,9,1,30,1,2,15,11,43.583809,1.4527936,0,0,12,0,0,15,0,2,3,1,0,0,1.8832458,-2.5753837,-0.51070541,0.63159698,2.6140077,-3.3993351,-0.48028001,0.67918652,2.4460392,-2.3932612,-0.41845077,0.73808181,2.803618,18.016106,4,0.25,10,31,1,16,3,4,0.25,20,0,10.673362,8.7341576,7.2485585,8.2591486,7.3468666,5.1462216,3.4611604,4.6161566,1,0,0.69306386,8,1,-0.86534745,-0.33929288,0.16223003,2.4948657,-2.2476585,-0.2618283,0.13669883,2.5070097,-0.63572836,-0.19903611,0.16753262,2.7427032,1.4807214,23.353228,8.324172,1.2495927,-2.0702543,-0.15256533,0,5.3082604,6.0752621,0.72948229,7.430819,14,1.7927901,0.1880424,11.484375,5.3650794,2.5714285,8.2204742,3.7390726,1.7530622,2.04913,3,3,1,0,2.017,-1.48491,6.14047,1,1,10,1,2,4,0,0,0,2.2252789,-1.2252787,0.1559376,0.29410812,42.886093,57.361778,11.676732,27.123898,0,0.0,17.238026,14.463444,36.764713,0,0,0,13.566921,0.13689101,0.86012995,0.29351962,0.061946955,0.13987003,0.70648038,0.077923082,190.27666,64.931969,13.703812,30.941837,156.28653,17.238026,0.5,1,0,0,0,0,1,0,0,0,1,0,221.21849,0,0,0,221.21849,0,4,4,1,2,0,0,0.46666667,0.47106999,18.01075,0.0,64.774933,0.0,3.185575,51.765594,0,92.504196,0.0,0,5.9704099,23.862217,18.01075,16.78553,7.1675434,4.7171016,106.6555,0.0,53.042408,49.470001,0.59002918,5.0,2.8061838,7.5068669,221.21849,293.28467,13.566921,0,5.6825762,11.365152,151.05762,22.058474,24.932074,203.265,371,20,74,EXT95
C:/Users/MICROSOFT/Documents/nauval_mrnavac/cycpeptmp_standalone/runs/run_20260102_172000_moe/sdf/peptide.sdf,O=C[C@@]([N+]C)Cc1c2c([nH]c1)cccc2,96,72.948227,34.123894,2,1,0,0,1,1,0,9,1,30,1,2,15,11,43.583809,1.4527936,0,0,12,0,0,15,0,2,3,1,0,0,1.8832458,-2.5753837,-0.51070541,0.63159698,2.6140077,-3.3993351,-0.48028001,0.67918652,2.4460392,-2.3932612,-0.41845077,0.73808181,2.803618,18.016106,4,0.25,10,31,1,16,3,4,0.25,20,0,10.673362,8.7341576,7.2485585,8.2591486,7.3468666,5.1462216,3.4611604,4.6161566,1,0,0.69306386,8,1,-0.86534745,-0.33929288,0.16223003,2.4948657,-2.2476585,-0.2618283,0.13669883,2.5070097,-0.63572836,-0.19903611,0.16753262,2.7427032,1.4807214,23.353228,8.324172,1.2495927,-2.0702543,-0.15256533,0,5.3082604,6.0752621,0.72948229,7.430819,14,1.7927901,0.1880424,11.484375,5.3650794,2.5714285,8.2204742,3.7390726,1.7530622,2.04913,3,3,1,0,2.017,-1.48491,6.14047,1,1,10,1,2,4,0,0,0,2.2252789,-1.2252787,0.1559376,0.29410812,42.886093,57.361778,11.676732,27.123898,0,0.0,17.238026,14.463444,36.764713,0,0,0,13.566921,0.13689101,0.86012995,0.29351962,0.061946955,0.13987003,0.70648038,0.077923082,190.27666,64.931969,13.703812,30.941837,156.28653,17.238026,0.5,1,0,0,0,0,1,0,0,0,1,0,221.21849,0,0,0,221.21849,0,4,4,1,2,0,0,0.46666667,0.47106999,18.01075,0.0,64.774933,0.0,3.185575,51.765594,0,92.504196,0.0,0,5.9704099,23.862217,18.01075,16.78553,7.1675434,4.7171016,106.6555,0.0,53.042408,49.470001,0.59002918,5.0,2.8061838,7.5068669,221.21849,293.28467,13.566921,0,5.6825762,11.365152,151.05762,22.058474,24.932074,203.265,371,20,74,EXT96
C:/Users/MICROSOFT/Documents/nauval_mrnavac/cycpeptmp_standalone/runs/run_20260102_172000_moe/sdf/peptide.sdf,O=C[C@@]([N+]C)Cc1c2c([nH]c1)cccc2,97,72.948227,34.123894,2,1,0,0,1,1,0,9,1,30,1,2,15,11,43.583809,1.4527936,0,0,12,0,0,15,0,2,3,1,0,0,1.8832458,-2.5753837,-0.51070541,0.63159698,2.6140077,-3.3993351,-0.48028001,0.67918652,2.4460392,-2.3932612,-0.41845077,0.73808181,2.803618,18.016106,4,0.25,10,31,1,16,3,4,0.25,20,0,10.673362,8.7341576,7.2485585,8.2591486,7.3468666,5.1462216,3.4611604,4.6161566,1,0,0.69306386,8,1,-0.86534745,-0.33929288,0.16223003,2.4948657,-2.2476585,-0.2618283,0.13669883,2.5070097,-0.63572836,-0.19903611,0.16753262,2.7427032,1.4807214,23.353228,8.324172,1.2495927,-2.0702543,-0.15256533,0,5.3082604,6.0752621,0.72948229,7.430819,14,1.7927901,0.1880424,11.484375,5.3650794,2.5714285,8.2204742,3.7390726,1.7530622,2.04913,3,3,1,0,2.017,-1.48491,6.14047,1,1,10,1,2,4,0,0,0,2.2252789,-1.2252787,0.1559376,0.29410812,42.886093,57.361778,11.676732,27.123898,0,0.0,17.238026,14.463444,36.764713,0,0,0,13.566921,0.13689101,0.86012995,0.29351962,0.061946955,0.13987003,0.70648038,0.077923082,190.27666,64.931969,13.703812,30.941837,156.28653,17.238026,0.5,1,0,0,0,0,1,0,0,0,1,0,221.21849,0,0,0,221.21849,0,4,4,1,2,0,0,0.46666667,0.47106999,18.01075,0.0,64.774933,0.0,3.185575,51.765594,0,92.504196,0.0,0,5.9704099,23.862217,18.01075,16.78553,7.1675434,4.7171016,106.6555,0.0,53.042408,49.470001,0.59002918,5.0,2.8061838,7.5068669,221.21849,293.28467,13.566921,0,5.6825762,11.365152,151.05762,22.058474,24.932074,203.265,371,20,74,EXT97
C:/Users/MICROSOFT/Documents/nauval_mrnavac/cycpeptmp_standalone/runs/run_20260102_172000_moe/sdf/peptide.sdf,O=C[C@@]([N+]C)Cc1c2c([nH]c1)cccc2,98,72.948227,34.123894,2,1,0,0,1,1,0,9,1,30,1,2,15,11,43.583809,1.4527936,0,0,12,0,0,15,0,2,3,1,0,0,1.8832458,-2.5753837,-0.51070541,0.63159698,2.6140077,-3.3993351,-0.48028001,0.67918652,2.4460392,-2.3932612,-0.41845077,0.73808181,2.803618,18.016106,4,0.25,10,31,1,16,3,4,0.25,20,0,10.673362,8.7341576,7.2485585,8.2591486,7.3468666,5.1462216,3.4611604,4.6161566,1,0,0.69306386,8,1,-0.86534745,-0.33929288,0.16223003,2.4948657,-2.2476585,-0.2618283,0.13669883,2.5070097,-0.63572836,-0.19903611,0.16753262,2.7427032,1.4807214,23.353228,8.324172,1.2495927,-2.0702543,-0.15256533,0,5.3082604,6.0752621,0.72948229,7.430819,14,1.7927901,0.1880424,11.484375,5.3650794,2.5714285,8.2204742,3.7390726,1.7530622,2.04913,3,3,1,0,2.017,-1.48491,6.14047,1,1,10,1,2,4,0,0,0,2.2252789,-1.2252787,0.1559376,0.29410812,42.886093,57.361778,11.676732,27.123898,0,0.0,17.238026,14.463444,36.764713,0,0,0,13.566921,0.13689101,0.86012995,0.29351962,0.061946955,0.13987003,0.70648038,0.077923082,190.27666,64.931969,13.703812,30.941837,156.28653,17.238026,0.5,1,0,0,0,0,1,0,0,0,1,0,221.21849,0,0,0,221.21849,0,4,4,1,2,0,0,0.46666667,0.47106999,18.01075,0.0,64.774933,0.0,3.185575,51.765594,0,92.504196,0.0,0,5.9704099,23.862217,18.01075,16.78553,7.1675434,4.7171016,106.6555,0.0,53.042408,49.470001,0.59002918,5.0,2.8061838,7.5068669,221.21849,293.28467,13.566921,0,5.6825762,11.365152,151.05762,22.058474,24.932074,203.265,371,20,74,EXT98
C:/Users/MICROSOFT/Documents/nauval_mrnavac/cycpeptmp_standalone/runs/run_20260102_172000_moe/sdf/peptide.sdf,O=C[C@@]([N+]C)Cc1c2c([nH]c1)cccc2,99,72.948227,34.123894,2,1,0,0,1,1,0,9,1,30,1,2,15,11,43.583809,1.4527936,0,0,12,0,0,15,0,2,3,1,0,0,1.8832458,-2.5753837,-0.51070541,0.63159698,2.6140077,-3.3993351,-0.48028001,0.67918652,2.4460392,-2.3932612,-0.41845077,0.73808181,2.803618,18.016106,4,0.25,10,31,1,16,3,4,0.25,20,0,10.673362,8.7341576,7.2485585,8.2591486,7.3468666,5.1462216,3.4611604,4.6161566,1,0,0.69306386,8,1,-0.86534745,-0.33929288,0.16223003,2.4948657,-2.2476585,-0.2618283,0.13669883,2.5070097,-0.63572836,-0.19903611,0.16753262,2.7427032,1.4807214,23.353228,8.324172,1.2495927,-2.0702543,-0.15256533,0,5.3082604,6.0752621,0.72948229,7.430819,14,1.7927901,0.1880424,11.484375,5.3650794,2.5714285,8.2204742,3.7390726,1.7530622,2.04913,3,3,1,0,2.017,-1.48491,6.14047,1,1,10,1,2,4,0,0,0,2.2252789,-1.2252787,0.1559376,0.29410812,42.886093,57.361778,11.676732,27.123898,0,0.0,17.238026,14.463444,36.764713,0,0,0,13.566921,0.13689101,0.86012995,0.29351962,0.061946955,0.13987003,0.70648038,0.077923082,190.27666,64.931969,13.703812,30.941837,156.28653,17.238026,0.5,1,0,0,0,0,1,0,0,0,1,0,221.21849,0,0,0,221.21849,0,4,4,1,2,0,0,0.46666667,0.47106999,18.01075,0.0,64.774933,0.0,3.185575,51.765594,0,92.504196,0.0,0,5.9704099,23.862217,18.01075,16.78553,7.1675434,4.7171016,106.6555,0.0,53.042408,49.470001,0.59002918,5.0,2.8061838,7.5068669,221.21849,293.28467,13.566921,0,5.6825762,11.365152,151.05762,22.058474,24.932074,203.265,371,20,74,EXT99
C:/Users/MICROSOFT/Documents/nauval_mrnavac/cycpeptmp_standalone/runs/run_20260102_172000_moe/sdf/peptide.sdf,O=C[C@@]([N+]C)Cc1c2c([nH]c1)cccc2,100,72.948227,34.123894,2,1,0,0,1,1,0,9,1,30,1,2,15,11,43.583809,1.4527936,0,0,12,0,0,15,0,2,3,1,0,0,1.8832458,-2.5753837,-0.51070541,0.63159698,2.6140077,-3.3993351,-0.48028001,0.67918652,2.4460392,-2.3932612,-0.41845077,0.73808181,2.803618,18.016106,4,0.25,10,31,1,16,3,4,0.25,20,0,10.673362,8.7341576,7.2485585,8.2591486,7.3468666,5.1462216,3.4611604,4.6161566,1,0,0.69306386,8,1,-0.86534745,-0.33929288,0.16223003,2.4948657,-2.2476585,-0.2618283,0.13669883,2.5070097,-0.63572836,-0.19903611,0.16753262,2.7427032,1.4807214,23.353228,8.324172,1.2495927,-2.0702543,-0.15256533,0,5.3082604,6.0752621,0.72948229,7.430819,14,1.7927901,0.1880424,11.484375,5.3650794,2.5714285,8.2204742,3.7390726,1.7530622,2.04913,3,3,1,0,2.017,-1.48491,6.14047,1,1,10,1,2,4,0,0,0,2.2252789,-1.2252787,0.1559376,0.29410812,42.886093,57.361778,11.676732,27.123898,0,0.0,17.238026,14.463444,36.764713,0,0,0,13.566921,0.13689101,0.86012995,0.29351962,0.061946955,0.13987003,0.70648038,0.077923082,190.27666,64.931969,13.703812,30.941837,156.28653,17.238026,0.5,1,0,0,0,0,1,0,0,0,1,0,221.21849,0,0,0,221.21849,0,4,4,1,2,0,0,0.46666667,0.47106999,18.01075,0.0,64.774933,0.0,3.185575,51.765594,0,92.504196,0.0,0,5.9704099,23.862217,18.01075,16.78553,7.1675434,4.7171016,106.6555,0.0,53.042408,49.470001,0.59002918,5.0,2.8061838,7.5068669,221.21849,293.28467,13.566921,0,5.6825762,11.365152,151.05762,22.058474,24.932074,203.265,371,20,74,EXT100
C:/Users/MICROSOFT/Documents/nauval_mrnavac/cycpeptmp_standalone/runs/run_20260102_172000_moe/sdf/peptide.sdf,O=C[C@@]([N+]C)Cc1c2c([nH]c1)cccc2,101,72.948227,34.123894,2,1,0,0,1,1,0,9,1,30,1,2,15,11,43.583809,1.4527936,0,0,12,0,0,15,0,2,3,1,0,0,1.8832458,-2.5753837,-0.51070541,0.63159698,2.6140077,-3.3993351,-0.48028001,0.67918652,2.4460392,-2.3932612,-0.41845077,0.73808181,2.803618,18.016106,4,0.25,10,31,1,16,3,4,0.25,20,0,10.673362,8.7341576,7.2485585,8.2591486,7.3468666,5.1462216,3.4611604,4.6161566,1,0,0.69306386,8,1,-0.86534745,-0.33929288,0.16223003,2.4948657,-2.2476585,-0.2618283,0.13669883,2.5070097,-0.63572836,-0.19903611,0.16753262,2.7427032,1.4807214,23.353228,8.324172,1.2495927,-2.0702543,-0.15256533,0,5.3082604,6.0752621,0.72948229,7.430819,14,1.7927901,0.1880424,11.484375,5.3650794,2.5714285,8.2204742,3.7390726,1.7530622,2.04913,3,3,1,0,2.017,-1.48491,6.14047,1,1,10,1,2,4,0,0,0,2.2252789,-1.2252787,0.1559376,0.29410812,42.886093,57.361778,11.676732,27.123898,0,0.0,17.238026,14.463444,36.764713,0,0,0,13.566921,0.13689101,0.86012995,0.29351962,0.061946955,0.13987003,0.70648038,0.077923082,190.27666,64.931969,13.703812,30.941837,156.28653,17.238026,0.5,1,0,0,0,0,1,0,0,0,1,0,221.21849,0,0,0,221.21849,0,4,4,1,2,0,0,0.46666667,0.47106999,18.01075,0.0,64.774933,0.0,3.185575,51.765594,0,92.504196,0.0,0,5.9704099,23.862217,18.01075,16.78553,7.1675434,4.7171016,106.6555,0.0,53.042408,49.470001,0.59002918,5.0,2.8061838,7.5068669,221.21849,293.28467,13.566921,0,5.6825762,11.365152,151.05762,22.058474,24.932074,203.265,371,20,74,EXT101
C:/Users/MICROSOFT/Documents/nauval_mrnavac/cycpeptmp_standalone/runs/run_20260102_172000_moe/sdf/peptide.sdf,O=C[C@@]([N+]C)Cc1c2c([nH]c1)cccc2,102,72.948227,34.123894,2,1,0,0,1,1,0,9,1,30,1,2,15,11,43.583809,1.4527936,0,0,12,0,0,15,0,2,3,1,0,0,1.8832458,-2.5753837,-0.51070541,0.63159698,2.6140077,-3.3993351,-0.48028001,0.67918652,2.4460392,-2.3932612,-0.41845077,0.73808181,2.803618,18.016106,4,0.25,10,31,1,16,3,4,0.25,20,0,10.673362,8.7341576,7.2485585,8.2591486,7.3468666,5.1462216,3.4611604,4.6161566,1,0,0.69306386,8,1,-0.86534745,-0.33929288,0.16223003,2.4948657,-2.2476585,-0.2618283,0.13669883,2.5070097,-0.63572836,-0.19903611,0.16753262,2.7427032,1.4807214,23.353228,8.324172,1.2495927,-2.0702543,-0.15256533,0,5.3082604,6.0752621,0.72948229,7.430819,14,1.7927901,0.1880424,11.484375,5.3650794,2.5714285,8.2204742,3.7390726,1.7530622,2.04913,3,3,1,0,2.017,-1.48491,6.14047,1,1,10,1,2,4,0,0,0,2.2252789,-1.2252787,0.1559376,0.29410812,42.886093,57.361778,11.676732,27.123898,0,0.0,17.238026,14.463444,36.764713,0,0,0,13.566921,0.13689101,0.86012995,0.29351962,0.061946955,0.13987003,0.70648038,0.077923082,190.27666,64.931969,13.703812,30.941837,156.28653,17.238026,0.5,1,0,0,0,0,1,0,0,0,1,0,221.21849,0,0,0,221.21849,0,4,4,1,2,0,0,0.46666667,0.47106999,18.01075,0.0,64.774933,0.0,3.185575,51.765594,0,92.504196,0.0,0,5.9704099,23.862217,18.01075,16.78553,7.1675434,4.7171016,106.6555,0.0,53.042408,49.470001,0.59002918,5.0,2.8061838,7.5068669,221.21849,293.28467,13.566921,0,5.6825762,11.365152,151.05762,22.058474,24.932074,203.265,371,20,74,EXT102
C:/Users/MICROSOFT/Documents/nauval_mrnavac/cycpeptmp_standalone/runs/run_20260102_172000_moe/sdf/peptide.sdf,O=C[C@@]([N+]C)Cc1c2c([nH]c1)cccc2,103,72.948227,34.123894,2,1,0,0,1,1,0,9,1,30,1,2,15,11,43.583809,1.4527936,0,0,12,0,0,15,0,2,3,1,0,0,1.8832458,-2.5753837,-0.51070541,0.63159698,2.6140077,-3.3993351,-0.48028001,0.67918652,2.4460392,-2.3932612,-0.41845077,0.73808181,2.803618,18.016106,4,0.25,10,31,1,16,3,4,0.25,20,0,10.673362,8.7341576,7.2485585,8.2591486,7.3468666,5.1462216,3.4611604,4.6161566,1,0,0.69306386,8,1,-0.86534745,-0.33929288,0.16223003,2.4948657,-2.2476585,-0.2618283,0.13669883,2.5070097,-0.63572836,-0.19903611,0.16753262,2.7427032,1.4807214,23.353228,8.324172,1.2495927,-2.0702543,-0.15256533,0,5.3082604,6.0752621,0.72948229,7.430819,14,1.7927901,0.1880424,11.484375,5.3650794,2.5714285,8.2204742,3.7390726,1.7530622,2.04913,3,3,1,0,2.017,-1.48491,6.14047,1,1,10,1,2,4,0,0,0,2.2252789,-1.2252787,0.1559376,0.29410812,42.886093,57.361778,11.676732,27.123898,0,0.0,17.238026,14.463444,36.764713,0,0,0,13.566921,0.13689101,0.86012995,0.29351962,0.061946955,0.13987003,0.70648038,0.077923082,190.27666,64.931969,13.703812,30.941837,156.28653,17.238026,0.5,1,0,0,0,0,1,0,0,0,1,0,221.21849,0,0,0,221.21849,0,4,4,1,2,0,0,0.46666667,0.47106999,18.01075,0.0,64.774933,0.0,3.185575,51.765594,0,92.504196,0.0,0,5.9704099,23.862217,18.01075,16.78553,7.1675434,4.7171016,106.6555,0.0,53.042408,49.470001,0.59002918,5.0,2.8061838,7.5068669,221.21849,293.28467,13.566921,0,5.6825762,11.365152,151.05762,22.058474,24.932074,203.265,371,20,74,EXT103
C:/Users/MICROSOFT/Documents/nauval_mrnavac/cycpeptmp_standalone/runs/run_20260102_172000_moe/sdf/peptide.sdf,O=C[C@@]([N+]C)Cc1c2c([nH]c1)cccc2,104,72.948227,34.123894,2,1,0,0,1,1,0,9,1,30,1,2,15,11,43.583809,1.4527936,0,0,12,0,0,15,0,2,3,1,0,0,1.8832458,-2.5753837,-0.51070541,0.63159698,2.6140077,-3.3993351,-0.48028001,0.67918652,2.4460392,-2.3932612,-0.41845077,0.73808181,2.803618,18.016106,4,0.25,10,31,1,16,3,4,0.25,20,0,10.673362,8.7341576,7.2485585,8.2591486,7.3468666,5.1462216,3.4611604,4.6161566,1,0,0.69306386,8,1,-0.86534745,-0.33929288,0.16223003,2.4948657,-2.2476585,-0.2618283,0.13669883,2.5070097,-0.63572836,-0.19903611,0.16753262,2.7427032,1.4807214,23.353228,8.324172,1.2495927,-2.0702543,-0.15256533,0,5.3082604,6.0752621,0.72948229,7.430819,14,1.7927901,0.1880424,11.484375,5.3650794,2.5714285,8.2204742,3.7390726,1.7530622,2.04913,3,3,1,0,2.017,-1.48491,6.14047,1,1,10,1,2,4,0,0,0,2.2252789,-1.2252787,0.1559376,0.29410812,42.886093,57.361778,11.676732,27.123898,0,0.0,17.238026,14.463444,36.764713,0,0,0,13.566921,0.13689101,0.86012995,0.29351962,0.061946955,0.13987003,0.70648038,0.077923082,190.27666,64.931969,13.703812,30.941837,156.28653,17.238026,0.5,1,0,0,0,0,1,0,0,0,1,0,221.21849,0,0,0,221.21849,0,4,4,1,2,0,0,0.46666667,0.47106999,18.01075,0.0,64.774933,0.0,3.185575,51.765594,0,92.504196,0.0,0,5.9704099,23.862217,18.01075,16.78553,7.1675434,4.7171016,106.6555,0.0,53.042408,49.470001,0.59002918,5.0,2.8061838,7.5068669,221.21849,293.28467,13.566921,0,5.6825762,11.365152,151.05762,22.058474,24.932074,203.265,371,20,74,EXT104
C:/Users/MICROSOFT/Documents/nauval_mrnavac/cycpeptmp_standalone/runs/run_20260102_172000_moe/sdf/peptide.sdf,O=C[C@@]([N+]C)Cc1c2c([nH]c1)cccc2,105,72.948227,34.123894,2,1,0,0,1,1,0,9,1,30,1,2,15,11,43.583809,1.4527936,0,0,12,0,0,15,0,2,3,1,0,0,1.8832458,-2.5753837,-0.51070541,0.63159698,2.6140077,-3.3993351,-0.48028001,0.67918652,2.4460392,-2.3932612,-0.41845077,0.73808181,2.803618,18.016106,4,0.25,10,31,1,16,3,4,0.25,20,0,10.673362,8.7341576,7.2485585,8.2591486,7.3468666,5.1462216,3.4611604,4.6161566,1,0,0.69306386,8,1,-0.86534745,-0.33929288,0.16223003,2.4948657,-2.2476585,-0.2618283,0.13669883,2.5070097,-0.63572836,-0.19903611,0.16753262,2.7427032,1.4807214,23.353228,8.324172,1.2495927,-2.0702543,-0.15256533,0,5.3082604,6.0752621,0.72948229,7.430819,14,1.7927901,0.1880424,11.484375,5.3650794,2.5714285,8.2204742,3.7390726,1.7530622,2.04913,3,3,1,0,2.017,-1.48491,6.14047,1,1,10,1,2,4,0,0,0,2.2252789,-1.2252787,0.1559376,0.29410812,42.886093,57.361778,11.676732,27.123898,0,0.0,17.238026,14.463444,36.764713,0,0,0,13.566921,0.13689101,0.86012995,0.29351962,0.061946955,0.13987003,0.70648038,0.077923082,190.27666,64.931969,13.703812,30.941837,156.28653,17.238026,0.5,1,0,0,0,0,1,0,0,0,1,0,221.21849,0,0,0,221.21849,0,4,4,1,2,0,0,0.46666667,0.47106999,18.01075,0.0,64.774933,0.0,3.185575,51.765594,0,92.504196,0.0,0,5.9704099,23.862217,18.01075,16.78553,7.1675434,4.7171016,106.6555,0.0,53.042408,49.470001,0.59002918,5.0,2.8061838,7.5068669,221.21849,293.28467,13.566921,0,5.6825762,11.365152,151.05762,22.058474,24.932074,203.265,371,20,74,EXT105
C:/Users/MICROSOFT/Documents/nauval_mrnavac/cycpeptmp_standalone/runs/run_20260102_172000_moe/sdf/peptide.sdf,O=C[C@@]([N+]C)Cc1c2c([nH]c1)cccc2,106,72.948227,34.123894,2,1,0,0,1,1,0,9,1,30,1,2,15,11,43.583809,1.4527936,0,0,12,0,0,15,0,2,3,1,0,0,1.8832458,-2.5753837,-0.51070541,0.63159698,2.6140077,-3.3993351,-0.48028001,0.67918652,2.4460392,-2.3932612,-0.41845077,0.73808181,2.803618,18.016106,4,0.25,10,31,1,16,3,4,0.25,20,0,10.673362,8.7341576,7.2485585,8.2591486,7.3468666,5.1462216,3.4611604,4.6161566,1,0,0.69306386,8,1,-0.86534745,-0.33929288,0.16223003,2.4948657,-2.2476585,-0.2618283,0.13669883,2.5070097,-0.63572836,-0.19903611,0.16753262,2.7427032,1.4807214,23.353228,8.324172,1.2495927,-2.0702543,-0.15256533,0,5.3082604,6.0752621,0.72948229,7.430819,14,1.7927901,0.1880424,11.484375,5.3650794,2.5714285,8.2204742,3.7390726,1.7530622,2.04913,3,3,1,0,2.017,-1.48491,6.14047,1,1,10,1,2,4,0,0,0,2.2252789,-1.2252787,0.1559376,0.29410812,42.886093,57.361778,11.676732,27.123898,0,0.0,17.238026,14.463444,36.764713,0,0,0,13.566921,0.13689101,0.86012995,0.29351962,0.061946955,0.13987003,0.70648038,0.077923082,190.27666,64.931969,13.703812,30.941837,156.28653,17.238026,0.5,1,0,0,0,0,1,0,0,0,1,0,221.21849,0,0,0,221.21849,0,4,4,1,2,0,0,0.46666667,0.47106999,18.01075,0.0,64.774933,0.0,3.185575,51.765594,0,92.504196,0.0,0,5.9704099,23.862217,18.01075,16.78553,7.1675434,4.7171016,106.6555,0.0,53.042408,49.470001,0.59002918,5.0,2.8061838,7.5068669,221.21849,293.28467,13.566921,0,5.6825762,11.365152,151.05762,22.058474,24.932074,203.265,371,20,74,EXT106
C:/Users/MICROSOFT/Documents/nauval_mrnavac/cycpeptmp_standalone/runs/run_20260102_172000_moe/sdf/peptide.sdf,O=C[C@@]([N+]C)Cc1c2c([nH]c1)cccc2,107,72.948227,34.123894,2,1,0,0,1,1,0,9,1,30,1,2,15,11,43.583809,1.4527936,0,0,12,0,0,15,0,2,3,1,0,0,1.8832458,-2.5753837,-0.51070541,0.63159698,2.6140077,-3.3993351,-0.48028001,0.67918652,2.4460392,-2.3932612,-0.41845077,0.73808181,2.803618,18.016106,4,0.25,10,31,1,16,3,4,0.25,20,0,10.673362,8.7341576,7.2485585,8.2591486,7.3468666,5.1462216,3.4611604,4.6161566,1,0,0.69306386,8,1,-0.86534745,-0.33929288,0.16223003,2.4948657,-2.2476585,-0.2618283,0.13669883,2.5070097,-0.63572836,-0.19903611,0.16753262,2.7427032,1.4807214,23.353228,8.324172,1.2495927,-2.0702543,-0.15256533,0,5.3082604,6.0752621,0.72948229,7.430819,14,1.7927901,0.1880424,11.484375,5.3650794,2.5714285,8.2204742,3.7390726,1.7530622,2.04913,3,3,1,0,2.017,-1.48491,6.14047,1,1,10,1,2,4,0,0,0,2.2252789,-1.2252787,0.1559376,0.29410812,42.886093,57.361778,11.676732,27.123898,0,0.0,17.238026,14.463444,36.764713,0,0,0,13.566921,0.13689101,0.86012995,0.29351962,0.061946955,0.13987003,0.70648038,0.077923082,190.27666,64.931969,13.703812,30.941837,156.28653,17.238026,0.5,1,0,0,0,0,1,0,0,0,1,0,221.21849,0,0,0,221.21849,0,4,4,1,2,0,0,0.46666667,0.47106999,18.01075,0.0,64.774933,0.0,3.185575,51.765594,0,92.504196,0.0,0,5.9704099,23.862217,18.01075,16.78553,7.1675434,4.7171016,106.6555,0.0,53.042408,49.470001,0.59002918,5.0,2.8061838,7.5068669,221.21849,293.28467,13.566921,0,5.6825762,11.365152,151.05762,22.058474,24.932074,203.265,371,20,74,EXT107
C:/Users/MICROSOFT/Documents/nauval_mrnavac/cycpeptmp_standalone/runs/run_20260102_172000_moe/sdf/peptide.sdf,O=C[C@@]([N+]C)Cc1c2c([nH]c1)cccc2,108,72.948227,34.123894,2,1,0,0,1,1,0,9,1,30,1,2,15,11,43.583809,1.4527936,0,0,12,0,0,15,0,2,3,1,0,0,1.8832458,-2.5753837,-0.51070541,0.63159698,2.6140077,-3.3993351,-0.48028001,0.67918652,2.4460392,-2.3932612,-0.41845077,0.73808181,2.803618,18.016106,4,0.25,10,31,1,16,3,4,0.25,20,0,10.673362,8.7341576,7.2485585,8.2591486,7.3468666,5.1462216,3.4611604,4.6161566,1,0,0.69306386,8,1,-0.86534745,-0.33929288,0.16223003,2.4948657,-2.2476585,-0.2618283,0.13669883,2.5070097,-0.63572836,-0.19903611,0.16753262,2.7427032,1.4807214,23.353228,8.324172,1.2495927,-2.0702543,-0.15256533,0,5.3082604,6.0752621,0.72948229,7.430819,14,1.7927901,0.1880424,11.484375,5.3650794,2.5714285,8.2204742,3.7390726,1.7530622,2.04913,3,3,1,0,2.017,-1.48491,6.14047,1,1,10,1,2,4,0,0,0,2.2252789,-1.2252787,0.1559376,0.29410812,42.886093,57.361778,11.676732,27.123898,0,0.0,17.238026,14.463444,36.764713,0,0,0,13.566921,0.13689101,0.86012995,0.29351962,0.061946955,0.13987003,0.70648038,0.077923082,190.27666,64.931969,13.703812,30.941837,156.28653,17.238026,0.5,1,0,0,0,0,1,0,0,0,1,0,221.21849,0,0,0,221.21849,0,4,4,1,2,0,0,0.46666667,0.47106999,18.01075,0.0,64.774933,0.0,3.185575,51.765594,0,92.504196,0.0,0,5.9704099,23.862217,18.01075,16.78553,7.1675434,4.7171016,106.6555,0.0,53.042408,49.470001,0.59002918,5.0,2.8061838,7.5068669,221.21849,293.28467,13.566921,0,5.6825762,11.365152,151.05762,22.058474,24.932074,203.265,371,20,74,EXT108
C:/Users/MICROSOFT/Documents/nauval_mrnavac/cycpeptmp_standalone/runs/run_20260102_172000_moe/sdf/peptide.sdf,O=C[C@@]([N+]C)Cc1c2c([nH]c1)cccc2,109,72.948227,34.123894,2,1,0,0,1,1,0,9,1,30,1,2,15,11,43.583809,1.4527936,0,0,12,0,0,15,0,2,3,1,0,0,1.8832458,-2.5753837,-0.51070541,0.63159698,2.6140077,-3.3993351,-0.48028001,0.67918652,2.4460392,-2.3932612,-0.41845077,0.73808181,2.803618,18.016106,4,0.25,10,31,1,16,3,4,0.25,20,0,10.673362,8.7341576,7.2485585,8.2591486,7.3468666,5.1462216,3.4611604,4.6161566,1,0,0.69306386,8,1,-0.86534745,-0.33929288,0.16223003,2.4948657,-2.2476585,-0.2618283,0.13669883,2.5070097,-0.63572836,-0.19903611,0.16753262,2.7427032,1.4807214,23.353228,8.324172,1.2495927,-2.0702543,-0.15256533,0,5.3082604,6.0752621,0.72948229,7.430819,14,1.7927901,0.1880424,11.484375,5.3650794,2.5714285,8.2204742,3.7390726,1.7530622,2.04913,3,3,1,0,2.017,-1.48491,6.14047,1,1,10,1,2,4,0,0,0,2.2252789,-1.2252787,0.1559376,0.29410812,42.886093,57.361778,11.676732,27.123898,0,0.0,17.238026,14.463444,36.764713,0,0,0,13.566921,0.13689101,0.86012995,0.29351962,0.061946955,0.13987003,0.70648038,0.077923082,190.27666,64.931969,13.703812,30.941837,156.28653,17.238026,0.5,1,0,0,0,0,1,0,0,0,1,0,221.21849,0,0,0,221.21849,0,4,4,1,2,0,0,0.46666667,0.47106999,18.01075,0.0,64.774933,0.0,3.185575,51.765594,0,92.504196,0.0,0,5.9704099,23.862217,18.01075,16.78553,7.1675434,4.7171016,106.6555,0.0,53.042408,49.470001,0.59002918,5.0,2.8061838,7.5068669,221.21849,293.28467,13.566921,0,5.6825762,11.365152,151.05762,22.058474,24.932074,203.265,371,20,74,EXT109
C:/Users/MICROSOFT/Documents/nauval_mrnavac/cycpeptmp_standalone/runs/run_20260102_172000_moe/sdf/peptide.sdf,O=C[C@@]([N+]C)Cc1c2c([nH]c1)cccc2,110,72.948227,34.123894,2,1,0,0,1,1,0,9,1,30,1,2,15,11,43.583809,1.4527936,0,0,12,0,0,15,0,2,3,1,0,0,1.8832458,-2.5753837,-0.51070541,0.63159698,2.6140077,-3.3993351,-0.48028001,0.67918652,2.4460392,-2.3932612,-0.41845077,0.73808181,2.803618,18.016106,4,0.25,10,31,1,16,3,4,0.25,20,0,10.673362,8.7341576,7.2485585,8.2591486,7.3468666,5.1462216,3.4611604,4.6161566,1,0,0.69306386,8,1,-0.86534745,-0.33929288,0.16223003,2.4948657,-2.2476585,-0.2618283,0.13669883,2.5070097,-0.63572836,-0.19903611,0.16753262,2.7427032,1.4807214,23.353228,8.324172,1.2495927,-2.0702543,-0.15256533,0,5.3082604,6.0752621,0.72948229,7.430819,14,1.7927901,0.1880424,11.484375,5.3650794,2.5714285,8.2204742,3.7390726,1.7530622,2.04913,3,3,1,0,2.017,-1.48491,6.14047,1,1,10,1,2,4,0,0,0,2.2252789,-1.2252787,0.1559376,0.29410812,42.886093,57.361778,11.676732,27.123898,0,0.0,17.238026,14.463444,36.764713,0,0,0,13.566921,0.13689101,0.86012995,0.29351962,0.061946955,0.13987003,0.70648038,0.077923082,190.27666,64.931969,13.703812,30.941837,156.28653,17.238026,0.5,1,0,0,0,0,1,0,0,0,1,0,221.21849,0,0,0,221.21849,0,4,4,1,2,0,0,0.46666667,0.47106999,18.01075,0.0,64.774933,0.0,3.185575,51.765594,0,92.504196,0.0,0,5.9704099,23.862217,18.01075,16.78553,7.1675434,4.7171016,106.6555,0.0,53.042408,49.470001,0.59002918,5.0,2.8061838,7.5068669,221.21849,293.28467,13.566921,0,5.6825762,11.365152,151.05762,22.058474,24.932074,203.265,371,20,74,EXT110
C:/Users/MICROSOFT/Documents/nauval_mrnavac/cycpeptmp_standalone/runs/run_20260102_172000_moe/sdf/peptide.sdf,O=C[C@@]([N+]C)Cc1c2c([nH]c1)cccc2,111,72.948227,34.123894,2,1,0,0,1,1,0,9,1,30,1,2,15,11,43.583809,1.4527936,0,0,12,0,0,15,0,2,3,1,0,0,1.8832458,-2.5753837,-0.51070541,0.63159698,2.6140077,-3.3993351,-0.48028001,0.67918652,2.4460392,-2.3932612,-0.41845077,0.73808181,2.803618,18.016106,4,0.25,10,31,1,16,3,4,0.25,20,0,10.673362,8.7341576,7.2485585,8.2591486,7.3468666,5.1462216,3.4611604,4.6161566,1,0,0.69306386,8,1,-0.86534745,-0.33929288,0.16223003,2.4948657,-2.2476585,-0.2618283,0.13669883,2.5070097,-0.63572836,-0.19903611,0.16753262,2.7427032,1.4807214,23.353228,8.324172,1.2495927,-2.0702543,-0.15256533,0,5.3082604,6.0752621,0.72948229,7.430819,14,1.7927901,0.1880424,11.484375,5.3650794,2.5714285,8.2204742,3.7390726,1.7530622,2.04913,3,3,1,0,2.017,-1.48491,6.14047,1,1,10,1,2,4,0,0,0,2.2252789,-1.2252787,0.1559376,0.29410812,42.886093,57.361778,11.676732,27.123898,0,0.0,17.238026,14.463444,36.764713,0,0,0,13.566921,0.13689101,0.86012995,0.29351962,0.061946955,0.13987003,0.70648038,0.077923082,190.27666,64.931969,13.703812,30.941837,156.28653,17.238026,0.5,1,0,0,0,0,1,0,0,0,1,0,221.21849,0,0,0,221.21849,0,4,4,1,2,0,0,0.46666667,0.47106999,18.01075,0.0,64.774933,0.0,3.185575,51.765594,0,92.504196,0.0,0,5.9704099,23.862217,18.01075,16.78553,7.1675434,4.7171016,106.6555,0.0,53.042408,49.470001,0.59002918,5.0,2.8061838,7.5068669,221.21849,293.28467,13.566921,0,5.6825762,11.365152,151.05762,22.058474,24.932074,203.265,371,20,74,EXT111
C:/Users/MICROSOFT/Documents/nauval_mrnavac/cycpeptmp_standalone/runs/run_20260102_172000_moe/sdf/peptide.sdf,O=C[C@@]([N+]C)Cc1c2c([nH]c1)cccc2,112,72.948227,34.123894,2,1,0,0,1,1,0,9,1,30,1,2,15,11,43.583809,1.4527936,0,0,12,0,0,15,0,2,3,1,0,0,1.8832458,-2.5753837,-0.51070541,0.63159698,2.6140077,-3.3993351,-0.48028001,0.67918652,2.4460392,-2.3932612,-0.41845077,0.73808181,2.803618,18.016106,4,0.25,10,31,1,16,3,4,0.25,20,0,10.673362,8.7341576,7.2485585,8.2591486,7.3468666,5.1462216,3.4611604,4.6161566,1,0,0.69306386,8,1,-0.86534745,-0.33929288,0.16223003,2.4948657,-2.2476585,-0.2618283,0.13669883,2.5070097,-0.63572836,-0.19903611,0.16753262,2.7427032,1.4807214,23.353228,8.324172,1.2495927,-2.0702543,-0.15256533,0,5.3082604,6.0752621,0.72948229,7.430819,14,1.7927901,0.1880424,11.484375,5.3650794,2.5714285,8.2204742,3.7390726,1.7530622,2.04913,3,3,1,0,2.017,-1.48491,6.14047,1,1,10,1,2,4,0,0,0,2.2252789,-1.2252787,0.1559376,0.29410812,42.886093,57.361778,11.676732,27.123898,0,0.0,17.238026,14.463444,36.764713,0,0,0,13.566921,0.13689101,0.86012995,0.29351962,0.061946955,0.13987003,0.70648038,0.077923082,190.27666,64.931969,13.703812,30.941837,156.28653,17.238026,0.5,1,0,0,0,0,1,0,0,0,1,0,221.21849,0,0,0,221.21849,0,4,4,1,2,0,0,0.46666667,0.47106999,18.01075,0.0,64.774933,0.0,3.185575,51.765594,0,92.504196,0.0,0,5.9704099,23.862217,18.01075,16.78553,7.1675434,4.7171016,106.6555,0.0,53.042408,49.470001,0.59002918,5.0,2.8061838,7.5068669,221.21849,293.28467,13.566921,0,5.6825762,11.365152,151.05762,22.058474,24.932074,203.265,371,20,74,EXT112
C:/Users/MICROSOFT/Documents/nauval_mrnavac/cycpeptmp_standalone/runs/run_20260102_172000_moe/sdf/peptide.sdf,O=C[C@@]([N+]C)Cc1c2c([nH]c1)cccc2,113,72.948227,34.123894,2,1,0,0,1,1,0,9,1,30,1,2,15,11,43.583809,1.4527936,0,0,12,0,0,15,0,2,3,1,0,0,1.8832458,-2.5753837,-0.51070541,0.63159698,2.6140077,-3.3993351,-0.48028001,0.67918652,2.4460392,-2.3932612,-0.41845077,0.73808181,2.803618,18.016106,4,0.25,10,31,1,16,3,4,0.25,20,0,10.673362,8.7341576,7.2485585,8.2591486,7.3468666,5.1462216,3.4611604,4.6161566,1,0,0.69306386,8,1,-0.86534745,-0.33929288,0.16223003,2.4948657,-2.2476585,-0.2618283,0.13669883,2.5070097,-0.63572836,-0.19903611,0.16753262,2.7427032,1.4807214,23.353228,8.324172,1.2495927,-2.0702543,-0.15256533,0,5.3082604,6.0752621,0.72948229,7.430819,14,1.7927901,0.1880424,11.484375,5.3650794,2.5714285,8.2204742,3.7390726,1.7530622,2.04913,3,3,1,0,2.017,-1.48491,6.14047,1,1,10,1,2,4,0,0,0,2.2252789,-1.2252787,0.1559376,0.29410812,42.886093,57.361778,11.676732,27.123898,0,0.0,17.238026,14.463444,36.764713,0,0,0,13.566921,0.13689101,0.86012995,0.29351962,0.061946955,0.13987003,0.70648038,0.077923082,190.27666,64.931969,13.703812,30.941837,156.28653,17.238026,0.5,1,0,0,0,0,1,0,0,0,1,0,221.21849,0,0,0,221.21849,0,4,4,1,2,0,0,0.46666667,0.47106999,18.01075,0.0,64.774933,0.0,3.185575,51.765594,0,92.504196,0.0,0,5.9704099,23.862217,18.01075,16.78553,7.1675434,4.7171016,106.6555,0.0,53.042408,49.470001,0.59002918,5.0,2.8061838,7.5068669,221.21849,293.28467,13.566921,0,5.6825762,11.365152,151.05762,22.058474,24.932074,203.265,371,20,74,EXT113
C:/Users/MICROSOFT/Documents/nauval_mrnavac/cycpeptmp_standalone/runs/run_20260102_172000_moe/sdf/peptide.sdf,O=C[C@@]([N+]C)Cc1c2c([nH]c1)cccc2,114,72.948227,34.123894,2,1,0,0,1,1,0,9,1,30,1,2,15,11,43.583809,1.4527936,0,0,12,0,0,15,0,2,3,1,0,0,1.8832458,-2.5753837,-0.51070541,0.63159698,2.6140077,-3.3993351,-0.48028001,0.67918652,2.4460392,-2.3932612,-0.41845077,0.73808181,2.803618,18.016106,4,0.25,10,31,1,16,3,4,0.25,20,0,10.673362,8.7341576,7.2485585,8.2591486,7.3468666,5.1462216,3.4611604,4.6161566,1,0,0.69306386,8,1,-0.86534745,-0.33929288,0.16223003,2.4948657,-2.2476585,-0.2618283,0.13669883,2.5070097,-0.63572836,-0.19903611,0.16753262,2.7427032,1.4807214,23.353228,8.324172,1.2495927,-2.0702543,-0.15256533,0,5.3082604,6.0752621,0.72948229,7.430819,14,1.7927901,0.1880424,11.484375,5.3650794,2.5714285,8.2204742,3.7390726,1.7530622,2.04913,3,3,1,0,2.017,-1.48491,6.14047,1,1,10,1,2,4,0,0,0,2.2252789,-1.2252787,0.1559376,0.29410812,42.886093,57.361778,11.676732,27.123898,0,0.0,17.238026,14.463444,36.764713,0,0,0,13.566921,0.13689101,0.86012995,0.29351962,0.061946955,0.13987003,0.70648038,0.077923082,190.27666,64.931969,13.703812,30.941837,156.28653,17.238026,0.5,1,0,0,0,0,1,0,0,0,1,0,221.21849,0,0,0,221.21849,0,4,4,1,2,0,0,0.46666667,0.47106999,18.01075,0.0,64.774933,0.0,3.185575,51.765594,0,92.504196,0.0,0,5.9704099,23.862217,18.01075,16.78553,7.1675434,4.7171016,106.6555,0.0,53.042408,49.470001,0.59002918,5.0,2.8061838,7.5068669,221.21849,293.28467,13.566921,0,5.6825762,11.365152,151.05762,22.058474,24.932074,203.265,371,20,74,EXT114
C:/Users/MICROSOFT/Documents/nauval_mrnavac/cycpeptmp_standalone/runs/run_20260102_172000_moe/sdf/peptide.sdf,O=C[C@@]([N+]C)Cc1c2c([nH]c1)cccc2,115,72.948227,34.123894,2,1,0,0,1,1,0,9,1,30,1,2,15,11,43.583809,1.4527936,0,0,12,0,0,15,0,2,3,1,0,0,1.8832458,-2.5753837,-0.51070541,0.63159698,2.6140077,-3.3993351,-0.48028001,0.67918652,2.4460392,-2.3932612,-0.41845077,0.73808181,2.803618,18.016106,4,0.25,10,31,1,16,3,4,0.25,20,0,10.673362,8.7341576,7.2485585,8.2591486,7.3468666,5.1462216,3.4611604,4.6161566,1,0,0.69306386,8,1,-0.86534745,-0.33929288,0.16223003,2.4948657,-2.2476585,-0.2618283,0.13669883,2.5070097,-0.63572836,-0.19903611,0.16753262,2.7427032,1.4807214,23.353228,8.324172,1.2495927,-2.0702543,-0.15256533,0,5.3082604,6.0752621,0.72948229,7.430819,14,1.7927901,0.1880424,11.484375,5.3650794,2.5714285,8.2204742,3.7390726,1.7530622,2.04913,3,3,1,0,2.017,-1.48491,6.14047,1,1,10,1,2,4,0,0,0,2.2252789,-1.2252787,0.1559376,0.29410812,42.886093,57.361778,11.676732,27.123898,0,0.0,17.238026,14.463444,36.764713,0,0,0,13.566921,0.13689101,0.86012995,0.29351962,0.061946955,0.13987003,0.70648038,0.077923082,190.27666,64.931969,13.703812,30.941837,156.28653,17.238026,0.5,1,0,0,0,0,1,0,0,0,1,0,221.21849,0,0,0,221.21849,0,4,4,1,2,0,0,0.46666667,0.47106999,18.01075,0.0,64.774933,0.0,3.185575,51.765594,0,92.504196,0.0,0,5.9704099,23.862217,18.01075,16.78553,7.1675434,4.7171016,106.6555,0.0,53.042408,49.470001,0.59002918,5.0,2.8061838,7.5068669,221.21849,293.28467,13.566921,0,5.6825762,11.365152,151.05762,22.058474,24.932074,203.265,371,20,74,EXT115
C:/Users/MICROSOFT/Documents/nauval_mrnavac/cycpeptmp_standalone/runs/run_20260102_172000_moe/sdf/peptide.sdf,O=C[C@@]([N+]C)Cc1c2c([nH]c1)cccc2,116,72.948227,34.123894,2,1,0,0,1,1,0,9,1,30,1,2,15,11,43.583809,1.4527936,0,0,12,0,0,15,0,2,3,1,0,0,1.8832458,-2.5753837,-0.51070541,0.63159698,2.6140077,-3.3993351,-0.48028001,0.67918652,2.4460392,-2.3932612,-0.41845077,0.73808181,2.803618,18.016106,4,0.25,10,31,1,16,3,4,0.25,20,0,10.673362,8.7341576,7.2485585,8.2591486,7.3468666,5.1462216,3.4611604,4.6161566,1,0,0.69306386,8,1,-0.86534745,-0.33929288,0.16223003,2.4948657,-2.2476585,-0.2618283,0.13669883,2.5070097,-0.63572836,-0.19903611,0.16753262,2.7427032,1.4807214,23.353228,8.324172,1.2495927,-2.0702543,-0.15256533,0,5.3082604,6.0752621,0.72948229,7.430819,14,1.7927901,0.1880424,11.484375,5.3650794,2.5714285,8.2204742,3.7390726,1.7530622,2.04913,3,3,1,0,2.017,-1.48491,6.14047,1,1,10,1,2,4,0,0,0,2.2252789,-1.2252787,0.1559376,0.29410812,42.886093,57.361778,11.676732,27.123898,0,0.0,17.238026,14.463444,36.764713,0,0,0,13.566921,0.13689101,0.86012995,0.29351962,0.061946955,0.13987003,0.70648038,0.077923082,190.27666,64.931969,13.703812,30.941837,156.28653,17.238026,0.5,1,0,0,0,0,1,0,0,0,1,0,221.21849,0,0,0,221.21849,0,4,4,1,2,0,0,0.46666667,0.47106999,18.01075,0.0,64.774933,0.0,3.185575,51.765594,0,92.504196,0.0,0,5.9704099,23.862217,18.01075,16.78553,7.1675434,4.7171016,106.6555,0.0,53.042408,49.470001,0.59002918,5.0,2.8061838,7.5068669,221.21849,293.28467,13.566921,0,5.6825762,11.365152,151.05762,22.058474,24.932074,203.265,371,20,74,EXT116
C:/Users/MICROSOFT/Documents/nauval_mrnavac/cycpeptmp_standalone/runs/run_20260102_172000_moe/sdf/peptide.sdf,O=C[C@@]([N+]C)Cc1c2c([nH]c1)cccc2,117,72.948227,34.123894,2,1,0,0,1,1,0,9,1,30,1,2,15,11,43.583809,1.4527936,0,0,12,0,0,15,0,2,3,1,0,0,1.8832458,-2.5753837,-0.51070541,0.63159698,2.6140077,-3.3993351,-0.48028001,0.67918652,2.4460392,-2.3932612,-0.41845077,0.73808181,2.803618,18.016106,4,0.25,10,31,1,16,3,4,0.25,20,0,10.673362,8.7341576,7.2485585,8.2591486,7.3468666,5.1462216,3.4611604,4.6161566,1,0,0.69306386,8,1,-0.86534745,-0.33929288,0.16223003,2.4948657,-2.2476585,-0.2618283,0.13669883,2.5070097,-0.63572836,-0.19903611,0.16753262,2.7427032,1.4807214,23.353228,8.324172,1.2495927,-2.0702543,-0.15256533,0,5.3082604,6.0752621,0.72948229,7.430819,14,1.7927901,0.1880424,11.484375,5.3650794,2.5714285,8.2204742,3.7390726,1.7530622,2.04913,3,3,1,0,2.017,-1.48491,6.14047,1,1,10,1,2,4,0,0,0,2.2252789,-1.2252787,0.1559376,0.29410812,42.886093,57.361778,11.676732,27.123898,0,0.0,17.238026,14.463444,36.764713,0,0,0,13.566921,0.13689101,0.86012995,0.29351962,0.061946955,0.13987003,0.70648038,0.077923082,190.27666,64.931969,13.703812,30.941837,156.28653,17.238026,0.5,1,0,0,0,0,1,0,0,0,1,0,221.21849,0,0,0,221.21849,0,4,4,1,2,0,0,0.46666667,0.47106999,18.01075,0.0,64.774933,0.0,3.185575,51.765594,0,92.504196,0.0,0,5.9704099,23.862217,18.01075,16.78553,7.1675434,4.7171016,106.6555,0.0,53.042408,49.470001,0.59002918,5.0,2.8061838,7.5068669,221.21849,293.28467,13.566921,0,5.6825762,11.365152,151.05762,22.058474,24.932074,203.265,371,20,74,EXT117
C:/Users/MICROSOFT/Documents/nauval_mrnavac/cycpeptmp_standalone/runs/run_20260102_172000_moe/sdf/peptide.sdf,O=C[C@@]([N+]C)Cc1c2c([nH]c1)cccc2,118,72.948227,34.123894,2,1,0,0,1,1,0,9,1,30,1,2,15,11,43.583809,1.4527936,0,0,12,0,0,15,0,2,3,1,0,0,1.8832458,-2.5753837,-0.51070541,0.63159698,2.6140077,-3.3993351,-0.48028001,0.67918652,2.4460392,-2.3932612,-0.41845077,0.73808181,2.803618,18.016106,4,0.25,10,31,1,16,3,4,0.25,20,0,10.673362,8.7341576,7.2485585,8.2591486,7.3468666,5.1462216,3.4611604,4.6161566,1,0,0.69306386,8,1,-0.86534745,-0.33929288,0.16223003,2.4948657,-2.2476585,-0.2618283,0.13669883,2.5070097,-0.63572836,-0.19903611,0.16753262,2.7427032,1.4807214,23.353228,8.324172,1.2495927,-2.0702543,-0.15256533,0,5.3082604,6.0752621,0.72948229,7.430819,14,1.7927901,0.1880424,11.484375,5.3650794,2.5714285,8.2204742,3.7390726,1.7530622,2.04913,3,3,1,0,2.017,-1.48491,6.14047,1,1,10,1,2,4,0,0,0,2.2252789,-1.2252787,0.1559376,0.29410812,42.886093,57.361778,11.676732,27.123898,0,0.0,17.238026,14.463444,36.764713,0,0,0,13.566921,0.13689101,0.86012995,0.29351962,0.061946955,0.13987003,0.70648038,0.077923082,190.27666,64.931969,13.703812,30.941837,156.28653,17.238026,0.5,1,0,0,0,0,1,0,0,0,1,0,221.21849,0,0,0,221.21849,0,4,4,1,2,0,0,0.46666667,0.47106999,18.01075,0.0,64.774933,0.0,3.185575,51.765594,0,92.504196,0.0,0,5.9704099,23.862217,18.01075,16.78553,7.1675434,4.7171016,106.6555,0.0,53.042408,49.470001,0.59002918,5.0,2.8061838,7.5068669,221.21849,293.28467,13.566921,0,5.6825762,11.365152,151.05762,22.058474,24.932074,203.265,371,20,74,EXT118
C:/Users/MICROSOFT/Documents/nauval_mrnavac/cycpeptmp_standalone/runs/run_20260102_172000_moe/sdf/peptide.sdf,O=C[C@@]([N+]C)Cc1c2c([nH]c1)cccc2,119,72.948227,34.123894,2,1,0,0,1,1,0,9,1,30,1,2,15,11,43.583809,1.4527936,0,0,12,0,0,15,0,2,3,1,0,0,1.8832458,-2.5753837,-0.51070541,0.63159698,2.6140077,-3.3993351,-0.48028001,0.67918652,2.4460392,-2.3932612,-0.41845077,0.73808181,2.803618,18.016106,4,0.25,10,31,1,16,3,4,0.25,20,0,10.673362,8.7341576,7.2485585,8.2591486,7.3468666,5.1462216,3.4611604,4.6161566,1,0,0.69306386,8,1,-0.86534745,-0.33929288,0.16223003,2.4948657,-2.2476585,-0.2618283,0.13669883,2.5070097,-0.63572836,-0.19903611,0.16753262,2.7427032,1.4807214,23.353228,8.324172,1.2495927,-2.0702543,-0.15256533,0,5.3082604,6.0752621,0.72948229,7.430819,14,1.7927901,0.1880424,11.484375,5.3650794,2.5714285,8.2204742,3.7390726,1.7530622,2.04913,3,3,1,0,2.017,-1.48491,6.14047,1,1,10,1,2,4,0,0,0,2.2252789,-1.2252787,0.1559376,0.29410812,42.886093,57.361778,11.676732,27.123898,0,0.0,17.238026,14.463444,36.764713,0,0,0,13.566921,0.13689101,0.86012995,0.29351962,0.061946955,0.13987003,0.70648038,0.077923082,190.27666,64.931969,13.703812,30.941837,156.28653,17.238026,0.5,1,0,0,0,0,1,0,0,0,1,0,221.21849,0,0,0,221.21849,0,4,4,1,2,0,0,0.46666667,0.47106999,18.01075,0.0,64.774933,0.0,3.185575,51.765594,0,92.504196,0.0,0,5.9704099,23.862217,18.01075,16.78553,7.1675434,4.7171016,106.6555,0.0,53.042408,49.470001,0.59002918,5.0,2.8061838,7.5068669,221.21849,293.28467,13.566921,0,5.6825762,11.365152,151.05762,22.058474,24.932074,203.265,371,20,74,EXT119
C:/Users/MICROSOFT/Documents/nauval_mrnavac/cycpeptmp_standalone/runs/run_20260102_172000_moe/sdf/peptide.sdf,O=C[C@@]([N+]C)Cc1c2c([nH]c1)cccc2,120,72.948227,34.123894,2,1,0,0,1,1,0,9,1,30,1,2,15,11,43.583809,1.4527936,0,0,12,0,0,15,0,2,3,1,0,0,1.8832458,-2.5753837,-0.51070541,0.63159698,2.6140077,-3.3993351,-0.48028001,0.67918652,2.4460392,-2.3932612,-0.41845077,0.73808181,2.803618,18.016106,4,0.25,10,31,1,16,3,4,0.25,20,0,10.673362,8.7341576,7.2485585,8.2591486,7.3468666,5.1462216,3.4611604,4.6161566,1,0,0.69306386,8,1,-0.86534745,-0.33929288,0.16223003,2.4948657,-2.2476585,-0.2618283,0.13669883,2.5070097,-0.63572836,-0.19903611,0.16753262,2.7427032,1.4807214,23.353228,8.324172,1.2495927,-2.0702543,-0.15256533,0,5.3082604,6.0752621,0.72948229,7.430819,14,1.7927901,0.1880424,11.484375,5.3650794,2.5714285,8.2204742,3.7390726,1.7530622,2.04913,3,3,1,0,2.017,-1.48491,6.14047,1,1,10,1,2,4,0,0,0,2.2252789,-1.2252787,0.1559376,0.29410812,42.886093,57.361778,11.676732,27.123898,0,0.0,17.238026,14.463444,36.764713,0,0,0,13.566921,0.13689101,0.86012995,0.29351962,0.061946955,0.13987003,0.70648038,0.077923082,190.27666,64.931969,13.703812,30.941837,156.28653,17.238026,0.5,1,0,0,0,0,1,0,0,0,1,0,221.21849,0,0,0,221.21849,0,4,4,1,2,0,0,0.46666667,0.47106999,18.01075,0.0,64.774933,0.0,3.185575,51.765594,0,92.504196,0.0,0,5.9704099,23.862217,18.01075,16.78553,7.1675434,4.7171016,106.6555,0.0,53.042408,49.470001,0.59002918,5.0,2.8061838,7.5068669,221.21849,293.28467,13.566921,0,5.6825762,11.365152,151.05762,22.058474,24.932074,203.265,371,20,74,EXT120
