$File,SMILES,mol_charged,ASA,ASA+,ASA-,ASA_H,ASA_P,CASA+,CASA-,DASA,DCASA,dens,dipole,E,E_ang,E_ele,E_nb,E_oop,E_sol,E_stb,E_str,E_strain,E_tor,E_vdw,FASA+,FASA-,FASA_H,FASA_P,FCASA+,FCASA-,glob,npr1,npr2,pmi,pmi1,pmi2,pmi3,rgyr,std_dim1,std_dim2,std_dim3,vol,VSA,vsurf_A,vsurf_CP,vsurf_CW1,vsurf_CW2,vsurf_CW3,vsurf_CW4,vsurf_CW5,vsurf_CW6,vsurf_CW7,vsurf_CW8,vsurf_D1,vsurf_D2,vsurf_D3,vsurf_D4,vsurf_D5,vsurf_D6,vsurf_D7,vsurf_D8,vsurf_DD12,vsurf_DD13,vsurf_DD23,vsurf_DW12,vsurf_DW13,vsurf_DW23,vsurf_EDmin1,vsurf_EDmin2,vsurf_EDmin3,vsurf_EWmin1,vsurf_EWmin2,vsurf_EWmin3,vsurf_G,vsurf_HB1,vsurf_HB2,vsurf_HB3,vsurf_HB4,vsurf_HB5,vsurf_HB6,vsurf_HB7,vsurf_HB8,vsurf_HL1,vsurf_HL2,vsurf_ID1,vsurf_ID2,vsurf_ID3,vsurf_ID4,vsurf_ID5,vsurf_ID6,vsurf_ID7,vsurf_ID8,vsurf_IW1,vsurf_IW2,vsurf_IW3,vsurf_IW4,vsurf_IW5,vsurf_IW6,vsurf_IW7,vsurf_IW8,vsurf_R,vsurf_S,vsurf_V,vsurf_W1,vsurf_W2,vsurf_W3,vsurf_W4,vsurf_W5,vsurf_W6,vsurf_W7,vsurf_W8,vsurf_Wp1,vsurf_Wp2,vsurf_Wp3,vsurf_Wp4,vsurf_Wp5,vsurf_Wp6,vsurf_Wp7,vsurf_Wp8,ID
C:/Users/MICROSOFT/Documents/nauval_mrnavac/cycpeptmp_standalone/runs/run_20260102_172000_moe/sdf/peptide.sdf,S(CC[C@](NC)C=O)C.O=C(N)CC[C@](NC)C=O.O=C[C@@](NC)[C@](OC)C.O=C[C@@](NC)C(C)C.O=C[C@@](NC)CC(C)C.O=C[C@@](NC)CCCNC(=N)N.O=C[C@@](NC)CCCCN.O=C[C@@](NC)C,S(CC[C@](NC)C=O)C.O=C(N)CC[C@](NC)C=O.O=C[C@@](NC)[C@](OC)C.O=C[C@@](NC)C(C)C.O=C[C@@](NC)CC(C)C.O=C[C@@](NC)CCCNC(=N)N.O=C[C@@](NC)CCCCN.O=C[C@@](NC)C,463.961,355.34439,108.61662,295.86319,168.09781,7337.1509,2242.7158,246.72778,5094.4351,3.4394922,3.1939414,7161184300000.0,16.566256,-101.06856,7161184300000.0,0.050198194,166.63692,0,36.709763,7161184300000.0,54.838013,7161184300000.0,0.7658928,0.23410721,0.63768977,0.36231023,15.814155,4.8338456,0.21320021,0.30488744,0.90391791,6872.2466,1897.1898,5624.7119,6222.5913,2.5336552,2.3066285,1.1335822,1.0650536,311.25,274.73187,0.61075389,0.021820735,3.1926258,2.9653709,2.7518134,2.4228106,2.0921412,1.7252216,1.3823177,1.0894865,778.125,447.5,288.625,193.0,139.625,109.125,85.75,62.0,4.0311289,0.70710677,3.5707142,0.5,0.5,0.70710677,-3.7120988,-3.6947045,-3.5954537,-14.112667,-13.348255,-13.293359,1.1808045,194.75,289.875,312.25,315.75,288.75,245.875,190.25,132.75,1.5630143,1.6334196,0.35185245,0.34294066,0.44341111,0.61880493,0.70031393,0.63452536,0.61439621,0.7091012,0.11602475,0.15869011,0.11273078,0.12771809,0.23817481,0.31479385,0.42498508,0.56266159,1.4438754,388.19138,560.5,1598.5,1253.75,968.375,651.0,451.125,315.25,215.375,140.875,1403.75,963.875,656.125,335.25,162.375,69.375,25.125,8.125,EXT1
C:/Users/MICROSOFT/Documents/nauval_mrnavac/cycpeptmp_standalone/runs/run_20260102_172000_moe/sdf/peptide.sdf,S(CC[C@](NC)C=O)C.O=C(N)CC[C@](NC)C=O.O=C[C@@](NC)[C@](OC)C.O=C[C@@](NC)C(C)C.O=C[C@@](NC)CC(C)C.O=C[C@@](NC)CCCNC(=N)N.O=C[C@@](NC)CCCCN.O=C[C@@](NC)C,S(CC[C@](NC)C=O)C.O=C(N)CC[C@](NC)C=O.O=C[C@@](NC)[C@](OC)C.O=C[C@@](NC)C(C)C.O=C[C@@](NC)CC(C)C.O=C[C@@](NC)CCCNC(=N)N.O=C[C@@](NC)CCCCN.O=C[C@@](NC)C,465.02359,305.63446,159.38913,230.46812,234.55547,6310.7402,3291.0667,146.24533,3019.6736,3.4478002,1.5880477,8492976400000.0,18.559795,1779.5801,8492976400000.0,0.026387272,15.101619,0,36.895302,8492976400000.0,58.599564,8492976400000.0,0.6572451,0.34275493,0.49560523,0.50439477,13.570796,7.0772038,0.20803288,0.32904297,0.87916505,7044.7471,2099.4619,5609.5215,6380.5103,2.5652568,2.2584236,1.1671535,1.030081,310.5,278.21649,0.57385147,0.021656085,3.1932535,2.9529903,2.7191453,2.3996668,2.0654423,1.6684231,1.3388683,0.99497426,809.875,469.75,291.75,195.5,141.25,106.875,81.0,64.0,0.5,0.70710677,0.5,4.6368093,4.0620193,0.70710677,-3.9334388,-3.8799529,-3.8514342,-13.487345,-13.272593,-13.242116,1.1910686,235.625,325.625,342.25,354.875,302.875,232.875,175.75,118.0,1.5694088,1.5997442,0.14405794,0.31227735,0.46912545,0.71268094,0.82934862,0.96224898,0.93811667,0.99427503,0.16429918,0.12161309,0.071528256,0.13784342,0.19417596,0.39578268,0.63242173,0.87523508,1.4486756,401.05597,581.0,1651.875,1283.875,975.125,658.875,457.875,312.75,213.5,135.625,1416.25,958.25,632.875,304.0,155.0,79.875,37.75,17.625,EXT2
C:/Users/MICROSOFT/Documents/nauval_mrnavac/cycpeptmp_standalone/runs/run_20260102_172000_moe/sdf/peptide.sdf,S(CC[C@](NC)C=O)C.O=C(N)CC[C@](NC)C=O.O=C[C@@](NC)[C@](OC)C.O=C[C@@](NC)C(C)C.O=C[C@@](NC)CC(C)C.O=C[C@@](NC)CCCNC(=N)N.O=C[C@@](NC)CCCCN.O=C[C@@](NC)C,S(CC[C@](NC)C=O)C.O=C(N)CC[C@](NC)C=O.O=C[C@@](NC)[C@](OC)C.O=C[C@@](NC)C(C)C.O=C[C@@](NC)CC(C)C.O=C[C@@](NC)CCCNC(=N)N.O=C[C@@](NC)CCCCN.O=C[C@@](NC)C,464.35861,323.73013,140.62848,204.70135,259.65726,6684.3799,2903.697,183.10164,3780.6829,3.3638396,2.5608325,6717425800000.0,19.01642,1203.8313,6717425800000.0,0.053205539,59.82299,0,36.371613,6717425800000.0,59.627171,6717425800000.0,0.69715542,0.30284458,0.440826,0.559174,14.394865,6.2531347,0.21111037,0.3465631,0.87584412,6880.6421,2145.9404,5423.2817,6192.0625,2.5352023,2.2320528,1.2212883,1.0255557,318.25,280.12729,0.97283268,0.018447744,3.1939013,2.967905,2.7410996,2.4215157,2.1048286,1.7504611,1.3545669,0.8873201,704.25,386.875,247.25,169.625,123.625,94.375,73.25,55.5,0.70710677,0.5,0.5,0.5,0.5,0.70710677,-4.6712842,-4.4741712,-4.4285064,-15.589004,-15.168689,-15.089482,1.1795835,203.375,293.25,316.625,314.875,278.875,223.5,163.5,100.5,1.8124368,1.8032424,0.40273276,0.60009146,0.73423469,0.71352333,0.77352566,0.71903032,0.69248259,0.64102745,0.095456526,0.042044464,0.12084273,0.26096559,0.34676817,0.47090763,0.52702612,0.81009841,1.4635146,397.58743,581.875,1625.875,1290.625,983.375,657.375,448.125,305.875,199.5,116.875,1422.5,997.375,666.75,342.5,169.25,82.375,36.0,16.375,EXT3
C:/Users/MICROSOFT/Documents/nauval_mrnavac/cycpeptmp_standalone/runs/run_20260102_172000_moe/sdf/peptide.sdf,S(CC[C@](NC)C=O)C.O=C(N)CC[C@](NC)C=O.O=C[C@@](NC)[C@](OC)C.O=C[C@@](NC)C(C)C.O=C[C@@](NC)CC(C)C.O=C[C@@](NC)CCCNC(=N)N.O=C[C@@](NC)CCCCN.O=C[C@@](NC)C,S(CC[C@](NC)C=O)C.O=C(N)CC[C@](NC)C=O.O=C[C@@](NC)[C@](OC)C.O=C[C@@](NC)C(C)C.O=C[C@@](NC)CC(C)C.O=C[C@@](NC)CCCNC(=N)N.O=C[C@@](NC)CCCCN.O=C[C@@](NC)C,459.63867,335.81631,123.82235,237.71652,221.92213,6933.9351,2556.6838,211.99396,4377.2515,3.5027959,4.7258439,7689743100000.0,16.045555,519.59564,7689743100000.0,0.048850626,114.10751,0,36.820568,7689743100000.0,53.879208,7689743100000.0,0.73060936,0.26939064,0.51718134,0.48281866,15.085622,5.5623775,0.19331427,0.2946865,0.94723946,7167.1411,1884.1476,6056.3989,6393.7358,2.587445,2.2994728,1.1835333,1.0110211,305.625,276.30402,2.0532458,0.022722567,3.1923213,2.9571433,2.7394519,2.392385,2.1189995,1.811175,1.3960644,1.0344871,810.125,475.625,310.0,214.0,156.5,123.75,99.0,74.125,0.5,0.70710677,0.5,1.118034,0.70710677,0.5,-4.1441154,-3.9931548,-3.9782085,-15.42896,-14.718248,-14.255835,1.1955577,206.75,270.25,295.0,301.125,272.875,218.0,161.75,115.125,1.5129032,1.5163552,1.1215044,1.3900516,1.5931147,1.7070603,1.6966838,1.7297162,1.8365117,1.8943796,0.099184386,0.16523032,0.21029443,0.33181441,0.51094943,0.78665888,1.0325197,1.2084428,1.4301805,395.31723,565.375,1631.5,1273.75,977.75,662.25,469.0,324.5,214.875,138.875,1424.75,1003.5,682.75,361.125,196.125,106.5,53.125,23.75,EXT4
C:/Users/MICROSOFT/Documents/nauval_mrnavac/cycpeptmp_standalone/runs/run_20260102_172000_moe/sdf/peptide.sdf,S(CC[C@](NC)C=O)C.O=C(N)CC[C@](NC)C=O.O=C[C@@](NC)[C@](OC)C.O=C[C@@](NC)C(C)C.O=C[C@@](NC)CC(C)C.O=C[C@@](NC)CCCNC(=N)N.O=C[C@@](NC)CCCCN.O=C[C@@](NC)C,S(CC[C@](NC)C=O)C.O=C(N)CC[C@](NC)C=O.O=C[C@@](NC)[C@](OC)C.O=C[C@@](NC)C(C)C.O=C[C@@](NC)CC(C)C.O=C[C@@](NC)CCCNC(=N)N.O=C[C@@](NC)CCCCN.O=C[C@@](NC)C,459.54568,374.60031,84.945389,255.58768,203.95801,7734.7471,1753.9523,289.65494,5980.7949,3.4575438,2.1286383,5305519300000.0,17.376003,902.20813,5305519300000.0,0.026513787,86.337738,0,37.084106,5305519300000.0,53.789467,5305519300000.0,0.81515354,0.18484645,0.5561747,0.4438253,16.831291,3.8167093,0.20183642,0.36568114,0.90988058,6599.2119,2120.9773,5277.3735,5800.0728,2.4828141,2.230145,1.229682,1.0019196,309.625,276.52362,0.85074979,0.019260416,3.1930509,2.967135,2.7308478,2.3585021,2.0500958,1.8205848,1.5385772,1.1077194,733.625,402.125,254.125,180.0,133.5,106.625,86.0,67.75,1.4142135,10.965857,9.8615417,0.5,0.5,1.0,-3.5901268,-3.5284538,-3.4544065,-14.463678,-13.918263,-13.653098,1.1784567,179.75,245.0,265.125,288.375,264.375,224.75,174.125,115.75,1.8155435,1.8444444,0.71274465,0.63281751,0.72910625,0.80501622,0.86217487,0.97983021,1.072498,1.1862805,0.15500791,0.25417528,0.19608504,0.1097499,0.1374803,0.2046786,0.32435539,0.42420831,1.4490072,388.62817,563.125,1601.125,1260.75,965.25,653.75,461.375,332.0,228.5,143.125,1421.375,1015.75,700.125,365.375,197.0,107.25,54.375,27.375,EXT5
C:/Users/MICROSOFT/Documents/nauval_mrnavac/cycpeptmp_standalone/runs/run_20260102_172000_moe/sdf/peptide.sdf,S(CC[C@](NC)C=O)C.O=C(N)CC[C@](NC)C=O.O=C[C@@](NC)[C@](OC)C.O=C[C@@](NC)C(C)C.O=C[C@@](NC)CC(C)C.O=C[C@@](NC)CCCNC(=N)N.O=C[C@@](NC)CCCCN.O=C[C@@](NC)C,S(CC[C@](NC)C=O)C.O=C(N)CC[C@](NC)C=O.O=C[C@@](NC)[C@](OC)C.O=C[C@@](NC)C(C)C.O=C[C@@](NC)CC(C)C.O=C[C@@](NC)CCCNC(=N)N.O=C[C@@](NC)CCCCN.O=C[C@@](NC)C,451.92938,324.13766,127.7917,216.31009,235.61929,6692.7944,2638.6431,196.34596,4054.1514,3.5375199,3.1479421,7373447000000.0,24.609823,-20.826864,7373447000000.0,0.17132565,183.40108,0,41.74099,7373447000000.0,66.972702,7373447000000.0,0.7172308,0.2827692,0.47863692,0.52136308,14.809381,5.8386183,0.19720235,0.30411598,0.95836031,7020.4746,1887.3467,5947.5933,6206.0098,2.5608337,2.3516967,1.1038768,1.044329,302.625,266.47458,1.5546595,0.019723242,3.2419016,3.0158505,2.7883303,2.4981592,2.2656426,1.9268039,1.5597762,1.0997266,748.25,424.0,275.875,192.75,143.625,113.625,90.375,70.0,0.5,0.5,0.70710677,0.70710677,0.86602539,0.5,-5.1420827,-5.0874548,-5.0333114,-13.54476,-13.239928,-13.167077,1.172188,220.375,311.25,324.25,327.25,305.125,252.0,188.625,124.75,1.7521522,1.7392997,0.65325004,0.94030076,1.2269577,1.5249807,1.5862558,1.6494535,1.7114098,1.9033681,0.16147599,0.25518253,0.31193215,0.35980448,0.47438836,0.59746724,0.94224894,1.4281161,1.4532988,384.72818,559.125,1628.625,1294.875,997.375,679.375,483.375,335.25,222.0,134.75,1408.25,983.625,673.125,352.125,178.25,83.25,33.375,10.0,EXT6
C:/Users/MICROSOFT/Documents/nauval_mrnavac/cycpeptmp_standalone/runs/run_20260102_172000_moe/sdf/peptide.sdf,S(CC[C@](NC)C=O)C.O=C(N)CC[C@](NC)C=O.O=C[C@@](NC)[C@](OC)C.O=C[C@@](NC)C(C)C.O=C[C@@](NC)CC(C)C.O=C[C@@](NC)CCCNC(=N)N.O=C[C@@](NC)CCCCN.O=C[C@@](NC)C,S(CC[C@](NC)C=O)C.O=C(N)CC[C@](NC)C=O.O=C[C@@](NC)[C@](OC)C.O=C[C@@](NC)C(C)C.O=C[C@@](NC)CC(C)C.O=C[C@@](NC)CCCNC(=N)N.O=C[C@@](NC)CCCCN.O=C[C@@](NC)C,467.82861,319.26483,148.56378,200.13742,267.69119,6592.1802,3067.5449,170.70105,3524.6353,3.4464128,4.4678268,9535708200000.0,18.329538,360.21515,9535708200000.0,0.045926321,113.30244,0,36.604469,9535708200000.0,55.983608,9535708200000.0,0.68243974,0.31756029,0.42780074,0.57219929,14.091016,6.5569844,0.19502138,0.32198226,0.91359949,6903.187,1988.4791,5642.1538,6175.7412,2.5393524,2.2520022,1.232327,0.99451178,310.625,275.19162,2.4829772,0.021612329,3.1861792,2.9584455,2.7112024,2.350142,2.0140646,1.6210527,1.2779974,0.95893186,722.625,423.625,290.625,211.875,165.0,130.875,105.875,85.375,0.5,0.5,0.70710677,0.70710677,0.86602539,1.118034,-4.8067527,-4.7355199,-4.6447816,-15.130052,-14.353823,-14.019245,1.1852779,219.375,316.125,322.0,306.625,261.5,202.625,153.125,105.5,1.4980645,1.3982301,0.92007512,1.5266057,1.8263803,1.961486,2.109323,2.1608105,2.1921082,2.2912025,0.27135098,0.27971473,0.35702401,0.51424271,0.67905051,0.83072758,0.9388907,1.1890403,1.4575257,400.07867,583.125,1623.75,1288.125,966.25,635.375,435.375,296.25,200.625,127.125,1404.375,972.0,644.25,328.75,173.875,93.625,47.5,21.625,EXT7
C:/Users/MICROSOFT/Documents/nauval_mrnavac/cycpeptmp_standalone/runs/run_20260102_172000_moe/sdf/peptide.sdf,S(CC[C@](NC)C=O)C.O=C(N)CC[C@](NC)C=O.O=C[C@@](NC)[C@](OC)C.O=C[C@@](NC)C(C)C.O=C[C@@](NC)CC(C)C.O=C[C@@](NC)CCCNC(=N)N.O=C[C@@](NC)CCCCN.O=C[C@@](NC)C,S(CC[C@](NC)C=O)C.O=C(N)CC[C@](NC)C=O.O=C[C@@](NC)[C@](OC)C.O=C[C@@](NC)C(C)C.O=C[C@@](NC)CC(C)C.O=C[C@@](NC)CCCNC(=N)N.O=C[C@@](NC)CCCCN.O=C[C@@](NC)C,445.17728,330.33124,114.84603,276.66577,168.51151,6820.6797,2371.3408,215.48523,4449.3389,3.5287745,6.0736675,10405227000000.0,18.617027,254.78737,10405227000000.0,0.048257504,144.94115,0,36.962021,10405227000000.0,51.623795,10405227000000.0,0.7420218,0.2579782,0.62147325,0.37852675,15.321266,5.3267336,0.20412548,0.35477191,0.88000327,6408.8643,2034.8221,5047.3276,5735.5786,2.4467449,2.1990659,1.2564197,0.99354345,303.375,265.15207,2.8521106,0.019651707,3.2258165,2.9886603,2.7626293,2.4561057,2.1011446,1.7675887,1.4249506,1.0467349,732.5,379.0,244.0,172.25,126.75,97.75,76.375,59.625,2.5495098,0.70710677,2.1213202,0.5,0.70710677,0.5,-3.9073615,-3.8072586,-3.7380593,-12.929402,-12.841748,-12.601195,1.1658118,215.75,305.25,328.0,316.25,275.625,231.0,177.75,118.5,1.8176229,1.8156749,1.2277464,1.8310896,2.2624309,2.47328,2.6881645,2.8500209,3.1041489,3.3608644,0.097296648,0.2096813,0.31979293,0.45846209,0.59970611,0.64576155,0.83753765,1.0465506,1.4536947,378.69025,550.5,1591.5,1248.625,956.0,648.5,443.5,312.75,212.25,129.5,1375.75,943.375,628.0,332.25,167.875,81.75,34.5,11.0,EXT8
C:/Users/MICROSOFT/Documents/nauval_mrnavac/cycpeptmp_standalone/runs/run_20260102_172000_moe/sdf/peptide.sdf,S(CC[C@](NC)C=O)C.O=C(N)CC[C@](NC)C=O.O=C[C@@](NC)[C@](OC)C.O=C[C@@](NC)C(C)C.O=C[C@@](NC)CC(C)C.O=C[C@@](NC)CCCNC(=N)N.O=C[C@@](NC)CCCCN.O=C[C@@](NC)C,S(CC[C@](NC)C=O)C.O=C(N)CC[C@](NC)C=O.O=C[C@@](NC)[C@](OC)C.O=C[C@@](NC)C(C)C.O=C[C@@](NC)CC(C)C.O=C[C@@](NC)CCCNC(=N)N.O=C[C@@](NC)CCCCN.O=C[C@@](NC)C,451.38834,305.51691,145.87144,213.25571,238.13264,6308.313,3011.9536,159.64546,3296.3594,3.566987,2.565181,2953410200000.0,19.673721,325.99533,2953410200000.0,0.084389135,147.67361,0,36.960083,2953410200000.0,56.313118,2953410200000.0,0.67683828,0.32316175,0.47244397,0.527556,13.975356,6.6726437,0.20009062,0.30056641,0.9198696,6952.1318,1882.1323,5760.1792,6261.9517,2.5483387,2.2818136,1.1332496,1.0206892,300.125,264.43646,2.8425758,0.01717703,3.2171907,2.9865465,2.767349,2.4669638,2.2492361,1.9094878,1.4984385,1.0547831,712.25,382.5,237.0,158.125,115.625,85.5,67.375,54.625,0.5,0.5,0.70710677,0.5,6.2249498,6.6708322,-3.8707757,-3.6504641,-3.5806928,-13.298627,-13.090066,-12.60207,1.178471,218.5,310.125,343.75,335.375,309.625,245.625,183.625,117.375,2.0453587,2.1027668,1.4626768,1.9046825,2.1128342,2.3983397,2.5548837,2.8684986,3.0924456,3.3638065,0.16103049,0.37909457,0.49196926,0.63130039,0.73410213,0.88314742,0.87737834,0.63720107,1.4463042,387.19379,560.0,1617.5,1280.125,993.625,679.25,484.75,332.5,220.625,134.625,1399.0,970.0,649.875,343.875,175.125,86.875,37.0,17.25,EXT9
C:/Users/MICROSOFT/Documents/nauval_mrnavac/cycpeptmp_standalone/runs/run_20260102_172000_moe/sdf/peptide.sdf,S(CC[C@](NC)C=O)C.O=C(N)CC[C@](NC)C=O.O=C[C@@](NC)[C@](OC)C.O=C[C@@](NC)C(C)C.O=C[C@@](NC)CC(C)C.O=C[C@@](NC)CCCNC(=N)N.O=C[C@@](NC)CCCCN.O=C[C@@](NC)C,S(CC[C@](NC)C=O)C.O=C(N)CC[C@](NC)C=O.O=C[C@@](NC)[C@](OC)C.O=C[C@@](NC)C(C)C.O=C[C@@](NC)CC(C)C.O=C[C@@](NC)CCCNC(=N)N.O=C[C@@](NC)CCCCN.O=C[C@@](NC)C,473.55902,298.12537,175.43364,181.38226,292.17676,6155.6929,3622.3538,122.69173,2533.3389,3.4464128,0.24099413,9234913700000.0,17.982368,406.89627,9234913700000.0,0.03405999,104.56077,0,37.69772,9234913700000.0,56.441372,9234913700000.0,0.62954217,0.37045783,0.38301933,0.61698067,12.998787,7.6492133,0.18713388,0.30780041,0.98896873,7362.4761,1973.3573,6340.4355,6411.1587,2.6224673,2.3639684,1.10267,1.0226284,310.625,279.35364,1.7375546,0.015951054,3.1869681,2.9686534,2.7280672,2.4471991,2.2102466,1.8763828,1.473788,0.98008841,660.75,355.5,226.875,157.625,115.75,87.5,70.0,52.875,2.95804,0.5,2.5495098,10.024969,0.70710677,9.5131493,-3.5592477,-3.4367795,-3.4258475,-14.51724,-14.086313,-14.022779,1.1895291,233.0,352.25,361.75,370.375,335.375,265.25,182.75,115.375,2.1658401,2.1554322,0.54938841,0.9577046,1.3890687,1.6149322,1.8772851,2.053643,2.1612487,2.270787,0.23710747,0.30076993,0.3323555,0.37802115,0.39863005,0.38780814,0.4862155,0.74976403,1.4560431,403.57666,587.625,1648.5,1326.0,1013.625,693.125,491.375,339.75,214.375,128.125,1415.5,973.75,651.875,322.75,156.0,74.5,31.625,12.75,EXT10
C:/Users/MICROSOFT/Documents/nauval_mrnavac/cycpeptmp_standalone/runs/run_20260102_172000_moe/sdf/peptide.sdf,S(CC[C@](NC)C=O)C.O=C(N)CC[C@](NC)C=O.O=C[C@@](NC)[C@](OC)C.O=C[C@@](NC)C(C)C.O=C[C@@](NC)CC(C)C.O=C[C@@](NC)CCCNC(=N)N.O=C[C@@](NC)CCCCN.O=C[C@@](NC)C,S(CC[C@](NC)C=O)C.O=C(N)CC[C@](NC)C=O.O=C[C@@](NC)[C@](OC)C.O=C[C@@](NC)C(C)C.O=C[C@@](NC)CC(C)C.O=C[C@@](NC)CCCNC(=N)N.O=C[C@@](NC)CCCCN.O=C[C@@](NC)C,486.27844,352.76318,133.51526,220.29716,265.98126,7283.8545,2756.823,219.24792,4527.0313,3.2952428,3.5298254,5195481700000.0,17.671606,1113.5948,5195481700000.0,0.033848241,74.262611,0,36.604805,5195481700000.0,51.965992,5195481700000.0,0.72543454,0.27456546,0.4530268,0.54697317,14.978772,5.6692271,0.19450839,0.31649199,0.9688381,7037.8979,1949.3362,5967.2637,6159.1958,2.5640094,2.3771329,1.1031929,1.0483894,324.875,293.00012,2.841089,0.019373445,3.1146886,2.894351,2.6425483,2.1828506,1.8809745,1.6394259,1.2748816,0.90453255,696.0,382.875,241.0,170.5,122.75,91.375,69.75,56.25,0.5,0.5,1.0,0.86602539,1.2247449,0.5,-3.268821,-2.9867673,-2.9365427,-14.161825,-13.849021,-13.741695,1.1979169,203.625,290.125,303.25,320.625,276.875,216.75,153.875,100.0,1.7977178,1.7631965,1.6185154,1.9895039,2.1357858,2.1101136,2.2722476,2.6462452,2.8609533,3.0942137,0.28456652,0.54987657,0.64649153,0.7095533,0.71310335,0.70622653,0.66775453,0.86408991,1.4577447,413.13818,602.25,1613.625,1271.0,947.125,622.875,433.25,300.625,197.125,119.125,1410.0,980.875,643.875,302.25,156.375,83.875,43.25,19.125,EXT11
C:/Users/MICROSOFT/Documents/nauval_mrnavac/cycpeptmp_standalone/runs/run_20260102_172000_moe/sdf/peptide.sdf,S(CC[C@](NC)C=O)C.O=C(N)CC[C@](NC)C=O.O=C[C@@](NC)[C@](OC)C.O=C[C@@](NC)C(C)C.O=C[C@@](NC)CC(C)C.O=C[C@@](NC)CCCNC(=N)N.O=C[C@@](NC)CCCCN.O=C[C@@](NC)C,S(CC[C@](NC)C=O)C.O=C(N)CC[C@](NC)C=O.O=C[C@@](NC)[C@](OC)C.O=C[C@@](NC)C(C)C.O=C[C@@](NC)CC(C)C.O=C[C@@](NC)CCCNC(=N)N.O=C[C@@](NC)CCCCN.O=C[C@@](NC)C,465.93481,298.66611,167.26868,209.3562,256.57861,6166.8579,3453.7637,131.39743,2713.0942,3.385113,4.2921014,9365750800000.0,18.904442,377.46133,9365750800000.0,0.045092516,147.50349,0,37.617184,9365750800000.0,57.672318,9365750800000.0,0.64100409,0.35899588,0.44932508,0.55067492,13.235453,7.4125471,0.23048849,0.37674537,0.95764452,6813.3809,2199.2124,5590.1519,5837.3975,2.5227807,2.2371566,1.17128,1.0740414,316.25,281.30423,1.9279963,0.016347921,3.182533,2.9607193,2.7405589,2.4705403,2.1305342,1.7962214,1.4124153,0.93529314,648.25,344.0,220.125,156.375,114.25,85.625,64.75,50.0,0.86602539,3.6742346,4.3874822,0.5,0.5,0.70710677,-4.3529968,-4.1204147,-4.0386572,-13.872169,-13.005554,-12.861066,1.1782355,255.375,342.125,372.375,377.125,313.375,249.25,176.5,104.75,2.060761,1.9760191,1.2822011,1.6400322,1.8472949,1.8876523,1.9291021,2.1154943,2.1805401,2.2950516,0.22760274,0.31566888,0.248882,0.11406334,0.10115557,0.15948649,0.31406641,0.57034874,1.4736385,401.72675,592.0,1641.875,1293.375,992.0,670.375,453.625,309.0,195.75,111.25,1386.5,951.25,619.625,293.25,140.25,59.75,19.25,6.5,EXT12
C:/Users/MICROSOFT/Documents/nauval_mrnavac/cycpeptmp_standalone/runs/run_20260102_172000_moe/sdf/peptide.sdf,S(CC[C@](NC)C=O)C.O=C(N)CC[C@](NC)C=O.O=C[C@@](NC)[C@](OC)C.O=C[C@@](NC)C(C)C.O=C[C@@](NC)CC(C)C.O=C[C@@](NC)CCCNC(=N)N.O=C[C@@](NC)CCCCN.O=C[C@@](NC)C,S(CC[C@](NC)C=O)C.O=C(N)CC[C@](NC)C=O.O=C[C@@](NC)[C@](OC)C.O=C[C@@](NC)C(C)C.O=C[C@@](NC)CC(C)C.O=C[C@@](NC)CCCNC(=N)N.O=C[C@@](NC)CCCCN.O=C[C@@](NC)C,453.30847,329.20218,124.10629,199.68633,253.62215,6797.3667,2562.5466,205.0959,4234.8203,3.4631362,3.3651609,6044342800000.0,20.482635,886.55273,6044342800000.0,0.017669825,99.541992,0,36.393284,6044342800000.0,64.594627,6044342800000.0,0.72622114,0.27377889,0.44050869,0.55949134,14.995013,5.6529865,0.25709388,0.40475577,0.89121813,6586.0107,2322.0872,5112.9258,5737.0083,2.4803295,2.1598887,1.1676972,1.0951593,309.125,269.94867,1.7916346,0.018206066,3.2288322,2.9956696,2.739526,2.4497485,2.2123129,1.9217154,1.5371097,1.1095374,652.875,369.125,244.125,166.875,124.125,94.75,75.5,57.75,1.2247449,0.5,0.86602539,0.5,8.9162769,9.1241436,-3.5968282,-3.582226,-3.5604751,-12.409874,-12.294168,-12.064555,1.1608636,215.375,322.5,342.625,343.0,318.625,248.625,175.375,111.75,1.9718382,2.0,1.1701058,1.488506,1.5627995,1.5229598,1.5258805,1.4228276,1.5024552,1.6328952,0.082770318,0.18365163,0.24713662,0.30119541,0.33497688,0.35873798,0.42575693,0.57664037,1.4737915,384.29791,566.375,1599.375,1286.0,980.5,669.5,481.375,333.75,221.625,134.625,1384.0,963.5,637.875,326.5,162.75,85.125,46.25,22.875,EXT13
C:/Users/MICROSOFT/Documents/nauval_mrnavac/cycpeptmp_standalone/runs/run_20260102_172000_moe/sdf/peptide.sdf,S(CC[C@](NC)C=O)C.O=C(N)CC[C@](NC)C=O.O=C[C@@](NC)[C@](OC)C.O=C[C@@](NC)C(C)C.O=C[C@@](NC)CC(C)C.O=C[C@@](NC)CCCNC(=N)N.O=C[C@@](NC)CCCCN.O=C[C@@](NC)C,S(CC[C@](NC)C=O)C.O=C(N)CC[C@](NC)C=O.O=C[C@@](NC)[C@](OC)C.O=C[C@@](NC)C(C)C.O=C[C@@](NC)CC(C)C.O=C[C@@](NC)CCCNC(=N)N.O=C[C@@](NC)CCCCN.O=C[C@@](NC)C,464.27838,331.45364,132.82474,201.43208,262.84631,6843.855,2742.5652,198.62891,4101.2896,3.3118081,3.9794188,11547997000000.0,16.941132,399.05658,11547997000000.0,0.070858881,144.82231,0,36.644863,11547997000000.0,49.561008,11547997000000.0,0.71391141,0.28608856,0.43386057,0.56613946,14.740843,5.9071569,0.1915182,0.32603252,0.92704523,6984.0195,2021.2507,5747.251,6199.5371,2.5541763,2.3028111,1.1835101,1.0077745,323.25,282.48813,1.438954,0.016880423,3.2138612,2.9907677,2.7610562,2.5146801,2.2405543,1.7037967,1.2305354,0.82356435,682.625,373.25,244.125,169.625,121.25,88.375,66.875,51.25,0.5,1.2247449,1.118034,0.5,0.70710677,0.86602539,-4.171402,-4.1168499,-3.9842424,-13.382429,-13.100387,-11.644684,1.1722995,226.375,325.375,346.875,340.875,305.625,232.375,165.125,102.5,1.8714797,1.7324982,0.86119336,1.0709927,1.1802988,1.4156479,1.7164429,1.9735948,2.0718079,2.2806993,0.1288891,0.14033452,0.25966153,0.29533389,0.37467045,0.57004476,0.83807802,1.1865867,1.4748192,396.31976,584.5,1635.125,1310.375,997.75,671.125,456.875,293.875,185.125,107.75,1408.75,985.0,650.875,330.25,151.25,61.5,20.0,5.25,EXT14
C:/Users/MICROSOFT/Documents/nauval_mrnavac/cycpeptmp_standalone/runs/run_20260102_172000_moe/sdf/peptide.sdf,S(CC[C@](NC)C=O)C.O=C(N)CC[C@](NC)C=O.O=C[C@@](NC)[C@](OC)C.O=C[C@@](NC)C(C)C.O=C[C@@](NC)CC(C)C.O=C[C@@](NC)CCCNC(=N)N.O=C[C@@](NC)CCCCN.O=C[C@@](NC)C,S(CC[C@](NC)C=O)C.O=C(N)CC[C@](NC)C=O.O=C[C@@](NC)[C@](OC)C.O=C[C@@](NC)C(C)C.O=C[C@@](NC)CC(C)C.O=C[C@@](NC)CCCNC(=N)N.O=C[C@@](NC)CCCCN.O=C[C@@](NC)C,458.06158,363.68723,94.374352,248.90335,209.15823,7509.4141,1948.6416,269.3129,5560.7725,3.4871075,3.2139721,4571725300000.0,17.147039,1197.1061,4571725300000.0,0.0096821496,68.594078,0,37.089024,4571725300000.0,59.233406,4571725300000.0,0.79397017,0.20602983,0.54338402,0.45661598,16.393896,4.2541041,0.23700096,0.33704343,0.97607762,6819.2939,1987.2701,5755.1333,5896.1846,2.523875,2.2590017,1.1254941,1.0997441,307.0,272.41479,2.4785743,0.016240578,3.24964,3.0156333,2.7960548,2.5148947,2.2809708,2.0170634,1.6203635,1.0836028,694.625,377.75,225.75,148.375,105.25,76.875,57.5,42.375,1.2247449,0.86602539,0.5,0.5,1.2247449,1.118034,-4.3572855,-4.3314543,-4.3043036,-12.962168,-12.899286,-12.787,1.1725167,192.875,258.25,292.25,307.625,282.375,232.875,182.375,121.375,2.1799557,2.3100252,1.4819136,1.8964075,2.1006422,2.0340047,2.0667105,2.2398591,2.3345275,2.4857216,0.099651657,0.24014856,0.21039097,0.29478115,0.40855399,0.50020373,0.57496917,0.68940485,1.4493096,382.94098,555.0,1625.0,1289.375,1003.125,693.375,492.125,342.75,231.375,137.0,1432.125,1031.125,710.875,385.75,209.75,109.875,49.0,15.625,EXT15
C:/Users/MICROSOFT/Documents/nauval_mrnavac/cycpeptmp_standalone/runs/run_20260102_172000_moe/sdf/peptide.sdf,S(CC[C@](NC)C=O)C.O=C(N)CC[C@](NC)C=O.O=C[C@@](NC)[C@](OC)C.O=C[C@@](NC)C(C)C.O=C[C@@](NC)CC(C)C.O=C[C@@](NC)CCCNC(=N)N.O=C[C@@](NC)CCCCN.O=C[C@@](NC)C,S(CC[C@](NC)C=O)C.O=C(N)CC[C@](NC)C=O.O=C[C@@](NC)[C@](OC)C.O=C[C@@](NC)C(C)C.O=C[C@@](NC)CC(C)C.O=C[C@@](NC)CCCNC(=N)N.O=C[C@@](NC)CCCCN.O=C[C@@](NC)C,466.87656,323.74493,143.13162,201.16972,265.70685,6684.6855,2955.3816,180.61333,3729.3037,3.4491889,2.6874297,10969476000000.0,21.248434,2.6386495,10969476000000.0,0.072638452,163.91798,0,37.550556,10969476000000.0,61.14629,10969476000000.0,0.69342726,0.30657274,0.43088418,0.56911582,14.317886,6.3301134,0.19958879,0.33505723,0.89074588,7145.751,2151.3452,5719.3276,6420.8296,2.583581,2.2197273,1.2478354,0.9916712,310.375,278.08374,1.0975976,0.01870575,3.2108085,2.9801319,2.7668202,2.4879818,2.2120218,1.8822012,1.4821565,1.0115086,713.875,401.75,248.875,166.875,119.375,89.25,67.75,52.125,6.5954528,0.86602539,7.0887237,0.5,0.5,0.70710677,-3.7524507,-3.7380099,-3.6184561,-12.800683,-12.16291,-11.729725,1.1882571,243.75,349.125,370.25,353.625,300.5,246.625,182.375,115.125,1.9452536,1.9910113,0.74122936,0.89380729,0.94361067,1.0248444,1.0766695,1.0108974,0.9840098,1.1158923,0.27872208,0.336108,0.34429371,0.36405039,0.33061132,0.2791425,0.34191465,0.47298434,1.447297,397.46509,575.25,1652.125,1316.75,1015.625,690.25,484.125,332.25,214.5,125.875,1408.375,967.625,645.375,336.625,183.625,85.625,32.125,10.75,EXT16
C:/Users/MICROSOFT/Documents/nauval_mrnavac/cycpeptmp_standalone/runs/run_20260102_172000_moe/sdf/peptide.sdf,S(CC[C@](NC)C=O)C.O=C(N)CC[C@](NC)C=O.O=C[C@@](NC)[C@](OC)C.O=C[C@@](NC)C(C)C.O=C[C@@](NC)CC(C)C.O=C[C@@](NC)CCCNC(=N)N.O=C[C@@](NC)CCCCN.O=C[C@@](NC)C,S(CC[C@](NC)C=O)C.O=C(N)CC[C@](NC)C=O.O=C[C@@](NC)[C@](OC)C.O=C[C@@](NC)C(C)C.O=C[C@@](NC)CC(C)C.O=C[C@@](NC)CCCNC(=N)N.O=C[C@@](NC)CCCCN.O=C[C@@](NC)C,452.7113,345.36377,107.34754,200.25838,252.45293,7131.0708,2216.5122,238.01622,4914.5591,3.4589403,1.8161172,8288524600000.0,16.821617,981.95221,8288524600000.0,0.050888833,96.522392,0,36.72485,8288524600000.0,51.689281,8288524600000.0,0.7628786,0.23712142,0.44235337,0.55764663,15.751917,4.8960829,0.20868213,0.37647548,0.90715516,6686.1519,2204.5354,5312.0474,5855.7207,2.499115,2.262018,1.1749034,1.0333292,309.5,270.41577,3.1056619,0.016186887,3.2617548,3.0322738,2.8092842,2.5344517,2.2622173,1.9422203,1.5769176,1.2028756,691.625,368.75,219.875,142.75,101.5,75.5,54.5,41.0,0.5,0.5,0.70710677,0.70710677,4.974937,4.3874822,-3.310081,-3.2315614,-3.1755679,-14.175792,-13.693724,-13.618379,1.158084,196.625,279.5,315.875,331.0,306.75,255.375,196.0,132.125,2.228539,2.43345,1.9807009,2.514648,2.6816263,2.7110395,2.7239687,2.7923644,2.9625795,3.1334693,0.10072447,0.31014886,0.30870336,0.33943623,0.42846766,0.54460013,0.68060219,0.77728182,1.47034,379.75909,558.375,1619.0,1291.5,1003.125,688.5,490.0,347.375,237.125,150.125,1422.375,1012.0,687.25,357.5,183.25,92.0,41.125,18.0,EXT17
C:/Users/MICROSOFT/Documents/nauval_mrnavac/cycpeptmp_standalone/runs/run_20260102_172000_moe/sdf/peptide.sdf,S(CC[C@](NC)C=O)C.O=C(N)CC[C@](NC)C=O.O=C[C@@](NC)[C@](OC)C.O=C[C@@](NC)C(C)C.O=C[C@@](NC)CC(C)C.O=C[C@@](NC)CCCNC(=N)N.O=C[C@@](NC)CCCCN.O=C[C@@](NC)C,S(CC[C@](NC)C=O)C.O=C(N)CC[C@](NC)C=O.O=C[C@@](NC)[C@](OC)C.O=C[C@@](NC)C(C)C.O=C[C@@](NC)CC(C)C.O=C[C@@](NC)CCCNC(=N)N.O=C[C@@](NC)CCCCN.O=C[C@@](NC)C,445.22461,325.84998,119.37466,232.97345,212.25116,6728.1499,2464.8479,206.47531,4263.3022,3.5070992,1.2632424,12566585000000.0,17.705383,1915.5399,12566585000000.0,0.11039203,5.4738111,0,36.632351,12566585000000.0,56.865231,12566585000000.0,0.73187768,0.26812232,0.52327174,0.47672826,15.111811,5.5361896,0.23923106,0.35798144,0.97163671,6593.147,2026.2755,5499.7368,5660.2813,2.4816728,2.2291834,1.1335325,1.0903215,305.25,263.66565,2.562793,0.016979838,3.2495303,3.0139441,2.7889199,2.5201805,2.2608445,1.9289377,1.5283141,1.0798911,663.875,368.625,231.875,163.375,118.375,89.0,69.625,55.0,0.5,2.1794496,1.8708287,0.70710677,0.5,0.86602539,-3.6665602,-3.6550939,-3.585948,-14.954588,-14.10942,-14.073054,1.1647749,221.125,319.375,331.875,345.25,331.25,271.5,197.625,126.25,2.1008086,2.0688601,1.5342019,1.8629242,2.1135495,2.2378554,2.4014466,2.4919686,2.7863314,3.0142918,0.16661811,0.37082699,0.40251932,0.41075677,0.54678369,0.70547485,1.0053605,1.1880271,1.4572978,379.55521,553.125,1608.25,1286.625,988.5,680.625,487.125,338.0,224.0,137.25,1387.125,967.25,656.625,335.375,155.875,66.5,26.375,11.0,EXT18
C:/Users/MICROSOFT/Documents/nauval_mrnavac/cycpeptmp_standalone/runs/run_20260102_172000_moe/sdf/peptide.sdf,S(CC[C@](NC)C=O)C.O=C(N)CC[C@](NC)C=O.O=C[C@@](NC)[C@](OC)C.O=C[C@@](NC)C(C)C.O=C[C@@](NC)CC(C)C.O=C[C@@](NC)CCCNC(=N)N.O=C[C@@](NC)CCCCN.O=C[C@@](NC)C,S(CC[C@](NC)C=O)C.O=C(N)CC[C@](NC)C=O.O=C[C@@](NC)[C@](OC)C.O=C[C@@](NC)C(C)C.O=C[C@@](NC)CC(C)C.O=C[C@@](NC)CCCNC(=N)N.O=C[C@@](NC)CCCCN.O=C[C@@](NC)C,482.04669,320.17081,161.8759,194.24353,287.80316,6610.8867,3342.4136,158.29489,3268.4729,3.3015945,1.4771075,11845370000000.0,19.009357,-403.5777,11845370000000.0,0.19518688,176.80817,0,37.795017,11845370000000.0,54.499546,11845370000000.0,0.66419041,0.33580959,0.40295583,0.59704417,13.714204,6.9337964,0.23085631,0.35483477,0.96623218,7120.4536,2177.0889,5928.3179,6135.5005,2.5790038,2.2332883,1.1789907,1.0730394,324.25,285.29922,1.3811704,0.012635631,3.1962132,2.9783301,2.7401538,2.461014,2.1666574,1.8254573,1.4174131,1.0687588,566.5,289.875,183.25,126.625,92.25,70.375,54.125,40.625,2.1213202,1.6583124,0.5,1.8708287,0.5,2.1794496,-3.6580038,-3.6543119,-3.643774,-13.565084,-12.983167,-12.6505,1.1896334,242.375,364.875,391.5,377.875,320.375,252.75,184.5,128.125,2.6739428,2.6554787,0.82568043,0.90960491,1.2225165,1.3920088,1.4467237,1.4987921,1.6282512,1.8791671,0.17303252,0.23508526,0.13916816,0.070840999,0.1905037,0.3456932,0.61530811,1.0266924,1.4596225,405.66995,592.125,1656.625,1350.625,1034.75,700.625,490.0,336.25,222.0,141.25,1414.25,985.75,643.25,322.75,169.625,83.5,37.5,13.125,EXT19
C:/Users/MICROSOFT/Documents/nauval_mrnavac/cycpeptmp_standalone/runs/run_20260102_172000_moe/sdf/peptide.sdf,S(CC[C@](NC)C=O)C.O=C(N)CC[C@](NC)C=O.O=C[C@@](NC)[C@](OC)C.O=C[C@@](NC)C(C)C.O=C[C@@](NC)CC(C)C.O=C[C@@](NC)CCCNC(=N)N.O=C[C@@](NC)CCCCN.O=C[C@@](NC)C,S(CC[C@](NC)C=O)C.O=C(N)CC[C@](NC)C=O.O=C[C@@](NC)[C@](OC)C.O=C[C@@](NC)C(C)C.O=C[C@@](NC)CC(C)C.O=C[C@@](NC)CCCNC(=N)N.O=C[C@@](NC)CCCCN.O=C[C@@](NC)C,472.75055,332.04373,140.7068,216.23952,256.51102,6856.0391,2905.314,191.33694,3950.7253,3.318224,3.8381371,11890988000000.0,18.658781,916.89966,11890988000000.0,0.10122765,116.53002,0,36.312378,11890988000000.0,52.569874,11890988000000.0,0.70236564,0.29763433,0.45740724,0.54259276,14.502446,6.1455541,0.2228951,0.35138816,0.95529413,7022.6289,2139.5828,5816.7319,6088.9434,2.5612266,2.3143315,1.1078252,1.0926368,322.625,286.08621,2.0007172,0.019237339,3.1580188,2.938036,2.686295,2.3418202,2.0688684,1.6874613,1.266513,0.80785298,730.5,410.875,263.375,178.125,129.375,99.125,76.0,53.25,0.5,0.5,0.70710677,0.5,0.70710677,0.5,-4.1159878,-3.8128209,-3.5986147,-12.819614,-12.592778,-12.575177,1.1924709,220.25,320.875,340.0,335.0,284.125,223.125,154.0,91.875,1.68486,1.6603509,0.89518696,1.3587104,1.5056292,1.6719741,1.778934,1.9630493,2.2210634,2.4762223,0.29255804,0.43350229,0.47229829,0.53326422,0.59414643,0.6444484,0.81816071,1.1062152,1.4597267,408.63815,596.5,1637.625,1300.0,975.75,651.0,443.75,295.75,180.25,101.125,1417.375,979.125,635.75,316.0,159.625,72.625,26.25,9.25,EXT20
C:/Users/MICROSOFT/Documents/nauval_mrnavac/cycpeptmp_standalone/runs/run_20260102_172000_moe/sdf/peptide.sdf,S(CC[C@](NC)C=O)C.O=C(N)CC[C@](NC)C=O.O=C[C@@](NC)[C@](OC)C.O=C[C@@](NC)C(C)C.O=C[C@@](NC)CC(C)C.O=C[C@@](NC)CCCNC(=N)N.O=C[C@@](NC)CCCCN.O=C[C@@](NC)C,S(CC[C@](NC)C=O)C.O=C(N)CC[C@](NC)C=O.O=C[C@@](NC)[C@](OC)C.O=C[C@@](NC)C(C)C.O=C[C@@](NC)CC(C)C.O=C[C@@](NC)CCCNC(=N)N.O=C[C@@](NC)CCCCN.O=C[C@@](NC)C,457.89963,344.00095,113.89868,211.3175,246.58212,7102.9312,2351.78,230.10225,4751.1514,3.5729394,0.72487724,7835475800000.0,16.737614,677.74933,7835475800000.0,0.054827843,119.42546,0,36.465221,7835475800000.0,55.165291,7835475800000.0,0.75125837,0.2487416,0.46149307,0.53850693,15.511984,5.1360164,0.18744163,0.34425297,0.8707521,6651.0762,2067.4019,5229.2778,6005.4727,2.4925513,2.2469394,1.2575326,0.97280192,299.625,270.79028,2.1520979,0.016984705,3.2146544,2.9916999,2.766094,2.4472625,2.122282,1.8148743,1.5101374,1.1506718,671.125,358.375,214.875,143.625,103.875,81.0,61.0,45.25,0.70710677,0.5,1.118034,0.5,0.5,0.70710677,-3.8066678,-3.4702289,-3.2514057,-14.451239,-14.079558,-13.982058,1.1786871,179.375,255.875,301.75,309.75,281.0,234.0,179.0,127.25,2.2187319,2.3577023,1.0596424,1.573673,1.7933969,2.0046644,2.208123,2.5396354,2.8686345,3.1978037,0.074097313,0.21613516,0.30769619,0.36930504,0.36996129,0.40073356,0.35168239,0.240288,1.4421552,385.18738,555.5,1599.0,1273.125,987.75,675.625,476.75,338.625,235.25,155.875,1419.625,1017.25,686.0,365.875,195.75,104.625,56.25,28.625,EXT21
C:/Users/MICROSOFT/Documents/nauval_mrnavac/cycpeptmp_standalone/runs/run_20260102_172000_moe/sdf/peptide.sdf,S(CC[C@](NC)C=O)C.O=C(N)CC[C@](NC)C=O.O=C[C@@](NC)[C@](OC)C.O=C[C@@](NC)C(C)C.O=C[C@@](NC)CC(C)C.O=C[C@@](NC)CCCNC(=N)N.O=C[C@@](NC)CCCCN.O=C[C@@](NC)C,S(CC[C@](NC)C=O)C.O=C(N)CC[C@](NC)C=O.O=C[C@@](NC)[C@](OC)C.O=C[C@@](NC)C(C)C.O=C[C@@](NC)CC(C)C.O=C[C@@](NC)CCCNC(=N)N.O=C[C@@](NC)CCCCN.O=C[C@@](NC)C,474.69742,360.53152,114.16589,235.29584,239.40158,7444.2549,2357.2974,246.36563,5086.9575,3.2148409,1.2440248,5997947500000.0,18.290592,444.1864,5997947500000.0,-0.0013771418,135.64368,0,36.089195,5997947500000.0,55.2901,5997947500000.0,0.75949752,0.24050246,0.49567541,0.50432462,15.682105,4.9658947,0.23517531,0.39308363,0.98271465,7011.0137,2319.9905,5800.0093,5902.0278,2.5591078,2.2639961,1.1821479,1.0979222,333.0,287.79919,1.7305447,0.017139863,3.1623056,2.936079,2.7216747,2.4143441,2.1330786,1.7493501,1.3106015,0.74846119,705.75,392.125,243.625,163.125,122.625,92.75,69.75,52.375,0.70710677,0.5,0.5,0.5,0.5,0.70710677,-5.6290197,-5.588047,-5.449111,-14.065664,-13.88859,-12.427078,1.1746142,239.875,323.75,363.5,357.5,307.75,229.0,151.125,83.375,1.8532581,1.7984674,0.81846803,0.98280782,1.008673,1.1021816,1.1346718,1.1286722,1.1111232,1.2149819,0.23140469,0.36870828,0.40682131,0.5151726,0.72406054,1.0129946,1.2238624,1.6473597,1.4867671,405.15759,602.375,1621.75,1285.125,984.625,660.25,451.5,293.375,179.5,94.25,1381.875,961.375,621.125,302.75,143.75,64.375,28.375,10.875,EXT22
C:/Users/MICROSOFT/Documents/nauval_mrnavac/cycpeptmp_standalone/runs/run_20260102_172000_moe/sdf/peptide.sdf,S(CC[C@](NC)C=O)C.O=C(N)CC[C@](NC)C=O.O=C[C@@](NC)[C@](OC)C.O=C[C@@](NC)C(C)C.O=C[C@@](NC)CC(C)C.O=C[C@@](NC)CCCNC(=N)N.O=C[C@@](NC)CCCCN.O=C[C@@](NC)C,S(CC[C@](NC)C=O)C.O=C(N)CC[C@](NC)C=O.O=C[C@@](NC)[C@](OC)C.O=C[C@@](NC)C(C)C.O=C[C@@](NC)CC(C)C.O=C[C@@](NC)CCCNC(=N)N.O=C[C@@](NC)CCCCN.O=C[C@@](NC)C,477.47388,337.01227,140.46164,204.17772,273.29617,6958.6289,2900.2517,196.55061,4058.3772,3.2564015,3.7751312,11277245000000.0,16.287859,445.3569,11277245000000.0,0.013560705,133.9048,0,36.560783,11277245000000.0,51.926758,11277245000000.0,0.70582342,0.29417658,0.42762071,0.57237929,14.573842,6.0741577,0.2302822,0.34233099,0.95695275,7048.25,2098.7705,5866.9072,6130.8223,2.5658946,2.2673018,1.172101,1.0880266,328.75,288.8858,2.8765364,0.016628722,3.1457899,2.9311211,2.6861317,2.3862638,2.0986826,1.7124065,1.2796733,0.83597463,630.125,356.0,237.0,158.25,117.0,89.75,69.0,50.875,0.86602539,0.70710677,0.5,0.5,0.70710677,0.5,-3.5062718,-3.4326429,-3.4207015,-13.347358,-12.868595,-12.024301,1.192916,234.875,349.875,354.625,367.5,311.75,226.75,147.125,91.125,1.9108649,1.8815166,1.5977556,2.0246775,2.2755303,2.3538218,2.3502841,2.541867,2.7543247,2.8211443,0.21633919,0.40609172,0.51249719,0.54026151,0.61437738,0.77827924,0.88720357,1.0387177,1.4641595,411.58426,602.625,1625.5,1315.625,990.0,661.625,452.875,297.75,184.5,107.75,1390.625,965.75,635.375,294.125,141.125,71.0,37.375,16.625,EXT23
C:/Users/MICROSOFT/Documents/nauval_mrnavac/cycpeptmp_standalone/runs/run_20260102_172000_moe/sdf/peptide.sdf,S(CC[C@](NC)C=O)C.O=C(N)CC[C@](NC)C=O.O=C[C@@](NC)[C@](OC)C.O=C[C@@](NC)C(C)C.O=C[C@@](NC)CC(C)C.O=C[C@@](NC)CCCNC(=N)N.O=C[C@@](NC)CCCCN.O=C[C@@](NC)C,S(CC[C@](NC)C=O)C.O=C(N)CC[C@](NC)C=O.O=C[C@@](NC)[C@](OC)C.O=C[C@@](NC)C(C)C.O=C[C@@](NC)CC(C)C.O=C[C@@](NC)CCCNC(=N)N.O=C[C@@](NC)CCCCN.O=C[C@@](NC)C,458.94382,294.64404,164.29976,191.22224,267.72156,6083.8101,3392.4617,130.34427,2691.3486,3.4701524,1.6751549,19393568000000.0,18.51388,-652.12903,19393568000000.0,0.084890053,270.35168,0,36.842758,19393568000000.0,56.39819,19393568000000.0,0.64200461,0.35799539,0.41665721,0.58334279,13.256111,7.3918886,0.20291041,0.3127934,0.94921136,7154.5522,1978.6843,6004.5693,6325.8506,2.5851717,2.2605965,1.201231,1.0182987,308.5,274.08307,0.50057817,0.014830694,3.2199137,3.0058727,2.7812076,2.5307767,2.3296747,2.0112066,1.5839026,1.0524293,647.25,345.75,211.75,143.5,103.75,78.75,58.25,43.625,0.70710677,0.5,0.5,0.5,0.5,0.70710677,-3.6798832,-3.6660752,-3.6485243,-16.770483,-15.703407,-15.15484,1.1831326,235.375,356.125,365.75,369.5,333.375,268.75,186.625,105.875,2.3854783,2.4076655,0.56177503,0.59616989,0.55351543,0.50876892,0.41865554,0.45796967,0.41635567,0.34823668,0.27362889,0.26868814,0.24712358,0.1997021,0.24217623,0.29877689,0.39524072,0.74379063,1.4510344,394.37384,572.25,1640.0,1327.625,1024.125,710.25,505.125,345.5,221.25,123.75,1404.625,971.5,658.375,340.75,171.75,76.75,34.625,17.875,EXT24
C:/Users/MICROSOFT/Documents/nauval_mrnavac/cycpeptmp_standalone/runs/run_20260102_172000_moe/sdf/peptide.sdf,S(CC[C@](NC)C=O)C.O=C(N)CC[C@](NC)C=O.O=C[C@@](NC)[C@](OC)C.O=C[C@@](NC)C(C)C.O=C[C@@](NC)CC(C)C.O=C[C@@](NC)CCCNC(=N)N.O=C[C@@](NC)CCCCN.O=C[C@@](NC)C,S(CC[C@](NC)C=O)C.O=C(N)CC[C@](NC)C=O.O=C[C@@](NC)[C@](OC)C.O=C[C@@](NC)C(C)C.O=C[C@@](NC)CC(C)C.O=C[C@@](NC)CCCNC(=N)N.O=C[C@@](NC)CCCCN.O=C[C@@](NC)C,462.20605,340.60269,121.60335,242.42052,219.78552,7032.7646,2510.866,218.99934,4521.8984,3.5215197,2.179374,8416257900000.0,17.339884,-376.05823,8416257900000.0,0.028644888,208.73206,0,36.568024,8416257900000.0,54.188061,8416257900000.0,0.73690665,0.26309338,0.52448583,0.47551417,15.215648,5.4323521,0.1735471,0.30392376,0.88209182,7124.0576,1980.9286,5749.3398,6517.8472,2.5796564,2.3237474,1.2148191,0.96804959,304.0,273.42029,0.85758585,0.018249854,3.2101226,2.9850087,2.7592027,2.4819839,2.1923537,1.8615799,1.4589149,0.94182456,779.25,420.5,250.625,166.625,124.0,92.875,69.875,52.25,0.5,8.0622578,8.13941,0.5,0.70710677,0.86602539,-4.0362911,-3.8481855,-3.8457835,-17.645639,-17.124426,-15.882345,1.1891987,223.875,327.0,351.75,337.375,281.0,219.625,153.0,94.75,1.8663342,1.9137285,0.34674248,0.54335153,0.63661146,0.71665126,0.76942378,0.87007856,0.78700316,0.69044179,0.23030774,0.2886703,0.27399334,0.29825059,0.24022421,0.20348501,0.10298231,0.3262383,1.4375103,393.04068,565.0,1639.125,1297.0,993.0,673.0,467.75,318.875,203.625,117.5,1415.25,970.0,641.25,335.625,186.75,99.25,50.625,22.75,EXT25
C:/Users/MICROSOFT/Documents/nauval_mrnavac/cycpeptmp_standalone/runs/run_20260102_172000_moe/sdf/peptide.sdf,S(CC[C@](NC)C=O)C.O=C(N)CC[C@](NC)C=O.O=C[C@@](NC)[C@](OC)C.O=C[C@@](NC)C(C)C.O=C[C@@](NC)CC(C)C.O=C[C@@](NC)CCCNC(=N)N.O=C[C@@](NC)CCCCN.O=C[C@@](NC)C,S(CC[C@](NC)C=O)C.O=C(N)CC[C@](NC)C=O.O=C[C@@](NC)[C@](OC)C.O=C[C@@](NC)C(C)C.O=C[C@@](NC)CC(C)C.O=C[C@@](NC)CCCNC(=N)N.O=C[C@@](NC)CCCCN.O=C[C@@](NC)C,460.55054,314.48328,146.06725,176.25655,284.29398,6493.4507,3015.9966,168.41602,3477.4541,3.6045184,2.935499,11627855000000.0,18.530584,1730.4908,11627855000000.0,0.065245353,32.356812,0,36.443657,11627855000000.0,54.450134,11627855000000.0,0.68284208,0.31715792,0.38270837,0.61729163,14.099323,6.548677,0.18857595,0.29862651,0.96916527,7030.6216,1851.6073,6009.2241,6200.4121,2.5626838,2.3374424,1.1085958,1.0150421,297.0,271.10532,2.13269,0.016355755,3.2474058,3.0218492,2.7852855,2.4599702,2.2134171,1.9195765,1.5495626,1.106717,636.75,345.25,227.125,165.625,124.0,96.625,76.5,61.875,0.5,8.5146933,8.2006102,0.86602539,8.7464275,9.0691786,-4.0348358,-3.9845045,-3.9310935,-13.84018,-13.750536,-13.518205,1.1917403,215.5,325.75,355.0,349.375,308.0,247.25,173.75,116.875,2.1871216,2.123019,1.0476842,1.3943442,1.6112195,1.7860302,1.9274416,2.0534279,2.0607672,2.0128143,0.07329683,0.15824701,0.25560623,0.42660654,0.53747571,0.56474483,0.52421421,0.62020159,1.4277489,390.21219,557.125,1648.5,1330.75,1022.375,696.25,496.75,351.625,233.375,147.5,1433.0,1005.0,667.375,346.875,188.75,104.375,59.625,30.625,EXT26
C:/Users/MICROSOFT/Documents/nauval_mrnavac/cycpeptmp_standalone/runs/run_20260102_172000_moe/sdf/peptide.sdf,S(CC[C@](NC)C=O)C.O=C(N)CC[C@](NC)C=O.O=C[C@@](NC)[C@](OC)C.O=C[C@@](NC)C(C)C.O=C[C@@](NC)CC(C)C.O=C[C@@](NC)CCCNC(=N)N.O=C[C@@](NC)CCCCN.O=C[C@@](NC)C,S(CC[C@](NC)C=O)C.O=C(N)CC[C@](NC)C=O.O=C[C@@](NC)[C@](OC)C.O=C[C@@](NC)C(C)C.O=C[C@@](NC)CC(C)C.O=C[C@@](NC)CCCNC(=N)N.O=C[C@@](NC)CCCCN.O=C[C@@](NC)C,456.71747,330.45743,126.26004,245.4774,211.24007,6823.2852,2607.0173,204.19739,4216.2676,3.5013638,3.4191546,10834264000000.0,19.550758,1337.7112,10834264000000.0,0.17576554,48.269325,0,36.727394,10834264000000.0,67.961754,10834264000000.0,0.72354889,0.27645108,0.53748196,0.46251807,14.939837,5.7081623,0.28444678,0.3887153,0.96302652,6441.793,2129.5054,5275.7642,5478.3164,2.4530225,2.1312947,1.1860902,1.1366951,305.75,269.57291,1.1792574,0.022427699,3.1847496,2.9613695,2.7507784,2.4761028,2.1977978,1.7661489,1.2920811,0.89546561,777.375,442.375,285.5,197.25,143.875,109.125,86.5,70.0,0.70710677,0.5,0.5,6.8190908,0.5,7.1239033,-3.7551811,-3.7162611,-3.605907,-12.948036,-12.791994,-12.777194,1.1726861,189.625,278.75,306.0,314.75,277.0,212.75,149.375,99.375,1.5556042,1.491128,0.50660032,0.78945398,1.0615184,1.3121177,1.4654756,1.5906024,1.6365831,1.7626561,0.067021467,0.099567041,0.10508979,0.11556672,0.15841463,0.21799041,0.36758378,0.41310421,1.4546275,385.92355,561.375,1580.625,1242.0,965.375,643.625,444.125,294.125,188.0,116.5,1391.0,963.25,659.375,328.875,167.125,81.375,38.625,17.125,EXT27
C:/Users/MICROSOFT/Documents/nauval_mrnavac/cycpeptmp_standalone/runs/run_20260102_172000_moe/sdf/peptide.sdf,S(CC[C@](NC)C=O)C.O=C(N)CC[C@](NC)C=O.O=C[C@@](NC)[C@](OC)C.O=C[C@@](NC)C(C)C.O=C[C@@](NC)CC(C)C.O=C[C@@](NC)CCCNC(=N)N.O=C[C@@](NC)CCCCN.O=C[C@@](NC)C,S(CC[C@](NC)C=O)C.O=C(N)CC[C@](NC)C=O.O=C[C@@](NC)[C@](OC)C.O=C[C@@](NC)C(C)C.O=C[C@@](NC)CC(C)C.O=C[C@@](NC)CCCNC(=N)N.O=C[C@@](NC)CCCCN.O=C[C@@](NC)C,463.86478,327.10593,136.75883,220.51498,243.34979,6754.0835,2823.7964,190.34711,3930.2871,3.3389223,1.9559152,7787360800000.0,19.544262,30.598442,7787360800000.0,0.088708676,174.26093,0,36.731239,7787360800000.0,55.23756,7787360800000.0,0.70517522,0.29482478,0.47538635,0.52461368,14.560458,6.0875421,0.23468907,0.40909696,0.92287064,6790.519,2382.5208,5374.6636,5823.8535,2.5185444,2.1721482,1.2777128,1.0522912,320.625,279.28775,0.97816432,0.018141098,3.2043829,2.9722755,2.7542624,2.4671071,2.2197783,1.844655,1.4042952,0.87361079,682.375,381.375,245.25,168.5,126.75,92.625,70.75,54.0,0.5,0.70710677,0.5,5.8949132,1.118034,5.3385391,-3.6699901,-3.5547311,-3.5244749,-12.519271,-11.721486,-11.53251,1.160925,239.5,322.125,336.625,353.625,297.75,231.125,151.875,92.25,1.8756371,1.8412462,0.53431207,0.92001355,1.0863624,1.0349066,0.97973967,1.010832,1.0389985,1.1126043,0.079637073,0.091337517,0.16936371,0.20823796,0.25341624,0.30823773,0.51050532,0.95844799,1.4851173,390.28903,579.625,1612.625,1278.75,982.625,672.0,460.0,310.25,192.75,109.5,1373.125,956.625,646.0,318.375,162.25,79.125,40.875,17.25,EXT28
C:/Users/MICROSOFT/Documents/nauval_mrnavac/cycpeptmp_standalone/runs/run_20260102_172000_moe/sdf/peptide.sdf,S(CC[C@](NC)C=O)C.O=C(N)CC[C@](NC)C=O.O=C[C@@](NC)[C@](OC)C.O=C[C@@](NC)C(C)C.O=C[C@@](NC)CC(C)C.O=C[C@@](NC)CCCNC(=N)N.O=C[C@@](NC)CCCCN.O=C[C@@](NC)C,S(CC[C@](NC)C=O)C.O=C(N)CC[C@](NC)C=O.O=C[C@@](NC)[C@](OC)C.O=C[C@@](NC)C(C)C.O=C[C@@](NC)CC(C)C.O=C[C@@](NC)CCCNC(=N)N.O=C[C@@](NC)CCCCN.O=C[C@@](NC)C,446.82242,322.58359,124.23882,213.25146,233.57095,6660.7061,2565.2832,198.34477,4095.4231,3.5477779,3.4516368,9296434700000.0,15.451154,-34.009666,9296434700000.0,0.015629558,177.72256,0,36.409264,9296434700000.0,50.197762,9296434700000.0,0.72195035,0.27804965,0.47726223,0.5227378,14.906831,5.7411695,0.19633171,0.34618157,0.88228333,6597.8706,2049.8965,5224.3955,5921.4487,2.4825616,2.2148015,1.2574859,0.98136383,301.75,263.6868,1.7962347,0.01424625,3.2675662,3.047138,2.8075902,2.5523758,2.3233826,2.0316045,1.644075,1.0715405,608.75,312.5,193.25,131.125,96.25,75.25,58.125,43.5,0.5,0.86602539,1.2247449,0.5,0.5,1.0,-4.8460102,-4.6476107,-4.5005059,-13.887866,-13.511109,-12.604084,1.1596401,221.5,335.625,340.25,335.875,322.875,267.125,194.0,116.125,2.5388098,2.5996187,1.0389022,1.4740357,1.6941161,1.5578593,1.4963027,1.5864003,1.7098848,1.818992,0.085108072,0.21362238,0.18058003,0.1649569,0.14647374,0.25913614,0.40444657,0.69494516,1.4656227,378.84921,555.25,1612.375,1310.75,1000.125,686.5,490.625,340.875,222.625,125.0,1390.875,975.125,659.875,350.625,167.75,73.75,28.625,8.875,EXT29
C:/Users/MICROSOFT/Documents/nauval_mrnavac/cycpeptmp_standalone/runs/run_20260102_172000_moe/sdf/peptide.sdf,S(CC[C@](NC)C=O)C.O=C(N)CC[C@](NC)C=O.O=C[C@@](NC)[C@](OC)C.O=C[C@@](NC)C(C)C.O=C[C@@](NC)CC(C)C.O=C[C@@](NC)CCCNC(=N)N.O=C[C@@](NC)CCCCN.O=C[C@@](NC)C,S(CC[C@](NC)C=O)C.O=C(N)CC[C@](NC)C=O.O=C[C@@](NC)[C@](OC)C.O=C[C@@](NC)C(C)C.O=C[C@@](NC)CC(C)C.O=C[C@@](NC)CCCNC(=N)N.O=C[C@@](NC)CCCCN.O=C[C@@](NC)C,468.37305,321.09174,147.28131,227.75015,240.62291,6629.9023,3041.0647,173.81042,3588.8376,3.4353533,5.2692552,6453263300000.0,18.446077,932.62109,6453263300000.0,0.031357042,101.44628,0,36.784058,6453263300000.0,50.38382,6453263300000.0,0.68554699,0.31445301,0.486258,0.51374197,14.155174,6.4928255,0.19447044,0.31949571,0.91382235,7092.5752,2029.3099,5804.2373,6351.603,2.5739501,2.3398664,1.1693437,1.0318531,311.625,278.23093,3.0389953,0.02115511,3.1646359,2.9410923,2.6823409,2.2381201,1.9792571,1.7425405,1.3882495,0.97896808,768.0,431.625,273.75,194.375,149.375,116.125,94.5,77.5,0.5,0.70710677,0.5,0.70710677,0.5,0.5,-4.2120738,-4.1825075,-4.1822662,-14.316006,-13.976118,-13.931574,1.1909323,200.75,302.125,304.25,310.25,278.5,223.625,159.0,104.75,1.6593608,1.6598071,1.63162,1.9665416,2.1387141,2.2435427,2.3108914,2.3861673,2.4815371,2.5944314,0.32886487,0.61551708,0.77431226,0.93627113,0.94579393,1.0070996,1.042967,1.1737341,1.4492569,401.24011,581.5,1621.75,1278.375,961.25,639.625,454.25,322.625,215.125,130.625,1421.0,976.25,657.0,329.375,175.75,99.0,56.125,25.875,EXT30
C:/Users/MICROSOFT/Documents/nauval_mrnavac/cycpeptmp_standalone/runs/run_20260102_172000_moe/sdf/peptide.sdf,S(CC[C@](NC)C=O)C.O=C(N)CC[C@](NC)C=O.O=C[C@@](NC)[C@](OC)C.O=C[C@@](NC)C(C)C.O=C[C@@](NC)CC(C)C.O=C[C@@](NC)CCCNC(=N)N.O=C[C@@](NC)CCCCN.O=C[C@@](NC)C,S(CC[C@](NC)C=O)C.O=C(N)CC[C@](NC)C=O.O=C[C@@](NC)[C@](OC)C.O=C[C@@](NC)C(C)C.O=C[C@@](NC)CC(C)C.O=C[C@@](NC)CCCNC(=N)N.O=C[C@@](NC)CCCCN.O=C[C@@](NC)C,436.65369,319.08994,117.56377,206.9214,229.7323,6588.5688,2427.4568,201.52615,4161.1118,3.777828,4.5062585,7020993300000.0,18.861567,1248.303,7020993300000.0,0.05241546,83.841591,0,36.619907,7020993300000.0,52.536076,7020992800000.0,0.730762,0.26923802,0.47387987,0.52612013,15.088774,5.5592265,0.28928789,0.46672729,0.89500159,6174.7305,2440.5132,4679.9561,5228.9917,2.4016359,2.0013986,1.3317618,1.076462,283.375,252.72162,2.1174014,0.018295886,3.2864707,3.0559766,2.8253751,2.5356967,2.3383138,2.0602796,1.6920463,1.2347338,700.0,369.875,232.125,162.625,123.125,93.125,71.75,55.125,5.6789083,9.7211113,7.5663729,0.5,0.70710677,0.86602539,-4.0535374,-3.8495345,-3.8027027,-15.976609,-14.735163,-14.597965,1.1641716,202.125,291.875,330.75,337.375,300.25,248.75,186.375,133.0,2.1480882,2.2036896,0.9747566,1.3972294,1.6990874,1.9325132,2.0780971,2.153157,2.1833749,2.2339933,0.19299227,0.3741923,0.40785828,0.41155583,0.45342389,0.48941246,0.45378253,0.424353,1.4338182,366.85263,526.0,1599.5,1272.125,994.125,690.375,498.625,358.375,245.125,160.0,1397.375,980.25,663.375,353.0,198.375,109.625,58.75,27.0,EXT31
C:/Users/MICROSOFT/Documents/nauval_mrnavac/cycpeptmp_standalone/runs/run_20260102_172000_moe/sdf/peptide.sdf,S(CC[C@](NC)C=O)C.O=C(N)CC[C@](NC)C=O.O=C[C@@](NC)[C@](OC)C.O=C[C@@](NC)C(C)C.O=C[C@@](NC)CC(C)C.O=C[C@@](NC)CCCNC(=N)N.O=C[C@@](NC)CCCCN.O=C[C@@](NC)C,S(CC[C@](NC)C=O)C.O=C(N)CC[C@](NC)C=O.O=C[C@@](NC)[C@](OC)C.O=C[C@@](NC)C(C)C.O=C[C@@](NC)CC(C)C.O=C[C@@](NC)CCCNC(=N)N.O=C[C@@](NC)CCCCN.O=C[C@@](NC)C,450.98022,348.49512,102.48511,276.86426,174.11594,7195.7271,2116.1125,246.00999,5079.6143,3.5244181,2.5496469,5957439500000.0,17.085773,-106.76208,5957439500000.0,0.032158382,182.46814,0,37.313244,5957439500000.0,57.91843,5957439500000.0,0.77275032,0.22724967,0.6139167,0.38608333,15.955749,4.6922512,0.23142411,0.37810162,0.91130358,6379.0898,2107.0488,5078.4263,5572.7051,2.4410548,2.1774797,1.2438879,1.0475106,303.75,267.65253,1.5426359,0.019128425,3.217232,2.9884157,2.7656729,2.4856505,2.2477722,1.9011041,1.5424787,1.1411592,749.75,397.375,251.625,174.0,128.375,98.25,75.625,59.5,0.86602539,0.5,0.70710677,0.5,7.0,7.1589108,-4.1787887,-4.0360379,-4.0224495,-14.04263,-13.567081,-13.379441,1.1732919,180.125,248.375,282.125,297.25,274.625,224.625,167.125,108.625,1.8782911,1.8793104,0.81524676,1.0273008,1.2250252,1.3897529,1.5418718,1.6064161,1.641728,1.6187842,0.083902374,0.24536858,0.27838591,0.29049155,0.32787943,0.45478794,0.46950638,0.49826396,1.4361804,376.78067,541.125,1579.5,1244.75,967.375,664.75,472.625,327.0,219.875,134.75,1399.375,996.375,685.25,367.5,198.0,102.375,52.75,26.125,EXT32
C:/Users/MICROSOFT/Documents/nauval_mrnavac/cycpeptmp_standalone/runs/run_20260102_172000_moe/sdf/peptide.sdf,S(CC[C@](NC)C=O)C.O=C(N)CC[C@](NC)C=O.O=C[C@@](NC)[C@](OC)C.O=C[C@@](NC)C(C)C.O=C[C@@](NC)CC(C)C.O=C[C@@](NC)CCCNC(=N)N.O=C[C@@](NC)CCCCN.O=C[C@@](NC)C,S(CC[C@](NC)C=O)C.O=C(N)CC[C@](NC)C=O.O=C[C@@](NC)[C@](OC)C.O=C[C@@](NC)C(C)C.O=C[C@@](NC)CC(C)C.O=C[C@@](NC)CCCNC(=N)N.O=C[C@@](NC)CCCCN.O=C[C@@](NC)C,468.24823,345.48987,122.75835,198.56387,269.68436,7133.6748,2534.7144,222.73152,4598.9604,3.4589403,4.416337,12011467000000.0,14.856694,1968.5801,12011467000000.0,0.04774401,-20.773468,0,36.279636,12011467000000.0,49.187183,12011467000000.0,0.73783487,0.26216513,0.42405686,0.57594311,15.234815,5.4131856,0.17036802,0.32771772,0.89821672,6888.2837,2028.2832,5559.168,6189.1167,2.5366099,2.3290057,1.2516179,0.96131253,309.5,278.80411,2.9255204,0.026582189,3.1908233,2.9528024,2.724323,2.3158181,1.8905851,1.563947,1.2645948,0.87261277,778.875,465.25,319.0,234.0,178.875,139.5,112.125,91.25,0.5,0.70710677,0.5,7.5828753,2.0615528,7.9214897,-4.4091043,-4.3272142,-4.1921725,-14.03704,-13.877272,-13.416609,1.1820951,182.875,254.875,264.375,280.5,256.25,208.125,158.125,103.0,1.2978057,1.2008547,1.5770301,1.9618117,2.0788405,2.1231971,2.1361582,2.1966674,2.2569246,2.3868029,0.15488404,0.39533162,0.53022003,0.71143645,0.85841495,0.91316831,1.0168576,1.0331831,1.4590445,397.6918,580.25,1623.625,1278.625,950.5,615.5,414.0,281.0,188.75,113.875,1440.75,1023.75,686.125,335.0,157.75,72.875,30.625,10.875,EXT33
C:/Users/MICROSOFT/Documents/nauval_mrnavac/cycpeptmp_standalone/runs/run_20260102_172000_moe/sdf/peptide.sdf,S(CC[C@](NC)C=O)C.O=C(N)CC[C@](NC)C=O.O=C[C@@](NC)[C@](OC)C.O=C[C@@](NC)C(C)C.O=C[C@@](NC)CC(C)C.O=C[C@@](NC)CCCNC(=N)N.O=C[C@@](NC)CCCCN.O=C[C@@](NC)C,S(CC[C@](NC)C=O)C.O=C(N)CC[C@](NC)C=O.O=C[C@@](NC)[C@](OC)C.O=C[C@@](NC)C(C)C.O=C[C@@](NC)CC(C)C.O=C[C@@](NC)CCCNC(=N)N.O=C[C@@](NC)CCCCN.O=C[C@@](NC)C,455.9631,298.79523,157.16789,195.70088,260.26224,6169.5239,3245.2026,141.62733,2924.321,3.4645371,0.50052065,6595505300000.0,18.756981,605.65967,6595505300000.0,0.035265502,106.59519,0,37.063553,6595505300000.0,54.680618,6595505300000.0,0.65530568,0.34469432,0.4292033,0.57079667,13.530752,7.1172481,0.27740085,0.41649678,0.96364504,6452.0088,2258.0513,5224.4336,5421.5332,2.4549668,2.1111519,1.200888,1.1119195,309.0,271.40173,1.270946,0.014462226,3.2212484,2.9941423,2.7590454,2.4879041,2.2178764,1.9094927,1.4260639,0.89630163,601.625,326.75,197.625,134.75,95.75,70.375,51.75,39.625,6.6895442,0.5,6.9641943,8.6168442,9.0553856,4.5,-3.3371785,-3.1733005,-3.1682549,-11.114473,-11.015914,-10.920817,1.1817758,258.25,396.25,397.25,396.875,356.375,272.375,180.625,104.0,2.4161923,2.3914657,0.93713635,0.98008668,0.95658737,0.93410641,0.80906689,0.81939477,0.91843444,1.0560986,0.093508705,0.21506037,0.18441333,0.24872348,0.34946355,0.48496029,0.74647605,1.0755404,1.4543908,394.83887,574.25,1633.25,1320.0,1000.5,682.875,477.5,322.25,202.25,112.375,1375.0,923.75,603.25,286.0,121.125,49.875,21.625,8.375,EXT34
C:/Users/MICROSOFT/Documents/nauval_mrnavac/cycpeptmp_standalone/runs/run_20260102_172000_moe/sdf/peptide.sdf,S(CC[C@](NC)C=O)C.O=C(N)CC[C@](NC)C=O.O=C[C@@](NC)[C@](OC)C.O=C[C@@](NC)C(C)C.O=C[C@@](NC)CC(C)C.O=C[C@@](NC)CCCNC(=N)N.O=C[C@@](NC)CCCCN.O=C[C@@](NC)C,S(CC[C@](NC)C=O)C.O=C(N)CC[C@](NC)C=O.O=C[C@@](NC)[C@](OC)C.O=C[C@@](NC)C(C)C.O=C[C@@](NC)CC(C)C.O=C[C@@](NC)CCCNC(=N)N.O=C[C@@](NC)CCCCN.O=C[C@@](NC)C,462.81519,337.47522,125.33996,207.39668,255.4185,6968.1885,2588.0193,212.13527,4380.1689,3.4478002,3.6548758,8498927600000.0,17.183849,246.75182,8498927600000.0,0.015941478,147.56654,0,36.806503,8498927600000.0,56.49736,8498927600000.0,0.72917926,0.27082074,0.44811988,0.55188012,15.056093,5.591907,0.20089594,0.36836037,0.92632079,6687.6826,2147.1194,5399.3901,5828.8555,2.4994011,2.2472918,1.226988,1.007268,310.5,275.32733,0.49436125,0.013848419,3.1908286,2.9863319,2.7470436,2.3753541,2.1342335,1.8542724,1.4922591,1.0728482,640.25,317.125,193.375,132.25,94.25,70.125,51.5,37.625,0.5,0.5,0.70710677,0.5,2.9154758,3.3541019,-4.1056771,-3.6245317,-3.5506904,-12.998714,-12.443978,-12.396834,1.1884505,205.5,302.125,321.625,319.875,285.25,239.625,177.25,122.5,2.4893341,2.5850661,0.43117017,0.50632495,0.59949315,0.77028739,0.99370241,1.1850133,1.36926,1.6951934,0.16775535,0.17487581,0.11669222,0.093539923,0.12469652,0.23905134,0.34926325,0.53184867,1.4409567,394.18256,568.0,1616.75,1296.625,993.5,674.375,481.375,341.875,228.5,145.0,1411.25,994.5,671.875,354.5,196.125,102.25,51.25,22.5,EXT35
C:/Users/MICROSOFT/Documents/nauval_mrnavac/cycpeptmp_standalone/runs/run_20260102_172000_moe/sdf/peptide.sdf,S(CC[C@](NC)C=O)C.O=C(N)CC[C@](NC)C=O.O=C[C@@](NC)[C@](OC)C.O=C[C@@](NC)C(C)C.O=C[C@@](NC)CC(C)C.O=C[C@@](NC)CCCNC(=N)N.O=C[C@@](NC)CCCCN.O=C[C@@](NC)C,S(CC[C@](NC)C=O)C.O=C(N)CC[C@](NC)C=O.O=C[C@@](NC)[C@](OC)C.O=C[C@@](NC)C(C)C.O=C[C@@](NC)CC(C)C.O=C[C@@](NC)CCCNC(=N)N.O=C[C@@](NC)CCCCN.O=C[C@@](NC)C,454.78366,357.75989,97.023773,247.43324,207.35042,7387.0264,2003.3469,260.73611,5383.6792,3.4325995,4.6427546,5546922500000.0,15.687979,815.22839,5546922500000.0,0.040758673,102.8849,0,36.621239,5546922500000.0,49.928909,5546922500000.0,0.78665948,0.21334051,0.54406804,0.45593199,16.242945,4.4050546,0.26075798,0.36312717,0.93830132,6683.458,2109.0771,5449.7437,5808.0952,2.4986117,2.1551714,1.2341731,1.1005268,311.875,270.54382,0.9652735,0.019805707,3.2265294,2.9997556,2.7670262,2.5378647,2.3303125,1.8601745,1.4127724,0.92698365,776.875,428.75,268.625,174.875,125.125,94.625,70.25,51.5,6.8920245,0.70710677,7.1763501,0.5,0.5,1.0,-3.2890995,-3.2728126,-3.2725754,-13.969379,-13.681421,-13.015278,1.1700447,199.125,276.125,292.875,319.5,291.375,221.25,152.75,94.75,1.7389483,1.7598284,0.57753706,0.69500071,0.78914958,0.97134078,0.8052119,0.88875562,1.0219256,1.1765676,0.11767749,0.22972159,0.16388118,0.12789437,0.17716776,0.35222009,0.46660426,0.58738625,1.4511712,381.5022,553.625,1605.625,1271.0,975.75,673.125,467.125,307.75,192.0,112.75,1406.5,994.875,682.875,353.625,175.75,86.5,39.25,18.0,EXT36
C:/Users/MICROSOFT/Documents/nauval_mrnavac/cycpeptmp_standalone/runs/run_20260102_172000_moe/sdf/peptide.sdf,S(CC[C@](NC)C=O)C.O=C(N)CC[C@](NC)C=O.O=C[C@@](NC)[C@](OC)C.O=C[C@@](NC)C(C)C.O=C[C@@](NC)CC(C)C.O=C[C@@](NC)CCCNC(=N)N.O=C[C@@](NC)CCCCN.O=C[C@@](NC)C,S(CC[C@](NC)C=O)C.O=C(N)CC[C@](NC)C=O.O=C[C@@](NC)[C@](OC)C.O=C[C@@](NC)C(C)C.O=C[C@@](NC)CC(C)C.O=C[C@@](NC)CCCNC(=N)N.O=C[C@@](NC)CCCCN.O=C[C@@](NC)C,464.61728,340.62686,123.99039,256.20264,208.41463,7033.2637,2560.1536,216.63649,4473.1104,3.4188964,1.1066223,11195082000000.0,18.315861,401.80563,11195082000000.0,0.032099556,130.06155,0,36.542896,11195082000000.0,57.554211,11195082000000.0,0.73313433,0.26686564,0.5514273,0.4485727,15.137758,5.510242,0.18666813,0.29599541,0.90163124,7189.5142,1936.6923,5899.3555,6542.9805,2.5914803,2.3185816,1.1668196,1.0017457,313.125,277.92963,1.2670234,0.016125418,3.229898,3.0056193,2.7792308,2.4851947,2.2876809,1.9429587,1.474191,1.0209253,694.75,387.0,238.625,160.875,116.75,86.375,64.25,46.0,3.7749171,1.8708287,2.0615528,0.5,0.5,0.70710677,-3.4374204,-3.4328268,-3.3582685,-14.295387,-14.23378,-14.008388,1.183019,213.5,335.875,352.875,363.75,333.625,264.125,182.5,121.25,2.0476689,2.1056721,0.87160057,0.80941826,1.0670804,1.1120961,1.2804265,1.326965,1.456612,1.6121836,0.091963924,0.1614441,0.13871157,0.13248076,0.20508797,0.36533347,0.55465895,0.70962936,1.4469348,392.03561,567.25,1641.125,1320.5,1014.5,693.375,488.625,338.75,211.0,133.375,1427.625,984.625,661.625,329.625,155.0,74.625,28.5,12.125,EXT37
C:/Users/MICROSOFT/Documents/nauval_mrnavac/cycpeptmp_standalone/runs/run_20260102_172000_moe/sdf/peptide.sdf,S(CC[C@](NC)C=O)C.O=C(N)CC[C@](NC)C=O.O=C[C@@](NC)[C@](OC)C.O=C[C@@](NC)C(C)C.O=C[C@@](NC)CC(C)C.O=C[C@@](NC)CCCNC(=N)N.O=C[C@@](NC)CCCCN.O=C[C@@](NC)C,S(CC[C@](NC)C=O)C.O=C(N)CC[C@](NC)C=O.O=C[C@@](NC)[C@](OC)C.O=C[C@@](NC)C(C)C.O=C[C@@](NC)CC(C)C.O=C[C@@](NC)CCCNC(=N)N.O=C[C@@](NC)CCCCN.O=C[C@@](NC)C,446.8938,329.76874,117.12506,245.98273,200.91107,6809.0649,2418.3984,212.64368,4390.6665,3.595439,1.3290607,4008648400000.0,16.562176,-526.41736,4008648400000.0,0.0098690111,219.07999,0,36.89135,4008648400000.0,49.346069,4008648400000.0,0.73791301,0.26208702,0.55042768,0.44957229,15.236427,5.4115725,0.19456929,0.35108683,0.93523914,6664.3037,2046.7329,5452.1689,5829.7061,2.4950287,2.3022399,1.1823796,1.0155182,297.75,265.63947,1.7987851,0.022050591,3.2304008,2.9905195,2.7465472,2.3612931,2.1071985,1.8281909,1.4493344,1.0039656,738.875,419.0,278.5,195.375,146.75,112.625,90.0,71.875,1.8708287,1.8027756,0.86602539,0.5,7.6811457,7.6321688,-4.0347772,-3.9675007,-3.94047,-15.468246,-15.156196,-14.541075,1.1722445,190.25,272.875,290.625,300.5,262.625,209.625,152.0,104.625,1.6350987,1.6231606,0.93542486,1.301414,1.3752356,1.3829174,1.4285041,1.44766,1.5935597,1.7405546,0.19286585,0.31158066,0.43954897,0.5548619,0.54019147,0.47244507,0.55700231,0.57366019,1.4442936,380.03009,548.875,1593.5,1259.125,957.75,647.0,455.375,317.125,210.25,134.625,1403.25,986.25,667.125,346.5,192.75,107.5,58.25,30.0,EXT38
C:/Users/MICROSOFT/Documents/nauval_mrnavac/cycpeptmp_standalone/runs/run_20260102_172000_moe/sdf/peptide.sdf,S(CC[C@](NC)C=O)C.O=C(N)CC[C@](NC)C=O.O=C[C@@](NC)[C@](OC)C.O=C[C@@](NC)C(C)C.O=C[C@@](NC)CC(C)C.O=C[C@@](NC)CCCNC(=N)N.O=C[C@@](NC)CCCCN.O=C[C@@](NC)C,S(CC[C@](NC)C=O)C.O=C(N)CC[C@](NC)C=O.O=C[C@@](NC)[C@](OC)C.O=C[C@@](NC)C(C)C.O=C[C@@](NC)CC(C)C.O=C[C@@](NC)CCCNC(=N)N.O=C[C@@](NC)CCCCN.O=C[C@@](NC)C,470.62897,342.20898,128.41998,253.01231,217.61665,7065.9316,2651.6157,213.78902,4414.3154,3.3272479,3.1438246,8013071000000.0,20.673311,758.34906,8013071000000.0,0.080551796,98.109917,0,36.614105,8013071000000.0,61.679924,8013071000000.0,0.72713119,0.27286884,0.53760463,0.46239537,15.013804,5.6341958,0.21890306,0.35005945,0.86858624,7037.8867,2220.8853,5510.5791,6344.3086,2.5640075,2.1736634,1.2806634,1.0169936,321.75,282.22009,1.7723227,0.019665183,3.1708915,2.9467511,2.7283354,2.4635077,2.2182512,1.8048097,1.3776973,0.95981342,721.875,409.75,280.625,196.375,140.5,107.75,82.75,62.75,0.5,1.0,0.5,0.5,0.5,1.0,-5.0483365,-4.9526348,-4.8238039,-12.213432,-11.880935,-11.633083,1.1757108,221.25,318.375,353.125,366.0,333.625,256.375,180.875,109.125,1.6592427,1.572247,1.2147075,1.3740228,1.2675833,1.1910059,1.1993747,1.2393582,1.1501997,1.1232433,0.24664955,0.38880241,0.40003726,0.46236801,0.56671208,0.66897136,0.82436162,1.0374564,1.4701207,397.24631,584.0,1617.25,1277.75,987.375,673.375,465.625,308.75,198.5,116.375,1396.0,959.375,634.25,307.375,132.0,52.375,17.625,7.25,EXT39
C:/Users/MICROSOFT/Documents/nauval_mrnavac/cycpeptmp_standalone/runs/run_20260102_172000_moe/sdf/peptide.sdf,S(CC[C@](NC)C=O)C.O=C(N)CC[C@](NC)C=O.O=C[C@@](NC)[C@](OC)C.O=C[C@@](NC)C(C)C.O=C[C@@](NC)CC(C)C.O=C[C@@](NC)CCCNC(=N)N.O=C[C@@](NC)CCCCN.O=C[C@@](NC)C,S(CC[C@](NC)C=O)C.O=C(N)CC[C@](NC)C=O.O=C[C@@](NC)[C@](OC)C.O=C[C@@](NC)C(C)C.O=C[C@@](NC)CC(C)C.O=C[C@@](NC)CCCNC(=N)N.O=C[C@@](NC)CCCCN.O=C[C@@](NC)C,462.98022,315.94089,147.03934,201.6599,261.32034,6523.5479,3036.0681,168.90157,3487.4795,3.4828532,2.5203056,4181860500000.0,18.450996,1186.1031,4181860500000.0,0.082258895,67.862663,0,37.170063,4181860500000.0,59.175594,4181860500000.0,0.6824069,0.31759313,0.43556911,0.56443089,14.090338,6.5576625,0.1986137,0.34068835,0.91270411,6871.3203,2077.7373,5566.2583,6098.6445,2.5334845,2.234278,1.1991894,0.99573052,307.375,276.27567,2.0029061,0.015563996,3.2379272,3.0165918,2.7729678,2.4684665,2.2313488,1.8922613,1.4676665,0.95136958,661.0,343.125,209.625,143.625,103.875,74.625,57.5,40.125,0.5,6.5192022,6.98212,5.2201533,4.9497476,0.5,-3.6258719,-3.3900392,-3.2819488,-13.295935,-12.951769,-12.932467,1.18178,243.625,371.0,376.25,368.625,328.125,256.375,173.0,105.0,2.2808588,2.2637076,0.61028123,1.1544248,1.5555083,1.769255,1.88545,2.1253705,2.2824399,2.6671057,0.14860199,0.10212234,0.092906252,0.28690642,0.46964514,0.63352424,0.80152363,1.0776919,1.4493026,392.08514,568.25,1649.25,1329.625,1008.0,684.25,478.125,325.125,203.0,119.0,1405.625,958.625,631.75,315.625,150.0,68.75,30.0,14.0,EXT40
C:/Users/MICROSOFT/Documents/nauval_mrnavac/cycpeptmp_standalone/runs/run_20260102_172000_moe/sdf/peptide.sdf,S(CC[C@](NC)C=O)C.O=C(N)CC[C@](NC)C=O.O=C[C@@](NC)[C@](OC)C.O=C[C@@](NC)C(C)C.O=C[C@@](NC)CC(C)C.O=C[C@@](NC)CCCNC(=N)N.O=C[C@@](NC)CCCCN.O=C[C@@](NC)C,S(CC[C@](NC)C=O)C.O=C(N)CC[C@](NC)C=O.O=C[C@@](NC)[C@](OC)C.O=C[C@@](NC)C(C)C.O=C[C@@](NC)CC(C)C.O=C[C@@](NC)CCCNC(=N)N.O=C[C@@](NC)CCCCN.O=C[C@@](NC)C,465.83414,310.577,155.25714,243.25401,222.58012,6412.7939,3205.7495,155.31985,3207.0444,3.5157373,1.674652,9128687700000.0,17.767126,-455.92896,9128687700000.0,0.057741508,202.45239,0,36.451752,9128687700000.0,55.299873,9128687700000.0,0.66671157,0.33328846,0.52219015,0.47780982,13.76626,6.8817401,0.20512435,0.3242417,0.94098681,6988.9263,2000.7705,5806.4673,6170.6147,2.5550733,2.2979693,1.1435925,1.0407653,304.5,275.70529,0.80327857,0.016748283,3.2022629,2.9800012,2.7557392,2.4760704,2.2374706,1.8756331,1.3784275,0.89791739,672.125,365.625,233.75,163.75,120.375,93.875,72.75,54.625,0.86602539,0.70710677,0.5,1.118034,0.70710677,0.5,-4.3557801,-4.207303,-3.806452,-15.539502,-15.114573,-14.420138,1.188729,221.875,342.0,352.625,360.75,320.0,247.5,169.5,105.125,2.0310161,1.9625955,0.80015916,0.83145601,0.77010608,0.60729671,0.62576818,0.60102451,0.62371653,0.74631786,0.26601776,0.36061525,0.33789447,0.29900372,0.30329931,0.29439837,0.28623736,0.31221414,1.4410415,394.50635,568.5,1627.625,1306.625,998.375,681.5,474.75,321.375,205.375,122.375,1405.75,964.625,645.75,320.75,154.75,73.875,35.875,17.25,EXT41
C:/Users/MICROSOFT/Documents/nauval_mrnavac/cycpeptmp_standalone/runs/run_20260102_172000_moe/sdf/peptide.sdf,S(CC[C@](NC)C=O)C.O=C(N)CC[C@](NC)C=O.O=C[C@@](NC)[C@](OC)C.O=C[C@@](NC)C(C)C.O=C[C@@](NC)CC(C)C.O=C[C@@](NC)CCCNC(=N)N.O=C[C@@](NC)CCCCN.O=C[C@@](NC)C,S(CC[C@](NC)C=O)C.O=C(N)CC[C@](NC)C=O.O=C[C@@](NC)[C@](OC)C.O=C[C@@](NC)C(C)C.O=C[C@@](NC)CC(C)C.O=C[C@@](NC)CCCNC(=N)N.O=C[C@@](NC)CCCCN.O=C[C@@](NC)C,461.52545,277.311,184.21445,191.40706,270.11841,5725.9175,3803.6599,93.096558,1922.2577,3.5027959,1.3765798,8316612800000.0,18.727253,2321.4219,8316612800000.0,0.019937743,-14.373075,0,36.595322,8316612800000.0,53.271011,8316612800000.0,0.60085744,0.39914256,0.41472697,0.58527303,12.406505,8.2414951,0.231892,0.35906255,0.94750929,6796.6655,2116.0652,5583.9609,5893.3047,2.5196841,2.2316105,1.13185,1.0746357,305.625,272.91806,0.69652683,0.015564935,3.2036066,2.9848659,2.7560639,2.4941072,2.3076487,1.9192204,1.3946733,0.88615483,640.125,338.625,217.75,150.625,105.75,77.75,56.125,41.75,2.236068,2.5495098,0.70710677,6.041523,0.5,6.3442888,-3.7295902,-3.7103169,-3.7048762,-13.440574,-13.430833,-12.641646,1.1867731,254.75,389.125,407.25,388.0,333.375,242.375,157.125,92.625,2.2095292,2.1344399,0.5516454,0.88243574,0.88103765,0.94057727,1.0467371,1.2857273,1.7290689,1.7194054,0.14292915,0.14255692,0.16809806,0.19194826,0.26243708,0.44114128,0.60563487,0.65506542,1.4498411,397.37112,576.125,1638.125,1318.875,1010.5,688.25,481.125,321.5,197.375,114.125,1383.375,929.75,603.25,300.25,147.75,79.125,40.25,21.5,EXT42
C:/Users/MICROSOFT/Documents/nauval_mrnavac/cycpeptmp_standalone/runs/run_20260102_172000_moe/sdf/peptide.sdf,S(CC[C@](NC)C=O)C.O=C(N)CC[C@](NC)C=O.O=C[C@@](NC)[C@](OC)C.O=C[C@@](NC)C(C)C.O=C[C@@](NC)CC(C)C.O=C[C@@](NC)CCCNC(=N)N.O=C[C@@](NC)CCCCN.O=C[C@@](NC)C,S(CC[C@](NC)C=O)C.O=C(N)CC[C@](NC)C=O.O=C[C@@](NC)[C@](OC)C.O=C[C@@](NC)C(C)C.O=C[C@@](NC)CC(C)C.O=C[C@@](NC)CCCNC(=N)N.O=C[C@@](NC)CCCCN.O=C[C@@](NC)C,474.68973,356.99762,117.69212,227.48439,247.20534,7371.2866,2430.1067,239.3055,4941.1802,3.4148071,0.33921865,4816010500000.0,18.654787,-400.78781,4816010500000.0,0.034951296,193.93819,0,36.877216,4816010500000.0,54.992752,4816010500000.0,0.75206518,0.24793482,0.47922754,0.52077246,15.528642,5.1193581,0.2158519,0.35481429,0.91618317,6704.0454,2094.8425,5409.1943,5904.0537,2.5024569,2.2557878,1.1931044,1.048036,313.5,283.38083,1.7820934,0.016887236,3.183708,2.9596562,2.714668,2.3439269,2.0858355,1.779372,1.4511142,1.0510192,660.125,353.25,216.5,153.125,108.625,80.625,56.875,41.75,0.86602539,0.5,1.2247449,0.70710677,0.5,0.86602539,-3.2782109,-3.2241411,-3.1504049,-14.244152,-13.910249,-12.951341,1.1855145,194.0,272.375,295.125,310.75,287.875,245.625,186.0,126.125,2.1385682,2.1657143,1.0994306,1.5031208,1.6197734,1.594357,1.5411474,1.4707433,1.445515,1.5226853,0.1514013,0.20333228,0.15161344,0.17987332,0.20529085,0.37982711,0.55522627,0.87513447,1.4487516,395.51297,573.0,1610.875,1282.0,975.75,662.875,463.0,331.625,223.75,142.375,1416.875,1009.625,680.625,352.125,175.125,86.0,37.75,16.25,EXT43
C:/Users/MICROSOFT/Documents/nauval_mrnavac/cycpeptmp_standalone/runs/run_20260102_172000_moe/sdf/peptide.sdf,S(CC[C@](NC)C=O)C.O=C(N)CC[C@](NC)C=O.O=C[C@@](NC)[C@](OC)C.O=C[C@@](NC)C(C)C.O=C[C@@](NC)CC(C)C.O=C[C@@](NC)CCCNC(=N)N.O=C[C@@](NC)CCCCN.O=C[C@@](NC)C,S(CC[C@](NC)C=O)C.O=C(N)CC[C@](NC)C=O.O=C[C@@](NC)[C@](OC)C.O=C[C@@](NC)C(C)C.O=C[C@@](NC)CC(C)C.O=C[C@@](NC)CCCNC(=N)N.O=C[C@@](NC)CCCCN.O=C[C@@](NC)C,453.34796,302.29395,151.05403,204.71474,248.63322,6241.7651,3118.9636,151.23991,3122.8015,3.5099738,2.3174062,7268177800000.0,21.174334,1444.0847,7268177800000.0,0.03247695,29.393797,0,36.700127,7268177800000.0,56.672115,7268177800000.0,0.66680336,0.33319667,0.45156208,0.54843795,13.768155,6.8798447,0.23417306,0.39179626,0.9711585,6467.4429,2144.7046,5316.1509,5474.0303,2.4579012,2.1563699,1.1929543,1.0434983,305.0,270.13531,2.0321159,0.018441154,3.2264161,3.0044563,2.7577457,2.3957105,2.1371233,1.8439546,1.4502594,1.01355,678.625,385.375,249.5,180.5,136.625,108.625,84.75,65.375,0.5,0.5,0.70710677,6.041523,0.86602539,5.315073,-4.9920673,-4.854393,-4.8339891,-11.516746,-11.457828,-11.424699,1.1696097,218.875,315.0,327.875,338.625,301.375,243.375,175.75,108.5,1.8336673,1.7486149,0.88828427,1.3825997,1.798581,1.9725016,2.1153872,2.1819208,2.2292254,2.5922976,0.20614904,0.18340296,0.17326465,0.17576365,0.26482832,0.3678855,0.52903658,0.89240545,1.4645978,388.16116,568.5,1614.875,1292.625,973.625,652.0,457.5,315.625,204.625,119.875,1396.0,977.625,645.75,313.375,156.125,72.25,28.875,11.375,EXT44
C:/Users/MICROSOFT/Documents/nauval_mrnavac/cycpeptmp_standalone/runs/run_20260102_172000_moe/sdf/peptide.sdf,S(CC[C@](NC)C=O)C.O=C(N)CC[C@](NC)C=O.O=C[C@@](NC)[C@](OC)C.O=C[C@@](NC)C(C)C.O=C[C@@](NC)CC(C)C.O=C[C@@](NC)CCCNC(=N)N.O=C[C@@](NC)CCCCN.O=C[C@@](NC)C,S(CC[C@](NC)C=O)C.O=C(N)CC[C@](NC)C=O.O=C[C@@](NC)[C@](OC)C.O=C[C@@](NC)C(C)C.O=C[C@@](NC)CC(C)C.O=C[C@@](NC)CCCNC(=N)N.O=C[C@@](NC)CCCCN.O=C[C@@](NC)C,480.99905,335.46301,145.53604,200.51987,280.47919,6926.6401,3005.0283,189.92697,3921.6121,3.3246646,7.3753715,6725989600000.0,19.780802,1323.0112,6725989600000.0,0.077884302,66.295464,0,37.54483,6725989600000.0,56.903507,6725989600000.0,0.69742966,0.30257034,0.41688204,0.58311796,14.400528,6.2474723,0.21795829,0.34741944,0.93307751,7071.0454,2154.459,5786.312,6201.3198,2.5700405,2.2722054,1.1924182,1.0608019,322.0,292.79288,3.706171,0.022324704,3.1271935,2.9065547,2.6330388,2.2691731,1.9607378,1.5855466,1.2310297,0.91614819,716.375,417.375,288.5,219.125,165.0,127.25,99.875,81.375,0.5,0.5,1.0,0.5,4.9244289,5.1478152,-3.6443574,-3.4483354,-3.4013274,-13.689999,-13.587247,-13.523985,1.2006133,218.0,298.625,331.25,326.75,264.375,201.125,145.75,93.5,1.5311959,1.358243,1.9157088,2.5742857,2.8643346,2.9467885,3.0896199,3.2508063,3.4701896,3.5363581,0.28307021,0.52796769,0.7287581,0.76386219,0.85142505,0.90744239,0.97897995,0.93052435,1.4542695,413.95352,602.0,1633.625,1284.75,977.375,647.875,441.75,297.625,199.0,124.5,1415.625,986.125,646.125,321.125,177.375,96.5,53.25,31.0,EXT45
C:/Users/MICROSOFT/Documents/nauval_mrnavac/cycpeptmp_standalone/runs/run_20260102_172000_moe/sdf/peptide.sdf,S(CC[C@](NC)C=O)C.O=C(N)CC[C@](NC)C=O.O=C[C@@](NC)[C@](OC)C.O=C[C@@](NC)C(C)C.O=C[C@@](NC)CC(C)C.O=C[C@@](NC)CCCNC(=N)N.O=C[C@@](NC)CCCCN.O=C[C@@](NC)C,S(CC[C@](NC)C=O)C.O=C(N)CC[C@](NC)C=O.O=C[C@@](NC)[C@](OC)C.O=C[C@@](NC)C(C)C.O=C[C@@](NC)CC(C)C.O=C[C@@](NC)CCCNC(=N)N.O=C[C@@](NC)CCCCN.O=C[C@@](NC)C,492.84787,355.06067,137.7872,226.4845,266.36337,7331.293,2845.0303,217.27347,4486.2627,3.224524,3.6056728,7176302100000.0,17.854998,1413.3823,7176302100000.0,0.010220185,32.969242,0,36.386131,7176302100000.0,52.673553,7176302100000.0,0.7204265,0.2795735,0.45954242,0.54045761,14.875366,5.7726336,0.20670122,0.31290579,0.92923379,7356.5024,2053.2998,6097.6675,6562.0381,2.6214032,2.3238754,1.1573319,1.0565362,332.0,298.40891,1.8852519,0.013381381,3.1049049,2.8883042,2.6203818,2.3245614,2.0529017,1.7048929,1.316728,0.86200768,637.375,326.0,195.125,127.125,90.875,65.75,45.375,31.125,0.86602539,1.2247449,0.5,0.5,1.5,1.2247449,-3.7257042,-3.6065533,-3.5365958,-13.747066,-13.515989,-13.146909,1.2102166,219.125,335.625,359.0,373.375,318.875,228.875,157.875,94.125,2.4023063,2.4287119,1.0016009,1.3285155,1.4475355,1.6812257,1.9995598,2.1773572,2.2230179,1.9535204,0.32712591,0.50948042,0.54045761,0.51632994,0.46532732,0.486031,0.53529459,0.63688254,1.4509704,422.0451,612.375,1634.125,1309.75,995.125,675.875,468.75,308.75,201.5,116.75,1415.0,974.125,636.125,302.5,149.875,79.875,43.625,22.625,EXT46
C:/Users/MICROSOFT/Documents/nauval_mrnavac/cycpeptmp_standalone/runs/run_20260102_172000_moe/sdf/peptide.sdf,S(CC[C@](NC)C=O)C.O=C(N)CC[C@](NC)C=O.O=C[C@@](NC)[C@](OC)C.O=C[C@@](NC)C(C)C.O=C[C@@](NC)CC(C)C.O=C[C@@](NC)CCCNC(=N)N.O=C[C@@](NC)CCCCN.O=C[C@@](NC)C,S(CC[C@](NC)C=O)C.O=C(N)CC[C@](NC)C=O.O=C[C@@](NC)[C@](OC)C.O=C[C@@](NC)C(C)C.O=C[C@@](NC)CC(C)C.O=C[C@@](NC)CCCNC(=N)N.O=C[C@@](NC)CCCCN.O=C[C@@](NC)C,472.2644,362.96121,109.30321,241.64682,230.61758,7494.4229,2256.8926,253.65799,5237.5303,3.31951,1.0067717,11669405000000.0,16.819492,1713.1089,11669405000000.0,0.091479272,21.277821,0,36.811142,11669405000000.0,54.427521,11669405000000.0,0.76855505,0.23144494,0.51167697,0.48832303,15.869124,4.7788754,0.21304823,0.36466098,0.9066624,6815.4839,2188.4519,5441.1831,6001.333,2.52317,2.2529609,1.2423778,1.0399024,322.5,284.75995,1.3328112,0.025290508,3.1239538,2.8902879,2.6254277,2.2546849,1.8879561,1.5527985,1.2456136,0.82454443,821.875,481.5,313.25,219.625,166.75,129.75,102.25,77.75,0.5,0.70710677,0.5,9.0138779,0.5,9.2736187,-3.9559782,-3.8160362,-3.7779603,-12.975209,-12.576972,-12.364152,1.1847268,185.0,251.75,269.375,284.125,254.5,202.625,149.375,96.125,1.3320032,1.2675015,0.80668229,0.87018818,0.79472995,0.81567162,0.98439473,1.0294745,1.1295832,1.0916113,0.2236456,0.42229033,0.51423591,0.55441433,0.54641861,0.64016163,0.66981643,0.90618604,1.4687551,405.70071,595.875,1595.125,1229.125,921.25,612.75,417.25,278.375,182.5,107.125,1410.125,977.375,651.875,328.625,162.75,75.75,33.125,11.0,EXT47
C:/Users/MICROSOFT/Documents/nauval_mrnavac/cycpeptmp_standalone/runs/run_20260102_172000_moe/sdf/peptide.sdf,S(CC[C@](NC)C=O)C.O=C(N)CC[C@](NC)C=O.O=C[C@@](NC)[C@](OC)C.O=C[C@@](NC)C(C)C.O=C[C@@](NC)CC(C)C.O=C[C@@](NC)CCCNC(=N)N.O=C[C@@](NC)CCCCN.O=C[C@@](NC)C,S(CC[C@](NC)C=O)C.O=C(N)CC[C@](NC)C=O.O=C[C@@](NC)[C@](OC)C.O=C[C@@](NC)C(C)C.O=C[C@@](NC)CC(C)C.O=C[C@@](NC)CCCNC(=N)N.O=C[C@@](NC)CCCCN.O=C[C@@](NC)C,443.21167,313.55481,129.65688,219.62718,223.58449,6474.2798,2677.155,183.89793,3797.1245,3.5924227,3.3499827,6100028000000.0,19.347387,1140.0612,6100028000000.0,0.12562017,83.814873,0,36.691998,6100028000000.0,53.632622,6100028000000.0,0.70746058,0.29253939,0.49553564,0.50446433,14.607647,6.0403533,0.2301902,0.34772709,0.95104551,6709.0669,2029.713,5551.3345,5837.0859,2.5033941,2.2026086,1.1628153,1.0567707,298.0,261.22202,1.6112199,0.016452804,3.2506151,3.0237966,2.7994108,2.4905314,2.2437775,1.9851902,1.5763829,1.1429642,689.875,359.625,212.375,144.125,105.625,79.0,59.25,44.875,8.6023254,0.5,8.5586214,1.118034,0.70710677,0.5,-3.5074666,-3.3325596,-3.1462207,-17.757675,-17.491537,-17.479355,1.1629732,198.5,299.375,342.625,348.0,299.75,243.375,177.125,124.625,2.2966452,2.4015613,1.1290416,1.2828795,1.2283736,1.1742327,1.1324633,1.2351067,1.2590967,1.4678763,0.14339869,0.35150626,0.3880043,0.47626203,0.55766028,0.60760379,0.66397536,0.84809828,1.4520403,375.07565,544.625,1594.0,1271.375,991.25,684.25,487.75,346.125,231.375,150.75,1395.5,972.0,648.625,336.25,188.0,102.75,54.25,26.125,EXT48
C:/Users/MICROSOFT/Documents/nauval_mrnavac/cycpeptmp_standalone/runs/run_20260102_172000_moe/sdf/peptide.sdf,S(CC[C@](NC)C=O)C.O=C(N)CC[C@](NC)C=O.O=C[C@@](NC)[C@](OC)C.O=C[C@@](NC)C(C)C.O=C[C@@](NC)CC(C)C.O=C[C@@](NC)CCCNC(=N)N.O=C[C@@](NC)CCCCN.O=C[C@@](NC)C,S(CC[C@](NC)C=O)C.O=C(N)CC[C@](NC)C=O.O=C[C@@](NC)[C@](OC)C.O=C[C@@](NC)C(C)C.O=C[C@@](NC)CC(C)C.O=C[C@@](NC)CCCNC(=N)N.O=C[C@@](NC)CCCCN.O=C[C@@](NC)C,467.61368,314.10675,153.50693,165.80757,301.80609,6485.6763,3169.6111,160.59982,3316.0649,3.5331419,1.9294232,7701801700000.0,20.054588,71.988586,7701801700000.0,0.088341095,164.73407,0,36.977379,7701801700000.0,63.262741,7701801700000.0,0.67172277,0.32827726,0.3545824,0.64541763,13.869732,6.7782683,0.18289568,0.31377554,0.89253175,7223.146,2054.5156,5844.0518,6547.7241,2.5975347,2.2521555,1.2481103,0.96316361,303.0,277.16037,2.0857322,0.014717873,3.2176092,2.9980252,2.7571564,2.511363,2.2094216,1.8619455,1.4660817,1.0584289,620.375,330.375,205.0,141.75,102.375,79.875,59.125,45.625,1.118034,1.2247449,0.5,0.5,0.5,0.70710677,-3.975807,-3.8890882,-3.8236701,-14.317433,-14.026071,-13.997758,1.2061845,251.5,371.5,364.75,341.875,298.875,233.375,176.625,119.375,2.4304879,2.3994708,1.1952875,1.6654495,1.7640604,1.7048351,1.7970309,1.8337624,1.9952159,1.8830888,0.12507451,0.20705439,0.19568567,0.22043179,0.33563641,0.45198664,0.57229316,0.77817231,1.4238211,402.3504,572.875,1675.875,1360.125,1031.75,707.25,498.25,340.125,225.0,140.375,1424.375,988.625,667.0,365.375,199.375,106.75,48.375,21.0,EXT49
C:/Users/MICROSOFT/Documents/nauval_mrnavac/cycpeptmp_standalone/runs/run_20260102_172000_moe/sdf/peptide.sdf,S(CC[C@](NC)C=O)C.O=C(N)CC[C@](NC)C=O.O=C[C@@](NC)[C@](OC)C.O=C[C@@](NC)C(C)C.O=C[C@@](NC)CC(C)C.O=C[C@@](NC)CCCNC(=N)N.O=C[C@@](NC)CCCCN.O=C[C@@](NC)C,S(CC[C@](NC)C=O)C.O=C(N)CC[C@](NC)C=O.O=C[C@@](NC)[C@](OC)C.O=C[C@@](NC)C(C)C.O=C[C@@](NC)CC(C)C.O=C[C@@](NC)CCCNC(=N)N.O=C[C@@](NC)CCCCN.O=C[C@@](NC)C,466.15942,352.47003,113.68938,206.9399,259.21951,7277.8013,2347.4583,238.78067,4930.3433,3.4325995,0.85302591,10106622000000.0,19.318806,888.6933,10106622000000.0,0.13930157,107.8497,0,36.617409,10106622000000.0,55.918182,10106622000000.0,0.75611484,0.24388519,0.44392517,0.55607486,15.612259,5.0357413,0.18447682,0.3313213,0.93904626,6961.8354,2031.9215,5758.9668,6132.7827,2.5501165,2.3240914,1.1747298,0.99821502,311.875,277.37656,1.3674299,0.022127105,3.1908784,2.9580638,2.675864,2.3069634,2.056927,1.7646619,1.4404843,1.0374768,766.0,444.5,295.375,216.625,165.5,129.875,105.5,81.625,0.70710677,0.5,0.5,6.7268119,0.5,6.5192022,-4.4517608,-4.3485546,-4.3356056,-11.771233,-11.438742,-11.236587,1.1748449,187.375,249.0,259.375,281.0,259.125,217.125,166.375,113.75,1.5230639,1.4472014,0.86668319,1.0016689,1.0314453,1.1437227,1.1566662,1.3461206,1.4260991,1.4956059,0.23205642,0.48925176,0.53425872,0.52262026,0.45273641,0.29319799,0.15631478,0.10203466,1.4644555,393.32025,576.0,1608.5,1263.5,951.0,636.5,449.875,313.5,212.75,131.25,1421.125,1014.5,691.625,355.5,190.75,96.375,46.375,17.5,EXT50
C:/Users/MICROSOFT/Documents/nauval_mrnavac/cycpeptmp_standalone/runs/run_20260102_172000_moe/sdf/peptide.sdf,S(CC[C@](NC)C=O)C.O=C(N)CC[C@](NC)C=O.O=C[C@@](NC)[C@](OC)C.O=C[C@@](NC)C(C)C.O=C[C@@](NC)CC(C)C.O=C[C@@](NC)CCCNC(=N)N.O=C[C@@](NC)CCCCN.O=C[C@@](NC)C,S(CC[C@](NC)C=O)C.O=C(N)CC[C@](NC)C=O.O=C[C@@](NC)[C@](OC)C.O=C[C@@](NC)C(C)C.O=C[C@@](NC)CC(C)C.O=C[C@@](NC)CCCNC(=N)N.O=C[C@@](NC)CCCCN.O=C[C@@](NC)C,454.30502,318.21844,136.08659,195.47359,258.83145,6570.5742,2809.916,182.13185,3760.6584,3.4603376,2.2276611,4271298300000.0,17.89192,1993.0663,4271298300000.0,0.021440366,1.3795737,0,37.110363,4271298300000.0,51.551456,4271298300000.0,0.70045108,0.29954895,0.43026945,0.56973052,14.462914,6.1850867,0.23882023,0.36710578,0.95725244,6744.2246,2130.3462,5555.0176,5803.0854,2.5099447,2.1811233,1.2072184,1.0658983,309.375,272.45868,1.3560704,0.017849805,3.2287784,3.0017092,2.7772698,2.4965603,2.2198734,1.8258429,1.3225499,0.87722296,698.125,386.25,241.25,160.0,120.375,91.5,69.5,55.0,1.118034,0.5,0.70710677,3.391165,1.118034,2.8722813,-4.2442932,-4.0317473,-4.0261674,-11.690185,-11.576474,-11.573359,1.1733665,246.125,356.125,386.375,354.75,300.875,230.375,158.5,101.375,1.9103627,1.9125,1.0273992,0.94911826,0.83363605,0.92699027,1.0229825,1.0882339,1.1481578,1.2230216,0.12638208,0.2652081,0.32191199,0.40265909,0.52594483,0.81858522,1.1708564,1.5514896,1.4658761,392.59799,575.5,1636.0,1307.75,1004.0,671.25,460.875,306.0,194.5,117.125,1389.875,951.625,617.625,316.5,160.0,75.625,36.0,15.75,EXT51
C:/Users/MICROSOFT/Documents/nauval_mrnavac/cycpeptmp_standalone/runs/run_20260102_172000_moe/sdf/peptide.sdf,S(CC[C@](NC)C=O)C.O=C(N)CC[C@](NC)C=O.O=C[C@@](NC)[C@](OC)C.O=C[C@@](NC)C(C)C.O=C[C@@](NC)CC(C)C.O=C[C@@](NC)CCCNC(=N)N.O=C[C@@](NC)CCCCN.O=C[C@@](NC)C,S(CC[C@](NC)C=O)C.O=C(N)CC[C@](NC)C=O.O=C[C@@](NC)[C@](OC)C.O=C[C@@](NC)C(C)C.O=C[C@@](NC)CC(C)C.O=C[C@@](NC)CCCNC(=N)N.O=C[C@@](NC)CCCCN.O=C[C@@](NC)C,460.10675,338.66196,121.44481,233.39812,226.70865,6992.6919,2507.5925,217.21713,4485.0996,3.4927959,3.3418186,8281772800000.0,17.707106,180.4283,8281772800000.0,0.032533266,160.08244,0,36.615112,8281772800000.0,51.209751,8281772800000.0,0.73605078,0.26394922,0.5072695,0.49273053,15.197977,5.4500232,0.19321617,0.32764938,0.91056174,6825.3477,1998.3109,5553.4536,6098.9312,2.5249951,2.30686,1.1657703,1.0140117,306.5,275.10327,1.3147447,0.016454378,3.2019787,2.9877641,2.7679064,2.4180412,2.1734986,1.8651503,1.4636613,1.0257902,704.0,369.5,227.75,150.0,109.375,82.375,61.875,47.25,0.70710677,0.5,1.118034,1.118034,0.5,0.70710677,-3.4866192,-3.3474817,-3.3067756,-14.792482,-14.659905,-14.607334,1.1770548,206.25,285.625,327.125,318.75,271.875,216.625,155.75,108.625,2.0598245,2.1716666,0.76913345,0.9412601,1.1130213,1.1104474,1.0297673,1.0384072,0.97739482,1.1161292,0.19134039,0.25388613,0.26175311,0.27723703,0.34573075,0.49892116,0.69010812,0.72562677,1.455014,390.46014,568.125,1612.875,1284.625,993.125,670.375,469.125,325.75,212.625,129.125,1406.625,999.0,666.0,351.625,197.25,109.125,56.875,20.5,EXT52
C:/Users/MICROSOFT/Documents/nauval_mrnavac/cycpeptmp_standalone/runs/run_20260102_172000_moe/sdf/peptide.sdf,S(CC[C@](NC)C=O)C.O=C(N)CC[C@](NC)C=O.O=C[C@@](NC)[C@](OC)C.O=C[C@@](NC)C(C)C.O=C[C@@](NC)CC(C)C.O=C[C@@](NC)CCCNC(=N)N.O=C[C@@](NC)CCCCN.O=C[C@@](NC)C,S(CC[C@](NC)C=O)C.O=C(N)CC[C@](NC)C=O.O=C[C@@](NC)[C@](OC)C.O=C[C@@](NC)C(C)C.O=C[C@@](NC)CC(C)C.O=C[C@@](NC)CCCNC(=N)N.O=C[C@@](NC)CCCCN.O=C[C@@](NC)C,460.40268,373.58054,86.822144,277.07104,183.33163,7713.6909,1792.7036,286.75839,5920.9873,3.5258691,2.7733405,11634592000000.0,16.498663,372.79108,11634592000000.0,0.052439094,103.25777,0,36.390831,11634592000000.0,54.516212,11634592000000.0,0.81142128,0.18857871,0.60180151,0.39819846,16.754227,3.8937731,0.20609866,0.31186724,0.89375561,6856.3242,1938.9199,5556.5967,6217.1323,2.5307183,2.2689283,1.2115337,1.0300502,303.625,273.25433,0.29138649,0.021417612,3.1970885,2.9705529,2.7620528,2.4569855,2.1090686,1.7476445,1.4008107,1.0221276,796.5,443.875,281.75,198.125,143.875,106.375,81.5,61.375,0.5,0.70710677,0.5,0.5,0.70710677,0.5,-4.5031757,-4.3336382,-4.2523742,-15.943008,-15.577782,-15.351066,1.1904352,179.875,254.5,278.5,295.75,266.125,206.375,150.75,105.75,1.6211181,1.6012619,0.30038121,0.35313922,0.16180466,0.18722384,0.27059618,0.40198454,0.48290086,0.57832402,0.20764145,0.35071507,0.26812503,0.19164634,0.15922141,0.25629753,0.31108415,0.29789311,1.4231949,386.45447,550.0,1603.75,1255.375,973.75,659.5,456.75,317.25,211.375,139.75,1423.875,1000.875,695.25,363.75,190.625,110.875,60.625,34.0,EXT53
C:/Users/MICROSOFT/Documents/nauval_mrnavac/cycpeptmp_standalone/runs/run_20260102_172000_moe/sdf/peptide.sdf,S(CC[C@](NC)C=O)C.O=C(N)CC[C@](NC)C=O.O=C[C@@](NC)[C@](OC)C.O=C[C@@](NC)C(C)C.O=C[C@@](NC)CC(C)C.O=C[C@@](NC)CCCNC(=N)N.O=C[C@@](NC)CCCCN.O=C[C@@](NC)C,S(CC[C@](NC)C=O)C.O=C(N)CC[C@](NC)C=O.O=C[C@@](NC)[C@](OC)C.O=C[C@@](NC)C(C)C.O=C[C@@](NC)CC(C)C.O=C[C@@](NC)CCCNC(=N)N.O=C[C@@](NC)CCCCN.O=C[C@@](NC)C,450.72049,350.44083,100.27966,238.37431,212.34616,7235.9023,2070.5742,250.16118,5165.3281,3.6304941,2.3015614,11681554000000.0,16.977676,-45.292126,11681554000000.0,0.014035934,171.69447,0,36.470623,11681554000000.0,58.573917,11681554000000.0,0.77751255,0.22248745,0.52887392,0.47112608,16.054079,4.5939212,0.16439365,0.28587142,0.92029452,7054.4819,1828.2167,5885.5059,6395.2412,2.5670285,2.3572183,1.1643161,0.95574564,294.875,270.42191,0.62267524,0.019496229,3.2219536,3.0032914,2.7521789,2.459924,2.2043846,1.8808154,1.5475229,1.1517653,778.875,434.25,266.625,181.125,140.375,109.375,85.125,66.0,3.5355339,0.70710677,2.9154758,0.5,1.0,0.5,-4.2764397,-4.0654435,-3.8390796,-15.022868,-14.54512,-14.015558,1.1865427,169.75,242.0,279.375,297.25,281.375,236.625,179.375,132.625,1.8659165,1.9282264,0.36187324,0.40078899,0.53133887,0.61912233,0.66961157,0.76313907,0.79136139,0.84443915,0.22768711,0.33167905,0.34742093,0.31692389,0.27118206,0.2618337,0.41891584,0.69295692,1.4236324,382.91135,545.125,1611.875,1274.125,1001.5,692.5,497.5,349.25,235.25,156.625,1442.125,1032.125,722.125,395.25,216.125,112.625,55.875,24.0,EXT54
C:/Users/MICROSOFT/Documents/nauval_mrnavac/cycpeptmp_standalone/runs/run_20260102_172000_moe/sdf/peptide.sdf,S(CC[C@](NC)C=O)C.O=C(N)CC[C@](NC)C=O.O=C[C@@](NC)[C@](OC)C.O=C[C@@](NC)C(C)C.O=C[C@@](NC)CC(C)C.O=C[C@@](NC)CCCNC(=N)N.O=C[C@@](NC)CCCCN.O=C[C@@](NC)C,S(CC[C@](NC)C=O)C.O=C(N)CC[C@](NC)C=O.O=C[C@@](NC)[C@](OC)C.O=C[C@@](NC)C(C)C.O=C[C@@](NC)CC(C)C.O=C[C@@](NC)CCCNC(=N)N.O=C[C@@](NC)CCCCN.O=C[C@@](NC)C,460.42545,374.63812,85.787308,291.59387,168.83159,7735.5283,1771.3363,288.85083,5964.1919,3.3246646,1.6270307,8674653200000.0,28.603395,673.34521,8674653200000.0,1.6610832,124.66067,0,39.841091,8674653200000.0,66.892715,8674653200000.0,0.81367821,0.18632182,0.63331395,0.36668605,16.800827,3.847173,0.28550574,0.37530607,0.98137915,6606.9194,2104.3259,5502.5532,5606.96,2.4842634,2.1291502,1.2042117,1.1376631,322.0,279.18051,0.77676249,0.024431555,3.1835654,2.9466341,2.7321296,2.4798017,2.1164896,1.7279843,1.3319385,0.90820342,805.125,473.75,319.5,227.625,164.25,126.0,96.0,76.375,7.4330344,0.70710677,7.8262382,9.1923885,9.0691786,0.5,-5.5181603,-4.9860363,-4.830647,-10.3328,-10.326096,-10.203828,1.1676632,208.0,275.375,276.125,290.625,270.375,216.25,154.5,94.375,1.3435055,1.2487644,0.39822868,0.64804453,0.9011147,1.1064081,1.2133142,1.3420528,1.6270983,1.8369942,0.20251848,0.13940594,0.11608746,0.13600755,0.23250595,0.31004703,0.36884552,0.66459566,1.4710069,389.61407,573.125,1591.125,1236.75,933.5,629.375,429.25,284.25,181.5,103.5,1383.125,961.375,657.375,338.75,158.875,68.0,27.0,9.125,EXT55
C:/Users/MICROSOFT/Documents/nauval_mrnavac/cycpeptmp_standalone/runs/run_20260102_172000_moe/sdf/peptide.sdf,S(CC[C@](NC)C=O)C.O=C(N)CC[C@](NC)C=O.O=C[C@@](NC)[C@](OC)C.O=C[C@@](NC)C(C)C.O=C[C@@](NC)CC(C)C.O=C[C@@](NC)CCCNC(=N)N.O=C[C@@](NC)CCCCN.O=C[C@@](NC)C,S(CC[C@](NC)C=O)C.O=C(N)CC[C@](NC)C=O.O=C[C@@](NC)[C@](OC)C.O=C[C@@](NC)C(C)C.O=C[C@@](NC)CC(C)C.O=C[C@@](NC)CCCNC(=N)N.O=C[C@@](NC)CCCCN.O=C[C@@](NC)C,477.71896,345.29398,132.42499,243.12625,234.59271,7129.6304,2734.311,212.869,4395.3193,3.2626042,3.1057994,8204612300000.0,16.961803,1008.1625,8204612300000.0,0.053678572,76.956604,0,36.624424,8204612300000.0,54.60413,8204612300000.0,0.72279733,0.2772027,0.50893158,0.49106845,14.924319,5.723681,0.20712847,0.33448875,0.94300467,7126.604,2093.3267,5901.5942,6258.2876,2.5801175,2.3420489,1.1342047,1.0658985,328.125,291.93896,1.198764,0.016172407,3.1476305,2.9299755,2.6812243,2.3163929,1.9837656,1.7035295,1.3462245,0.98626119,677.125,364.125,224.5,152.5,114.375,85.375,65.875,49.875,0.5,0.86602539,0.70710677,0.70710677,0.5,1.118034,-4.4221015,-4.3684711,-4.1643672,-13.231109,-12.836869,-12.640528,1.1922613,230.625,321.625,346.75,352.5,309.625,247.875,175.875,116.0,2.0651448,2.1106558,0.57601118,0.96682996,1.0503942,1.0939378,1.0920516,1.2625171,1.315811,1.3375624,0.26051608,0.27056134,0.20986505,0.072965689,0.24429654,0.44306386,0.63826603,0.66892368,1.4699099,414.14102,608.75,1654.375,1298.0,982.5,663.75,463.625,321.875,209.5,130.125,1423.75,976.375,635.75,311.25,154.0,74.0,33.625,14.125,EXT56
C:/Users/MICROSOFT/Documents/nauval_mrnavac/cycpeptmp_standalone/runs/run_20260102_172000_moe/sdf/peptide.sdf,S(CC[C@](NC)C=O)C.O=C(N)CC[C@](NC)C=O.O=C[C@@](NC)[C@](OC)C.O=C[C@@](NC)C(C)C.O=C[C@@](NC)CC(C)C.O=C[C@@](NC)CCCNC(=N)N.O=C[C@@](NC)CCCCN.O=C[C@@](NC)C,S(CC[C@](NC)C=O)C.O=C(N)CC[C@](NC)C=O.O=C[C@@](NC)[C@](OC)C.O=C[C@@](NC)C(C)C.O=C[C@@](NC)CC(C)C.O=C[C@@](NC)CCCNC(=N)N.O=C[C@@](NC)CCCCN.O=C[C@@](NC)C,460.89059,302.224,158.66658,214.97232,245.91826,6240.3213,3276.1477,143.55742,2964.1736,3.4828532,3.6625834,8837849400000.0,17.78253,380.88864,8837849400000.0,0.019080566,137.01955,0,36.521671,8837849400000.0,56.078213,8837849400000.0,0.65573913,0.34426084,0.4664281,0.5335719,13.539702,7.1082978,0.20347697,0.34621412,0.89921457,6881.7007,2122.1265,5511.7544,6129.5205,2.5353973,2.2199442,1.2226996,1.0013818,307.375,272.82697,1.6044074,0.018063545,3.2050054,2.9864149,2.755075,2.3841841,2.1256211,1.8248591,1.4429668,1.0180161,678.25,359.0,232.625,164.125,120.125,90.25,70.0,51.75,0.5,0.86602539,0.70710677,0.70710677,0.86602539,0.5,-4.3736014,-4.3600593,-3.895658,-13.153045,-12.242732,-12.144657,1.1811403,232.5,326.0,349.375,372.125,343.375,269.125,199.875,131.875,2.0462117,1.9908606,0.65955138,1.0936852,1.2728962,1.2402103,1.1848387,1.2699006,1.3266714,1.4104557,0.10274392,0.15741272,0.17004541,0.30659184,0.40045956,0.37734312,0.35326952,0.36262259,1.4543282,394.16824,573.25,1629.625,1299.625,992.875,668.0,476.0,326.75,217.5,136.0,1397.125,973.625,643.5,295.875,132.625,57.625,17.625,4.125,EXT57
C:/Users/MICROSOFT/Documents/nauval_mrnavac/cycpeptmp_standalone/runs/run_20260102_172000_moe/sdf/peptide.sdf,S(CC[C@](NC)C=O)C.O=C(N)CC[C@](NC)C=O.O=C[C@@](NC)[C@](OC)C.O=C[C@@](NC)C(C)C.O=C[C@@](NC)CC(C)C.O=C[C@@](NC)CCCNC(=N)N.O=C[C@@](NC)CCCCN.O=C[C@@](NC)C,S(CC[C@](NC)C=O)C.O=C(N)CC[C@](NC)C=O.O=C[C@@](NC)[C@](OC)C.O=C[C@@](NC)C(C)C.O=C[C@@](NC)CC(C)C.O=C[C@@](NC)CCCNC(=N)N.O=C[C@@](NC)CCCCN.O=C[C@@](NC)C,471.32602,322.08975,149.23628,208.14891,263.17712,6650.5093,3081.4307,172.85347,3569.0784,3.2391589,2.5618126,3242513700000.0,18.250111,1458.2169,3242513700000.0,0.09827631,61.770836,0,37.156479,3242513700000.0,56.41254,3242513700000.0,0.68336934,0.31663069,0.44162408,0.55837595,14.110209,6.5377903,0.25656962,0.42251331,0.92895895,6747.9985,2424.9653,5331.6504,5739.3818,2.5106471,2.1991098,1.1876576,1.1139086,330.5,289.49377,2.0070717,0.020756753,3.1744275,2.9410331,2.7246881,2.4250011,2.0711956,1.6607713,1.2691315,0.80171943,687.125,401.875,269.0,195.75,148.0,114.25,89.0,69.875,0.70710677,0.5,1.118034,0.5,0.5,0.70710677,-4.2389197,-4.0775776,-3.7979281,-12.890493,-12.605596,-12.239376,1.1657479,229.375,321.875,345.125,329.0,276.625,212.375,151.625,85.75,1.607342,1.4591316,1.4125199,1.5116509,1.4949527,1.4468465,1.4999268,1.4471655,1.6246809,1.6659203,0.14929084,0.35259736,0.35658172,0.40240395,0.57628822,0.79673976,1.1080006,1.5143613,1.4971417,401.59857,601.25,1612.75,1281.375,971.25,640.375,432.375,285.625,179.25,95.25,1383.375,959.5,626.125,311.375,155.75,73.25,27.625,9.5,EXT58
C:/Users/MICROSOFT/Documents/nauval_mrnavac/cycpeptmp_standalone/runs/run_20260102_172000_moe/sdf/peptide.sdf,S(CC[C@](NC)C=O)C.O=C(N)CC[C@](NC)C=O.O=C[C@@](NC)[C@](OC)C.O=C[C@@](NC)C(C)C.O=C[C@@](NC)CC(C)C.O=C[C@@](NC)CCCNC(=N)N.O=C[C@@](NC)CCCCN.O=C[C@@](NC)C,S(CC[C@](NC)C=O)C.O=C(N)CC[C@](NC)C=O.O=C[C@@](NC)[C@](OC)C.O=C[C@@](NC)C(C)C.O=C[C@@](NC)CC(C)C.O=C[C@@](NC)CCCNC(=N)N.O=C[C@@](NC)CCCCN.O=C[C@@](NC)C,459.29614,315.3479,143.94824,185.13879,274.15735,6511.3037,2972.2432,171.39967,3539.0603,3.4450264,4.8389025,4434222400000.0,21.927048,293.92007,4434222400000.0,0.096325643,102.60532,0,36.889137,4434222400000.0,58.322109,4434222400000.0,0.68658948,0.31341052,0.40309241,0.59690756,14.1767,6.4713001,0.23054367,0.33601364,0.97022116,6943.9878,2023.4495,5842.6001,6021.9263,2.5468457,2.220952,1.1739311,1.0663893,310.75,276.51166,1.9059005,0.016357085,3.2158735,2.9983859,2.7646074,2.522378,2.2480285,1.8843381,1.40609,0.83883202,672.75,369.5,228.5,159.5,115.875,86.625,67.375,47.625,0.5,1.118034,0.70710677,0.5,1.118034,1.2247449,-3.5263309,-3.4947524,-3.4840009,-12.100707,-12.0329,-11.996478,1.181841,253.125,362.5,374.0,351.625,289.5,218.25,138.0,76.5,2.0273523,1.9647336,0.76043046,1.1864563,1.4581609,1.6561267,1.8499615,2.1115484,2.2650397,2.3327084,0.10935045,0.20159206,0.24351357,0.32241318,0.45617113,0.54047608,0.82855469,1.146789,1.452726,394.00067,572.375,1637.125,1319.625,1008.0,678.75,463.25,313.375,187.75,100.75,1384.0,957.125,634.0,327.125,173.75,95.125,49.75,24.25,EXT59
C:/Users/MICROSOFT/Documents/nauval_mrnavac/cycpeptmp_standalone/runs/run_20260102_172000_moe/sdf/peptide.sdf,S(CC[C@](NC)C=O)C.O=C(N)CC[C@](NC)C=O.O=C[C@@](NC)[C@](OC)C.O=C[C@@](NC)C(C)C.O=C[C@@](NC)CC(C)C.O=C[C@@](NC)CCCNC(=N)N.O=C[C@@](NC)CCCCN.O=C[C@@](NC)C,S(CC[C@](NC)C=O)C.O=C(N)CC[C@](NC)C=O.O=C[C@@](NC)[C@](OC)C.O=C[C@@](NC)C(C)C.O=C[C@@](NC)CC(C)C.O=C[C@@](NC)CCCNC(=N)N.O=C[C@@](NC)CCCCN.O=C[C@@](NC)C,456.22675,322.13803,134.08873,226.61594,229.61081,6651.5059,2768.6641,188.04929,3882.8418,3.5909164,5.6745019,7523696400000.0,18.570208,2616.5657,7523696400000.0,0.098156139,-36.241348,0,37.163723,7523696400000.0,54.70702,7523696400000.0,0.70609194,0.29390809,0.49671778,0.50328225,14.579386,6.068614,0.19915883,0.32245195,0.91011316,6836.9663,1974.9419,5574.2275,6124.7632,2.5271432,2.2394922,1.1985369,0.99942297,298.125,267.38626,3.093431,0.021322764,3.2236991,2.9778731,2.7598078,2.4821885,2.1428165,1.7873714,1.2894455,0.9490701,804.375,433.75,271.0,189.625,140.125,109.375,83.0,66.375,0.5,0.5,0.70710677,0.5,0.5,1.0,-4.3764324,-4.175776,-4.165051,-14.798904,-14.620486,-14.312604,1.1801362,235.5,297.0,336.25,334.25,279.875,211.5,148.0,105.25,1.702952,1.659855,1.7670792,2.1327519,2.3674936,2.5688996,2.7707436,2.9115105,3.0559793,3.1926787,0.25897938,0.47926584,0.53132409,0.63913798,0.76681179,0.91335171,1.2995583,1.6211362,1.4423265,386.7016,557.75,1646.5,1265.75,980.375,664.5,461.5,314.75,204.0,132.25,1411.0,968.75,644.125,330.25,181.625,103.25,56.0,27.0,EXT60
C:/Users/MICROSOFT/Documents/nauval_mrnavac/cycpeptmp_standalone/runs/run_20260102_172000_moe/sdf/peptide.sdf,S(CC[C@](NC)C=O)C.O=C[C@@](NC)CC(C)C.O=C[C@@](NC)CCCCN.O=C[C@@](NC)Cc1nc[nH]c1.O=C[C@@](NC)Cc1c2c([nH]c1)cccc2.O=C[C@@](NC)Cc1ccccc1.O=CCNC.O=C[C@]1N(C)CCC1,S(CC[C@](NC)C=O)C.O=C[C@@](NC)CC(C)C.O=C[C@@](NC)CCCCN.O=C[C@@](NC)Cc1nc[nH]c1.O=C[C@@](NC)Cc1c2c([nH]c1)cccc2.O=C[C@@](NC)Cc1ccccc1.O=CCNC.O=C[C@]1N(C)CCC1,464.87152,369.08298,95.788513,307.51993,157.35156,6577.4282,1707.1429,273.29446,4870.2852,3.6221399,2.6045024,9215122900000.0,40.129337,73.631363,9215122900000.0,0.051579922,102.312,0,34.087341,9215122900000.0,45.182205,9215122900000.0,0.79394627,0.20605375,0.66151601,0.33848402,14.148916,3.6722898,0.20261317,0.32431775,0.90062368,7402.5908,2158.0718,5992.9204,6654.1895,2.5645058,2.3595531,1.1591021,1.0620956,310.75,275.48135,2.8666704,0.03320682,3.2633717,3.0160325,2.793154,2.5025291,2.1622605,1.6732001,1.2979927,0.96382612,1008.25,634.5,446.625,338.125,264.75,210.375,167.875,135.125,1.2247449,2.3452079,1.2247449,0.5,0.70710677,0.5,-5.0906649,-4.914917,-4.8444543,-15.179722,-14.951123,-14.758866,1.1752133,199.375,269.875,322.0,314.25,277.75,220.125,158.75,110.25,1.0002799,0.87541592,1.4210303,1.8516215,2.1189709,2.2298353,2.2698755,2.3103981,2.4467311,2.6756473,0.1418027,0.10684001,0.21637569,0.39587924,0.76037681,1.1469167,1.4595019,1.6127197,1.4373566,379.25522,545.125,1669.25,1293.75,1000.25,662.875,446.75,296.0,197.25,130.0,1469.875,1023.875,678.25,348.625,169.0,75.875,38.5,19.75,EXT61
C:/Users/MICROSOFT/Documents/nauval_mrnavac/cycpeptmp_standalone/runs/run_20260102_172000_moe/sdf/peptide.sdf,S(CC[C@](NC)C=O)C.O=C[C@@](NC)CC(C)C.O=C[C@@](NC)CCCCN.O=C[C@@](NC)Cc1nc[nH]c1.O=C[C@@](NC)Cc1c2c([nH]c1)cccc2.O=C[C@@](NC)Cc1ccccc1.O=CCNC.O=C[C@]1N(C)CCC1,S(CC[C@](NC)C=O)C.O=C[C@@](NC)CC(C)C.O=C[C@@](NC)CCCCN.O=C[C@@](NC)Cc1nc[nH]c1.O=C[C@@](NC)Cc1c2c([nH]c1)cccc2.O=C[C@@](NC)Cc1ccccc1.O=CCNC.O=C[C@]1N(C)CCC1,467.54651,344.53091,123.01559,321.36563,146.18089,6139.541,2192.5068,221.51534,3947.0342,3.4646556,1.0603342,8792102700000.0,39.519848,886.27209,8792102700000.0,0.080003649,64.907616,0,33.729507,8792102700000.0,44.070515,8792102700000.0,0.73689121,0.26310876,0.68734473,0.3126553,13.131402,4.6893878,0.17874932,0.33627346,0.87696022,7246.0488,2201.895,5742.2734,6547.9292,2.5372453,2.331588,1.25209,0.98576641,324.875,278.98154,1.7973344,0.033880085,3.241292,2.9721391,2.756566,2.3915861,2.0382309,1.7197428,1.3324226,0.94575703,1039.875,658.875,435.0,298.625,218.5,170.0,133.25,104.0,0.70710677,0.5,1.118034,0.70710677,0.5,0.5,-4.4493394,-4.2675028,-4.2408657,-13.201119,-12.769853,-12.674915,1.154888,194.5,245.125,281.875,308.0,273.75,213.875,157.5,102.375,0.99195403,0.98200083,1.0554316,1.2513211,1.3824604,1.5269238,1.5999843,1.6698228,1.679051,1.7436067,0.041642196,0.28971517,0.28023919,0.38317508,0.44853729,0.4045938,0.32395387,0.33908111,1.4793435,381.25018,564.0,1648.125,1250.75,950.875,631.875,431.5,293.25,189.5,115.25,1453.625,1005.625,669.0,323.875,157.75,79.375,32.0,12.875,EXT62
C:/Users/MICROSOFT/Documents/nauval_mrnavac/cycpeptmp_standalone/runs/run_20260102_172000_moe/sdf/peptide.sdf,S(CC[C@](NC)C=O)C.O=C[C@@](NC)CC(C)C.O=C[C@@](NC)CCCCN.O=C[C@@](NC)Cc1nc[nH]c1.O=C[C@@](NC)Cc1c2c([nH]c1)cccc2.O=C[C@@](NC)Cc1ccccc1.O=CCNC.O=C[C@]1N(C)CCC1,S(CC[C@](NC)C=O)C.O=C[C@@](NC)CC(C)C.O=C[C@@](NC)CCCCN.O=C[C@@](NC)Cc1nc[nH]c1.O=C[C@@](NC)Cc1c2c([nH]c1)cccc2.O=C[C@@](NC)Cc1ccccc1.O=CCNC.O=C[C@]1N(C)CCC1,468.13153,358.89194,109.23959,333.6106,134.52095,6395.4546,1946.9773,249.65234,4448.4771,3.5437386,1.1246032,9636154400000.0,38.876724,739.052,9636154400000.0,0.050051682,69.955788,0,33.613365,9636154400000.0,47.234913,9636154400000.0,0.76664764,0.23335235,0.71264285,0.28735715,13.661661,4.159039,0.20503362,0.36541149,0.8990165,7152.6719,2308.458,5679.4653,6317.4204,2.520844,2.3027267,1.2356638,1.0426893,317.625,278.34183,0.85500121,0.032084994,3.2195003,2.9684193,2.7594917,2.396836,1.951298,1.6336727,1.3589336,1.0082037,988.625,594.125,394.125,278.0,208.125,157.5,125.25,97.375,6.5192022,6.5192022,0.70710677,7.5828753,0.5,7.6321688,-3.9893939,-3.904218,-3.8406985,-14.744328,-14.131783,-13.975636,1.1673481,195.25,265.0,312.25,318.375,266.875,226.75,180.625,125.875,1.0999049,1.1002698,0.48055905,0.45383456,0.52378505,0.70827484,0.90596443,1.0123374,1.0100102,1.1563426,0.068337373,0.12929796,0.078294843,0.21452118,0.33633143,0.45434487,0.6218158,0.76512271,1.4630123,385.07877,563.375,1643.25,1258.875,964.625,637.875,433.5,305.875,213.5,138.25,1448.0,993.875,652.375,319.5,166.625,79.125,32.875,12.375,EXT63
C:/Users/MICROSOFT/Documents/nauval_mrnavac/cycpeptmp_standalone/runs/run_20260102_172000_moe/sdf/peptide.sdf,S(CC[C@](NC)C=O)C.O=C[C@@](NC)CC(C)C.O=C[C@@](NC)CCCCN.O=C[C@@](NC)Cc1nc[nH]c1.O=C[C@@](NC)Cc1c2c([nH]c1)cccc2.O=C[C@@](NC)Cc1ccccc1.O=CCNC.O=C[C@]1N(C)CCC1,S(CC[C@](NC)C=O)C.O=C[C@@](NC)CC(C)C.O=C[C@@](NC)CCCCN.O=C[C@@](NC)Cc1nc[nH]c1.O=C[C@@](NC)Cc1c2c([nH]c1)cccc2.O=C[C@@](NC)Cc1ccccc1.O=CCNC.O=C[C@]1N(C)CCC1,479.65787,335.17609,144.48178,274.39532,205.26253,5972.8379,2575.0989,190.69429,3397.7388,3.4069769,2.8095944,10635153000000.0,39.400883,656.59454,10635153000000.0,0.057022452,71.690582,0,33.542404,10635153000000.0,44.34602,10635153000000.0,0.69878155,0.30121842,0.5720647,0.4279353,12.452288,5.3686161,0.15798345,0.30818757,0.91031796,7596.2139,2110.4827,6233.8994,6848.0459,2.5978281,2.3990078,1.2402166,0.95353687,330.375,289.14096,0.83429235,0.024401946,3.1812453,2.9555674,2.7155068,2.3911922,2.0881381,1.6597612,1.2146233,0.78796446,849.375,503.375,342.5,250.0,186.875,146.625,115.5,91.0,1.5,0.86602539,0.70710677,2.0615528,2.5495098,0.5,-5.2820501,-5.2447081,-5.1994162,-16.41662,-16.023737,-15.939789,1.1774909,212.625,297.75,339.875,355.5,293.375,221.375,144.125,83.75,1.260584,1.123,0.59638351,0.66338354,0.81406677,0.81867403,0.88269222,1.0653188,1.1408056,1.2512585,0.051488169,0.12167808,0.060364369,0.10112149,0.12307138,0.19861065,0.37083212,0.56939703,1.4730121,400.62469,590.125,1654.125,1311.125,989.875,654.125,431.75,280.75,170.75,96.125,1441.5,1013.375,650.0,298.625,138.375,59.375,26.625,12.375,EXT64
C:/Users/MICROSOFT/Documents/nauval_mrnavac/cycpeptmp_standalone/runs/run_20260102_172000_moe/sdf/peptide.sdf,S(CC[C@](NC)C=O)C.O=C[C@@](NC)CC(C)C.O=C[C@@](NC)CCCCN.O=C[C@@](NC)Cc1nc[nH]c1.O=C[C@@](NC)Cc1c2c([nH]c1)cccc2.O=C[C@@](NC)Cc1ccccc1.O=CCNC.O=C[C@]1N(C)CCC1,S(CC[C@](NC)C=O)C.O=C[C@@](NC)CC(C)C.O=C[C@@](NC)CCCCN.O=C[C@@](NC)Cc1nc[nH]c1.O=C[C@@](NC)Cc1c2c([nH]c1)cccc2.O=C[C@@](NC)Cc1ccccc1.O=CCNC.O=C[C@]1N(C)CCC1,470.48062,379.06366,91.416962,321.34573,149.13489,6754.9146,1629.3246,287.6467,5125.5898,3.5133202,2.9099162,6732865600000.0,37.508533,1436.9993,6732865600000.0,0.07525342,17.27318,0,34.434727,6732865600000.0,45.106056,6732865600000.0,0.80569452,0.19430548,0.68301588,0.31698412,14.357476,3.4631066,0.22743331,0.33336005,0.93864435,7504.7949,2202.2834,6200.9858,6606.3208,2.5821486,2.3177361,1.1595819,1.1053276,320.375,282.3338,2.9832234,0.034315072,3.2457426,3.0090072,2.7682886,2.4761446,2.0803778,1.7497673,1.4661456,1.0661558,970.375,611.25,447.375,341.875,270.625,215.875,177.0,147.0,0.5,0.70710677,1.118034,0.86602539,0.70710677,1.5,-5.4543042,-5.0459237,-4.9385333,-14.17195,-13.162366,-13.075825,1.1677887,197.625,279.375,317.875,302.0,274.5,232.875,178.625,114.375,0.99832356,0.90859234,1.6020482,1.9466424,2.0920072,2.1569026,2.2251794,2.221241,2.2703445,2.3724473,0.16282484,0.2100929,0.2847639,0.51713294,0.89966679,1.1407109,1.306095,1.4544487,1.4588823,383.3414,559.25,1659.0,1302.125,992.375,652.25,446.625,310.625,210.5,126.75,1461.375,1022.75,674.5,350.25,172.125,77.75,31.875,12.375,EXT65
C:/Users/MICROSOFT/Documents/nauval_mrnavac/cycpeptmp_standalone/runs/run_20260102_172000_moe/sdf/peptide.sdf,S(CC[C@](NC)C=O)C.O=C[C@@](NC)CC(C)C.O=C[C@@](NC)CCCCN.O=C[C@@](NC)Cc1nc[nH]c1.O=C[C@@](NC)Cc1c2c([nH]c1)cccc2.O=C[C@@](NC)Cc1ccccc1.O=CCNC.O=C[C@]1N(C)CCC1,S(CC[C@](NC)C=O)C.O=C[C@@](NC)CC(C)C.O=C[C@@](NC)CCCCN.O=C[C@@](NC)Cc1nc[nH]c1.O=C[C@@](NC)Cc1c2c([nH]c1)cccc2.O=C[C@@](NC)Cc1ccccc1.O=CCNC.O=C[C@]1N(C)CCC1,465.09692,377.90164,87.19529,338.94464,126.15228,6734.2075,1554.0817,290.70636,5180.1255,3.4633231,2.7251294,6971779400000.0,39.980846,764.26898,6971779400000.0,0.093883321,98.637276,0,33.869137,6971779400000.0,43.85471,6971779400000.0,0.81252235,0.18747766,0.72876132,0.27123868,14.479148,3.3414145,0.2074005,0.33360973,0.90625185,7070.3857,2106.1565,5721.3809,6313.2349,2.5063019,2.2570062,1.2615206,1.0278686,325.0,281.50342,1.0107634,0.032118063,3.238462,2.9937425,2.7704682,2.4366012,2.1479566,1.7847434,1.2833329,0.8070882,1026.25,625.875,424.125,313.875,242.125,192.25,156.375,128.375,0.70710677,7.6321688,7.3993244,0.5,0.70710677,0.86602539,-5.1967645,-5.1940627,-5.1088381,-14.006532,-13.506723,-13.28445,1.1574864,203.0,275.25,299.125,314.625,282.125,225.625,147.625,90.875,1.0067787,0.90720826,0.43260887,0.50222874,0.45292097,0.39097527,0.415519,0.42523539,0.43948221,0.40787858,0.2360819,0.37876233,0.40670317,0.54231852,0.61930358,0.60753775,0.51221263,0.65014446,1.4708796,379.44983,558.125,1638.125,1256.25,951.25,633.375,427.0,284.75,170.0,98.875,1435.125,981.0,652.125,318.75,144.875,59.125,22.375,8.0,EXT66
C:/Users/MICROSOFT/Documents/nauval_mrnavac/cycpeptmp_standalone/runs/run_20260102_172000_moe/sdf/peptide.sdf,S(CC[C@](NC)C=O)C.O=C[C@@](NC)CC(C)C.O=C[C@@](NC)CCCCN.O=C[C@@](NC)Cc1nc[nH]c1.O=C[C@@](NC)Cc1c2c([nH]c1)cccc2.O=C[C@@](NC)Cc1ccccc1.O=CCNC.O=C[C@]1N(C)CCC1,S(CC[C@](NC)C=O)C.O=C[C@@](NC)CC(C)C.O=C[C@@](NC)CCCCN.O=C[C@@](NC)Cc1nc[nH]c1.O=C[C@@](NC)Cc1c2c([nH]c1)cccc2.O=C[C@@](NC)Cc1ccccc1.O=CCNC.O=C[C@]1N(C)CCC1,460.18652,335.08243,125.1041,297.83142,162.3551,5971.1689,2229.6052,209.97833,3741.5635,3.5989769,4.8304954,8850602200000.0,37.130169,1231.7367,8850602200000.0,0.038310267,35.722248,0,33.404457,8850602200000.0,43.394348,8850602200000.0,0.72814482,0.27185521,0.64719719,0.35280281,12.97554,4.8450031,0.16421746,0.2981737,0.97627336,7399.4575,1940.0967,6352.2192,6506.5986,2.5639629,2.4241834,1.16026,0.98237014,312.75,276.71548,1.8514054,0.035313651,3.2683778,3.007354,2.7772565,2.4483695,1.9866264,1.6874794,1.3608755,1.0219864,1003.875,634.875,441.375,324.0,242.875,191.125,154.0,128.75,5.2440443,0.70710677,4.7434163,0.5,0.70710677,0.5,-4.0803285,-3.9854789,-3.9694974,-13.457161,-13.294391,-13.018194,1.1576111,188.625,238.125,260.375,291.0,284.5,240.75,180.875,119.0,0.98782218,0.93171299,1.1534899,1.2497461,1.2516273,1.2685682,1.2624508,1.297884,1.3336887,1.3253282,0.054734416,0.24206223,0.28071389,0.45413691,0.68531519,0.8857891,1.0264076,1.0651045,1.468522,378.3566,555.625,1657.875,1274.375,960.125,639.375,436.0,301.875,206.625,128.625,1469.25,1036.25,699.75,348.375,151.5,61.125,25.75,9.625,EXT67
C:/Users/MICROSOFT/Documents/nauval_mrnavac/cycpeptmp_standalone/runs/run_20260102_172000_moe/sdf/peptide.sdf,S(CC[C@](NC)C=O)C.O=C[C@@](NC)CC(C)C.O=C[C@@](NC)CCCCN.O=C[C@@](NC)Cc1nc[nH]c1.O=C[C@@](NC)Cc1c2c([nH]c1)cccc2.O=C[C@@](NC)Cc1ccccc1.O=CCNC.O=C[C@]1N(C)CCC1,S(CC[C@](NC)C=O)C.O=C[C@@](NC)CC(C)C.O=C[C@@](NC)CCCCN.O=C[C@@](NC)Cc1nc[nH]c1.O=C[C@@](NC)Cc1c2c([nH]c1)cccc2.O=C[C@@](NC)Cc1ccccc1.O=CCNC.O=C[C@]1N(C)CCC1,461.83557,356.89542,104.94015,334.83936,126.99622,6360.2334,1870.3481,251.95528,4489.8853,3.5875058,2.1728368,14425892000000.0,37.910084,435.64969,14425892000000.0,0.055257671,98.860085,0,33.636272,14425892000000.0,45.876091,14425892000000.0,0.77277595,0.22722404,0.7250185,0.27498147,13.771641,4.0498142,0.17891386,0.3183735,0.87511867,7296.0073,2117.9519,5821.6504,6652.4121,2.5459769,2.3290997,1.2606695,0.98516744,313.75,274.54282,2.5340285,0.038243826,3.259789,3.0015061,2.7727664,2.4588585,2.0279806,1.7690488,1.4666653,1.1015514,1017.0,662.625,489.0,373.5,297.25,237.125,191.25,157.375,0.5,0.5,0.70710677,0.5,0.5,0.70710677,-4.8503051,-4.801887,-4.754107,-12.459033,-12.431831,-12.247383,1.1673056,204.375,266.0,291.875,323.5,296.5,243.125,177.75,118.0,0.92510223,0.85374832,1.4272574,1.7403653,1.8772928,1.9789029,1.9702162,1.9809002,2.0097041,2.1210754,0.093792327,0.24252425,0.32738531,0.42403185,0.7483657,0.87720835,0.87098515,0.84320581,1.4508448,378.65872,549.375,1661.125,1274.875,968.375,652.375,452.375,318.875,217.0,137.25,1456.75,1008.875,676.5,328.875,155.875,75.75,39.25,19.25,EXT68
C:/Users/MICROSOFT/Documents/nauval_mrnavac/cycpeptmp_standalone/runs/run_20260102_172000_moe/sdf/peptide.sdf,S(CC[C@](NC)C=O)C.O=C[C@@](NC)CC(C)C.O=C[C@@](NC)CCCCN.O=C[C@@](NC)Cc1nc[nH]c1.O=C[C@@](NC)Cc1c2c([nH]c1)cccc2.O=C[C@@](NC)Cc1ccccc1.O=CCNC.O=C[C@]1N(C)CCC1,S(CC[C@](NC)C=O)C.O=C[C@@](NC)CC(C)C.O=C[C@@](NC)CCCCN.O=C[C@@](NC)Cc1nc[nH]c1.O=C[C@@](NC)Cc1c2c([nH]c1)cccc2.O=C[C@@](NC)Cc1ccccc1.O=CCNC.O=C[C@]1N(C)CCC1,471.76801,365.2475,106.52052,335.98853,135.7795,6508.7104,1898.5153,258.72696,4610.1953,3.4686594,5.8593116,10856271000000.0,39.253784,1747.5815,10856271000000.0,0.033494551,2.9750946,0,34.452721,10856271000000.0,46.401653,10856271000000.0,0.77420998,0.22579004,0.71219015,0.28780988,13.796421,4.0242558,0.2081722,0.36488977,0.8974216,7010.4805,2261.4504,5561.8838,6197.6265,2.4956617,2.2706718,1.2499094,1.0360143,324.5,279.33539,3.0431423,0.044762604,3.2215486,2.9537721,2.7182705,2.302002,1.7906313,1.4893833,1.1442909,0.81220514,1059.0,698.125,501.5,383.875,306.0,252.75,213.375,175.625,0.5,0.5,0.70710677,0.5,0.70710677,1.118034,-5.2070656,-5.078186,-5.0515304,-14.470857,-13.568974,-13.439538,1.1560016,208.25,248.375,272.375,260.875,231.0,186.375,142.5,96.625,0.75797606,0.66818625,1.2476137,1.6854743,2.022954,2.21877,2.3638518,2.4279039,2.4632742,2.5563962,0.11505476,0.30587035,0.48708788,0.75599313,1.0398979,1.2194685,1.4237792,1.6499207,1.4838994,384.71274,570.875,1637.75,1234.0,912.0,572.125,380.125,256.5,167.375,102.625,1429.5,985.625,639.625,311.25,149.125,70.125,24.875,6.0,EXT69
C:/Users/MICROSOFT/Documents/nauval_mrnavac/cycpeptmp_standalone/runs/run_20260102_172000_moe/sdf/peptide.sdf,S(CC[C@](NC)C=O)C.O=C[C@@](NC)CC(C)C.O=C[C@@](NC)CCCCN.O=C[C@@](NC)Cc1nc[nH]c1.O=C[C@@](NC)Cc1c2c([nH]c1)cccc2.O=C[C@@](NC)Cc1ccccc1.O=CCNC.O=C[C@]1N(C)CCC1,S(CC[C@](NC)C=O)C.O=C[C@@](NC)CC(C)C.O=C[C@@](NC)CCCCN.O=C[C@@](NC)Cc1nc[nH]c1.O=C[C@@](NC)Cc1c2c([nH]c1)cccc2.O=C[C@@](NC)Cc1ccccc1.O=CCNC.O=C[C@]1N(C)CCC1,471.7186,343.0257,128.69293,269.6803,202.0383,6113.0605,2293.5654,214.33275,3819.4954,3.4173207,2.3888571,11132875000000.0,37.457058,419.98413,11132875000000.0,0.027211439,100.71899,0,33.269623,11132875000000.0,46.700253,11132875000000.0,0.72718287,0.27281716,0.57169741,0.42830259,12.959126,4.8621473,0.17481139,0.3088426,0.93083239,7568.8936,2087.4429,6291.4233,6758.9214,2.5931523,2.4070861,1.1637763,1.0064136,329.375,285.61734,0.8519941,0.021167038,3.2063668,2.9820499,2.7120767,2.3698153,2.1279299,1.7883571,1.3554721,0.93114537,825.75,451.375,295.125,204.25,154.625,122.0,98.5,78.75,0.5,1.0,0.5,0.70710677,0.5,0.5,-4.3397722,-4.3227654,-4.2264524,-12.476154,-12.344748,-12.295712,1.1651809,210.5,313.25,347.75,366.0,313.875,247.25,177.25,109.0,1.5671326,1.5489596,0.69531584,0.68104231,0.59820318,0.48497033,0.43195435,0.48327971,0.52357554,0.47406071,0.18410026,0.29378024,0.35672706,0.43054074,0.46586862,0.50455862,0.59325534,0.64004546,1.4854145,394.75513,586.375,1650.375,1306.875,991.75,664.25,462.5,316.375,202.625,117.875,1439.875,993.625,644.0,298.25,148.625,69.125,25.375,8.875,EXT70
C:/Users/MICROSOFT/Documents/nauval_mrnavac/cycpeptmp_standalone/runs/run_20260102_172000_moe/sdf/peptide.sdf,S(CC[C@](NC)C=O)C.O=C[C@@](NC)CC(C)C.O=C[C@@](NC)CCCCN.O=C[C@@](NC)Cc1nc[nH]c1.O=C[C@@](NC)Cc1c2c([nH]c1)cccc2.O=C[C@@](NC)Cc1ccccc1.O=CCNC.O=C[C@]1N(C)CCC1,S(CC[C@](NC)C=O)C.O=C[C@@](NC)CC(C)C.O=C[C@@](NC)CCCCN.O=C[C@@](NC)Cc1nc[nH]c1.O=C[C@@](NC)Cc1c2c([nH]c1)cccc2.O=C[C@@](NC)Cc1ccccc1.O=CCNC.O=C[C@]1N(C)CCC1,480.51035,359.08591,121.42445,318.81885,161.6915,6398.9106,2164.1479,237.66145,4234.7632,3.2984028,1.9093298,9316027300000.0,39.156078,1104.6854,9316027300000.0,0.045336328,36.734539,0,33.727535,9316027300000.0,43.964397,9316027300000.0,0.7473011,0.25269893,0.66350049,0.33649951,13.316905,4.5038528,0.18776454,0.32451317,0.90740055,7576.3569,2203.1565,6160.4448,6789.1128,2.5944304,2.3385487,1.2564733,1.0133353,341.25,293.42365,2.2540953,0.031100186,3.1908431,2.9455366,2.7270699,2.4458246,2.1197987,1.7011174,1.1270525,0.65990132,981.75,623.625,429.0,311.125,235.125,186.0,147.875,117.0,0.5,0.5,0.70710677,8.9861002,9.3541431,1.118034,-5.8836226,-5.6834602,-5.6475964,-10.907562,-10.476823,-10.470144,1.160555,221.75,298.0,340.625,349.375,298.625,207.375,123.875,68.0,0.98776221,0.83848935,1.4801773,1.6838684,1.6993022,1.6330327,1.562816,1.6154786,1.6435369,1.616243,0.10543691,0.34860325,0.39855233,0.46635374,0.59349316,0.80193216,1.1071924,1.3366964,1.4980868,396.75604,594.375,1659.625,1275.125,966.25,637.5,423.75,260.875,147.0,74.0,1437.875,977.125,625.625,288.125,125.125,53.5,23.125,6.0,EXT71
C:/Users/MICROSOFT/Documents/nauval_mrnavac/cycpeptmp_standalone/runs/run_20260102_172000_moe/sdf/peptide.sdf,S(CC[C@](NC)C=O)C.O=C[C@@](NC)CC(C)C.O=C[C@@](NC)CCCCN.O=C[C@@](NC)Cc1nc[nH]c1.O=C[C@@](NC)Cc1c2c([nH]c1)cccc2.O=C[C@@](NC)Cc1ccccc1.O=CCNC.O=C[C@]1N(C)CCC1,S(CC[C@](NC)C=O)C.O=C[C@@](NC)CC(C)C.O=C[C@@](NC)CCCCN.O=C[C@@](NC)Cc1nc[nH]c1.O=C[C@@](NC)Cc1c2c([nH]c1)cccc2.O=C[C@@](NC)Cc1ccccc1.O=CCNC.O=C[C@]1N(C)CCC1,471.27771,349.35892,121.91882,335.67737,135.60036,6225.5757,2172.8372,227.44009,4052.7385,3.4780378,3.8132741,13682480000000.0,38.491711,1191.0515,13682480000000.0,0.050096884,40.331242,0,34.079418,13682480000000.0,46.215786,13682480000000.0,0.74130154,0.25869843,0.7122708,0.28772917,13.209993,4.6105237,0.18130381,0.31537822,0.88721943,7684.0356,2200.4724,6190.3506,6977.2485,2.612802,2.3345873,1.2756852,0.9940623,323.625,283.35577,2.164958,0.031532712,3.2228982,2.971894,2.7539313,2.3829739,2.0557847,1.6484816,1.2113721,0.90354842,960.125,596.625,415.0,316.125,241.875,192.25,155.875,125.625,3.6400549,1.6583124,2.1213202,0.5,0.70710677,0.5,-4.3620853,-4.2098961,-4.1977453,-17.855736,-17.829403,-17.703054,1.1616799,213.0,290.625,321.375,336.125,305.375,245.125,170.875,122.625,1.0587349,0.94899172,0.99024248,1.2842124,1.4608657,1.6245283,1.7629718,1.9801357,2.1210783,2.3223252,0.11718278,0.2988376,0.37971991,0.62378925,0.70967489,0.80048376,0.97259861,1.2849247,1.4834051,390.14966,578.75,1663.625,1279.75,978.75,646.625,439.375,300.0,195.75,132.75,1450.625,989.125,657.375,310.5,134.0,54.875,24.875,10.125,EXT72
C:/Users/MICROSOFT/Documents/nauval_mrnavac/cycpeptmp_standalone/runs/run_20260102_172000_moe/sdf/peptide.sdf,S(CC[C@](NC)C=O)C.O=C[C@@](NC)CC(C)C.O=C[C@@](NC)CCCCN.O=C[C@@](NC)Cc1nc[nH]c1.O=C[C@@](NC)Cc1c2c([nH]c1)cccc2.O=C[C@@](NC)Cc1ccccc1.O=CCNC.O=C[C@]1N(C)CCC1,S(CC[C@](NC)C=O)C.O=C[C@@](NC)CC(C)C.O=C[C@@](NC)CCCCN.O=C[C@@](NC)Cc1nc[nH]c1.O=C[C@@](NC)Cc1c2c([nH]c1)cccc2.O=C[C@@](NC)Cc1ccccc1.O=CCNC.O=C[C@]1N(C)CCC1,464.09305,358.56931,105.52376,333.2915,130.80156,6390.0635,1880.6444,253.04555,4509.4194,3.5975389,2.9259081,7432653800000.0,39.971584,942.77917,7432653800000.0,0.037568763,58.18272,0,33.658493,7432653800000.0,46.459148,7432653800000.0,0.77262372,0.22737628,0.71815664,0.28184339,13.768928,4.0523,0.16106489,0.30146876,0.85399759,7301.3081,2042.3573,5785.5688,6774.6899,2.5469015,2.3042023,1.2856898,0.92474306,312.875,273.53345,2.8678901,0.035269767,3.2693629,3.0126121,2.7942123,2.5470028,2.191916,1.7961034,1.4484824,1.0674117,1024.625,646.75,456.125,328.0,248.875,194.75,153.375,119.125,0.70710677,0.5,1.118034,0.70710677,0.5,0.5,-5.071588,-4.993917,-4.8238382,-14.503136,-14.178299,-14.126744,1.1706728,202.625,271.5,306.625,333.75,289.125,224.375,168.75,115.75,1.0041107,0.95083839,1.6254421,2.0338321,2.1730459,2.0964026,2.1035054,2.1175621,2.2048109,2.2515366,0.0459566,0.30267653,0.3559013,0.46564895,0.71058959,0.89893442,0.96125615,1.0749586,1.4409436,376.74966,542.875,1660.875,1280.625,984.5,671.125,458.0,311.875,210.5,132.75,1458.25,1009.125,677.875,337.375,168.875,87.5,41.75,17.0,EXT73
C:/Users/MICROSOFT/Documents/nauval_mrnavac/cycpeptmp_standalone/runs/run_20260102_172000_moe/sdf/peptide.sdf,S(CC[C@](NC)C=O)C.O=C[C@@](NC)CC(C)C.O=C[C@@](NC)CCCCN.O=C[C@@](NC)Cc1nc[nH]c1.O=C[C@@](NC)Cc1c2c([nH]c1)cccc2.O=C[C@@](NC)Cc1ccccc1.O=CCNC.O=C[C@]1N(C)CCC1,S(CC[C@](NC)C=O)C.O=C[C@@](NC)CC(C)C.O=C[C@@](NC)CCCCN.O=C[C@@](NC)Cc1nc[nH]c1.O=C[C@@](NC)Cc1c2c([nH]c1)cccc2.O=C[C@@](NC)Cc1ccccc1.O=CCNC.O=C[C@]1N(C)CCC1,469.08615,365.61276,103.47337,297.84549,171.24066,6515.2197,1844.2059,262.1394,4671.0137,3.3788517,2.7195199,6633034900000.0,39.391502,2035.0724,6633034900000.0,0.080770478,-23.706163,0,34.119316,6633034900000.0,42.246643,6633034900000.0,0.77941501,0.22058502,0.63494837,0.36505163,13.889175,3.9314866,0.24918722,0.36884364,0.91914207,7199.0205,2321.0923,5784.0591,6292.8896,2.5289981,2.2302606,1.2211324,1.1133161,333.125,290.38782,1.1960949,0.039553333,3.221755,2.9692757,2.7403789,2.2421601,1.8683453,1.6148655,1.2967052,0.90116739,973.75,628.125,461.75,354.625,279.375,224.25,183.75,156.875,1.2247449,1.118034,0.5,5.3851647,0.5,5.5901699,-5.4862518,-5.2540407,-5.2249255,-11.53313,-11.3557,-11.130375,1.1493173,184.75,252.875,272.875,274.625,252.125,213.25,158.875,101.625,0.87628585,0.80225593,0.33788869,0.44155806,0.50308782,0.51961255,0.62369722,0.73049766,0.79306871,0.75316316,0.046274025,0.14007606,0.28978246,0.5391745,0.70214266,0.80926466,1.0268033,1.2310764,1.497632,385.10794,576.75,1631.375,1258.875,927.125,586.0,404.625,284.5,190.25,112.125,1446.625,1006.0,654.25,311.375,152.5,71.25,31.375,10.5,EXT74
C:/Users/MICROSOFT/Documents/nauval_mrnavac/cycpeptmp_standalone/runs/run_20260102_172000_moe/sdf/peptide.sdf,S(CC[C@](NC)C=O)C.O=C[C@@](NC)CC(C)C.O=C[C@@](NC)CCCCN.O=C[C@@](NC)Cc1nc[nH]c1.O=C[C@@](NC)Cc1c2c([nH]c1)cccc2.O=C[C@@](NC)Cc1ccccc1.O=CCNC.O=C[C@]1N(C)CCC1,S(CC[C@](NC)C=O)C.O=C[C@@](NC)CC(C)C.O=C[C@@](NC)CCCCN.O=C[C@@](NC)Cc1nc[nH]c1.O=C[C@@](NC)Cc1c2c([nH]c1)cccc2.O=C[C@@](NC)Cc1ccccc1.O=CCNC.O=C[C@]1N(C)CCC1,474.66599,335.42773,139.23825,274.44131,200.22466,5977.6577,2481.6433,196.18948,3496.0144,3.5037508,3.3438275,11630278000000.0,38.556,855.17975,11630278000000.0,0.054308325,74.630814,0,33.58704,11630278000000.0,45.861496,11630278000000.0,0.70666057,0.29333943,0.57817781,0.42182222,12.593398,5.2281885,0.18834975,0.33516258,0.89538777,7416.0508,2228.6721,5953.9043,6649.5259,2.5668364,2.3012879,1.269665,0.9987424,321.25,282.53143,1.6256016,0.03078426,3.2128589,2.9799349,2.7580132,2.4436507,2.1120391,1.7867807,1.3167642,0.79168379,928.5,581.625,415.625,317.125,250.25,202.0,167.5,138.0,3.3166249,2.8722813,0.5,0.70710677,0.5,0.5,-5.5849419,-5.5785704,-5.4585838,-13.869193,-12.655697,-12.582044,1.1729175,221.375,299.125,327.25,344.625,301.75,234.25,158.625,90.5,1.0700752,0.93456841,0.87117606,0.97442466,1.0068333,1.0048547,1.0237912,1.0874083,1.1338848,1.2308998,0.048368134,0.19072844,0.33058691,0.46744689,0.64409214,0.85806477,1.2768381,1.7119329,1.4651622,391.7655,574.0,1656.375,1300.375,983.25,649.0,444.75,296.375,181.375,97.0,1435.0,1001.25,656.0,304.375,143.0,62.125,22.75,6.5,EXT75
C:/Users/MICROSOFT/Documents/nauval_mrnavac/cycpeptmp_standalone/runs/run_20260102_172000_moe/sdf/peptide.sdf,S(CC[C@](NC)C=O)C.O=C[C@@](NC)CC(C)C.O=C[C@@](NC)CCCCN.O=C[C@@](NC)Cc1nc[nH]c1.O=C[C@@](NC)Cc1c2c([nH]c1)cccc2.O=C[C@@](NC)Cc1ccccc1.O=CCNC.O=C[C@]1N(C)CCC1,S(CC[C@](NC)C=O)C.O=C[C@@](NC)CC(C)C.O=C[C@@](NC)CCCCN.O=C[C@@](NC)Cc1nc[nH]c1.O=C[C@@](NC)Cc1c2c([nH]c1)cccc2.O=C[C@@](NC)Cc1ccccc1.O=CCNC.O=C[C@]1N(C)CCC1,471.97372,322.16367,149.81007,296.99289,174.98083,5741.2788,2669.915,172.35359,3071.3635,3.4381976,2.9955194,6048189500000.0,40.155373,2056.8291,6048189500000.0,0.080176845,-41.714809,0,34.161388,6048189500000.0,49.739693,6048189500000.0,0.6825881,0.31741187,0.62925726,0.37074274,12.164403,5.6569147,0.18810068,0.34204808,0.93686783,7412.4146,2225.095,6094.5229,6505.2114,2.5662069,2.3041134,1.2669638,0.99930722,327.375,281.12457,2.5055768,0.031496149,3.1957433,2.9475791,2.7268624,2.3455307,1.9713261,1.6787254,1.2628334,0.85648048,946.75,590.75,398.625,285.625,216.75,172.75,140.25,110.375,0.5,0.5,1.0,0.5,0.86602539,1.2247449,-4.5429749,-4.1525016,-4.131834,-13.314293,-13.11289,-12.586177,1.1712021,224.0,305.5,322.375,337.25,296.75,231.5,155.5,99.125,1.0805895,1.0196936,1.2626736,1.5395727,1.730172,1.7298416,1.7427368,1.7870072,1.8798083,1.9862018,0.086110994,0.31416085,0.36452335,0.61450881,0.78640705,0.91825688,1.0289598,1.2129271,1.4739879,394.76239,581.875,1652.0,1284.25,967.25,632.625,430.75,291.25,182.375,108.875,1428.0,978.75,644.875,295.375,134.0,59.75,26.875,9.75,EXT76
C:/Users/MICROSOFT/Documents/nauval_mrnavac/cycpeptmp_standalone/runs/run_20260102_172000_moe/sdf/peptide.sdf,S(CC[C@](NC)C=O)C.O=C[C@@](NC)CC(C)C.O=C[C@@](NC)CCCCN.O=C[C@@](NC)Cc1nc[nH]c1.O=C[C@@](NC)Cc1c2c([nH]c1)cccc2.O=C[C@@](NC)Cc1ccccc1.O=CCNC.O=C[C@]1N(C)CCC1,S(CC[C@](NC)C=O)C.O=C[C@@](NC)CC(C)C.O=C[C@@](NC)CCCCN.O=C[C@@](NC)Cc1nc[nH]c1.O=C[C@@](NC)Cc1c2c([nH]c1)cccc2.O=C[C@@](NC)Cc1ccccc1.O=CCNC.O=C[C@]1N(C)CCC1,466.5712,388.4635,78.107681,376.65744,89.913765,6922.4199,1392.1132,310.35583,5530.3066,3.5092127,4.3657374,11687951000000.0,39.71307,742.93628,11687951000000.0,0.020203793,62.868385,0,33.838863,11687951000000.0,48.5555,11687951000000.0,0.83259213,0.16740786,0.80728823,0.19271177,14.836792,2.9837101,0.18714407,0.32605505,0.87185138,7260.2998,2154.1021,5759.938,6606.5596,2.5397391,2.273927,1.2887833,0.98370427,320.75,275.42191,2.1821558,0.033489853,3.2506902,2.9932611,2.7732668,2.4275091,2.0890796,1.6772398,1.2889931,0.94184887,1045.875,636.75,431.375,321.75,244.125,196.875,154.5,125.875,0.5,0.70710677,0.5,0.86602539,1.2247449,0.5,-4.9296408,-4.8255014,-4.8194785,-11.946025,-11.939984,-11.732856,1.1585549,202.875,265.25,304.125,316.625,275.5,212.25,155.375,100.5,0.99507391,0.89510489,0.80589062,1.1578184,1.5418854,1.7411637,1.9475803,2.0002046,2.2200754,2.4476826,0.01753624,0.1424754,0.23622289,0.48030576,0.64579505,0.80805081,0.8283357,0.9944517,1.4657836,377.86957,553.875,1646.25,1256.375,961.625,634.0,429.25,288.0,190.875,118.75,1443.375,991.125,657.5,317.375,153.75,75.75,35.5,18.25,EXT77
C:/Users/MICROSOFT/Documents/nauval_mrnavac/cycpeptmp_standalone/runs/run_20260102_172000_moe/sdf/peptide.sdf,S(CC[C@](NC)C=O)C.O=C[C@@](NC)CC(C)C.O=C[C@@](NC)CCCCN.O=C[C@@](NC)Cc1nc[nH]c1.O=C[C@@](NC)Cc1c2c([nH]c1)cccc2.O=C[C@@](NC)Cc1ccccc1.O=CCNC.O=C[C@]1N(C)CCC1,S(CC[C@](NC)C=O)C.O=C[C@@](NC)CC(C)C.O=C[C@@](NC)CCCCN.O=C[C@@](NC)Cc1nc[nH]c1.O=C[C@@](NC)Cc1c2c([nH]c1)cccc2.O=C[C@@](NC)Cc1ccccc1.O=CCNC.O=C[C@]1N(C)CCC1,464.12857,348.57794,115.55061,335.40839,128.72017,6212.0078,2059.3428,233.02734,4152.665,3.5064797,2.7962637,7512298400000.0,40.216736,1693.8702,7512298400000.0,0.074402541,-5.7608876,0,34.035007,7512298400000.0,48.898457,7512298400000.0,0.75103748,0.24896249,0.72266269,0.27733731,13.384239,4.4370098,0.19358148,0.30466479,0.89847511,7260.564,2008.0778,5921.9443,6591.1055,2.5397851,2.2195671,1.3202653,0.97656286,321.0,278.29407,1.7097842,0.033725187,3.2503774,2.995892,2.7688942,2.4388185,2.1445777,1.7905514,1.3544894,0.81603247,1002.125,630.25,432.875,327.25,259.125,205.375,165.625,136.875,3.5,0.5,3.082207,0.5,1.2247449,0.86602539,-5.3156319,-5.3152838,-5.1191511,-13.484459,-13.03694,-12.456893,1.1565188,206.5,285.0,310.25,320.375,298.125,230.75,163.125,94.5,1.0066416,0.87738734,0.62011731,0.8870222,1.0283662,1.0411627,1.0633738,1.1091266,1.0611277,1.0866518,0.057530727,0.23192506,0.29673818,0.50786996,0.68533176,0.77600753,0.76533824,0.70613509,1.4746336,380.4335,561.0,1644.625,1256.5,954.25,630.25,435.75,287.125,177.25,95.5,1438.125,971.5,644.0,309.875,137.625,56.375,14.125,1.0,EXT78
C:/Users/MICROSOFT/Documents/nauval_mrnavac/cycpeptmp_standalone/runs/run_20260102_172000_moe/sdf/peptide.sdf,S(CC[C@](NC)C=O)C.O=C[C@@](NC)CC(C)C.O=C[C@@](NC)CCCCN.O=C[C@@](NC)Cc1nc[nH]c1.O=C[C@@](NC)Cc1c2c([nH]c1)cccc2.O=C[C@@](NC)Cc1ccccc1.O=CCNC.O=C[C@]1N(C)CCC1,S(CC[C@](NC)C=O)C.O=C[C@@](NC)CC(C)C.O=C[C@@](NC)CCCCN.O=C[C@@](NC)Cc1nc[nH]c1.O=C[C@@](NC)Cc1c2c([nH]c1)cccc2.O=C[C@@](NC)Cc1ccccc1.O=CCNC.O=C[C@]1N(C)CCC1,468.61966,344.3241,124.29556,349.1951,119.42455,6135.8555,2215.3198,220.02853,3920.5354,3.5010264,2.2397685,12220703000000.0,41.008415,594.47614,12220703000000.0,0.044113431,72.057045,0,34.099449,12220703000000.0,47.837635,12220703000000.0,0.73476237,0.26523763,0.74515676,0.25484324,13.093466,4.7273302,0.20215146,0.33333236,0.91225934,7372.2124,2188.6409,5989.8418,6565.9419,2.5592384,2.2774601,1.2574255,1.0239747,321.5,281.37238,0.58626902,0.026441781,3.2273579,2.98822,2.7723451,2.4922845,2.2023377,1.8011786,1.3869334,1.0040842,936.25,549.5,356.875,243.5,179.25,131.875,102.875,80.875,0.70710677,0.86602539,0.5,7.5,0.5,7.8102498,-4.3503447,-4.1967421,-3.9763587,-12.387042,-12.337762,-12.323532,1.1755141,219.0,318.125,363.25,380.5,335.375,250.875,180.875,119.75,1.3166375,1.2982546,0.48307419,0.51274043,0.40322012,0.29633006,0.24234591,0.22345841,0.2097832,0.27566186,0.082193755,0.19759603,0.23500147,0.26216662,0.36854103,0.43182406,0.56795943,0.84527385,1.4485384,385.47476,558.375,1657.5,1289.5,995.75,676.375,469.875,316.125,205.625,127.125,1438.5,971.375,632.5,295.875,134.5,65.25,24.75,7.375,EXT79
C:/Users/MICROSOFT/Documents/nauval_mrnavac/cycpeptmp_standalone/runs/run_20260102_172000_moe/sdf/peptide.sdf,S(CC[C@](NC)C=O)C.O=C[C@@](NC)CC(C)C.O=C[C@@](NC)CCCCN.O=C[C@@](NC)Cc1nc[nH]c1.O=C[C@@](NC)Cc1c2c([nH]c1)cccc2.O=C[C@@](NC)Cc1ccccc1.O=CCNC.O=C[C@]1N(C)CCC1,S(CC[C@](NC)C=O)C.O=C[C@@](NC)CC(C)C.O=C[C@@](NC)CCCCN.O=C[C@@](NC)Cc1nc[nH]c1.O=C[C@@](NC)Cc1c2c([nH]c1)cccc2.O=C[C@@](NC)Cc1ccccc1.O=CCNC.O=C[C@]1N(C)CCC1,473.14929,359.74844,113.40087,340.46417,132.68513,6411.0767,2021.0304,246.34756,4390.0464,3.4619915,1.7825708,11709689000000.0,40.278587,590.53253,11709689000000.0,0.11652194,91.166679,0,34.348789,11709689000000.0,52.585331,11709689000000.0,0.76032752,0.2396725,0.71957028,0.28042972,13.549796,4.2714434,0.18813382,0.30697238,0.88037956,7521.541,2111.1421,6054.6367,6877.3027,2.5850279,2.3169203,1.25438,1.0049502,325.125,281.83142,2.285686,0.037836216,3.2192426,2.958498,2.74243,2.3502119,2.0166371,1.705194,1.3488171,0.91752219,1069.125,685.625,482.25,353.375,276.0,217.875,177.75,140.5,4.1533117,0.5,4.3011627,0.5,0.5,1.0,-5.4225626,-5.3408179,-5.3135829,-13.595739,-13.368389,-12.833429,1.1754491,219.125,281.875,318.25,326.875,281.5,219.75,158.125,96.125,0.90746498,0.83409977,1.5555184,1.603254,1.5437828,1.525685,1.5310819,1.5259038,1.5960789,1.6760104,0.046694394,0.39761454,0.43589219,0.63540864,0.77147192,0.99794072,1.1845214,1.2720498,1.4524995,387.52164,562.875,1661.125,1263.375,962.625,633.5,437.625,294.75,195.25,113.875,1442.0,981.5,644.375,306.625,156.125,75.0,37.125,17.75,EXT80
C:/Users/MICROSOFT/Documents/nauval_mrnavac/cycpeptmp_standalone/runs/run_20260102_172000_moe/sdf/peptide.sdf,S(CC[C@](NC)C=O)C.O=C[C@@](NC)CC(C)C.O=C[C@@](NC)CCCCN.O=C[C@@](NC)Cc1nc[nH]c1.O=C[C@@](NC)Cc1c2c([nH]c1)cccc2.O=C[C@@](NC)Cc1ccccc1.O=CCNC.O=C[C@]1N(C)CCC1,S(CC[C@](NC)C=O)C.O=C[C@@](NC)CC(C)C.O=C[C@@](NC)CCCCN.O=C[C@@](NC)Cc1nc[nH]c1.O=C[C@@](NC)Cc1c2c([nH]c1)cccc2.O=C[C@@](NC)Cc1ccccc1.O=CCNC.O=C[C@]1N(C)CCC1,449.88672,328.9404,120.94633,310.47226,139.41446,5861.7178,2155.6265,207.99406,3706.0916,3.6995234,3.5671329,14630478000000.0,42.405277,-231.87938,14630478000000.0,0.026332531,177.3286,0,33.286911,14630478000000.0,47.812801,14630478000000.0,0.73116273,0.2688373,0.69011205,0.30988792,13.02932,4.7914872,0.18093874,0.31028381,0.93387079,7333.2217,2027.8281,6103.2168,6535.3979,2.5524616,2.2736821,1.2605158,0.96715379,304.25,265.46436,2.1933486,0.032698549,3.3002822,3.0474355,2.8186376,2.573673,2.323139,1.8967198,1.5422087,1.1186616,1027.0,638.0,452.25,333.25,255.75,199.875,159.75,127.875,7.6157732,7.8898668,1.118034,0.5,0.5,0.70710677,-4.1220675,-4.0223675,-3.9521005,-14.277312,-13.855427,-13.092704,1.1636034,214.125,308.875,350.375,363.125,306.0,246.625,172.0,113.375,1.0270867,0.9587397,1.470434,1.7494174,1.8109552,1.9218018,1.9579409,1.9893291,2.0953083,2.1579287,0.1403396,0.09773881,0.21107706,0.25838497,0.39068925,0.51713854,0.61688977,0.61677307,1.4433278,371.19083,535.75,1669.0,1294.0,997.5,676.0,464.5,319.5,205.875,125.625,1454.875,985.125,647.125,312.875,158.5,72.875,33.875,12.25,EXT81
C:/Users/MICROSOFT/Documents/nauval_mrnavac/cycpeptmp_standalone/runs/run_20260102_172000_moe/sdf/peptide.sdf,S(CC[C@](NC)C=O)C.O=C[C@@](NC)CC(C)C.O=C[C@@](NC)CCCCN.O=C[C@@](NC)Cc1nc[nH]c1.O=C[C@@](NC)Cc1c2c([nH]c1)cccc2.O=C[C@@](NC)Cc1ccccc1.O=CCNC.O=C[C@]1N(C)CCC1,S(CC[C@](NC)C=O)C.O=C[C@@](NC)CC(C)C.O=C[C@@](NC)CCCCN.O=C[C@@](NC)Cc1nc[nH]c1.O=C[C@@](NC)Cc1c2c([nH]c1)cccc2.O=C[C@@](NC)Cc1ccccc1.O=CCNC.O=C[C@]1N(C)CCC1,462.56717,352.65259,109.91457,319.03525,143.53191,6284.269,1958.7876,242.73801,4325.4814,3.5010264,1.4490964,6070360600000.0,39.827633,794.37872,6070360600000.0,0.056637593,66.510902,0,33.656082,6070360600000.0,44.607166,6070360600000.0,0.76238137,0.23761863,0.68970579,0.31029421,13.585636,4.2346015,0.1913937,0.31934693,0.94705349,7258.6196,2045.5503,6066.2725,6405.417,2.5394452,2.3168287,1.2132424,1.0135792,321.5,274.02017,1.4444243,0.029038142,3.264724,3.0091367,2.7746871,2.5002937,2.2215333,1.8545536,1.4109719,0.91811639,980.625,604.75,399.625,283.0,210.875,164.625,130.625,101.25,0.70710677,1.2247449,0.70710677,0.5,6.8007355,6.6708322,-4.2498994,-4.1599808,-4.1287551,-14.018211,-13.62792,-13.602521,1.1600066,215.0,275.5,311.875,329.25,293.75,229.0,159.125,97.375,1.1426337,1.0750884,0.9215911,1.2234136,1.3699042,1.4371451,1.4495687,1.3287082,1.2182028,1.2194247,0.075111814,0.093206227,0.10466973,0.07926055,0.12648301,0.12945797,0.17372784,0.24996085,1.4633983,378.05838,553.25,1653.25,1278.75,976.25,664.75,456.625,304.25,190.375,108.5,1438.25,1003.25,664.375,335.5,162.875,75.25,31.25,11.125,EXT82
C:/Users/MICROSOFT/Documents/nauval_mrnavac/cycpeptmp_standalone/runs/run_20260102_172000_moe/sdf/peptide.sdf,S(CC[C@](NC)C=O)C.O=C[C@@](NC)CC(C)C.O=C[C@@](NC)CCCCN.O=C[C@@](NC)Cc1nc[nH]c1.O=C[C@@](NC)Cc1c2c([nH]c1)cccc2.O=C[C@@](NC)Cc1ccccc1.O=CCNC.O=C[C@]1N(C)CCC1,S(CC[C@](NC)C=O)C.O=C[C@@](NC)CC(C)C.O=C[C@@](NC)CCCCN.O=C[C@@](NC)Cc1nc[nH]c1.O=C[C@@](NC)Cc1c2c([nH]c1)cccc2.O=C[C@@](NC)Cc1ccccc1.O=CCNC.O=C[C@]1N(C)CCC1,474.39935,331.03226,143.36708,276.6077,197.79164,5899.3262,2555.2314,187.66519,3344.0945,3.4056883,3.7235811,7231096500000.0,41.377258,304.81799,7231096500000.0,0.1178388,109.50818,0,34.412521,7231096500000.0,47.087883,7231096500000.0,0.69779241,0.30220759,0.58306932,0.41693068,12.435359,5.3862457,0.20986593,0.33729646,0.93651092,7232.0596,2145.6064,5957.3232,6361.189,2.5347948,2.278275,1.2061002,1.0437034,330.5,287.35587,3.0072205,0.030786538,3.2080445,2.9608071,2.7303593,2.3603647,2.0510187,1.63841,1.2001569,0.74346417,874.125,539.0,381.0,292.125,231.25,183.125,149.5,126.875,0.86602539,2.2912879,2.1213202,0.70710677,0.5,0.5,-5.0400233,-4.9052262,-4.8410926,-11.741848,-11.526736,-11.361362,1.1686777,238.5,323.125,352.5,353.375,293.375,214.0,144.875,83.5,1.1118766,0.94394523,1.6670586,2.0888336,2.1419566,2.1006601,2.0748734,2.0165401,1.9689049,2.0061278,0.080985948,0.28074694,0.32072821,0.554896,0.87100899,1.2474551,1.4433134,1.7471013,1.4773834,394.02435,582.125,1655.0,1288.125,969.125,628.75,423.625,275.75,171.375,93.75,1416.5,965.0,616.625,275.375,130.25,61.75,26.5,10.25,EXT83
C:/Users/MICROSOFT/Documents/nauval_mrnavac/cycpeptmp_standalone/runs/run_20260102_172000_moe/sdf/peptide.sdf,S(CC[C@](NC)C=O)C.O=C[C@@](NC)CC(C)C.O=C[C@@](NC)CCCCN.O=C[C@@](NC)Cc1nc[nH]c1.O=C[C@@](NC)Cc1c2c([nH]c1)cccc2.O=C[C@@](NC)Cc1ccccc1.O=CCNC.O=C[C@]1N(C)CCC1,S(CC[C@](NC)C=O)C.O=C[C@@](NC)CC(C)C.O=C[C@@](NC)CCCCN.O=C[C@@](NC)Cc1nc[nH]c1.O=C[C@@](NC)Cc1c2c([nH]c1)cccc2.O=C[C@@](NC)Cc1ccccc1.O=CCNC.O=C[C@]1N(C)CCC1,479.45462,341.09424,138.3604,271.4422,208.01245,6078.2993,2465.9973,202.73384,3612.302,3.386476,1.0083543,15935726000000.0,39.56963,2875.9612,15935726000000.0,0.053954206,-90.050941,0,33.600166,15935726000000.0,50.13382,15935726000000.0,0.71142131,0.28857872,0.5661478,0.4338522,12.677527,5.1433382,0.21437642,0.33451292,0.96661586,7400.9033,2151.7246,6217.6704,6432.4111,2.5642135,2.3439116,1.1459759,1.0852499,332.375,289.94855,1.1399825,0.026016785,3.208607,2.9666409,2.7381842,2.5019531,2.2045958,1.7391346,1.1110206,0.633461,890.625,542.25,369.75,269.25,203.125,157.625,123.875,95.5,0.5,0.5,1.0,0.5,5.7227616,6.1237245,-5.1400928,-5.1367798,-4.8592572,-12.080333,-11.055135,-11.04001,1.1655171,228.875,318.5,357.0,368.125,303.625,216.125,126.5,72.375,1.1602434,0.98839366,0.78819036,0.9988538,1.2428514,1.2487245,1.1806942,1.1348133,1.2563603,1.344416,0.17412694,0.18807995,0.14431457,0.14034173,0.16183515,0.32294831,0.67180109,1.3123931,1.4857243,395.26175,587.25,1658.0,1296.375,981.375,653.25,429.0,266.125,144.125,75.25,1429.125,977.875,624.375,285.125,125.375,50.0,17.625,2.875,EXT84
C:/Users/MICROSOFT/Documents/nauval_mrnavac/cycpeptmp_standalone/runs/run_20260102_172000_moe/sdf/peptide.sdf,S(CC[C@](NC)C=O)C.O=C[C@@](NC)CC(C)C.O=C[C@@](NC)CCCCN.O=C[C@@](NC)Cc1nc[nH]c1.O=C[C@@](NC)Cc1c2c([nH]c1)cccc2.O=C[C@@](NC)Cc1ccccc1.O=CCNC.O=C[C@]1N(C)CCC1,S(CC[C@](NC)C=O)C.O=C[C@@](NC)CC(C)C.O=C[C@@](NC)CCCCN.O=C[C@@](NC)Cc1nc[nH]c1.O=C[C@@](NC)Cc1c2c([nH]c1)cccc2.O=C[C@@](NC)Cc1ccccc1.O=CCNC.O=C[C@]1N(C)CCC1,461.48096,373.33786,88.143105,337.6243,123.85666,6652.8809,1570.8864,285.19476,5081.9941,3.54653,0.88307369,10494905000000.0,38.12101,367.40106,10494905000000.0,0.063439049,131.91731,0,33.431595,10494905000000.0,44.131577,10494905000000.0,0.80899948,0.19100052,0.73161048,0.26838952,14.41637,3.4040112,0.2658219,0.3337028,0.97016627,7356.168,2131.0012,6195.4092,6385.9253,2.556452,2.216296,1.1934413,1.1426761,317.375,271.71686,1.6118813,0.033856511,3.2924964,3.0389323,2.8019452,2.5638211,2.245054,1.8533871,1.3726016,0.89637715,1024.125,647.125,460.75,342.5,269.25,213.875,173.5,144.5,0.70710677,0.86602539,0.5,0.5,0.5,0.70710677,-5.8749499,-5.6947255,-5.663343,-14.207313,-13.684562,-13.683152,1.1605548,225.0,321.75,345.125,349.75,291.875,219.25,151.625,90.875,0.96527404,0.86715329,0.97828519,1.1554078,1.1627603,1.141253,1.2080948,1.306108,1.3593516,1.4580263,0.070883535,0.22195801,0.23139694,0.36013001,0.68508315,0.87755632,1.2346398,1.487552,1.4568452,375.21146,546.625,1678.125,1300.0,984.125,658.375,444.75,297.0,185.125,104.75,1453.125,978.25,639.0,308.625,152.875,77.75,33.5,13.875,EXT85
C:/Users/MICROSOFT/Documents/nauval_mrnavac/cycpeptmp_standalone/runs/run_20260102_172000_moe/sdf/peptide.sdf,S(CC[C@](NC)C=O)C.O=C[C@@](NC)CC(C)C.O=C[C@@](NC)CCCCN.O=C[C@@](NC)Cc1nc[nH]c1.O=C[C@@](NC)Cc1c2c([nH]c1)cccc2.O=C[C@@](NC)Cc1ccccc1.O=CCNC.O=C[C@]1N(C)CCC1,S(CC[C@](NC)C=O)C.O=C[C@@](NC)CC(C)C.O=C[C@@](NC)CCCCN.O=C[C@@](NC)Cc1nc[nH]c1.O=C[C@@](NC)Cc1c2c([nH]c1)cccc2.O=C[C@@](NC)Cc1ccccc1.O=CCNC.O=C[C@]1N(C)CCC1,461.3562,363.18976,98.166443,340.14325,121.21295,6472.4048,1749.6206,265.02332,4722.7842,3.5381689,2.9287207,10650980000000.0,41.8386,746.87543,10650980000000.0,0.10152593,71.366783,0,34.199036,10650980000000.0,40.764019,10650980000000.0,0.78722203,0.21277799,0.73726821,0.26273179,14.029083,3.7923419,0.2084168,0.34574425,0.97275561,7092.4819,2115.3203,5951.479,6118.1646,2.510215,2.350399,1.1685641,1.0730203,318.125,275.51123,0.92011869,0.038880493,3.2557702,2.9935861,2.7721376,2.3542738,2.0499773,1.7516122,1.3426509,0.9204284,1101.25,698.0,487.25,358.625,279.125,221.0,181.875,149.875,0.70710677,0.5,1.118034,0.5,0.70710677,0.86602539,-5.1409192,-4.8391075,-4.646492,-12.676893,-12.085265,-11.700089,1.1587635,195.875,247.375,280.875,279.0,254.75,204.375,143.125,90.75,0.87634683,0.80829555,0.72117913,0.69553453,0.76434529,0.80190337,0.81502664,0.83050287,0.75385529,0.74022394,0.1350767,0.095426925,0.12305039,0.12186238,0.19676867,0.44329318,0.80030119,0.92686224,1.46154,375.88779,549.375,1645.75,1249.25,953.25,620.125,427.0,289.875,181.375,105.75,1449.875,1001.875,672.375,341.125,172.25,85.5,38.25,15.0,EXT86
C:/Users/MICROSOFT/Documents/nauval_mrnavac/cycpeptmp_standalone/runs/run_20260102_172000_moe/sdf/peptide.sdf,S(CC[C@](NC)C=O)C.O=C[C@@](NC)CC(C)C.O=C[C@@](NC)CCCCN.O=C[C@@](NC)Cc1nc[nH]c1.O=C[C@@](NC)Cc1c2c([nH]c1)cccc2.O=C[C@@](NC)Cc1ccccc1.O=CCNC.O=C[C@]1N(C)CCC1,S(CC[C@](NC)C=O)C.O=C[C@@](NC)CC(C)C.O=C[C@@](NC)CCCCN.O=C[C@@](NC)Cc1nc[nH]c1.O=C[C@@](NC)Cc1c2c([nH]c1)cccc2.O=C[C@@](NC)Cc1ccccc1.O=CCNC.O=C[C@]1N(C)CCC1,461.07822,340.99927,120.07894,297.1857,163.89252,6076.6069,2140.167,220.92033,3936.4399,3.556335,3.5645547,16822533000000.0,41.223743,916.19946,16822533000000.0,0.07416328,54.509548,0,33.269424,16822533000000.0,44.978733,16822533000000.0,0.73956925,0.26043075,0.64454508,0.35545489,13.179124,4.6416574,0.21317983,0.32882297,0.9101916,7175.2764,2107.5305,5833.7061,6409.3164,2.5248241,2.2763159,1.2019535,1.051007,316.5,272.57999,2.3259337,0.030498963,3.2483418,2.995312,2.7701378,2.4397259,2.1526482,1.7189214,1.3225223,0.95995891,944.125,576.125,391.75,286.5,218.25,173.125,139.25,115.25,0.5,0.70710677,1.118034,7.9686885,0.70710677,8.031189,-4.9033418,-4.7726212,-4.6702747,-12.369643,-12.273092,-12.114082,1.1593217,204.5,285.0,318.375,331.75,296.875,224.375,157.75,103.375,1.1285896,1.0248691,1.250981,1.6934682,1.7448379,1.7868509,1.8033539,1.8887974,1.9373596,1.9572815,0.12222116,0.30545774,0.35094234,0.53015327,0.67154545,0.80687964,0.84066552,0.77734524,1.4685512,380.05145,558.125,1644.625,1271.5,972.125,646.625,442.125,293.625,188.625,117.0,1440.125,986.5,653.75,314.875,145.25,69.25,30.875,13.625,EXT87
C:/Users/MICROSOFT/Documents/nauval_mrnavac/cycpeptmp_standalone/runs/run_20260102_172000_moe/sdf/peptide.sdf,S(CC[C@](NC)C=O)C.O=C[C@@](NC)CC(C)C.O=C[C@@](NC)CCCCN.O=C[C@@](NC)Cc1nc[nH]c1.O=C[C@@](NC)Cc1c2c([nH]c1)cccc2.O=C[C@@](NC)Cc1ccccc1.O=CCNC.O=C[C@]1N(C)CCC1,S(CC[C@](NC)C=O)C.O=C[C@@](NC)CC(C)C.O=C[C@@](NC)CCCCN.O=C[C@@](NC)Cc1nc[nH]c1.O=C[C@@](NC)Cc1c2c([nH]c1)cccc2.O=C[C@@](NC)Cc1ccccc1.O=CCNC.O=C[C@]1N(C)CCC1,464.08765,343.38614,120.70152,319.22119,144.86647,6119.4844,2151.2632,222.68462,3968.2209,3.5889359,2.4846268,11704057000000.0,38.379765,1731.8363,11704057000000.0,0.042791363,-16.836355,0,34.076313,11704057000000.0,48.038231,11704057000000.0,0.73991656,0.26008347,0.68784672,0.31215325,13.186052,4.6354675,0.17888603,0.33040032,0.9273929,7241.0996,2119.2922,5948.5913,6414.3159,2.5363786,2.280745,1.3137285,0.96463931,313.625,274.96329,1.2769785,0.033824485,3.2424731,2.9813652,2.7343421,2.4319875,2.1197731,1.7928898,1.4612026,1.0424428,1057.625,655.0,439.5,316.375,242.875,195.0,156.25,122.625,2.8722813,0.70710677,2.6925824,1.2247449,0.5,0.86602539,-4.3378792,-4.2853966,-4.2832055,-12.123282,-11.832141,-11.739282,1.1675737,199.875,242.875,301.625,313.75,292.0,251.25,186.75,125.875,1.0386803,1.0047412,1.1670816,1.2481455,1.1516438,1.0594873,1.1290907,1.1288267,1.2549548,1.3922607,0.11541105,0.30688807,0.24879773,0.11880665,0.18384293,0.4341926,0.67433357,0.9932366,1.4542425,380.6965,553.625,1659.125,1251.125,966.25,656.75,456.5,317.875,208.625,131.0,1459.25,1008.25,664.625,343.0,164.5,66.625,21.875,5.125,EXT88
C:/Users/MICROSOFT/Documents/nauval_mrnavac/cycpeptmp_standalone/runs/run_20260102_172000_moe/sdf/peptide.sdf,S(CC[C@](NC)C=O)C.O=C[C@@](NC)CC(C)C.O=C[C@@](NC)CCCCN.O=C[C@@](NC)Cc1nc[nH]c1.O=C[C@@](NC)Cc1c2c([nH]c1)cccc2.O=C[C@@](NC)Cc1ccccc1.O=CCNC.O=C[C@]1N(C)CCC1,S(CC[C@](NC)C=O)C.O=C[C@@](NC)CC(C)C.O=C[C@@](NC)CCCCN.O=C[C@@](NC)Cc1nc[nH]c1.O=C[C@@](NC)Cc1c2c([nH]c1)cccc2.O=C[C@@](NC)Cc1ccccc1.O=CCNC.O=C[C@]1N(C)CCC1,471.75726,355.47247,116.28479,338.18985,133.56741,6334.875,2072.5439,239.18768,4262.3311,3.498306,3.5205402,7238827600000.0,38.650955,1123.2205,7238827600000.0,0.090877593,35.090057,0,33.821095,7238827600000.0,45.288757,7238827600000.0,0.75350714,0.24649285,0.71687257,0.2831274,13.428251,4.3932419,0.17290209,0.32147059,0.90382427,7274.7163,2101.8406,5909.3877,6538.2046,2.5422595,2.3428764,1.2661904,0.97420317,321.75,282.25836,2.4345398,0.037725527,3.2271433,2.9669623,2.7385085,2.3864472,1.9940757,1.6313993,1.2437568,0.84315169,1041.0,658.25,473.375,364.75,291.25,232.0,189.375,155.5,0.5,0.5,0.70710677,0.5,1.118034,1.5811388,-5.8986545,-5.82374,-5.7729163,-12.902802,-12.596555,-12.370153,1.1600772,213.25,269.5,278.25,291.25,264.625,212.5,153.0,95.375,0.87457091,0.75976694,1.2437022,1.5648499,1.8144028,1.8959904,2.0408118,2.0737622,2.1243215,2.1812892,0.12046406,0.14080459,0.2085674,0.43749329,0.64167804,0.78180993,0.95287406,1.0636985,1.4771736,385.27969,569.125,1649.625,1251.25,938.75,611.375,414.0,277.125,172.75,99.5,1436.375,981.75,660.5,320.125,149.375,64.625,19.75,4.125,EXT89
C:/Users/MICROSOFT/Documents/nauval_mrnavac/cycpeptmp_standalone/runs/run_20260102_172000_moe/sdf/peptide.sdf,S(CC[C@](NC)C=O)C.O=C[C@@](NC)CC(C)C.O=C[C@@](NC)CCCCN.O=C[C@@](NC)Cc1nc[nH]c1.O=C[C@@](NC)Cc1c2c([nH]c1)cccc2.O=C[C@@](NC)Cc1ccccc1.O=CCNC.O=C[C@]1N(C)CCC1,S(CC[C@](NC)C=O)C.O=C[C@@](NC)CC(C)C.O=C[C@@](NC)CCCCN.O=C[C@@](NC)Cc1nc[nH]c1.O=C[C@@](NC)Cc1c2c([nH]c1)cccc2.O=C[C@@](NC)Cc1ccccc1.O=CCNC.O=C[C@]1N(C)CCC1,468.6496,316.30038,152.34921,266.4761,202.17349,5636.4731,2715.1677,163.95119,2921.3054,3.5591462,2.7247024,10034117000000.0,40.470695,235.81651,10034117000000.0,0.025661629,120.79871,0,33.822922,10034117000000.0,51.897724,10034117000000.0,0.67491871,0.32508129,0.56860417,0.43139586,12.027052,5.7935987,0.19448708,0.32834861,0.96698564,7339.7451,2099.9077,6184.2217,6395.3604,2.5535967,2.3232465,1.1744204,1.0245677,316.25,277.46527,2.4294379,0.029012289,3.2281282,2.988584,2.7648261,2.4122016,2.0756531,1.68221,1.307973,0.87221313,891.125,538.5,380.75,282.625,218.0,168.25,137.125,111.0,0.70710677,0.86602539,0.5,0.5,0.5,0.70710677,-5.4280605,-5.324563,-5.2206502,-13.494281,-13.108075,-12.642686,1.1691245,213.75,312.25,352.625,355.125,299.5,228.0,168.125,105.125,1.141497,1.0327289,1.1043543,1.5725974,1.6731657,1.7229341,1.6733634,1.7272277,1.8736624,1.9350554,0.027336771,0.1866762,0.33757037,0.63073015,0.76113355,0.80558532,0.76264828,0.71242267,1.4642385,387.4881,567.375,1653.625,1298.125,984.5,645.125,434.625,291.875,191.25,113.0,1439.875,985.875,631.875,290.0,135.125,63.875,23.125,7.875,EXT90
C:/Users/MICROSOFT/Documents/nauval_mrnavac/cycpeptmp_standalone/runs/run_20260102_172000_moe/sdf/peptide.sdf,S(CC[C@](NC)C=O)C.O=C[C@@](NC)CC(C)C.O=C[C@@](NC)CCCCN.O=C[C@@](NC)Cc1nc[nH]c1.O=C[C@@](NC)Cc1c2c([nH]c1)cccc2.O=C[C@@](NC)Cc1ccccc1.O=CCNC.O=C[C@]1N(C)CCC1,S(CC[C@](NC)C=O)C.O=C[C@@](NC)CC(C)C.O=C[C@@](NC)CCCCN.O=C[C@@](NC)Cc1nc[nH]c1.O=C[C@@](NC)Cc1c2c([nH]c1)cccc2.O=C[C@@](NC)Cc1ccccc1.O=CCNC.O=C[C@]1N(C)CCC1,469.54263,352.19394,117.3487,306.43359,163.10902,6276.0957,2091.5059,234.84523,4184.5898,3.475353,1.9753194,12869544000000.0,39.719414,818.06696,12869544000000.0,0.033344328,42.413525,0,33.858849,12869544000000.0,49.710369,12869544000000.0,0.75007868,0.24992129,0.65262151,0.34737852,13.366403,4.4543471,0.22458634,0.38037872,0.85721409,7085.9956,2409.1621,5429.2412,6333.5879,2.5090671,2.1862144,1.3120903,1.0360589,323.875,285.4971,0.53298187,0.035130259,3.2103374,2.9676189,2.7493579,2.4611602,2.0973465,1.6701412,1.2476779,0.81463146,957.625,621.75,447.125,346.75,265.375,206.375,163.625,134.0,0.5,1.118034,1.2247449,0.5,0.5,0.70710677,-4.8651919,-4.7775087,-4.7441626,-15.42771,-14.828955,-14.738085,1.1714656,211.75,294.875,329.625,335.625,285.25,212.875,152.875,94.25,0.97008669,0.82083637,0.12246812,0.13580009,0.14023745,0.19596326,0.30604151,0.40237936,0.54350054,0.62234473,0.054723542,0.079518758,0.13559704,0.25443676,0.41083336,0.5513581,0.62484103,0.85732204,1.462492,388.89102,568.75,1645.0,1270.5,956.375,638.75,433.75,284.625,184.125,108.375,1433.25,975.625,626.75,303.125,148.5,71.75,31.25,14.125,EXT91
C:/Users/MICROSOFT/Documents/nauval_mrnavac/cycpeptmp_standalone/runs/run_20260102_172000_moe/sdf/peptide.sdf,S(CC[C@](NC)C=O)C.O=C[C@@](NC)CC(C)C.O=C[C@@](NC)CCCCN.O=C[C@@](NC)Cc1nc[nH]c1.O=C[C@@](NC)Cc1c2c([nH]c1)cccc2.O=C[C@@](NC)Cc1ccccc1.O=CCNC.O=C[C@]1N(C)CCC1,S(CC[C@](NC)C=O)C.O=C[C@@](NC)CC(C)C.O=C[C@@](NC)CCCCN.O=C[C@@](NC)Cc1nc[nH]c1.O=C[C@@](NC)Cc1c2c([nH]c1)cccc2.O=C[C@@](NC)Cc1ccccc1.O=CCNC.O=C[C@]1N(C)CCC1,469.4744,363.63654,105.83788,325.44745,144.02696,6480.0029,1886.2427,257.79865,4593.7603,3.4199164,2.5401192,5254517100000.0,40.163761,1391.6652,5254517100000.0,0.063310742,22.578995,0,34.269665,5254517100000.0,42.026276,5254517100000.0,0.77456093,0.22543909,0.69321656,0.30678341,13.802675,4.0177755,0.19873625,0.32974964,0.91844451,7379.7104,2164.8103,6029.5991,6565.0117,2.5605395,2.3335531,1.2142223,1.0402944,329.125,283.67285,1.4520754,0.032818954,3.2544372,3.008575,2.7743781,2.439352,2.1195996,1.6434686,1.1826398,0.79695386,977.875,627.875,444.625,338.125,272.25,219.75,177.0,142.125,0.5,0.70710677,0.5,0.5,1.5,1.2247449,-5.1465616,-5.1078014,-4.9815068,-13.949251,-13.388776,-13.34059,1.1571145,223.5,307.5,311.25,314.75,285.0,214.75,141.875,91.5,0.96879393,0.81367838,1.1564113,1.1942116,1.2876705,1.2994306,1.3708146,1.3569158,1.3359952,1.4145956,0.1904086,0.11534151,0.14409439,0.1493981,0.27461097,0.51763022,0.76450628,0.86950111,1.4824721,385.08313,570.875,1665.0,1294.5,974.625,634.5,430.75,275.125,167.0,100.875,1441.5,987.0,663.375,319.75,145.75,60.375,25.125,9.375,EXT92
C:/Users/MICROSOFT/Documents/nauval_mrnavac/cycpeptmp_standalone/runs/run_20260102_172000_moe/sdf/peptide.sdf,S(CC[C@](NC)C=O)C.O=C[C@@](NC)CC(C)C.O=C[C@@](NC)CCCCN.O=C[C@@](NC)Cc1nc[nH]c1.O=C[C@@](NC)Cc1c2c([nH]c1)cccc2.O=C[C@@](NC)Cc1ccccc1.O=CCNC.O=C[C@]1N(C)CCC1,S(CC[C@](NC)C=O)C.O=C[C@@](NC)CC(C)C.O=C[C@@](NC)CCCCN.O=C[C@@](NC)Cc1nc[nH]c1.O=C[C@@](NC)Cc1c2c([nH]c1)cccc2.O=C[C@@](NC)Cc1ccccc1.O=CCNC.O=C[C@]1N(C)CCC1,457.97861,345.45453,112.52408,314.26672,143.71188,6155.9995,2005.5166,232.93045,4150.4829,3.6250563,1.4594681,10101446000000.0,39.344074,555.48309,10101446000000.0,0.069258377,100.76299,0,33.612354,10101446000000.0,42.055267,10101446000000.0,0.75430274,0.24569725,0.68620396,0.31379607,13.441675,4.3790617,0.20440271,0.33866659,0.86847955,7116.2046,2183.8342,5600.2441,6448.3315,2.5144098,2.2389243,1.2851733,1.0122383,310.5,269.03024,0.99461979,0.040127132,3.2944698,3.0270786,2.7947359,2.4820979,2.0968184,1.6802245,1.3436353,0.91151261,1087.5,721.5,507.5,362.875,275.375,219.0,174.125,139.75,1.6583124,1.8708287,0.5,1.2247449,1.6583124,0.5,-4.4327507,-4.2892313,-4.2167387,-13.716749,-13.684316,-13.660975,1.1558523,205.375,283.25,313.125,324.75,284.625,220.25,152.25,98.875,0.83054185,0.77988291,0.45033827,0.42820531,0.40290877,0.46568149,0.43190965,0.41040275,0.38126141,0.40632701,0.04829251,0.1760098,0.2574257,0.3977657,0.61349463,0.85993379,1.0156713,1.2457198,1.4589713,371.75165,542.375,1655.5,1267.875,955.25,628.375,421.5,283.0,184.875,115.125,1450.125,984.625,642.125,303.625,136.875,62.75,32.625,16.25,EXT93
C:/Users/MICROSOFT/Documents/nauval_mrnavac/cycpeptmp_standalone/runs/run_20260102_172000_moe/sdf/peptide.sdf,S(CC[C@](NC)C=O)C.O=C[C@@](NC)CC(C)C.O=C[C@@](NC)CCCCN.O=C[C@@](NC)Cc1nc[nH]c1.O=C[C@@](NC)Cc1c2c([nH]c1)cccc2.O=C[C@@](NC)Cc1ccccc1.O=CCNC.O=C[C@]1N(C)CCC1,S(CC[C@](NC)C=O)C.O=C[C@@](NC)CC(C)C.O=C[C@@](NC)CCCCN.O=C[C@@](NC)Cc1nc[nH]c1.O=C[C@@](NC)Cc1c2c([nH]c1)cccc2.O=C[C@@](NC)Cc1ccccc1.O=CCNC.O=C[C@]1N(C)CCC1,476.04407,318.62027,157.4238,268.6604,207.38368,5678.1318,2805.7644,161.19649,2872.3677,3.4593315,2.3946276,7891253200000.0,42.700119,1574.9397,7891253200000.0,0.1082575,-11.364491,0,35.435715,7891253200000.0,49.078655,7891253200000.0,0.66930836,0.33069164,0.56436032,0.43563968,11.927744,5.8939171,0.24526528,0.38681212,0.88109183,7265.3037,2478.3303,5645.2124,6407.0649,2.5406141,2.1780241,1.2702942,1.0786504,325.375,282.89651,0.27726319,0.03633466,3.2148364,2.9649811,2.7431331,2.4308186,2.0055661,1.6185627,1.1923878,0.80142701,1000.375,635.75,456.5,349.375,272.5,222.5,182.25,146.625,1.118034,1.118034,1.8708287,1.5811388,0.5,2.0615528,-5.6232529,-5.5596809,-5.5507555,-13.97329,-13.851148,-13.64329,1.1748041,251.375,333.125,370.25,344.5,282.125,206.25,140.125,86.5,0.91319823,0.78318423,0.25666824,0.19073634,0.13111703,0.18021855,0.27830464,0.37379453,0.4287774,0.56954217,0.22393252,0.29713476,0.2970469,0.31927261,0.2980592,0.21676309,0.40494248,0.68039429,1.4651418,393.64792,576.75,1676.25,1282.625,970.25,624.375,416.875,273.625,172.0,101.75,1424.875,949.5,600.0,279.875,134.75,67.375,31.875,15.25,EXT94
C:/Users/MICROSOFT/Documents/nauval_mrnavac/cycpeptmp_standalone/runs/run_20260102_172000_moe/sdf/peptide.sdf,S(CC[C@](NC)C=O)C.O=C[C@@](NC)CC(C)C.O=C[C@@](NC)CCCCN.O=C[C@@](NC)Cc1nc[nH]c1.O=C[C@@](NC)Cc1c2c([nH]c1)cccc2.O=C[C@@](NC)Cc1ccccc1.O=CCNC.O=C[C@]1N(C)CCC1,S(CC[C@](NC)C=O)C.O=C[C@@](NC)CC(C)C.O=C[C@@](NC)CCCCN.O=C[C@@](NC)Cc1nc[nH]c1.O=C[C@@](NC)Cc1c2c([nH]c1)cccc2.O=C[C@@](NC)Cc1ccccc1.O=CCNC.O=C[C@]1N(C)CCC1,460.7413,329.00934,131.73196,282.55368,178.18761,5863.2754,2347.7271,197.27737,3515.5486,3.5367792,2.9634705,9060971700000.0,38.781666,-163.76881,9060971700000.0,0.12253683,153.54811,0,33.727936,9060971700000.0,45.842392,9060971700000.0,0.71408695,0.28591308,0.6132589,0.3867411,12.725743,5.0955429,0.16152985,0.34057826,0.87075138,7327.2915,2257.0278,5770.5093,6627.0459,2.5514295,2.2899354,1.3265612,0.9203428,318.25,275.0954,0.89500403,0.027352246,3.2512426,3.0219662,2.7927601,2.5181708,2.2700796,1.9356532,1.3656757,0.86365092,888.75,545.0,385.375,287.0,223.375,182.25,147.25,119.75,0.5,1.0,0.5,0.5,0.5,0.70710677,-6.094214,-6.0167432,-5.8860855,-15.196003,-15.109405,-14.540091,1.1621636,213.875,325.25,340.375,349.125,306.125,233.625,149.5,85.0,1.1942912,1.0544425,0.6953789,0.8439005,0.81923884,0.85911536,0.88391358,0.92224896,0.99412191,1.1034356,0.073785655,0.18889771,0.18461218,0.20118164,0.21918318,0.20003787,0.25080955,0.33116084,1.4721428,384.7283,566.375,1659.375,1318.0,997.125,666.0,460.25,302.625,178.375,96.5,1445.5,992.75,656.75,316.875,154.125,69.0,28.875,11.5,EXT95
C:/Users/MICROSOFT/Documents/nauval_mrnavac/cycpeptmp_standalone/runs/run_20260102_172000_moe/sdf/peptide.sdf,S(CC[C@](NC)C=O)C.O=C[C@@](NC)CC(C)C.O=C[C@@](NC)CCCCN.O=C[C@@](NC)Cc1nc[nH]c1.O=C[C@@](NC)Cc1c2c([nH]c1)cccc2.O=C[C@@](NC)Cc1ccccc1.O=CCNC.O=C[C@]1N(C)CCC1,S(CC[C@](NC)C=O)C.O=C[C@@](NC)CC(C)C.O=C[C@@](NC)CCCCN.O=C[C@@](NC)Cc1nc[nH]c1.O=C[C@@](NC)Cc1c2c([nH]c1)cccc2.O=C[C@@](NC)Cc1ccccc1.O=CCNC.O=C[C@]1N(C)CCC1,466.93744,349.1749,117.76253,320.06653,146.87091,6222.2969,2098.7639,231.41237,4123.5332,3.4018285,4.6498613,11299761000000.0,38.433617,2191.3057,11299761000000.0,0.028074013,-47.635632,0,33.542419,11299761000000.0,42.776672,11299761000000.0,0.74779803,0.25220194,0.68545914,0.31454089,13.325761,4.4947433,0.22228588,0.29834595,0.98701864,7539.1567,1968.4186,6512.1235,6597.7715,2.5880532,2.3607514,1.1232637,1.1130283,330.875,281.8446,1.4733917,0.038100559,3.2269423,2.9600959,2.7383952,2.3199143,1.9775096,1.6207228,1.1491183,0.76858366,1016.5,674.5,476.5,357.75,274.875,217.0,175.25,146.75,0.5,0.70710677,0.5,0.86602539,0.5,1.2247449,-4.262547,-4.2449298,-4.2159014,-11.737435,-11.67933,-11.584805,1.1534628,208.875,279.0,284.375,302.375,258.75,200.0,132.0,82.875,0.84706193,0.75192171,0.68842798,0.82995087,0.88976812,0.98331231,1.0133029,1.0693579,1.0970516,1.1861237,0.083493426,0.18572049,0.20909266,0.43105778,0.63618684,0.83148587,1.181865,1.4893355,1.4936498,387.22263,578.375,1642.75,1251.375,929.875,606.0,403.625,269.0,165.875,99.75,1433.875,972.375,645.5,303.625,144.875,69.0,33.875,16.875,EXT96
C:/Users/MICROSOFT/Documents/nauval_mrnavac/cycpeptmp_standalone/runs/run_20260102_172000_moe/sdf/peptide.sdf,S(CC[C@](NC)C=O)C.O=C[C@@](NC)CC(C)C.O=C[C@@](NC)CCCCN.O=C[C@@](NC)Cc1nc[nH]c1.O=C[C@@](NC)Cc1c2c([nH]c1)cccc2.O=C[C@@](NC)Cc1ccccc1.O=CCNC.O=C[C@]1N(C)CCC1,S(CC[C@](NC)C=O)C.O=C[C@@](NC)CC(C)C.O=C[C@@](NC)CCCCN.O=C[C@@](NC)Cc1nc[nH]c1.O=C[C@@](NC)Cc1c2c([nH]c1)cccc2.O=C[C@@](NC)Cc1ccccc1.O=CCNC.O=C[C@]1N(C)CCC1,463.65341,354.68207,108.97133,306.75696,156.89645,6320.7896,1942.196,245.71075,4378.5933,3.5903668,3.9612386,2460619600000.0,40.031803,459.64359,2460619600000.0,0.036730155,92.174789,0,33.785389,2460619600000.0,47.624641,2460619600000.0,0.76497245,0.23502757,0.66160834,0.33839169,13.632574,4.1888962,0.19243589,0.38447499,0.85847718,6888.6216,2361.6221,5273.1616,6142.4595,2.4738762,2.211731,1.3158404,0.97023141,313.5,275.41382,0.40925008,0.028338442,3.2612627,3.019026,2.7915971,2.4957228,2.1393168,1.7307477,1.3093302,0.93496954,922.625,546.625,365.125,270.625,206.375,161.0,129.375,101.875,0.5,0.5,0.70710677,0.70710677,0.5,0.5,-4.75668,-4.6374226,-4.4406128,-14.405283,-14.263612,-14.150485,1.1496952,204.375,274.375,315.625,341.125,281.25,213.375,151.375,104.125,1.209175,1.1034642,0.47539973,0.42038068,0.36524335,0.39105043,0.42597422,0.38678774,0.45005816,0.46800613,0.040755901,0.16843383,0.05294377,0.13004169,0.27398241,0.38665608,0.52274996,0.49998927,1.4791874,376.05109,556.25,1639.0,1271.25,973.125,648.875,441.5,298.625,194.125,125.5,1434.625,996.875,657.5,307.75,160.25,85.25,42.75,21.375,EXT97
C:/Users/MICROSOFT/Documents/nauval_mrnavac/cycpeptmp_standalone/runs/run_20260102_172000_moe/sdf/peptide.sdf,S(CC[C@](NC)C=O)C.O=C[C@@](NC)CC(C)C.O=C[C@@](NC)CCCCN.O=C[C@@](NC)Cc1nc[nH]c1.O=C[C@@](NC)Cc1c2c([nH]c1)cccc2.O=C[C@@](NC)Cc1ccccc1.O=CCNC.O=C[C@]1N(C)CCC1,S(CC[C@](NC)C=O)C.O=C[C@@](NC)CC(C)C.O=C[C@@](NC)CCCCN.O=C[C@@](NC)Cc1nc[nH]c1.O=C[C@@](NC)Cc1c2c([nH]c1)cccc2.O=C[C@@](NC)Cc1ccccc1.O=CCNC.O=C[C@]1N(C)CCC1,471.25671,365.46356,105.79314,320.96445,150.29225,6512.561,1885.4453,259.67044,4627.1157,3.4793818,1.2286609,6228488500000.0,37.148037,2003.9619,6228488500000.0,0.050346911,-12.304726,0,33.797157,6228488500000.0,43.517521,6228488500000.0,0.77550846,0.22449152,0.68108201,0.31891802,13.819561,4.0008879,0.18770976,0.31651834,0.90848535,7266.3877,2067.3628,5933.8389,6531.5737,2.5408037,2.3640203,1.2022829,1.0242233,323.5,281.95636,1.577224,0.035109702,3.2327473,2.9747751,2.7367668,2.4339397,2.0520859,1.6454008,1.2863829,0.90683115,1012.625,636.5,449.25,340.75,268.75,213.625,176.125,141.75,0.70710677,0.70710677,0.70710677,0.5,0.70710677,0.5,-5.1803565,-5.0936427,-5.0662746,-15.013937,-14.894086,-14.725633,1.1589487,189.125,244.625,272.125,298.125,276.625,220.5,163.25,109.625,0.94908178,0.8345561,0.67208463,0.98265117,1.2186676,1.2998868,1.3873732,1.3203834,1.3597133,1.4618332,0.2295071,0.29874039,0.28731957,0.27384302,0.41527838,0.69951755,0.93094438,1.1588999,1.4732885,382.13834,563.0,1638.5,1251.875,953.25,635.25,426.375,284.375,189.5,118.0,1449.375,1007.25,681.125,337.125,149.75,63.875,26.25,8.375,EXT98
C:/Users/MICROSOFT/Documents/nauval_mrnavac/cycpeptmp_standalone/runs/run_20260102_172000_moe/sdf/peptide.sdf,S(CC[C@](NC)C=O)C.O=C[C@@](NC)CC(C)C.O=C[C@@](NC)CCCCN.O=C[C@@](NC)Cc1nc[nH]c1.O=C[C@@](NC)Cc1c2c([nH]c1)cccc2.O=C[C@@](NC)Cc1ccccc1.O=CCNC.O=C[C@]1N(C)CCC1,S(CC[C@](NC)C=O)C.O=C[C@@](NC)CC(C)C.O=C[C@@](NC)CCCCN.O=C[C@@](NC)Cc1nc[nH]c1.O=C[C@@](NC)Cc1c2c([nH]c1)cccc2.O=C[C@@](NC)Cc1ccccc1.O=CCNC.O=C[C@]1N(C)CCC1,464.73334,360.38333,104.35,293.90933,170.82401,6422.0313,1859.7256,256.03336,4562.3057,3.451376,1.6329497,9161647600000.0,37.81802,393.52869,9161647600000.0,0.042548437,102.3131,0,33.595947,9161647600000.0,44.189522,9161647600000.0,0.77546263,0.22453736,0.63242573,0.36757424,13.818745,4.0017047,0.18466233,0.34064177,0.90036857,7182.9087,2183.657,5771.7407,6410.4199,2.5261667,2.2850277,1.2817186,0.9819302,326.125,279.16162,1.6820809,0.03595617,3.2405536,2.9857986,2.765059,2.3822525,1.9721122,1.7190263,1.3409011,0.89188564,975.125,611.5,442.5,331.0,265.375,214.875,173.375,145.25,0.5,0.5,1.0,0.70710677,0.5,0.86602539,-6.1644268,-5.9619427,-5.8156424,-12.689112,-12.667781,-12.579513,1.1473066,179.5,248.5,287.25,317.5,280.625,227.625,164.125,102.25,0.95564973,0.88330817,0.81861693,1.0416563,1.2263812,1.4643213,1.5677495,1.6407377,1.6221129,1.7500099,0.049808454,0.1737204,0.25584191,0.34756762,0.46136701,0.43116322,0.45563781,0.31743348,1.4925218,380.48022,567.875,1631.25,1247.375,944.375,620.375,422.875,292.375,187.25,109.625,1451.75,998.875,657.125,302.875,142.25,64.75,23.125,7.375,EXT99
C:/Users/MICROSOFT/Documents/nauval_mrnavac/cycpeptmp_standalone/runs/run_20260102_172000_moe/sdf/peptide.sdf,S(CC[C@](NC)C=O)C.O=C[C@@](NC)CC(C)C.O=C[C@@](NC)CCCCN.O=C[C@@](NC)Cc1nc[nH]c1.O=C[C@@](NC)Cc1c2c([nH]c1)cccc2.O=C[C@@](NC)Cc1ccccc1.O=CCNC.O=C[C@]1N(C)CCC1,S(CC[C@](NC)C=O)C.O=C[C@@](NC)CC(C)C.O=C[C@@](NC)CCCCN.O=C[C@@](NC)Cc1nc[nH]c1.O=C[C@@](NC)Cc1c2c([nH]c1)cccc2.O=C[C@@](NC)Cc1ccccc1.O=CCNC.O=C[C@]1N(C)CCC1,464.25525,366.62122,97.634033,331.22751,133.02773,6533.5566,1740.0338,268.98718,4793.5229,3.5409515,1.901368,12223728000000.0,40.188404,-318.90582,12223728000000.0,0.059899427,149.86481,0,33.933804,12223728000000.0,50.501675,12223728000000.0,0.78969753,0.21030249,0.71345991,0.28654006,14.073199,3.7480111,0.18355937,0.3617067,0.84917057,6965.8413,2279.2683,5350.9868,6301.4272,2.4877033,2.2552826,1.3082627,0.96624953,317.875,275.98816,0.82221895,0.029870039,3.2437663,2.9998233,2.7678666,2.4601328,2.2208905,1.8525251,1.3184298,0.88678563,1027.625,617.875,411.25,306.375,236.75,179.625,137.875,106.75,0.70710677,0.5,0.5,0.5,0.70710677,0.5,-5.7052894,-5.6363268,-5.6050024,-12.034367,-11.81579,-11.780743,1.1620374,196.625,272.875,313.875,328.5,306.375,244.5,169.5,101.875,1.0945289,0.98653609,0.68634927,0.87297171,0.97340274,1.0551214,1.0556437,1.2086267,1.4704472,1.6784934,0.17835942,0.14220749,0.20852691,0.22316813,0.21041413,0.22519802,0.37320793,0.71111059,1.4594092,377.97827,551.625,1638.375,1265.125,969.25,649.125,450.125,302.25,184.75,106.5,1441.75,992.25,655.375,320.625,143.75,57.75,15.25,4.625,EXT100
C:/Users/MICROSOFT/Documents/nauval_mrnavac/cycpeptmp_standalone/runs/run_20260102_172000_moe/sdf/peptide.sdf,S(CC[C@](NC)C=O)C.O=C[C@@](NC)CC(C)C.O=C[C@@](NC)CCCCN.O=C[C@@](NC)Cc1nc[nH]c1.O=C[C@@](NC)Cc1c2c([nH]c1)cccc2.O=C[C@@](NC)Cc1ccccc1.O=CCNC.O=C[C@]1N(C)CCC1,S(CC[C@](NC)C=O)C.O=C[C@@](NC)CC(C)C.O=C[C@@](NC)CCCCN.O=C[C@@](NC)Cc1nc[nH]c1.O=C[C@@](NC)Cc1c2c([nH]c1)cccc2.O=C[C@@](NC)Cc1ccccc1.O=CCNC.O=C[C@]1N(C)CCC1,469.07034,349.92078,119.14955,307.92957,161.14079,6235.5884,2123.6025,230.77124,4111.9858,3.4566755,3.2317407,9338446900000.0,37.870972,820.93793,9338446900000.0,0.043700926,66.007393,0,33.723083,9338446900000.0,45.162834,9338446900000.0,0.74598789,0.25401211,0.65646774,0.34353223,13.293504,4.5272579,0.18582234,0.31029844,0.93364733,7617.4409,2106.7175,6338.8369,6789.3271,2.6014552,2.336762,1.2377986,1.0073107,325.625,281.33829,3.0789871,0.03367408,3.2282779,2.9815357,2.7603729,2.411999,2.0847931,1.7615266,1.2907523,0.79043496,947.25,613.375,447.25,343.875,276.75,226.5,185.375,155.75,0.5,0.70710677,0.5,0.5,0.5,0.70710677,-6.0538878,-6.0178289,-5.8731456,-13.604575,-12.528516,-12.428143,1.1637009,209.25,283.25,322.125,320.5,284.375,222.75,152.875,96.25,0.96702069,0.83969468,1.7359694,2.0305598,2.1917083,2.2967811,2.3782406,2.49033,2.5418882,2.6322165,0.14234105,0.14625965,0.29285342,0.62076122,0.8974939,1.145157,1.3459395,1.6844528,1.4786934,389.70215,576.25,1653.5,1292.25,977.0,632.25,432.5,288.75,175.5,99.625,1444.25,1009.0,654.875,311.75,148.125,66.0,22.625,3.375,EXT101
C:/Users/MICROSOFT/Documents/nauval_mrnavac/cycpeptmp_standalone/runs/run_20260102_172000_moe/sdf/peptide.sdf,S(CC[C@](NC)C=O)C.O=C[C@@](NC)CC(C)C.O=C[C@@](NC)CCCCN.O=C[C@@](NC)Cc1nc[nH]c1.O=C[C@@](NC)Cc1c2c([nH]c1)cccc2.O=C[C@@](NC)Cc1ccccc1.O=CCNC.O=C[C@]1N(C)CCC1,S(CC[C@](NC)C=O)C.O=C[C@@](NC)CC(C)C.O=C[C@@](NC)CCCCN.O=C[C@@](NC)Cc1nc[nH]c1.O=C[C@@](NC)Cc1c2c([nH]c1)cccc2.O=C[C@@](NC)Cc1ccccc1.O=CCNC.O=C[C@]1N(C)CCC1,457.42563,310.93283,146.4928,273.70367,183.72194,5540.8228,2610.9412,164.44002,2929.8818,3.6309032,3.7480919,11105591000000.0,39.497238,596.06696,11105591000000.0,0.051130049,95.638123,0,33.484402,11105591000000.0,45.601757,11105591000000.0,0.67974508,0.32025489,0.59835666,0.40164334,12.113058,5.7079029,0.16028842,0.2994771,0.91387618,7446.5991,2015.1196,6149.2842,6728.7939,2.5721176,2.3712084,1.2056044,0.94933784,310.0,272.03741,2.0937707,0.037392657,3.2952325,3.0352247,2.7974296,2.559279,2.1157713,1.7335254,1.3692442,0.98288125,1006.75,658.375,479.75,370.75,297.625,236.625,195.25,162.375,0.70710677,0.5,0.5,0.5,0.70710677,1.118034,-6.21843,-6.1304388,-6.0179095,-13.102262,-12.235671,-12.151186,1.158204,208.75,303.5,317.875,328.625,304.5,246.375,172.5,110.5,0.92417926,0.8091706,1.4014108,1.4461141,1.4576229,1.4916922,1.5539073,1.5556444,1.5261117,1.573835,0.087976724,0.23852213,0.2759144,0.42653227,0.65450108,0.92362434,1.1257339,1.3246408,1.4640183,376.61755,551.375,1667.875,1299.125,982.625,651.875,443.375,300.0,195.0,119.5,1459.125,995.625,664.75,323.25,138.875,53.625,22.5,9.0,EXT102
C:/Users/MICROSOFT/Documents/nauval_mrnavac/cycpeptmp_standalone/runs/run_20260102_172000_moe/sdf/peptide.sdf,S(CC[C@](NC)C=O)C.O=C[C@@](NC)CC(C)C.O=C[C@@](NC)CCCCN.O=C[C@@](NC)Cc1nc[nH]c1.O=C[C@@](NC)Cc1c2c([nH]c1)cccc2.O=C[C@@](NC)Cc1ccccc1.O=CCNC.O=C[C@]1N(C)CCC1,S(CC[C@](NC)C=O)C.O=C[C@@](NC)CC(C)C.O=C[C@@](NC)CCCCN.O=C[C@@](NC)Cc1nc[nH]c1.O=C[C@@](NC)Cc1c2c([nH]c1)cccc2.O=C[C@@](NC)Cc1ccccc1.O=CCNC.O=C[C@]1N(C)CCC1,467.07571,344.35431,122.72141,292.19247,174.88324,6136.394,2187.2637,221.6329,3949.1304,3.4861169,3.5201116,10480758000000.0,39.098404,1923.927,10480758000000.0,0.02898005,-25.270794,0,33.82819,10480758000000.0,44.539433,10480758000000.0,0.73725587,0.26274413,0.6255784,0.3744216,13.137899,4.682889,0.16988525,0.29201657,0.92425221,7494.333,1974.9135,6250.7349,6763.0181,2.5803483,2.3929355,1.2017351,0.98629957,322.875,279.34607,4.1209464,0.031056577,3.2245145,2.9847288,2.7606215,2.3440092,1.9745539,1.7300318,1.4298602,1.0467545,890.5,552.875,394.125,295.875,232.0,186.125,150.375,121.0,0.5,0.70710677,0.5,0.5,0.5,1.0,-4.0163002,-4.0089726,-3.9836679,-13.580613,-13.475306,-13.286966,1.1554943,181.375,259.125,279.125,314.75,297.75,246.875,181.375,118.125,1.1214716,1.0452049,1.8884115,2.6536467,3.0080316,3.2483695,3.3946486,3.4073193,3.5229023,3.6512628,0.087768525,0.22456205,0.43320599,0.88390279,1.1148669,1.208939,1.2494224,1.1961577,1.48801,386.33813,574.875,1632.25,1277.25,963.25,630.125,442.0,309.25,210.0,128.125,1450.875,1018.125,684.125,315.375,144.25,62.375,28.625,10.0,EXT103
C:/Users/MICROSOFT/Documents/nauval_mrnavac/cycpeptmp_standalone/runs/run_20260102_172000_moe/sdf/peptide.sdf,S(CC[C@](NC)C=O)C.O=C[C@@](NC)CC(C)C.O=C[C@@](NC)CCCCN.O=C[C@@](NC)Cc1nc[nH]c1.O=C[C@@](NC)Cc1c2c([nH]c1)cccc2.O=C[C@@](NC)Cc1ccccc1.O=CCNC.O=C[C@]1N(C)CCC1,S(CC[C@](NC)C=O)C.O=C[C@@](NC)CC(C)C.O=C[C@@](NC)CCCCN.O=C[C@@](NC)Cc1nc[nH]c1.O=C[C@@](NC)Cc1c2c([nH]c1)cccc2.O=C[C@@](NC)Cc1ccccc1.O=CCNC.O=C[C@]1N(C)CCC1,467.73871,365.48035,102.25835,349.33612,118.40258,6512.8599,1822.4484,263.22198,4690.4116,3.498306,0.61883718,9160955500000.0,39.451427,1920.3121,9160955500000.0,0.065395363,-6.6558599,0,34.300884,9160955500000.0,44.8484,9160955500000.0,0.7813772,0.21862282,0.7468617,0.2531383,13.924141,3.8962958,0.21565278,0.32791936,0.95035148,7310.6807,2104.5029,6099.1133,6417.7451,2.5485358,2.2753139,1.2400306,1.05662,321.75,279.98462,2.2586505,0.0344598,3.2470012,3.0010173,2.7680566,2.4985256,2.235239,1.8357356,1.3497908,0.73143113,1008.75,647.125,476.5,363.875,281.25,220.125,172.875,142.125,1.2247449,0.5,1.118034,1.8708287,1.6583124,0.5,-6.8195868,-6.7265897,-6.5726757,-10.149687,-10.118624,-9.9759865,1.1646293,214.5,299.625,321.5,325.5,291.375,218.125,143.25,70.125,0.92654777,0.77567846,1.3957642,1.742479,1.8786908,1.9020917,1.8452275,1.821321,1.8854865,1.9724834,0.13712972,0.14286745,0.23091529,0.253901,0.41087219,0.61711437,0.91810977,0.99378419,1.4608755,381.2782,557.0,1653.375,1284.125,964.75,647.5,441.5,282.25,169.75,81.5,1438.875,984.5,643.25,322.0,150.125,64.125,26.5,11.375,EXT104
C:/Users/MICROSOFT/Documents/nauval_mrnavac/cycpeptmp_standalone/runs/run_20260102_172000_moe/sdf/peptide.sdf,S(CC[C@](NC)C=O)C.O=C[C@@](NC)CC(C)C.O=C[C@@](NC)CCCCN.O=C[C@@](NC)Cc1nc[nH]c1.O=C[C@@](NC)Cc1c2c([nH]c1)cccc2.O=C[C@@](NC)Cc1ccccc1.O=CCNC.O=C[C@]1N(C)CCC1,S(CC[C@](NC)C=O)C.O=C[C@@](NC)CC(C)C.O=C[C@@](NC)CCCCN.O=C[C@@](NC)Cc1nc[nH]c1.O=C[C@@](NC)Cc1c2c([nH]c1)cccc2.O=C[C@@](NC)Cc1ccccc1.O=CCNC.O=C[C@]1N(C)CCC1,474.92163,363.07733,111.84431,341.71814,133.20349,6470.4009,1993.4012,251.233,4476.9995,3.4807267,2.017261,4441158200000.0,38.407787,982.63464,4441158200000.0,0.041089874,54.472771,0,33.843868,4441158200000.0,44.915878,4441158200000.0,0.76449943,0.23550056,0.71952534,0.28047469,13.624145,4.1973267,0.22023414,0.32391092,0.95859927,7204.6172,2044.8138,6051.5313,6312.8892,2.5299811,2.2863626,1.1893024,1.0729696,323.375,278.79379,0.78433776,0.02971215,3.2012908,2.9625573,2.751477,2.4158783,2.0945892,1.6794764,1.2824409,0.85039085,990.125,590.875,391.375,280.875,211.0,162.5,125.25,98.25,0.5,0.5,0.70710677,0.5,0.70710677,0.5,-6.1593895,-5.9770293,-5.9655709,-18.38884,-17.304316,-16.957857,1.163254,187.75,257.5,307.25,313.625,275.125,210.375,148.0,94.25,1.1025232,1.0186915,0.45674366,0.51073474,0.7146576,0.94177139,1.1463647,1.3371357,1.5383825,1.753835,0.054861862,0.18712933,0.13855305,0.12880988,0.23240228,0.41780671,0.6181953,0.82233602,1.4682701,383.78497,563.5,1621.25,1239.75,954.375,632.75,431.5,286.125,182.125,109.75,1433.5,982.25,647.125,319.125,156.375,75.75,34.125,15.5,EXT105
C:/Users/MICROSOFT/Documents/nauval_mrnavac/cycpeptmp_standalone/runs/run_20260102_172000_moe/sdf/peptide.sdf,S(CC[C@](NC)C=O)C.O=C[C@@](NC)CC(C)C.O=C[C@@](NC)CCCCN.O=C[C@@](NC)Cc1nc[nH]c1.O=C[C@@](NC)Cc1c2c([nH]c1)cccc2.O=C[C@@](NC)Cc1ccccc1.O=CCNC.O=C[C@]1N(C)CCC1,S(CC[C@](NC)C=O)C.O=C[C@@](NC)CC(C)C.O=C[C@@](NC)CCCCN.O=C[C@@](NC)Cc1nc[nH]c1.O=C[C@@](NC)Cc1c2c([nH]c1)cccc2.O=C[C@@](NC)Cc1ccccc1.O=CCNC.O=C[C@]1N(C)CCC1,472.16162,341.33716,130.82448,310.1781,161.98354,6082.6279,2331.5537,210.51268,3751.0742,3.4290328,5.1247721,9772437900000.0,40.970173,-179.50627,9772437900000.0,0.10664682,138.26994,0,33.859692,9772437900000.0,41.764595,9772437900000.0,0.72292441,0.27707562,0.656932,0.34306797,12.882513,4.9380417,0.21906647,0.32217127,0.97777683,7350.689,2059.334,6249.9961,6392.0479,2.5554998,2.3544087,1.132018,1.1019701,328.25,282.21652,3.2271249,0.033748753,3.2053723,2.9599125,2.73737,2.2577059,1.9221481,1.6307681,1.3470366,0.99253947,953.25,589.75,413.0,307.5,245.0,196.375,158.625,129.25,0.5,1.2247449,0.86602539,5.1234756,5.6124859,0.5,-5.3765736,-5.3516912,-5.2082295,-12.409699,-12.020427,-11.769579,1.1681197,212.25,286.75,313.25,322.5,293.5,231.625,169.375,110.5,1.0478208,0.96829265,1.5415205,1.927471,2.1255205,2.3048425,2.4044433,2.4760816,2.5734437,2.6104891,0.20677119,0.49649137,0.64322549,1.0609031,1.1656057,1.2027532,1.1146747,1.2988033,1.4736322,391.46469,576.875,1646.25,1273.125,955.75,622.125,432.75,297.75,199.0,121.625,1434.0,986.375,642.5,299.625,139.25,66.125,29.625,11.125,EXT106
C:/Users/MICROSOFT/Documents/nauval_mrnavac/cycpeptmp_standalone/runs/run_20260102_172000_moe/sdf/peptide.sdf,S(CC[C@](NC)C=O)C.O=C[C@@](NC)CC(C)C.O=C[C@@](NC)CCCCN.O=C[C@@](NC)Cc1nc[nH]c1.O=C[C@@](NC)Cc1c2c([nH]c1)cccc2.O=C[C@@](NC)Cc1ccccc1.O=CCNC.O=C[C@]1N(C)CCC1,S(CC[C@](NC)C=O)C.O=C[C@@](NC)CC(C)C.O=C[C@@](NC)CCCCN.O=C[C@@](NC)Cc1nc[nH]c1.O=C[C@@](NC)Cc1c2c([nH]c1)cccc2.O=C[C@@](NC)Cc1ccccc1.O=CCNC.O=C[C@]1N(C)CCC1,472.69495,326.81644,145.87848,279.74091,192.95403,5824.1958,2599.9922,180.93796,3224.2036,3.4593315,3.9063869,3951579400000.0,39.989422,565.13727,3951579400000.0,0.017383484,68.567795,0,33.823982,3951579400000.0,49.204502,3951579400000.0,0.6913898,0.30861023,0.59180009,0.40819988,12.321258,5.50036,0.19982617,0.35607958,0.93443793,7486.5908,2327.7029,6108.4487,6537.0298,2.579015,2.3148127,1.2194747,1.0347657,325.375,285.77884,1.5649772,0.033561029,3.2136097,2.9634862,2.732028,2.4425859,2.1021986,1.5467949,1.1113669,0.69156486,983.625,639.875,457.25,350.125,272.5,218.875,177.0,149.375,0.70710677,0.5,0.5,0.5,8.2613554,8.3066235,-5.5695567,-5.5243607,-5.4703798,-12.023415,-11.927588,-11.290269,1.1740173,243.5,338.0,346.875,336.875,276.25,202.0,133.25,80.5,0.90623289,0.74401999,1.0388016,1.1688724,1.3342021,1.4611893,1.5998005,1.6688352,1.6906182,1.7001253,0.10344745,0.065918602,0.069592856,0.10231939,0.23174763,0.47686473,0.5389781,0.82419795,1.4718211,396.44766,583.5,1680.5,1300.75,972.5,633.75,414.375,260.5,156.75,88.5,1437.0,962.75,625.625,296.875,138.125,58.5,23.5,8.0,EXT107
C:/Users/MICROSOFT/Documents/nauval_mrnavac/cycpeptmp_standalone/runs/run_20260102_172000_moe/sdf/peptide.sdf,S(CC[C@](NC)C=O)C.O=C[C@@](NC)CC(C)C.O=C[C@@](NC)CCCCN.O=C[C@@](NC)Cc1nc[nH]c1.O=C[C@@](NC)Cc1c2c([nH]c1)cccc2.O=C[C@@](NC)Cc1ccccc1.O=CCNC.O=C[C@]1N(C)CCC1,S(CC[C@](NC)C=O)C.O=C[C@@](NC)CC(C)C.O=C[C@@](NC)CCCCN.O=C[C@@](NC)Cc1nc[nH]c1.O=C[C@@](NC)Cc1c2c([nH]c1)cccc2.O=C[C@@](NC)Cc1ccccc1.O=CCNC.O=C[C@]1N(C)CCC1,469.51474,331.98456,137.53018,303.59583,165.91893,5915.9648,2451.063,194.45438,3464.9021,3.5174375,2.5897634,10515196000000.0,39.076817,974.26923,10515196000000.0,0.034292821,67.71125,0,33.580288,10515196000000.0,45.290543,10515196000000.0,0.70708019,0.29291984,0.64661616,0.35338384,12.600168,5.2204175,0.2019679,0.3385236,0.91275853,7354.0288,2211.6396,5963.2266,6533.1919,2.5560803,2.2641897,1.2873971,1.0175458,320.0,280.4892,1.9809502,0.039720058,3.2460353,2.9898496,2.7539134,2.4372673,2.0457959,1.6855674,1.2330946,0.68532842,1040.25,696.25,506.125,386.875,302.5,242.125,201.125,164.25,0.5,0.5,0.70710677,0.5,6.98212,6.9641943,-5.7292609,-5.3532681,-5.1591873,-11.909078,-11.564609,-11.216052,1.1688472,227.75,297.0,310.625,315.375,271.5,201.75,131.5,72.375,0.81032354,0.68400645,1.1619838,1.2424943,1.3820629,1.4897839,1.5644026,1.5592437,1.5485715,1.5808815,0.055821348,0.14268866,0.23490526,0.4203766,0.60237259,0.61747354,0.57220262,0.48616445,1.4645859,387.39618,567.375,1673.5,1292.5,967.375,620.875,410.125,264.625,158.75,82.125,1445.75,995.5,656.75,305.5,138.625,62.875,27.25,9.75,EXT108
C:/Users/MICROSOFT/Documents/nauval_mrnavac/cycpeptmp_standalone/runs/run_20260102_172000_moe/sdf/peptide.sdf,S(CC[C@](NC)C=O)C.O=C[C@@](NC)CC(C)C.O=C[C@@](NC)CCCCN.O=C[C@@](NC)Cc1nc[nH]c1.O=C[C@@](NC)Cc1c2c([nH]c1)cccc2.O=C[C@@](NC)Cc1ccccc1.O=CCNC.O=C[C@]1N(C)CCC1,S(CC[C@](NC)C=O)C.O=C[C@@](NC)CC(C)C.O=C[C@@](NC)CCCCN.O=C[C@@](NC)Cc1nc[nH]c1.O=C[C@@](NC)Cc1c2c([nH]c1)cccc2.O=C[C@@](NC)Cc1ccccc1.O=CCNC.O=C[C@]1N(C)CCC1,465.76932,343.43478,122.33455,263.70291,202.06642,6120.3511,2180.2463,221.10023,3940.1047,3.5732698,0.6358732,10188478000000.0,44.579445,657.85187,10188478000000.0,0.15719098,71.761414,0,35.88483,10188478000000.0,51.741421,10188478000000.0,0.73734951,0.26265052,0.56616634,0.43383369,13.140306,4.6809573,0.19272411,0.31717333,0.90211296,7512.1963,2147.2383,6107.2334,6769.9209,2.5834217,2.3008137,1.2203591,1.0100653,315.0,280.02945,2.4597139,0.026068095,3.2810435,3.041008,2.803488,2.5719018,2.3472402,1.8826443,1.3912922,0.9065752,861.5,538.0,380.0,286.75,220.375,174.125,136.75,110.75,0.5,1.118034,0.70710677,0.5,0.70710677,0.86602539,-5.5579638,-5.2278247,-5.1850853,-14.013045,-13.664465,-13.560144,1.1703515,231.5,320.75,351.0,373.625,321.625,240.5,164.125,101.75,1.2631578,1.1046207,1.6292814,1.8510529,1.9457062,1.864695,1.8802274,1.8884028,1.9571344,2.0738838,0.071560547,0.22341725,0.29738614,0.40665436,0.53991562,0.84822422,1.1388385,1.3964958,1.4561214,384.41162,559.75,1689.75,1340.375,1017.25,694.25,480.0,316.75,199.125,117.0,1458.25,1019.625,666.25,320.625,158.375,76.25,35.0,15.25,EXT109
C:/Users/MICROSOFT/Documents/nauval_mrnavac/cycpeptmp_standalone/runs/run_20260102_172000_moe/sdf/peptide.sdf,S(CC[C@](NC)C=O)C.O=C[C@@](NC)CC(C)C.O=C[C@@](NC)CCCCN.O=C[C@@](NC)Cc1nc[nH]c1.O=C[C@@](NC)Cc1c2c([nH]c1)cccc2.O=C[C@@](NC)Cc1ccccc1.O=CCNC.O=C[C@]1N(C)CCC1,S(CC[C@](NC)C=O)C.O=C[C@@](NC)CC(C)C.O=C[C@@](NC)CCCCN.O=C[C@@](NC)Cc1nc[nH]c1.O=C[C@@](NC)Cc1c2c([nH]c1)cccc2.O=C[C@@](NC)Cc1ccccc1.O=CCNC.O=C[C@]1N(C)CCC1,460.88654,386.39114,74.495392,344.87354,116.01299,6885.4902,1327.6569,311.89575,5557.8335,3.4646556,3.8290546,7965966300000.0,39.079704,887.39636,7965966300000.0,0.068505637,65.251106,0,33.897118,7965966300000.0,43.175323,7965966300000.0,0.83836502,0.16163498,0.74828297,0.25171703,14.939665,2.8806586,0.22056879,0.32676938,0.96056902,7326.5913,2093.355,6153.6123,6406.2153,2.5513074,2.300034,1.2047677,1.0802053,324.875,277.69601,0.75341994,0.032922819,3.2608774,3.0095801,2.7850537,2.4548972,2.1597204,1.8253659,1.3461983,0.85937315,1030.5,648.75,432.75,307.625,227.0,172.375,137.125,110.25,1.8708287,0.5,1.5,1.118034,0.86602539,1.8708287,-3.8319709,-3.8088524,-3.7858164,-13.907105,-13.803317,-13.524355,1.1566128,197.0,267.5,309.5,323.5,285.625,231.125,160.375,92.125,1.0046216,0.96058512,0.5653497,0.46664688,0.44911537,0.52192497,0.61305398,0.66223729,0.81839705,1.0261663,0.064501986,0.20387755,0.21644144,0.30806932,0.32422903,0.43872932,0.62346506,1.0508,1.4707808,378.54044,556.75,1647.375,1270.375,964.75,639.875,434.75,295.5,183.5,100.375,1450.375,1002.875,655.25,316.375,149.125,64.375,23.125,8.25,EXT110
C:/Users/MICROSOFT/Documents/nauval_mrnavac/cycpeptmp_standalone/runs/run_20260102_172000_moe/sdf/peptide.sdf,S(CC[C@](NC)C=O)C.O=C[C@@](NC)CC(C)C.O=C[C@@](NC)CCCCN.O=C[C@@](NC)Cc1nc[nH]c1.O=C[C@@](NC)Cc1c2c([nH]c1)cccc2.O=C[C@@](NC)Cc1ccccc1.O=CCNC.O=C[C@]1N(C)CCC1,S(CC[C@](NC)C=O)C.O=C[C@@](NC)CC(C)C.O=C[C@@](NC)CCCCN.O=C[C@@](NC)Cc1nc[nH]c1.O=C[C@@](NC)Cc1c2c([nH]c1)cccc2.O=C[C@@](NC)Cc1ccccc1.O=CCNC.O=C[C@]1N(C)CCC1,465.42596,342.03882,123.38716,323.55649,141.86948,6095.1318,2199.0059,218.65166,3896.1257,3.5605536,2.1665907,12843852000000.0,39.828438,302.04251,12843852000000.0,0.048757613,110.72115,0,34.533398,12843852000000.0,48.191414,12843852000000.0,0.73489416,0.26510587,0.69518358,0.30481642,13.095814,4.7247167,0.18124111,0.30242547,0.90416974,7354.0493,2015.8223,6026.7593,6665.5176,2.5560839,2.3533978,1.2084002,1.0018984,316.125,274.85464,2.2466681,0.030275483,3.2710931,3.0074823,2.7843807,2.5293367,2.2004261,1.8058711,1.4406818,0.98751801,1018.5,613.75,398.0,284.875,212.0,165.625,126.625,96.125,8.5293608,8.5732145,0.5,0.5,0.5,1.0,-4.362741,-4.1472287,-4.1434379,-13.735691,-13.027927,-12.867925,1.1622714,223.75,281.75,313.0,342.875,302.5,238.0,170.375,109.5,1.1535804,1.0724002,1.6158868,1.7569507,1.7373283,1.7150834,1.6506435,1.6204978,1.6248268,1.6253116,0.034929045,0.35599315,0.31928128,0.36507422,0.56609344,0.80711901,0.87589902,1.1070681,1.461646,379.36685,554.5,1668.5,1277.625,985.875,673.125,459.125,305.5,193.75,114.375,1444.75,995.875,672.875,330.25,156.625,67.5,23.375,4.875,EXT111
C:/Users/MICROSOFT/Documents/nauval_mrnavac/cycpeptmp_standalone/runs/run_20260102_172000_moe/sdf/peptide.sdf,S(CC[C@](NC)C=O)C.O=C[C@@](NC)CC(C)C.O=C[C@@](NC)CCCCN.O=C[C@@](NC)Cc1nc[nH]c1.O=C[C@@](NC)Cc1c2c([nH]c1)cccc2.O=C[C@@](NC)Cc1ccccc1.O=CCNC.O=C[C@]1N(C)CCC1,S(CC[C@](NC)C=O)C.O=C[C@@](NC)CC(C)C.O=C[C@@](NC)CCCCN.O=C[C@@](NC)Cc1nc[nH]c1.O=C[C@@](NC)Cc1c2c([nH]c1)cccc2.O=C[C@@](NC)Cc1ccccc1.O=CCNC.O=C[C@]1N(C)CCC1,472.25659,335.76074,136.49585,287.29797,184.95863,5983.2563,2432.6292,199.26489,3550.6274,3.3966956,2.3822598,5318188200000.0,40.194912,731.6944,5318188200000.0,0.084724382,74.110291,0,34.230293,5318188200000.0,46.039639,5318188200000.0,0.710971,0.289029,0.60835141,0.39164859,12.669503,5.1510749,0.19321129,0.32648444,0.92663777,7566.3018,2192.7615,6223.5601,6716.2817,2.5927083,2.3327098,1.2109463,1.0253614,331.375,287.45755,1.6039642,0.026819738,3.2183669,2.980732,2.7536719,2.5029082,2.1019604,1.7291135,1.2366724,0.73799402,905.375,541.0,366.0,261.5,199.0,153.75,121.25,94.875,1.118034,1.2247449,0.5,0.5,0.5,0.70710677,-4.3534794,-4.3307495,-4.3297424,-12.621114,-12.607467,-11.861494,1.1651558,219.625,322.5,355.125,363.75,333.25,255.375,164.125,95.875,1.1915984,1.1070746,0.97168142,1.0740706,1.1521457,1.2957536,1.3385875,1.3853219,1.3542134,1.3671322,0.047118001,0.1860272,0.22527079,0.29221725,0.45558944,0.6763736,1.1353503,1.4201075,1.4854466,394.74661,586.375,1669.375,1303.125,994.875,659.125,436.125,289.5,173.375,97.5,1449.75,980.625,639.75,295.375,102.875,34.125,9.25,1.625,EXT112
C:/Users/MICROSOFT/Documents/nauval_mrnavac/cycpeptmp_standalone/runs/run_20260102_172000_moe/sdf/peptide.sdf,S(CC[C@](NC)C=O)C.O=C[C@@](NC)CC(C)C.O=C[C@@](NC)CCCCN.O=C[C@@](NC)Cc1nc[nH]c1.O=C[C@@](NC)Cc1c2c([nH]c1)cccc2.O=C[C@@](NC)Cc1ccccc1.O=CCNC.O=C[C@]1N(C)CCC1,S(CC[C@](NC)C=O)C.O=C[C@@](NC)CC(C)C.O=C[C@@](NC)CCCCN.O=C[C@@](NC)Cc1nc[nH]c1.O=C[C@@](NC)Cc1c2c([nH]c1)cccc2.O=C[C@@](NC)Cc1ccccc1.O=CCNC.O=C[C@]1N(C)CCC1,466.52982,327.97748,138.55234,274.98688,191.54292,5844.5586,2469.2798,189.42516,3375.2791,3.5064797,1.1140209,6337190700000.0,40.626663,261.14417,6337190700000.0,0.033211417,79.546257,0,33.462204,6337190700000.0,52.296616,6337190700000.0,0.70301503,0.29698494,0.58943045,0.41056952,12.527728,5.2928658,0.22067925,0.34013101,0.92989254,7379.3442,2211.3813,6045.75,6501.5576,2.5604761,2.256712,1.2083286,1.0601245,321.0,280.64627,1.9781681,0.023768052,3.2401648,3.0066526,2.7812748,2.5266447,2.2448971,1.8778936,1.4603175,0.96476358,833.25,490.5,329.0,234.5,175.875,135.75,105.0,81.0,1.5,0.5,2.0,0.5,0.5,0.70710677,-4.1528025,-4.0606828,-4.0280695,-12.965361,-12.616566,-11.85237,1.1768142,242.75,351.5,384.75,396.125,354.125,276.125,195.375,116.625,1.4802432,1.4211087,1.6616582,1.8977821,1.8292109,1.7944602,1.795785,1.894326,2.0007648,2.0293214,0.1597061,0.36693299,0.31050846,0.27899536,0.30610353,0.39621732,0.56412995,0.90248984,1.456378,390.95276,569.375,1673.875,1330.875,1029.375,699.75,487.0,333.25,217.5,125.75,1431.125,979.375,644.625,303.625,132.875,57.125,22.125,9.125,EXT113
C:/Users/MICROSOFT/Documents/nauval_mrnavac/cycpeptmp_standalone/runs/run_20260102_172000_moe/sdf/peptide.sdf,S(CC[C@](NC)C=O)C.O=C[C@@](NC)CC(C)C.O=C[C@@](NC)CCCCN.O=C[C@@](NC)Cc1nc[nH]c1.O=C[C@@](NC)Cc1c2c([nH]c1)cccc2.O=C[C@@](NC)Cc1ccccc1.O=CCNC.O=C[C@]1N(C)CCC1,S(CC[C@](NC)C=O)C.O=C[C@@](NC)CC(C)C.O=C[C@@](NC)CCCCN.O=C[C@@](NC)Cc1nc[nH]c1.O=C[C@@](NC)Cc1c2c([nH]c1)cccc2.O=C[C@@](NC)Cc1ccccc1.O=CCNC.O=C[C@]1N(C)CCC1,462.29828,344.45465,117.84361,269.43921,192.85905,6138.1816,2100.209,226.61104,4037.9729,3.6753633,3.2761323,8705911800000.0,40.079369,1996.644,8705911800000.0,0.033018403,-32.544403,0,33.570351,8705911800000.0,46.899734,8705911800000.0,0.7450918,0.2549082,0.58282548,0.41717452,13.277536,4.542974,0.17459689,0.30125645,0.87601805,7487.2031,2071.9189,6024.895,6877.5923,2.5791204,2.2778769,1.2916772,0.95180613,306.25,272.79596,2.5763392,0.036132064,3.2975664,3.0379541,2.7978389,2.5069942,2.1032779,1.7379267,1.3944023,1.0009373,987.75,637.125,464.25,360.5,286.0,233.25,194.625,161.375,0.5,6.5954528,6.5383482,0.5,8.7891979,8.6023254,-5.365171,-5.2411976,-5.2047548,-13.056232,-13.030643,-12.811177,1.1672467,215.125,304.5,332.5,316.875,269.25,211.25,149.375,101.875,0.95422727,0.84361994,1.4189231,1.6734561,1.8740481,1.9947095,2.0918038,2.2500665,2.2631626,2.3921394,0.088835344,0.17317531,0.30146939,0.5308246,0.70976079,0.7097857,0.66004765,0.58931649,1.4468349,376.51151,544.75,1678.625,1309.25,993.375,654.25,443.0,304.125,198.5,126.25,1463.5,1004.75,660.875,337.375,173.75,92.875,49.125,24.375,EXT114
C:/Users/MICROSOFT/Documents/nauval_mrnavac/cycpeptmp_standalone/runs/run_20260102_172000_moe/sdf/peptide.sdf,S(CC[C@](NC)C=O)C.O=C[C@@](NC)CC(C)C.O=C[C@@](NC)CCCCN.O=C[C@@](NC)Cc1nc[nH]c1.O=C[C@@](NC)Cc1c2c([nH]c1)cccc2.O=C[C@@](NC)Cc1ccccc1.O=CCNC.O=C[C@]1N(C)CCC1,S(CC[C@](NC)C=O)C.O=C[C@@](NC)CC(C)C.O=C[C@@](NC)CCCCN.O=C[C@@](NC)Cc1nc[nH]c1.O=C[C@@](NC)Cc1c2c([nH]c1)cccc2.O=C[C@@](NC)Cc1ccccc1.O=CCNC.O=C[C@]1N(C)CCC1,459.48367,364.63058,94.853088,301.24728,158.2364,6497.7173,1690.5667,269.7775,4807.1504,3.569021,1.6025333,8446501500000.0,37.646908,580.6145,8446501500000.0,0.024287397,82.784927,0,33.812042,8446501500000.0,46.923119,8446501500000.0,0.79356593,0.20643407,0.65562129,0.34437874,14.141345,3.6792746,0.18973689,0.32328877,0.91341704,7280.1689,2104.5208,5946.0933,6509.7241,2.5432119,2.3485241,1.1951504,1.0229888,315.375,274.20157,1.7068937,0.02548958,3.2867091,3.0429142,2.8012273,2.5635874,2.3113658,1.8688468,1.3848754,0.93597072,919.875,533.5,356.5,258.0,194.5,155.5,124.0,98.5,0.5,0.70710677,0.5,0.5,0.86602539,0.70710677,-5.2781477,-5.2255325,-5.1652036,-12.910729,-12.865179,-12.839767,1.1620762,216.75,303.875,332.625,354.75,311.875,236.375,156.375,103.375,1.3145162,1.1971899,1.2330258,1.4872015,1.7096902,1.8740772,1.8618478,1.9173919,1.8680665,1.9798731,0.13126729,0.12522759,0.073363043,0.09767317,0.21350889,0.28810206,0.29209858,0.38319802,1.4590297,377.81958,551.25,1669.75,1307.75,1006.75,684.875,468.625,308.875,194.125,119.5,1453.0,1003.875,674.125,330.125,156.75,72.5,37.75,16.125,EXT115
C:/Users/MICROSOFT/Documents/nauval_mrnavac/cycpeptmp_standalone/runs/run_20260102_172000_moe/sdf/peptide.sdf,S(CC[C@](NC)C=O)C.O=C[C@@](NC)CC(C)C.O=C[C@@](NC)CCCCN.O=C[C@@](NC)Cc1nc[nH]c1.O=C[C@@](NC)Cc1c2c([nH]c1)cccc2.O=C[C@@](NC)Cc1ccccc1.O=CCNC.O=C[C@]1N(C)CCC1,S(CC[C@](NC)C=O)C.O=C[C@@](NC)CC(C)C.O=C[C@@](NC)CCCCN.O=C[C@@](NC)Cc1nc[nH]c1.O=C[C@@](NC)Cc1c2c([nH]c1)cccc2.O=C[C@@](NC)Cc1ccccc1.O=CCNC.O=C[C@]1N(C)CCC1,477.37439,370.56421,106.81015,328.67798,148.69638,6603.8252,1903.6774,263.75406,4700.1475,3.4540238,0.4859525,13664239000000.0,40.5518,892.28357,13664239000000.0,0.046558104,51.911736,0,34.506107,13664239000000.0,49.005356,13664239000000.0,0.77625495,0.22374505,0.68851203,0.31148797,13.833639,3.987808,0.18515332,0.32700861,0.88268811,7434.9766,2200.5747,5939.9692,6729.4092,2.5701094,2.310071,1.2735176,0.99401075,325.875,288.30978,0.66640294,0.022832276,3.2177784,2.9925251,2.773772,2.4890652,2.256439,1.794402,1.3000849,0.90983444,889.125,503.375,327.375,236.875,181.375,139.875,108.625,85.625,0.5,0.5,0.70710677,0.5,0.5,0.70710677,-4.9842596,-4.9298534,-4.8421402,-13.731575,-13.636992,-13.627595,1.1761892,213.25,319.5,359.625,369.625,311.25,226.875,155.375,103.0,1.4371898,1.3224274,0.62020242,0.53860497,0.34236377,0.18907575,0.24392413,0.34463999,0.41480145,0.42630911,0.086104043,0.19404839,0.18415371,0.22512151,0.33454734,0.44016138,0.79833061,1.0337054,1.4546952,389.42865,566.5,1657.125,1305.875,1009.0,679.75,470.5,313.25,199.25,125.0,1443.875,986.375,649.375,310.125,159.25,86.375,43.875,22.0,EXT116
C:/Users/MICROSOFT/Documents/nauval_mrnavac/cycpeptmp_standalone/runs/run_20260102_172000_moe/sdf/peptide.sdf,S(CC[C@](NC)C=O)C.O=C[C@@](NC)CC(C)C.O=C[C@@](NC)CCCCN.O=C[C@@](NC)Cc1nc[nH]c1.O=C[C@@](NC)Cc1c2c([nH]c1)cccc2.O=C[C@@](NC)Cc1ccccc1.O=CCNC.O=C[C@]1N(C)CCC1,S(CC[C@](NC)C=O)C.O=C[C@@](NC)CC(C)C.O=C[C@@](NC)CCCCN.O=C[C@@](NC)Cc1nc[nH]c1.O=C[C@@](NC)Cc1c2c([nH]c1)cccc2.O=C[C@@](NC)Cc1ccccc1.O=CCNC.O=C[C@]1N(C)CCC1,461.36923,321.23087,140.13837,301.70425,159.66498,5724.334,2497.6863,181.0925,3226.6479,3.7802854,1.5341172,11348808000000.0,38.306267,1630.4982,11348808000000.0,0.058669537,-9.1387968,0,33.748142,11348808000000.0,42.378326,11348808000000.0,0.69625551,0.30374449,0.65393233,0.34606767,12.407273,5.4136381,0.11930459,0.25379837,0.92359781,7834.6182,1826.4138,6646.5039,7196.3184,2.6382792,2.5258818,1.1829668,0.87245208,297.75,272.79733,1.3745154,0.030096168,3.2463052,2.9960747,2.7580454,2.4073353,2.1043689,1.817537,1.5156233,1.1916697,959.125,589.875,411.25,299.875,232.0,191.0,155.0,126.125,0.5,0.70710677,0.5,0.5,0.5,0.70710677,-5.9449358,-5.8913212,-5.7673731,-15.822257,-15.594175,-15.481473,1.1855732,205.625,282.0,300.875,335.125,305.375,262.0,209.875,153.625,1.1778115,1.1554815,1.0195671,1.2123137,1.2254572,1.198957,1.1397208,1.095258,0.9352954,0.88125563,0.20661807,0.34301803,0.34313437,0.30731162,0.28484526,0.19619997,0.29374683,0.52251482,1.428273,384.4678,549.125,1680.75,1305.875,997.625,687.875,484.375,346.5,243.75,163.5,1475.125,1023.875,696.75,352.75,179.0,84.5,33.875,9.875,EXT117
C:/Users/MICROSOFT/Documents/nauval_mrnavac/cycpeptmp_standalone/runs/run_20260102_172000_moe/sdf/peptide.sdf,S(CC[C@](NC)C=O)C.O=C[C@@](NC)CC(C)C.O=C[C@@](NC)CCCCN.O=C[C@@](NC)Cc1nc[nH]c1.O=C[C@@](NC)Cc1c2c([nH]c1)cccc2.O=C[C@@](NC)Cc1ccccc1.O=CCNC.O=C[C@]1N(C)CCC1,S(CC[C@](NC)C=O)C.O=C[C@@](NC)CC(C)C.O=C[C@@](NC)CCCCN.O=C[C@@](NC)Cc1nc[nH]c1.O=C[C@@](NC)Cc1c2c([nH]c1)cccc2.O=C[C@@](NC)Cc1ccccc1.O=CCNC.O=C[C@]1N(C)CCC1,473.25592,370.20914,103.04678,326.38095,146.875,6597.127,1836.6029,267.16235,4760.5244,3.4147289,4.1704936,7332194400000.0,38.677841,680.73602,7332194400000.0,0.050449457,74.61161,0,34.80402,7332194400000.0,41.887398,7332194400000.0,0.78225994,0.21774007,0.68965,0.31035003,13.939872,3.8807814,0.19026542,0.3601625,0.90311742,7365.4014,2344.1567,5878.0376,6508.6084,2.5580559,2.2993171,1.2982061,1.0029489,329.625,284.34927,3.2662964,0.031571072,3.2226925,2.9758747,2.7488635,2.4535043,2.0119255,1.6448183,1.2935303,0.89775181,932.25,571.0,402.0,303.25,239.5,192.5,153.75,127.0,0.5,0.86602539,0.70710677,0.5,0.5,0.70710677,-4.5601096,-4.4019456,-4.2930493,-14.959332,-14.265727,-14.015799,1.1571097,211.125,270.75,317.125,333.625,283.75,229.25,167.0,106.5,1.0528607,0.94476503,1.5988469,2.151742,2.3756931,2.5423641,2.5796542,2.5874214,2.6084139,2.6945443,0.074469067,0.31033081,0.46697283,0.65381247,0.89772677,1.0206157,1.1299028,1.0790218,1.4920464,390.0683,582.0,1657.625,1278.5,970.25,636.125,423.25,286.5,184.0,111.625,1446.5,1007.75,653.125,302.5,139.5,57.25,17.0,5.125,EXT118
C:/Users/MICROSOFT/Documents/nauval_mrnavac/cycpeptmp_standalone/runs/run_20260102_172000_moe/sdf/peptide.sdf,S(CC[C@](NC)C=O)C.O=C[C@@](NC)CC(C)C.O=C[C@@](NC)CCCCN.O=C[C@@](NC)Cc1nc[nH]c1.O=C[C@@](NC)Cc1c2c([nH]c1)cccc2.O=C[C@@](NC)Cc1ccccc1.O=CCNC.O=C[C@]1N(C)CCC1,S(CC[C@](NC)C=O)C.O=C[C@@](NC)CC(C)C.O=C[C@@](NC)CCCCN.O=C[C@@](NC)Cc1nc[nH]c1.O=C[C@@](NC)Cc1c2c([nH]c1)cccc2.O=C[C@@](NC)Cc1ccccc1.O=CCNC.O=C[C@]1N(C)CCC1,459.43484,341.97885,117.45599,275.30988,184.12498,6094.0635,2093.3005,224.52287,4000.7627,3.5549309,3.1644211,8769909000000.0,39.744034,1541.0322,8769909000000.0,0.061005253,14.367132,0,33.71291,8769909000000.0,45.703789,8769909000000.0,0.7443468,0.2556532,0.59923595,0.40076405,13.26426,4.556251,0.22336958,0.33216044,0.96356726,7290.043,2109.5393,6119.582,6350.9648,2.5449359,2.2902563,1.1915864,1.0824207,316.625,275.15033,1.6526151,0.030914538,3.2471659,2.9957542,2.7651985,2.4308491,2.1638324,1.8277948,1.4143836,0.90513539,951.125,583.125,417.125,318.0,249.625,207.75,171.375,143.875,1.118034,0.5,1.2247449,1.118034,0.5,0.70710677,-6.167769,-6.165565,-6.0656853,-13.959625,-13.87224,-13.694162,1.1605626,201.625,266.25,290.5,316.375,290.625,229.875,157.625,93.375,1.0806113,0.9461478,1.0507575,1.1470648,1.2256598,1.2993318,1.342456,1.3338958,1.334112,1.3873147,0.084410451,0.1760556,0.26201767,0.33466062,0.44280756,0.5474028,0.7592364,1.1812539,1.4705861,382.33057,562.25,1649.75,1273.375,964.125,652.25,450.75,300.875,190.25,105.875,1448.125,1007.125,673.625,335.875,160.125,71.0,32.625,12.5,EXT119
C:/Users/MICROSOFT/Documents/nauval_mrnavac/cycpeptmp_standalone/runs/run_20260102_172000_moe/sdf/peptide.sdf,S(CC[C@](NC)C=O)C.O=C[C@@](NC)CC(C)C.O=C[C@@](NC)CCCCN.O=C[C@@](NC)Cc1nc[nH]c1.O=C[C@@](NC)Cc1c2c([nH]c1)cccc2.O=C[C@@](NC)Cc1ccccc1.O=CCNC.O=C[C@]1N(C)CCC1,S(CC[C@](NC)C=O)C.O=C[C@@](NC)CC(C)C.O=C[C@@](NC)CCCCN.O=C[C@@](NC)Cc1nc[nH]c1.O=C[C@@](NC)Cc1c2c([nH]c1)cccc2.O=C[C@@](NC)Cc1ccccc1.O=CCNC.O=C[C@]1N(C)CCC1,474.8399,365.87643,108.96348,307.61392,167.22597,6520.2837,1942.0562,256.91293,4578.2275,3.5064797,2.8180497,8657508500000.0,42.018635,136.38988,8657508500000.0,0.28732109,129.23219,0,42.920795,8657508500000.0,51.027454,8657508500000.0,0.77052587,0.22947414,0.64782661,0.35217339,13.731542,4.0899177,0.16736552,0.30406052,0.84483767,7667.1748,2169.7493,6028.688,7135.9126,2.6099339,2.3063912,1.3280087,0.94355232,321.0,285.06436,0.75433439,0.031842954,3.2467518,3.0070152,2.7811904,2.5224078,2.2398548,1.7527102,1.2077999,0.77729291,950.375,607.75,430.875,316.75,240.625,191.125,147.5,116.5,0.5,0.70710677,1.118034,0.5,1.2247449,0.86602539,-5.228116,-4.838449,-4.7826548,-14.443026,-14.267224,-14.212731,1.1750637,221.5,317.375,355.75,359.625,288.125,203.0,138.75,90.875,1.0577314,0.9246251,0.45591643,0.59547204,0.74445081,0.86782175,0.96201771,0.99640536,1.0421493,1.1813886,0.071692407,0.17390905,0.13455349,0.10849482,0.059322342,0.27079424,0.74316508,1.2195033,1.4558742,388.94159,566.25,1682.125,1322.75,1007.125,675.5,455.75,292.875,182.375,107.625,1460.625,1005.375,651.375,315.875,167.625,89.875,43.625,16.75,EXT120
